Vote Number,Congress Num,Session,Legislation Number,Date,Question,Vote Title,Document Text,Result,Majority Requirement,Republican Yes,Republican No,Republican Present,Republican Absent,Democrat Yes,Democrat No,Democrat Present,Democrat Absent,Independent Yes,Independent No,Independent Present,Independent Absent,Total Yes,Total No,Total Present,Total Absent,Tie Breaker
1,102,2,S. 2,"January 21, 1992,  02:16 PM",On the Cloture Motion S. 2,Motion To Invoke Cloture On Motion To Proceed,"An act to promote the achievement of National Education Goals, to measure progress toward such goals, to develop national education standards and voluntary assessments in accordance with such standards and to encourage the comprehensive improvement of America's neighborhood public schools to improve student achievement.","Cloture Motion Agreed to (93-0, 3/5 majority required)",'3/5',39,0,0,4,54,0,0,3,0,0,0,0,93,0,0,7,
2,102,2,,"January 23, 1992,  12:00 PM",On the Amendment S.Amdt. 1473 to S. 2 (Neighborhood Schools Improvement Act Neighborhood Schools Improvement Programs Act Flexibility for Education Effectiveness Act of 1992),Cochran Amendment,"To establish new waiver authority for New American Schools within the Neighborhood Schools Improvement Act, and for other purposes.",Amendment Agreed to (96-0),'1/2',41,0,0,2,55,0,0,2,0,0,0,0,96,0,0,4,
3,102,2,,"January 23, 1992,  01:50 PM",On the Amendment S.Amdt. 1474 to S. 2 (Neighborhood Schools Improvement Act Neighborhood Schools Improvement Programs Act Flexibility for Education Effectiveness Act of 1992),Hatfield Amendment,To establish the Education Flexibility Demonstration Act.,Amendment Agreed to (95-0),'1/2',41,0,0,2,54,0,0,3,0,0,0,0,95,0,0,5,
4,102,2,,"January 23, 1992,  06:03 PM",On the Amendment S.Amdt. 1478 to S.Amdt. 1477 to S. 2 (Neighborhood Schools Improvement Act Neighborhood Schools Improvement Programs Act Flexibility for Education Effectiveness Act of 1992),Helms Amendment No. 1478,Expressing the sense of the Senate that the Supreme Court should reverse earlier decisions restricting voluntary prayer in public school.,Amendment Rejected (38-55),'1/2',26,13,0,4,12,42,0,3,0,0,0,0,38,55,0,7,
5,102,2,,"January 23, 1992,  07:33 PM",On the Amendment S.Amdt. 1476 to S. 2 (Neighborhood Schools Improvement Act Neighborhood Schools Improvement Programs Act Flexibility for Education Effectiveness Act of 1992),Hatch Amendment No. 1476,To establish a Low-Income School Choice demonstration project.,Amendment Rejected (36-57),'1/2',33,6,0,4,3,51,0,3,0,0,0,0,36,57,0,7,
6,102,2,,"January 23, 1992,  08:36 PM",On the Motion to Table S.Amdt. 1480 to S. 2 (Neighborhood Schools Improvement Act Neighborhood Schools Improvement Programs Act Flexibility for Education Effectiveness Act of 1992),Motion To Table Hatch Amendment No. 1480,To amend the amount of grants received under chapter 1 of Title I of the Elementary and Secondary Education Act of 1965.,Motion to Table Agreed to (55-37),'1/2',15,23,0,5,40,14,0,3,0,0,0,0,55,37,0,8,
7,102,2,,"January 28, 1992,  02:27 PM",On the Motion to Table S.Amdt. 1479 to S. 2 (Neighborhood Schools Improvement Act Neighborhood Schools Improvement Programs Act Flexibility for Education Effectiveness Act of 1992),Motion To Table Amendment No. 1479,"To enhance educational opportunity, increase school attendance, and promote self-sufficiency among welfare recipients.",Motion to Table Agreed to (55-43),'1/2',6,37,0,0,49,6,0,2,0,0,0,0,55,43,0,2,
8,102,2,,"January 28, 1992,  04:41 PM",On the Motion (Motion To Waive),Motion To Waive,To express the sense of the Senate concerning investments in education and school-to-work transition initiatives.,"Motion Rejected (45-53, 3/5 majority required)",'3/5',0,43,0,0,45,10,0,2,0,0,0,0,45,53,0,2,
9,102,2,S. 2,"January 28, 1992,  05:32 PM",On Passage of the Bill S. 2,S. 2,"An act to promote the achievement of National Education Goals, to measure progress toward such goals, to develop national education standards and voluntary assessments in accordance with such standards and to encourage the comprehensive improvement of America's neighborhood public schools to improve student achievement.",Bill Passed (92-6),'1/2',37,6,0,0,55,0,0,2,0,0,0,0,92,6,0,2,
10,102,2,,"January 29, 1992,  04:05 PM",On the Motion to Table S.Amdt. 1503 to S.Amdt. 1502 to S. 12 (Cable Television Consumer Protection and Competition Act of 1992),Motion To Table Amendment No. 1503,To require an inquiry by the Federal Communications Commission concerning broadcast television stations whose programming consists predominantly of sales presentations.,Motion to Table Failed (33-64),'1/2',13,29,0,1,20,35,0,2,0,0,0,0,33,64,1,2,
11,102,2,S.Res. 248,"January 29, 1992,  05:59 PM",On the Resolution S.Res. 248,S. Res. 248,"A resolution expressing the sense of the Senate regarding the signing on January 16, 1992, of the agreements for a formal cease-fire in El Salvador, and for other purposes.",Resolution Agreed to (96-0),'1/2',42,0,0,1,54,0,0,3,0,0,0,0,96,0,0,4,
12,102,2,,"January 30, 1992,  02:52 PM",On the Amendment S.Amdt. 1514 to S. 12 (Cable Television Consumer Protection and Competition Act of 1992),Helms Amendment No. 1514,To protect children from indecent cable programming on leased access channels.,Amendment Agreed to (95-0),'1/2',41,0,0,2,54,0,0,3,0,0,0,0,95,0,1,4,
13,102,2,,"January 31, 1992,  11:37 AM",On the Amendment S.Amdt. 1522 to S. 12 (Cable Television Consumer Protection and Competition Act of 1992),Packwood Amendment No. 1522,In the nature of a substitute; The Cable Television Competition Act of 1992.,Amendment Rejected (35-54),'1/2',28,12,0,3,7,42,0,8,0,0,0,0,35,54,3,8,
14,102,2,S. 12,"January 31, 1992,  11:58 AM",On Passage of the Bill S. 12,"S. 12, As Amended","A bill to amend title VI of the Communications Act of 1934 to ensure carriage on cable television of local news and other programming and to restore the right of local regulatory authorities to regulate cable television rates, and for other purposes.",Bill Passed (73-18),'1/2',27,14,0,2,46,4,0,7,0,0,0,0,73,18,1,8,
15,102,2,S. 2166,"February 4, 1992,  10:01 AM",On the Cloture Motion S. 2166,Motion To Invoke Cloture,"A bill to reduce the Nation's dependence on imported oil, to provide for the energy security of the Nation, and for other purposes.","Cloture Motion Agreed to (90-5, 3/5 majority required)",'3/5',37,5,0,1,53,0,0,4,0,0,0,0,90,5,0,5,
16,102,2,S. 2173,"February 4, 1992,  04:13 PM",On the Motion (Motion To Waive),Motion To Waive,"An original bill to increase the number of weeks for which benefits are payable under the Emergency Unemployment Compensation Act of 1991, and for other purposes.","Motion Agreed to (88-8, 3/5 majority required)",'3/5',34,8,0,1,54,0,0,3,0,0,0,0,88,8,0,4,
17,102,2,H.R. 4095,"February 4, 1992,  02:40 PM",On Passage of the Bill H.R. 4095,H.R. 4095,"A bill to increase the number of weeks for which benefits are payable under the Emergency Unemployment Compensation Act of 1991, and for other purposes.",Bill Passed (94-2),'1/2',40,2,0,1,54,0,0,3,0,0,0,0,94,2,0,4,
18,102,2,,"February 5, 1992,  03:33 PM",On the Motion to Table S.Amdt. 1530 to S. 2166 (National Energy Security Act of 1992),Motion To Table Amendment No. 1530,To establish supply requirements for replacement and alternative fuels.,Motion to Table Agreed to (57-39),'1/2',35,7,0,1,22,32,0,3,0,0,0,0,57,39,0,4,
19,102,2,,"February 6, 1992,  11:43 AM",On the Amendment S.Amdt. 1570 to S. 2166 (National Energy Security Act of 1992),Gore Amendment No. 1570,To urge the President of the United States to take the appropriate actions to combat Stratospheric Ozone Depletion.,Amendment Agreed to (96-0),'1/2',42,0,0,1,54,0,0,3,0,0,0,0,96,0,0,4,
20,102,2,,"February 6, 1992,  03:56 PM",On the Motion to Table S.Amdt. 1576 to S.Amdt. 1575 to S. 2166 (National Energy Security Act of 1992),Motion To Table Amendment No. 1576,"To amend the Atomic Energy Act of 1954, as amended, to improve the nuclear power plant siting and licensing process, and for other purposes.",Motion to Table Agreed to (52-43),'1/2',31,11,0,1,21,32,0,4,0,0,0,0,52,43,1,4,
21,102,2,,"February 18, 1992,  06:00 PM",On the Motion to Table S.Amdt. 1641 to S. 2166 (National Energy Security Act of 1992),Motion To Table Amendment No. 1641,To make a technical correction.,Motion to Table Agreed to (60-35),'1/2',23,19,0,1,37,16,0,4,0,0,0,0,60,35,0,5,
22,102,2,,"February 19, 1992,  10:33 AM",On the Amendment S.Amdt. 1642 to S. 2166 (National Energy Security Act of 1992),Metzenbaum Amendment No. 1642,To provide fair refunds to consumers of natural gas who are found to have been overcharged.,Amendment Rejected (41-57),'1/2',11,32,0,0,30,25,0,2,0,0,0,0,41,57,0,2,
23,102,2,,"February 19, 1992,  12:15 PM",On the Motion to Table S.Amdt. 1644 to S. 2166 (National Energy Security Act of 1992),Motion To Table Bryan Amendment No. 1644,To establish a voluntary program to encourage industrial energy efficiency improvements.,Motion to Table Agreed to (58-40),'1/2',36,7,0,0,22,33,0,2,0,0,0,0,58,40,0,2,
24,102,2,,"February 19, 1992,  03:09 PM",On the Amendment S.Amdt. 1647 to S.Amdt. 1646 to S. 2166 (National Energy Security Act of 1992),Johnston Amendment No. 1647,"To provide for a leasing moratorium off Southern Florida, and for other purposes.",Amendment Agreed to (53-45),'1/2',29,14,0,0,24,31,0,2,0,0,0,0,53,45,0,2,
25,102,2,,"February 19, 1992,  05:05 PM",On the Motion to Table S.Amdt. 1648 to S. 2166 (National Energy Security Act of 1992),Motion To Table Amendment No. 1648,To restore balance to the Outer Continental Shelf Lands Act.,Motion to Table Agreed to (51-47),'1/2',34,9,0,0,17,38,0,2,0,0,0,0,51,47,0,2,
26,102,2,,"February 19, 1992,  06:01 PM",On the Motion to Table S.Amdt. 1649 to S. 2166 (National Energy Security Act of 1992),Motion To Table Amendment No. 1649,To make improvements in nuclear regulation.,Motion to Table Agreed to (63-35),'1/2',41,2,0,0,22,33,0,2,0,0,0,0,63,35,0,2,
27,102,2,,"February 19, 1992,  07:00 PM",On the Motion to Table S.Amdt. 1650 to S. 2166 (National Energy Security Act of 1992),Motion To Table Amendment No. 1650,To make improvements in the replacement and alternative fuel program.,Motion to Table Agreed to (64-34),'1/2',35,8,0,0,29,26,0,2,0,0,0,0,64,34,0,2,
28,102,2,S. 2166,"February 19, 1992,  07:30 PM",On Passage of the Bill S. 2166,S. 2166,"A bill to reduce the Nation's dependence on imported oil, to provide for the energy security of the Nation, and for other purposes.",Bill Passed (94-4),'1/2',41,2,0,0,53,2,0,2,0,0,0,0,94,4,0,2,
29,102,2,,"February 21, 1992,  09:16 AM",On the Amendment S.Amdt. 1691 to S. 1150 (National Independent Colleges and Universities Discovery Act Higher Education Amendments of 1992),Specter Amendment No. 1691,"To prohibit the Secretary of Veterans Affairs from furnishing, or from obligating funds available to the Department of Veterans Affairs to furnish, health care in Department of Veterans Affairs facilities under a rural health care sharing program to persons not eligible for such care under chapter 17 of title 38, United States Code.",Amendment Agreed to (91-3),'1/2',40,2,0,1,51,1,0,5,0,0,0,0,91,3,0,6,
30,102,2,S. 1150,"February 21, 1992,  10:17 AM",On Passage of the Bill S. 1150,S. 1150,"A bill to reauthorize the Higher Education Act of 1965, and for other purposes.",Bill Passed (93-1),'1/2',41,1,0,1,52,0,0,5,0,0,0,0,93,1,0,6,
31,102,2,H.R. 2212,"February 25, 1992,  04:47 PM",On the Conference Report H.R. 2212,H.R. 2212 Conference Report,"A bill regarding the extension of most-favored-nation treatment to the products of the People's Republic of China, and for other purposes.",Conference Report Agreed to (59-39),'1/2',9,34,0,0,50,5,0,2,0,0,0,0,59,39,0,2,
32,102,2,S. 479,"February 25, 1992,  06:15 PM",On the Cloture Motion S. 479,Motion To Invoke Cloture,"A bill to encourage innovation and productivity, stimulate trade, and promote the competitiveness and technological leadership of the United States.","Cloture Motion Agreed to (98-0, 3/5 majority required)",'3/5',43,0,0,0,55,0,0,2,0,0,0,0,98,0,0,2,
33,102,2,,"February 27, 1992,  01:55 PM",On the Motion (Motion To Waive),Motion To Waive,To grant legislative line item veto recission authority to the President of the United States to reduce the Federal budget deficit.,"Motion Rejected (44-54, 3/5 majority required)",'3/5',36,7,0,0,8,47,0,2,0,0,0,0,44,54,0,2,
34,102,2,S. 479,"February 27, 1992,  02:55 PM",On Passage of the Bill S. 479,S. 479,"A bill to encourage innovation and productivity, stimulate trade, and promote the competitiveness and technological leadership of the United States.",Bill Passed (96-1),'1/2',43,0,0,0,53,1,0,3,0,0,0,0,96,1,0,3,
35,102,2,H.R. 1426,"February 27, 1992,  06:00 PM",On the Cloture Motion H.R. 1426,Motion To Invoke Cloture On H.R. 1426,"A bill to provide for the recognition of the Lumbee Tribe of Cheraw Indians of North Carolina, and for other purposes.","Cloture Motion Rejected (58-39, 3/5 majority required)",'3/5',4,39,0,0,54,0,0,3,0,0,0,0,58,39,0,3,
36,102,2,S. 1504,"March 3, 1992,  02:16 PM",On the Cloture Motion S. 1504,Motion To Invoke Cloture,"A bill to authorize appropriations for public broadcasting, and for other purposes.","Cloture Motion Agreed to (87-7, 3/5 majority required)",'3/5',36,7,0,0,51,0,0,6,0,0,0,0,87,7,0,6,
37,102,2,S. 792,"March 10, 1992,  02:32 PM",On Passage of the Bill S. 792,S. 792,A bill to reauthorize the Indoor Radon Abatement Act of 1988 and for other purposes.,Bill Passed (82-6),'1/2',30,6,0,7,52,0,0,5,0,0,0,0,82,6,0,12,
38,102,2,,"March 11, 1992,  05:50 PM",On the Motion to Table S.Amdt. 1708 to H.R. 4210 (Tax Fairness and Economic Growth Act of 1992),Motion To Table Amendment No. 1708,"To provide for the containment of prescription drug prices by reducing certain non-research related tax credits to pharmaceutical manufacturers, by establishing the Prescription Drug Policy Review Commission, be requiring a study of the feasibility of establishing a pharmaceutical products price review board, and by requiring a study of the value of Federal subsidies and tax credits given to pharmaceutical manufacturers, and for other purposes.",Motion to Table Agreed to (61-36),'1/2',41,2,0,0,20,34,0,3,0,0,0,0,61,36,0,3,
39,102,2,,"March 11, 1992,  09:39 PM",On the Motion (Motion To Waive CBA),Motion To Waive CBA,"In the nature of a substitute, the Economic Recovery Act of 1992.","Motion Rejected (37-60, 3/5 majority required)",'3/5',36,7,0,0,1,53,0,3,0,0,0,0,37,60,0,3,
40,102,2,,"March 12, 1992,  02:17 PM",On the Motion to Table S.Amdt. 1712 to H.R. 4210 (Tax Fairness and Economic Growth Act of 1992),Motion To Table Amendment No. 1712,"To reduce the Federal budget deficit, and to express the sense of the Senate that additional funds should be directed toward job training and transportation infrastructure improvements.",Motion to Table Agreed to (57-38),'1/2',9,33,0,1,48,5,0,4,0,0,0,0,57,38,1,4,
41,102,2,,"March 12, 1992,  05:28 PM",On the Amendment S.Amdt. 1714 to H.R. 4210 (Tax Fairness and Economic Growth Act of 1992),Motion To Table Amendment No. 1714,To express the sense of the Senate regarding the House bank.,Amendment Agreed to (95-2),'1/2',43,0,0,0,52,2,0,3,0,0,0,0,95,2,0,3,
42,102,2,,"March 12, 1992,  08:50 PM",On the Motion to Table S.Amdt. 1719 to H.R. 4210 (Tax Fairness and Economic Growth Act of 1992),Motion To Table Amendment No. 1719,To prohibit a State from imposing an income tax on the pension or retirement income of individuals who are not residents or domiciliaries of that State.,Motion to Table Failed (36-62),'1/2',7,36,0,0,29,26,0,2,0,0,0,0,36,62,0,2,
43,102,2,,"March 12, 1992,  10:18 PM",On the Motion (Motion to Waive CBA),Motion to Waive CBA,"To provide tax incentives for businesses locating on Indian reservations, and for other puproses.","Motion Rejected (46-51, 3/5 majority required)",'3/5',37,6,0,0,9,45,0,3,0,0,0,0,46,51,0,3,
44,102,2,,"March 13, 1992,  11:30 AM",On the Motion (Motion To Waive CBA - Sec. 306),Motion To Waive CBA - Sec. 306,To require a 60-vote supermajority in the Senate to pass any bill increasing taxes.,"Motion Rejected (37-58, 3/5 majority required)",'3/5',35,8,0,0,2,50,0,5,0,0,0,0,37,58,0,5,
45,102,2,,"March 13, 1992,  12:59 PM",On the Motion to Table S.Amdt. 1723 to H.R. 4210 (Tax Fairness and Economic Growth Act of 1992),Motion To Table Amendment No. 1723,To provide for highway funding.,Motion to Table Agreed to (53-42),'1/2',37,6,0,0,16,36,0,5,0,0,0,0,53,42,0,5,
46,102,2,,"March 13, 1992,  02:00 PM",On the Motion to Table S.Amdt. 1725 to H.R. 4210 (Tax Fairness and Economic Growth Act of 1992),Motion To Table Amendment No. 1725,To discourage States from providing general welfare assistance to able-bodied individuals unless such individuals are participating in a State workfare program.,Motion to Table Failed (33-62),'1/2',2,41,0,0,31,21,0,5,0,0,0,0,33,62,0,5,
47,102,2,,"March 13, 1992,  03:41 PM",On the Motion to Table S.Amdt. 1727 to H.R. 4210 (Tax Fairness and Economic Growth Act of 1992),Motion To Table Amendment No. 1727,To provide a credit against tax for employers who provide on-site day-care facilities for dependents of their employees.,Motion to Table Agreed to (62-35),'1/2',37,6,0,0,25,29,0,3,0,0,0,0,62,35,0,3,
48,102,2,,"March 13, 1992,  04:37 PM",On the Motion (Motion To Waive CBA),Motion To Waive CBA,To provide a substitute amendment which removes certain revenue raisers and includes defense caps and a freeze on domestic and international discretionary spending.,"Motion Rejected (36-61, 3/5 majority required)",'3/5',35,8,0,0,1,53,0,3,0,0,0,0,36,61,0,3,
49,102,2,,"March 13, 1992,  05:12 PM",On the Motion (Motion To Waive CBA),Motion To Waive CBA,To provide for rollover of gain from sale of farm assets into an individual retirement account.,"Motion Rejected (45-53, 3/5 majority required)",'3/5',34,9,0,0,11,44,0,2,0,0,0,0,45,53,0,2,
50,102,2,,"March 13, 1992,  06:37 PM",On the Motion (Motion To Waive CBA),Motion To Waive CBA,To strike the proposed rate increases.,"Motion Rejected (43-55, 3/5 majority required)",'3/5',42,1,0,0,1,54,0,2,0,0,0,0,43,55,0,2,
51,102,2,H.R. 4210,"March 13, 1992,  07:10 PM",On Passage of the Bill H.R. 4210,H.R. 4210,A bill to amend the Internal Revenue Code of 1986 to provide incentives for increased economic growth and to provide tax relief for families.,Bill Passed (50-47),'1/2',0,43,0,0,50,4,0,3,0,0,0,0,50,47,1,2,
52,102,2,H.R. 2212,"March 18, 1992,  04:35 PM",On Overriding the Veto H.R. 2212,H.R. 2212,"A bill regarding the extension of most-favored-nation treatment to the products of the People's Republic of China, and for other purposes.","Veto Sustained (60-38, 2/3 majority required)",'2/3',9,34,0,0,51,4,0,2,0,0,0,0,60,38,0,2,
53,102,2,H.R. 3371,"March 19, 1992,  06:02 PM",On the Cloture Motion H.R. 3371,H.R. 3371,A bill to control and prevent crime.,"Cloture Motion Rejected (54-43, 3/5 majority required)",'3/5',4,38,0,1,50,5,0,2,0,0,0,0,54,43,0,3,
54,102,2,H.R. 4210,"March 20, 1992,  03:35 PM",On the Conference Report H.R. 4210,H.R. 4210 Conference Report,A bill to amend the Internal Revenue Code of 1986 to provide incentives for increased economic growth and to provide tax relief for families.,Conference Report Agreed to (50-44),'1/2',0,41,0,2,50,3,0,4,0,0,0,0,50,44,1,5,
55,102,2,S. 1696,"March 26, 1992,  12:31 PM",On Passage of the Bill S. 1696,S. 1696,"A bill to designate certain National Forest lands in the State of Montana as wilderness, to release other National Forest lands in the State of Montana for multiple use management, and for other purposes.",Bill Passed (75-22),'1/2',41,2,0,0,34,20,0,3,0,0,0,0,75,22,0,3,
56,102,2,S. 2399,"March 26, 1992,  06:40 PM",On the Cloture Motion S. 2399,Motion To Invoke Cloture,A bill to allow rational choice between defense and domestic discretionary spending.,"Cloture Motion Rejected (50-48, 3/5 majority required)",'3/5',3,40,0,0,47,8,0,2,0,0,0,0,50,48,0,2,
57,102,2,,"March 26, 1992,  08:55 PM",On the Motion (Motion To Waive Section 306 Of CBA),Motion To Waive Section 306 Of CBA,To require that amounts appropriated for the Resolution Trust Corporation be treated as direct spending for purposes of budget enforcement.,"Motion Rejected (45-48, 3/5 majority required)",'3/5',3,37,0,3,42,11,0,4,0,0,0,0,45,48,0,7,
58,102,2,,"March 26, 1992,  09:56 PM",On the Motion to Table S.Amdt. 1744 to S. 2482 (Resolution Trust Corporation Funding Act of 1992),Motion To Table Amendment No. 1744,To strike titles II through IV of the bill.,Motion to Table Agreed to (58-36),'1/2',5,35,0,3,53,1,0,3,0,0,0,0,58,36,0,6,
59,102,2,S. 2482,"March 26, 1992,  10:37 PM",On Passage of the Bill S. 2482,S. 2482,"A bill to provide funding for the Resolution Trust Corporation, and for other purposes.",Bill Passed (52-42),'1/2',23,17,0,3,29,25,0,3,0,0,0,0,52,42,0,6,
60,102,2,H.R. 2507,"March 31, 1992,  02:31 PM",On the Cloture Motion H.R. 2507,Motion To Invoke Cloture,"A bill to amend the Public Health Service Act to revise and extend the programs of the National Institutes of Health, and for other purposes.","Cloture Motion Agreed to (98-2, 3/5 majority required)",'3/5',41,2,0,0,57,0,0,0,0,0,0,0,98,2,0,0,
61,102,2,,"March 31, 1992,  06:33 PM",On the Amendment S.Amdt. 1749 to H.R. 2507 (National Institutes of Health Revitalization Amendments of 1991),Hatch Amendment No. 1749,To provide for the establishment of a physician and hospital registry and a fetal tissue bank.,Amendment Rejected (23-77),'1/2',20,23,0,0,3,54,0,0,0,0,0,0,23,77,0,0,
62,102,2,H.J.Res. 456,"April 1, 1992,  03:17 PM",On the Joint Resolution H.J.Res. 456,H.J. Res. 456,"A joint resolution making further continuing appropriations for the fiscal year 1992, and for other purposes.",Joint Resolution Passed (84-16),'1/2',33,10,0,0,51,6,0,0,0,0,0,0,84,16,0,0,
63,102,2,S.Res. 277,"April 1, 1992,  07:44 PM",On the Resolution S.Res. 277,S. Res. 277,A resolution expressing the sense of the Senate regarding loan guarantees for refugee resettlement in Israel.,Resolution Agreed to (99-1),'1/2',43,0,0,0,56,1,0,0,0,0,0,0,99,1,0,0,
64,102,2,,"April 2, 1992,  05:52 PM",On the Amendment S.Amdt. 1756 to H.R. 2507 (National Institutes of Health Revitalization Amendments of 1991),Simon Amendment No. 1756,To impose certain requirements with respect to surveys of sexual behavior.,Amendment Agreed to (57-40),'1/2',6,36,0,1,51,4,0,2,0,0,0,0,57,40,0,3,
65,102,2,,"April 2, 1992,  06:17 PM",On the Amendment S.Amdt. 1757 to H.R. 2507 (National Institutes of Health Revitalization Amendments of 1991),Helms Amendment No. 1757,Providing for a prohibition against the SHARP Adult Sex Survey and the American Teen-Age Sex Survey.,Amendment Agreed to (51-46),'1/2',36,6,0,1,15,40,0,2,0,0,0,0,51,46,0,3,
66,102,2,H.R. 2507,"April 2, 1992,  06:36 PM",On Passage of the Bill H.R. 2507,H.R. 2507,"A bill to amend the Public Health Service Act to revise and extend the programs of the National Institutes of Health, and for other purposes.",Bill Passed (87-10),'1/2',33,9,0,1,54,1,0,2,0,0,0,0,87,10,0,3,
67,102,2,H.Con.Res. 292,"April 7, 1992,  12:13 PM",On the Concurrent Resolution H.Con.Res. 292,H. Con. Res. 292,A concurrent resolution expressing the sense of the Congress with respect to United States participation in the United Nations Conference on Environment and Development (UNCED).,Concurrent Resolution Agreed to (87-11),'1/2',32,11,0,0,55,0,0,2,0,0,0,0,87,11,0,2,
68,102,2,,"April 7, 1992,  06:12 PM",On the Amendment S.Amdt. 1761 to S.Con.Res. 106 (No short title on file),Bentsen Amendment No. 1761,"To limit the levels of the Social Security outlays and revenues in the resolution to current service levels and to clarify the application of section 301(i) of the Congressional Budget Act of 1974 to a concurrent resolution (as reported and amended), amendments thereto, or any conference report thereon.",Amendment Agreed to (94-3),'1/2',43,0,0,0,51,3,0,3,0,0,0,0,94,3,0,3,
69,102,2,,"April 9, 1992,  02:35 PM",On the Amendment S.Amdt. 1763 to S.Con.Res. 106 (No short title on file),Exon Amendment No. 1763,To reduce the fiscal year 1993 defense budget authority.,Amendment Rejected (45-50),'1/2',4,37,0,2,41,13,0,3,0,0,0,0,45,50,2,3,
70,102,2,,"April 9, 1992,  03:59 PM",On the Amendment S.Amdt. 1765 to S.Con.Res. 106 (No short title on file),Motion To Waive,To reduce defense spending and devote half of the savings to domestic discretionary programs and half to deficit reduction.,"Amendment Rejected (36-62, 3/5 majority required)",'3/5',3,39,0,1,33,23,0,1,0,0,0,0,36,62,0,2,
71,102,2,,"April 9, 1992,  07:02 PM",On the Amendment S.Amdt. 1767 to S.Amdt. 1766 to S.Con.Res. 106 (No short title on file),Byrd Amendment No. 1767,"Expressing the sense of the Senate that the Senate should adopt a joint resolution proposing an amendment to the Constitution relating to a Federal balanced budget, and requiring the president of the United States to annually submit a balanced budget, and that the adoption of such joint resolution should occur on or before June 5, 1992.",Amendment Agreed to (84-11),'1/2',39,1,0,3,45,10,0,2,0,0,0,0,84,11,0,5,
72,102,2,,"April 9, 1992,  07:35 PM",On the Motion (Motion To Waive),Motion To Waive,"To express the sense of the Senate that the Senate should adopt on or before June 5, 1992, a joint resolution proposing an amendment to the Constitution relating to a Federal balanced budget.","Motion Agreed to (63-32, 3/5 majority required)",'3/5',40,0,0,3,23,32,0,2,0,0,0,0,63,32,0,5,
73,102,2,,"April 9, 1992,  09:18 PM",On the Motion to Table S.Amdt. 1768 to S.Con.Res. 106 (No short title on file),Motion To Table Amendment No. 1768,"To reduce amounts allocated to defense and, if legislation is enacted to eliminate the separate budget categories, to increase spending on urgent domestic needs.",Motion to Table Agreed to (53-40),'1/2',38,1,0,4,15,39,0,3,0,0,0,0,53,40,0,7,
74,102,2,,"April 9, 1992,  10:51 PM",On the Amendment S.Amdt. 1769 to S.Con.Res. 106 (No short title on file),Seymour Amendment No. 1769,To reduce function 800 (General Government) by 25 percent over FY 1993 and FY 1994 for Legislative Branch expenditures.,Amendment Agreed to (52-42),'1/2',36,5,0,2,16,37,0,4,0,0,0,0,52,42,0,6,
75,102,2,,"April 10, 1992,  02:03 PM",On the Amendment S.Amdt. 1779 to S.Amdt. 1778 to S.Amdt. 1777 to S.Con.Res. 106,Mitchell Amendment No. 1779,To exempt Veterans' compensation from the cap and cuts required.,Amendment Agreed to (66-28),'1/2',16,24,0,3,50,4,0,3,0,0,0,0,66,28,0,6,
76,102,2,,"April 10, 1992,  02:58 PM",On the Amendment S.Amdt. 1780 to S.Con.Res. 106 (No short title on file),Deconcini Amendment No. 1780,"To express the sense of the Senate with respect to funding for the Special Supplemental Food Program for Women, Infants and Children.",Amendment Agreed to (93-0),'1/2',39,0,0,4,54,0,0,3,0,0,0,0,93,0,0,7,
77,102,2,,"April 10, 1992,  04:13 PM",On the Point of Order S.Amdt. 1784 to S.Con.Res. 106 (No short title on file),Constitutional Point Of Order,"To provide an additional $150,000,000 in deficit savings over the next five years.",Point of Order Not Sustained (45-45),'1/2',0,38,0,5,45,7,0,5,0,0,0,0,45,45,0,10,
78,102,2,,"April 10, 1992,  04:39 PM",On the Amendment S.Amdt. 1784 to S.Con.Res. 106 (No short title on file),D'Amato Amendment No. 1784,"To provide an additional $150,000,000 in deficit savings over the next five years.",Amendment Rejected (43-47),'1/2',31,7,0,5,12,40,0,5,0,0,0,0,43,47,0,10,
79,102,2,,"April 10, 1992,  05:25 PM",On the Motion (Motion To Waive CBA Re: Grassley Amendment No. 1785),Motion To Waive CBA Re: Grassley Amendment No. 1785,To express the sense of the Senate regarding the use of defense-related cuts made in both defense and domestic programs.,"Motion Rejected (29-61, 3/5 majority required)",'3/5',24,14,0,5,5,47,0,5,0,0,0,0,29,61,0,10,
80,102,2,H.Con.Res. 287,"April 10, 1992,  05:53 PM",On the Motion (Motion To Strike And Insert),Motion To Strike And Insert,"A concurrent resolution setting forth the congressional budget for the United States Government for the fiscal years 1993, 1994, 1995, 1996, and 1997.",Motion Agreed to (54-35),'1/2',18,20,0,5,36,15,0,6,0,0,0,0,54,35,1,10,
81,102,2,H.R. 3337,"April 28, 1992,  02:16 PM",On the Conference Report H.R. 3337,H.R. 3337 - Conference Report,A bill to require the Secretary of the Treasury to mint a coin in commemoration of the Two-hundredth Anniversary of the White House.,Conference Report Agreed to (75-22),'1/2',41,0,0,2,34,22,0,1,0,0,0,0,75,22,0,3,
82,102,2,S. 3,"April 30, 1992,  03:39 PM",On the Conference Report S. 3,S. 3 - Conference Report,"A bill to amend the Federal Election Campaign Act of 1971 to provide for a voluntary system of spending limits for Senate election campaigns, and for other purposes.",Conference Report Agreed to (58-42),'1/2',3,40,0,0,55,2,0,0,0,0,0,0,58,42,0,0,
83,102,2,,"May 5, 1992,  04:46 PM",On the Amendment S.Amdt. 1791 to S. 2403 (No short title on file),McCain Amendment No. 1791,To fully rescind funds proposed for rescission in R92-101 (Seawolf).,Amendment Rejected (46-52),'1/2',36,7,0,0,10,45,0,2,0,0,0,0,46,52,0,2,
84,102,2,,"May 5, 1992,  05:30 PM",On the Amendment S.Amdt. 1793 to S. 2403 (No short title on file),Brown Amendment No. 1793,To make additional rescissions dropped by the Committee but included in the President's bill.,Amendment Rejected (43-55),'1/2',34,8,0,1,9,47,0,1,0,0,0,0,43,55,0,2,
85,102,2,S. 2403,"May 6, 1992,  03:04 PM",On the Amendment S. 2403,Committee Substitute To S. 2403,"A bill to rescind certain budget authority proposed to be rescinded in special messages transmitted to the Congress by the President on March 20, 1992, in accordance with Title X of the Congressional Budget and Impoundment Control Act of 1974, as amended.",Amendment Agreed to (61-38),'1/2',7,36,0,0,54,2,0,1,0,0,0,0,61,38,0,1,
86,102,2,S. 250,"May 7, 1992,  01:16 PM",On the Cloture Motion S. 250,Motion To Invoke Cloture On Motion To Proceed To S.250,"A bill to establish national voter registration procedures for Federal elections, and for other purposes.","Cloture Motion Agreed to (61-38, 3/5 majority required)",'3/5',4,38,0,1,57,0,0,0,0,0,0,0,61,38,0,1,
87,102,2,S. 250,"May 12, 1992,  04:13 PM",On the Cloture Motion S. 250,Motion To Invoke Cloture On S.250,"A bill to establish national voter registration procedures for Federal elections, and for other purposes.","Cloture Motion Rejected (58-40, 3/5 majority required)",'3/5',3,39,0,1,55,1,0,1,0,0,0,0,58,40,0,2,
88,102,2,S. 3,"May 13, 1992,  06:01 PM",On Overriding the Veto S. 3,S. 3 Veto Override,"A bill to amend the Federal Election Campaign Act of 1971 to provide for a voluntary system of spending limits for Senate election campaigns, and for other purposes.","Veto Sustained (57-42, 2/3 majority required)",'2/3',3,40,0,0,54,2,0,1,0,0,0,0,57,42,0,1,
89,102,2,,"May 14, 1992,  11:35 AM",On the Motion to Table S.Amdt. 1799 to S. 250 (National Voter Registration Act of 1991),Motion To Table Kasten Amendment No. 1799,"To provide for product liability actions brought against a manufacturer or product seller on any theory, and to establish guidelines for Federal standards of liability for general aviation accidents.",Motion to Table Agreed to (53-45),'1/2',3,39,0,1,50,6,0,1,0,0,0,0,53,45,0,2,
90,102,2,,"May 14, 1992,  05:04 PM",On the Amendment S.Amdt. 1821 to S. 250 (National Voter Registration Act of 1991),Stevens Amendment No. 1821,"In the nature of a substitute, proposing the ""National Voter Registration Enhancement Act of 1992"".",Amendment Rejected (37-57),'1/2',37,5,0,1,0,52,0,5,0,0,0,0,37,57,0,6,
91,102,2,,"May 19, 1992,  02:16 PM",On the Motion to Table S.Amdt. 1825 to S. 250 (National Voter Registration Act of 1991),McCain Amendment No. 1825,To ensure that individuals applying for agency based registration are not coerced by such agencies.,Motion to Table Agreed to (55-40),'1/2',5,37,0,1,50,3,0,4,0,0,0,0,55,40,0,5,
92,102,2,,"May 19, 1992,  02:47 PM",On the Motion to Table S.Amdt. 1827 to S. 250 (National Voter Registration Act of 1991),Motion To Table Amendment No. 1827,To combat public corruption.,Motion to Table Agreed to (57-39),'1/2',6,37,0,0,51,2,0,4,0,0,0,0,57,39,0,4,
93,102,2,,"May 19, 1992,  03:05 PM",On the Motion to Table S.Amdt. 1828 to S. 250 (National Voter Registration Act of 1991),Motion To Table McConnell Amendment No. 1828,To discontinue application of the bill in States in which the voter turnout in 1996 does not exceed the voter turnout in 1992 by at least 2 percent.,Motion to Table Agreed to (61-36),'1/2',7,36,0,0,54,0,0,3,0,0,0,0,61,36,0,3,
94,102,2,,"May 19, 1992,  06:21 PM",On the Motion to Table S.Amdt. 1829 to S. 250 (National Voter Registration Act of 1991),Motion To Table Nickles Amendment No. 1829,To put off the effective date until January first of the year after the year in which Congress enacts legislation authorizing and appropriating funds to pay the costs of implementing the Act.,Motion to Table Agreed to (55-41),'1/2',5,38,0,0,50,3,0,4,0,0,0,0,55,41,0,4,
95,102,2,,"May 19, 1992,  06:45 PM",On the Motion to Table S.Amdt. 1830 to S. 250 (National Voter Registration Act of 1991),Motion To Table Gramm Amendment No. 1830,To provide mandatory minimum penalties for voter intimidation and for depriving the public of a fair and impartial election.,Motion to Table Agreed to (57-39),'1/2',6,37,0,0,51,2,0,4,0,0,0,0,57,39,0,4,
96,102,2,,"May 19, 1992,  06:57 PM",On the Motion to Table S.Amdt. 1831 to S. 250 (National Voter Registration Act of 1991),Motion To Table Amendment No. 1831,To prevent voting by ineligible non-citizens.,Motion to Table Agreed to (54-42),'1/2',6,37,0,0,48,5,0,4,0,0,0,0,54,42,0,4,
97,102,2,,"May 19, 1992,  07:15 PM",On the Motion to Table S.Amdt. 1833 to S. 250 (National Voter Registration Act of 1991),Motion To Table Specter Amendment No. 1833,To modify the provision requiring notice to registration applicants of the disposition of their applications by requiring States to reject registration applications that are returned undelivered.,Motion to Table Agreed to (56-40),'1/2',4,39,0,0,52,1,0,4,0,0,0,0,56,40,0,4,
98,102,2,S. 250,"May 20, 1992,  11:11 AM",On Passage of the Bill S. 250,S. 250,"A bill to establish national voter registration procedures for Federal elections, and for other purposes.",Bill Passed (61-38),'1/2',6,37,0,0,55,1,0,1,0,0,0,0,61,38,0,1,
99,102,2,S.Con.Res. 120,"May 20, 1992,  11:33 AM",On the Concurrent Resolution S.Con.Res. 120,S. Con. Res. 120,A concurrent resolution declaring an article of amendment to be the Twenty-seventh Amendment to the Constitution of the United States.,Concurrent Resolution Agreed to (99-0),'1/2',43,0,0,0,56,0,0,1,0,0,0,0,99,0,0,1,
100,102,2,S.Res. 298,"May 20, 1992,  11:33 AM",On the Resolution S.Res. 298,S. Res. 298,A resolution declaring an article of amendment to be the Twenty-seventh Amendment to the Constitution of the United States.,Resolution Agreed to (99-0),'1/2',43,0,0,0,56,0,0,1,0,0,0,0,99,0,0,1,
101,102,2,,"May 20, 1992,  05:41 PM","On the Amendment S.Amdt. 1838 to H.R. 5132 (Dire Emergency Supplemental Appropriations Act, 1992, for Disaster Assistance To Meet Urgent Needs Because of Calamities such as Those Which Occurred in Los Angeles and Chicago)",Lautenberg Amendment No. 1838,"To make exempt certain Department of Transportation funds from requirements for any non-Federal share and payback otherwise required, provided that such funds shall be obligated no later than September 30, 1992.",Amendment Agreed to (59-40),'1/2',8,35,0,0,51,5,0,1,0,0,0,0,59,40,0,1,
102,102,2,,"May 20, 1992,  09:09 PM","On the Amendment S.Amdt. 1850 to H.R. 5132 (Dire Emergency Supplemental Appropriations Act, 1992, for Disaster Assistance To Meet Urgent Needs Because of Calamities such as Those Which Occurred in Los Angeles and Chicago)",Graham Amendment No. 1850,To limit the circumstances under which the Act may become effective.,Amendment Rejected (45-52),'1/2',31,11,0,1,14,41,0,2,0,0,0,0,45,52,0,3,
103,102,2,,"May 20, 1992,  09:45 PM","On the Amendment S.Amdt. 1848 to H.R. 5132 (Dire Emergency Supplemental Appropriations Act, 1992, for Disaster Assistance To Meet Urgent Needs Because of Calamities such as Those Which Occurred in Los Angeles and Chicago)",Seymour Amendment No. 1848,"To prohibit the use of funds to provide assistance to persons arrested or subject to pending charges for, or convicted of, riot-related crime in the City or County of Los Angeles, California.",Amendment Agreed to (68-28),'1/2',36,6,0,1,32,22,0,3,0,0,0,0,68,28,0,4,
104,102,2,S. 2743,"May 21, 1992,  10:35 AM",On Passage of the Bill S. 2743,S. 2743,"An original bill to deter and punish aggression against the newly independent countries of the defunct Socialist Federal Republic of Yugoslavia, and to promote human rights within the newly constituted Republic of Yugoslavia.",Bill Passed (99-0),'1/2',43,0,0,0,56,0,0,1,0,0,0,0,99,0,0,1,
105,102,2,,"May 21, 1992,  11:26 AM","On the Amendment S.Amdt. 1851 to H.R. 5132 (Dire Emergency Supplemental Appropriations Act, 1992, for Disaster Assistance To Meet Urgent Needs Because of Calamities such as Those Which Occurred in Los Angeles and Chicago)",Nickles Amendment No. 1851,To waive the provisions of the Davis-Bacon Act and the Service Contract Act of 1965 with respect to any construction or repair project which receives financial assistance under this Act.,Amendment Rejected (36-63),'1/2',35,8,0,0,1,55,0,1,0,0,0,0,36,63,0,1,
106,102,2,,"May 21, 1992,  02:14 PM","On the Amendment S.Amdt. 1852 to H.R. 5132 (Dire Emergency Supplemental Appropriations Act, 1992, for Disaster Assistance To Meet Urgent Needs Because of Calamities such as Those Which Occurred in Los Angeles and Chicago)",Lott Amendment No. 1852,"To strike emergency funding providing for early intervention, education, training, and job programs for young persons during the summer months.",Amendment Rejected (37-62),'1/2',35,8,0,0,2,54,0,1,0,0,0,0,37,62,0,1,
107,102,2,,"May 21, 1992,  02:38 PM","Whether the Amendment is Germane S.Amdt. 1855 to H.R. 5132 (Dire Emergency Supplemental Appropriations Act, 1992, for Disaster Assistance To Meet Urgent Needs Because of Calamities such as Those Which Occurred in Los Angeles and Chicago)",Thurmond Amendment No. 1855,To strengthen the present federal anti-riot statute.,Amendment Not Germane (42-57),'1/2',35,8,0,0,7,49,0,1,0,0,0,0,42,57,0,1,
108,102,2,H.R. 4990,"May 21, 1992,  04:22 PM",On the Conference Report H.R. 4990,H.R. 4990 Conference Report,"A bill rescinding certain budget authority, and for other purposes.",Conference Report Agreed to (90-9),'1/2',34,9,0,0,56,0,0,1,0,0,0,0,90,9,0,1,
109,102,2,H.R. 5132,"May 21, 1992,  06:23 PM",On Passage of the Bill H.R. 5132,H.R. 5132,"A bill making dire emergency supplemental appropriations for disaster assistance to meet urgent needs because of calamities such as those which occurred in Los Angeles and Chicago, for the fiscal year ending September 30, 1992, and for other purposes.",Bill Passed (61-36),'1/2',11,31,0,1,50,5,0,2,0,0,0,0,61,36,0,3,
110,102,2,H.Con.Res. 287,"May 21, 1992,  07:47 PM",On the Conference Report H.Con.Res. 287,H. Con. Res. 287 Conference Report,"A concurrent resolution setting forth the congressional budget for the United States Government for the fiscal years 1993, 1994, 1995, 1996, and 1997.",Conference Report Agreed to (52-41),'1/2',16,25,0,2,36,16,0,5,0,0,0,0,52,41,0,7,
111,102,2,S. 474,"June 2, 1992,  03:01 PM",On Passage of the Bill S. 474,S. 474,A bill to prohibit sports gambling under State law.,Bill Passed (88-5),'1/2',35,3,0,5,53,2,0,2,0,0,0,0,88,5,1,6,
112,102,2,,"June 3, 1992,  12:34 PM",On the Amendment S.Amdt. 1865 to S. 1504 (Public Telecommunications Act of 1991),Lott Amendment No. 1865,To freeze the authorization levels for the Corporation of Public Broadcasting at present levels.,Amendment Rejected (22-75),'1/2',22,19,0,2,0,56,0,1,0,0,0,0,22,75,0,3,
113,102,2,,"June 3, 1992,  12:57 PM",On the Amendment S.Amdt. 1859 to S. 1504 (Public Telecommunications Act of 1991),Byrd Amendment No. 1859,To require the Federal Communications Commission to promulgate regulations to restrict indecent broadcasts.,Amendment Agreed to (93-3),'1/2',39,1,0,3,54,2,0,1,0,0,0,0,93,3,0,4,
114,102,2,H.R. 2977,"June 3, 1992,  06:00 PM",On Passage of the Bill H.R. 2977,H.R. 2977,"A bill to authorize appropriations for public broadcasting, and for other purposes.",Bill Passed (84-11),'1/2',30,11,0,2,54,0,0,3,0,0,0,0,84,11,0,5,
115,102,2,H.R. 2507,"June 4, 1992,  03:39 PM",On the Conference Report H.R. 2507,H.R. 2507 Conference Report,"A bill to amend the Public Health Service Act to revise and extend the programs of the National Institutes of Health, and for other purposes.",Conference Report Agreed to (85-12),'1/2',30,11,0,2,55,1,0,1,0,0,0,0,85,12,0,3,
116,102,2,S. 1306,"June 9, 1992,  02:23 PM",On the Motion to Table the Motion to Recommit S. 1306,Motion To Table Motion To Recommit,"A bill to amend title V of the Public Health Service Act to revise and extend certain programs, to restructure the Alcohol, Drug Abuse and Mental Health Administration, and for other purposes.",Motion to Table Motion to Recommit Agreed to (79-14),'1/2',32,8,0,3,47,6,0,4,0,0,0,0,79,14,0,7,
117,102,2,S. 1306,"June 9, 1992,  02:49 PM",On the Cloture Motion S. 1306,Motion To Invoke Cloture,"A bill to amend title V of the Public Health Service Act to revise and extend certain programs, to restructure the Alcohol, Drug Abuse and Mental Health Administration, and for other purposes.","Cloture Motion Agreed to (84-9, 3/5 majority required)",'3/5',34,6,0,3,50,3,0,4,0,0,0,0,84,9,0,7,
118,102,2,S. 1306,"June 9, 1992,  04:16 PM",On the Motion for Attendance S. 1306,Motion To Instruct,"A bill to amend title V of the Public Health Service Act to revise and extend certain programs, to restructure the Alcohol, Drug Abuse and Mental Health Administration, and for other purposes.",Motion for Attendance Agreed to (88-6),'1/2',35,6,0,2,53,0,0,4,0,0,0,0,88,6,0,6,
119,102,2,S. 1306,"June 9, 1992,  04:54 PM",On the Conference Report S. 1306,S. 1306 Conference Report,"A bill to amend title V of the Public Health Service Act to revise and extend certain programs, to restructure the Alcohol, Drug Abuse and Mental Health Administration, and for other purposes.",Conference Report Agreed to (86-8),'1/2',36,5,0,2,50,3,0,4,0,0,0,0,86,8,0,6,
120,102,2,S. 55,"June 11, 1992,  04:45 PM",On the Cloture Motion S. 55,Motion To Invoke Cloture,A bill to amend the National Labor Relations Act and the Railway Labor Act to prevent discrimination based on participation in labor disputes.,"Cloture Motion Rejected (55-41, 3/5 majority required)",'3/5',5,36,0,2,50,5,0,2,0,0,0,0,55,41,0,4,
121,102,2,S. 55,"June 16, 1992,  02:16 PM",On the Cloture Motion S. 55,Motion To Invoke Cloture,A bill to amend the National Labor Relations Act and the Railway Labor Act to prevent discrimination based on participation in labor disputes.,"Cloture Motion Rejected (57-42, 3/5 majority required)",'3/5',5,37,0,1,52,5,0,0,0,0,0,0,57,42,0,1,
122,102,2,,"June 17, 1992,  03:58 PM",On the Amendment S.Amdt. 2426 to S. 1985 (National Bankruptcy Review Commission Act),Danforth Amendment No. 2426,"To express the sense of the Senate that public officials and candidates for public office make proposals and engage in discussion on reducing the deficit, and that the candidates for President agree to a formal discussion that focuses entirely on the Federal budget deficit.",Amendment Agreed to (65-32),'1/2',13,28,0,2,52,4,0,1,0,0,0,0,65,32,0,3,
123,102,2,S. 1985,"June 17, 1992,  05:32 PM",On Passage of the Bill S. 1985,S. 1985,"A bill to establish a commission to review the Bankruptcy Code, to amend the Bankruptcy Code in certain aspects of its application to cases involving commerce and credit and individuals debtors and add a temporary chapter to govern reorganization of small businesses, and for other purposes.",Bill Passed (97-0),'1/2',40,0,0,3,57,0,0,0,0,0,0,0,97,0,0,3,
124,102,2,,"June 18, 1992,  08:30 PM",On the Amendment S.Amdt. 2433 to H.R. 5260 (Unemployment Compensation Amendments of 1992),Graham Amendment No. 2433,To retain exemption for temporary foreign agricultural workers from unemployment tax.,Amendment Agreed to (84-3),'1/2',34,0,0,9,50,3,0,4,0,0,0,0,84,3,0,13,
125,102,2,,"June 23, 1992,  04:03 PM",On the Motion to Table S.Amdt. 2438 to S.Amdt. 2437 to S. 2733 (Federal Housing Regulatory Reform Act of 1992),Motion To Table Dole Amendment No. 2438,To express the sense of the Senate with regard to the effect of a possible rail strike.,Motion to Table Failed (39-58),'1/2',0,41,0,2,39,17,0,1,0,0,0,0,39,58,0,3,
126,102,2,,"June 23, 1992,  06:56 PM",On the Motion to Table S.Amdt. 2439 to S.Amdt. 2437 to S. 2733 (Federal Housing Regulatory Reform Act of 1992),Motion To Table Chafee Amendment No. 2439,To strike section 1065 of the Manager's Amendment to S.2733.,Motion to Table Agreed to (52-44),'1/2',6,34,0,3,46,10,0,1,0,0,0,0,52,44,0,4,
127,102,2,,"June 24, 1992,  11:23 AM",On the Motion to Table S.Amdt. 2440 to S.Amdt. 2437 to S. 2733 (Federal Housing Regulatory Reform Act of 1992),Motion To Table Amendment No. 2440,To amend the Securities Exchange Act of 1934 with respect to limited partnership rollups.,Motion to Table Failed (10-87),'1/2',9,32,0,2,1,55,0,1,0,0,0,0,10,87,0,3,
128,102,2,,"June 24, 1992,  01:30 PM",On the Motion to Table S.Amdt. 2441 to S.Amdt. 2437 to S. 2733 (Federal Housing Regulatory Reform Act of 1992),Motion To Table Ford Amendment No. 2441,To place a temporary moratorium on interstate branching by savings associations.,Motion to Table Failed (15-82),'1/2',9,32,0,2,6,50,0,1,0,0,0,0,15,82,0,3,
129,102,2,,"June 24, 1992,  03:43 PM",On the Motion to Table S.Amdt. 2443 to S.Amdt. 2437 to S. 2733 (Federal Housing Regulatory Reform Act of 1992),Motion To Table Brown Amendment No. 2443,To provide for an effective date for the method of computing liability for certain releases or threatened releases of hazardous materials.,Motion to Table Agreed to (54-42),'1/2',7,34,0,2,47,8,0,2,0,0,0,0,54,42,0,4,
130,102,2,,"June 25, 1992,  10:58 PM",On the Motion to Table S.Amdt. 2452 to H.J.Res. 517 (No short title on file),Motion To Table Amendment No. 2452,To provide certain conditions during the resolution of the disputes.,Motion to Table Agreed to (76-18),'1/2',38,2,0,3,38,16,0,3,0,0,0,0,76,18,0,6,
131,102,2,H.J.Res. 517,"June 25, 1992,  11:26 PM",On the Joint Resolution H.J.Res. 517,H. J. Res. 517,A joint resolution to provide for a settlement of the railroad labor-management disputes between certain railroads and certain of their employees.,Joint Resolution Passed (87-6),'1/2',38,1,0,4,49,5,0,3,0,0,0,0,87,6,0,7,
132,102,2,S. 2733,"June 26, 1992,  09:34 AM",On the Motion for Attendance S. 2733,Motion To Instruct,An original bill to improve the regulation of Government-sponsored enterprises.,Motion for Attendance Agreed to (78-10),'1/2',27,10,0,6,51,0,0,6,0,0,0,0,78,10,0,12,
133,102,2,,"June 30, 1992,  04:15 PM",On the Amendment S.Amdt. 2453 to S.Amdt. 2447 to S. 2733 (Federal Housing Regulatory Reform Act of 1992),Kasten Amendment No. 2453,To provide for a taxpayer protection clause.,Amendment Rejected (33-63),'1/2',31,10,0,2,2,53,0,2,0,0,0,0,33,63,0,4,
134,102,2,,"June 30, 1992,  06:54 PM",On the Amendment S.Amdt. 2448 to S.Amdt. 2447 to S. 2733 (Federal Housing Regulatory Reform Act of 1992),Byrd Amendment No. 2448,"To require the President to submit by September 2, 1992, a 5-year plan to balance the budget not later than September 30, 1998.",Amendment Rejected (39-57),'1/2',0,41,0,2,39,16,0,2,0,0,0,0,39,57,0,4,
135,102,2,,"June 30, 1992,  09:24 PM",On the Cloture Motion S.Amdt. 2447 to S. 2733 (Federal Housing Regulatory Reform Act of 1992),Motion To Invoke Cloture,To propose an amendment to the Constitution of the U.S. to require that the budget of the U.S. be in balance unless three-fifths of the whole of each House of Congress shall provide by law for a specific excess of outlays over receipts and to require that any bill to increase revenues must be approved by a majority of the whole number of each House.,"Cloture Motion Rejected (56-39, 3/5 majority required)",'3/5',41,0,0,2,15,39,0,3,0,0,0,0,56,39,1,4,
136,102,2,,"July 1, 1992,  10:11 AM",On the Cloture Motion S.Amdt. 2447 to S. 2733 (Federal Housing Regulatory Reform Act of 1992),Motion To Invoke Cloture On SP2447,To propose an amendment to the Constitution of the U.S. to require that the budget of the U.S. be in balance unless three-fifths of the whole of each House of Congress shall provide by law for a specific excess of outlays over receipts and to require that any bill to increase revenues must be approved by a majority of the whole number of each House.,"Cloture Motion Rejected (56-39, 3/5 majority required)",'3/5',41,0,0,2,15,39,0,3,0,0,0,0,56,39,1,4,
137,102,2,S. 2733,"July 1, 1992,  10:34 AM",On Passage of the Bill S. 2733,S. 2733,An original bill to improve the regulation of Government-sponsored enterprises.,Bill Passed (77-19),'1/2',22,19,0,2,55,0,0,2,0,0,0,0,77,19,0,4,
138,102,2,,"July 1, 1992,  01:10 PM",On the Amendment S.Amdt. 2648 to S. 2532 (Freedom of Russia and Emerging Eurasian Democracies and Open Markets Support Act of 1992 FREEDOM Support Act),Leahy Amendment No. 2648,To strike the provision related to the credit-worthiness requirement of the agricultural export credit guarantee program.,Amendment Agreed to (93-2),'1/2',40,1,0,2,53,1,0,3,0,0,0,0,93,2,0,5,
139,102,2,,"July 1, 1992,  07:31 PM",On the Motion to Table S.Amdt. 2665 to S.Amdt. 2664 to S. 2532 (Freedom of Russia and Emerging Eurasian Democracies and Open Markets Support Act of 1992 FREEDOM Support Act),Pell Amendment No. 2665,In the nature of a substitute.,Motion to Table Failed (35-60),'1/2',11,30,0,2,24,30,0,3,0,0,0,0,35,60,0,5,
140,102,2,,"July 1, 1992,  07:56 PM",On the Amendment S.Amdt. 2664 to S. 2532 (Freedom of Russia and Emerging Eurasian Democracies and Open Markets Support Act of 1992 FREEDOM Support Act),DeConcini Amendment No. 2664,To restrict assistance for Russia until its armed forces are removed from the Baltic states.,Amendment Agreed to (92-2),'1/2',41,0,0,2,51,2,0,4,0,0,0,0,92,2,0,6,
141,102,2,,"July 2, 1992,  02:58 PM",On the Amendment S.Amdt. 2700 to S. 2532 (Freedom of Russia and Emerging Eurasian Democracies and Open Markets Support Act of 1992 FREEDOM Support Act),Byrd Amendment No. 2700,"To express the sense of the Congress in opposition to the sale of the LTV Aerospace and Defense Company to a foreign person, and for other purposes.",Amendment Agreed to (93-4),'1/2',38,3,0,2,55,1,0,1,0,0,0,0,93,4,0,3,
142,102,2,,"July 2, 1992,  04:02 PM",On the Motion to Table S.Amdt. 2703 to S. 2532 (Freedom of Russia and Emerging Eurasian Democracies and Open Markets Support Act of 1992 FREEDOM Support Act),Motion To Table Brown Amendment No. 2703,To limit the use of the United States quota increase for the International Monetary Fund to the United States proportionate share of funding for new IMF programs for the independent states of the former Soviet Union.,Motion to Table Agreed to (77-20),'1/2',28,13,0,2,49,7,0,1,0,0,0,0,77,20,0,3,
143,102,2,,"July 2, 1992,  04:38 PM",On the Amendment S.Amdt. 2705 to S. 2532 (Freedom of Russia and Emerging Eurasian Democracies and Open Markets Support Act of 1992 FREEDOM Support Act),Byrd Amendment No. 2705,To provide for eligibility of the Baltic states for nonlethal defense articles.,Amendment Agreed to (96-0),'1/2',41,0,0,2,55,0,0,2,0,0,0,0,96,0,0,4,
144,102,2,S.Res. 324,"July 2, 1992,  05:50 PM",On the Resolution S.Res. 324,S. Res. 324,"A resolution relating to declassification of Documents, Files, and other materials pertaining to POWs and MIAs.",Resolution Agreed to (96-0),'1/2',40,0,0,3,56,0,0,1,0,0,0,0,96,0,0,4,
145,102,2,H.R. 5260,"July 2, 1992,  06:12 PM",On the Conference Report H.R. 5260,H.R. 5260 Conference Report,"A bill to extend the emergency unemployment compensation program, to revise the trigger provisions contained in the extended unemployment compensation program, and for other purposes.",Conference Report Agreed to (93-3),'1/2',37,3,0,3,56,0,0,1,0,0,0,0,93,3,0,4,
146,102,2,,"July 2, 1992,  08:15 PM",On the Motion to Table S.Amdt. 2709 to S. 2532 (Freedom of Russia and Emerging Eurasian Democracies and Open Markets Support Act of 1992 FREEDOM Support Act),Motion To Table Riegle Amendment No. 2709,To provide for programs that aid Americans.,Motion to Table Agreed to (64-32),'1/2',36,4,0,3,28,28,0,1,0,0,0,0,64,32,0,4,
147,102,2,,"July 2, 1992,  09:43 PM",On the Motion to Table S.Amdt. 2726 to S. 2532 (Freedom of Russia and Emerging Eurasian Democracies and Open Markets Support Act of 1992 FREEDOM Support Act),Motion To Table Specter Amendment No. 2726,To provide that any international lending be required to be secured by certain export earnings.,Motion to Table Agreed to (75-21),'1/2',24,16,0,3,51,5,0,1,0,0,0,0,75,21,0,4,
148,102,2,S. 2532,"July 2, 1992,  10:32 PM",On Passage of the Bill S. 2532,S. 2532,"A bill entitled ""Freedom For Russia and Emerging Eurasian Democracies and Open Markets Support Act.""",Bill Passed (76-20),'1/2',33,7,0,3,43,13,0,1,0,0,0,0,76,20,0,4,
149,102,2,,"July 22, 1992,  08:17 PM",On the Motion to Table S.Amdt. 2739 to S. 2877 (Interstate Transportation of Municipal Waste Act of 1992),Motion To Table  Reid Amendment No. 2739,"To grant the Governor of a State the authority to prohibit, limit, or impose a differential fee on, the disposal of out-of-State municipal waste.",Motion to Table Agreed to (60-31),'1/2',32,6,0,5,28,25,0,4,0,0,0,0,60,31,0,9,
150,102,2,H.R. 776,"July 23, 1992,  07:21 PM",On the Cloture Motion H.R. 776,Motion To Proceed,A bill to provide for improved energy efficiency.,"Cloture Motion Rejected (58-33, 3/5 majority required)",'3/5',3,33,0,7,55,0,0,2,0,0,0,0,58,33,0,9,
151,102,2,S. 2877,"July 23, 1992,  07:49 PM",On Passage of the Bill S. 2877,S.2877,"A bill entitled the ""Interstate Transportation on Municipal Waste Act of 1992"".",Bill Passed (89-2),'1/2',35,1,0,7,54,1,0,2,0,0,0,0,89,2,0,9,
152,102,2,,"July 27, 1992,  05:14 PM","On the Decision of the Chair S.Amdt. 2752 to S. 3026 (Department of Justice and Related Agencies Appropriations Act, 1993)",Appeal Of Chair Ruling,To restore the Second Amendment rights of all Americans.,Decision of Chair Not Sustained (32-50),'1/2',2,33,0,8,30,17,0,10,0,0,0,0,32,50,0,18,
153,102,2,,"July 28, 1992,  11:05 AM","On the Amendment S.Amdt. 2767 to S. 3026 (Department of Justice and Related Agencies Appropriations Act, 1993)",Graham Amdt. No. 2767,To reduce an appropriation for the Department of Commerce.,Amendment Agreed to (50-42),'1/2',24,16,0,3,26,26,0,5,0,0,0,0,50,42,0,8,
154,102,2,H.R. 776,"July 28, 1992,  02:16 PM",On the Cloture Motion H.R. 776,Motion To Invoke Cloture On H.R. 776,A bill to provide for improved energy efficiency.,"Cloture Motion Agreed to (93-3, 3/5 majority required)",'3/5',38,3,0,2,55,0,0,2,0,0,0,0,93,3,0,4,
155,102,2,,"July 28, 1992,  03:13 PM","On the Motion to Table S.Amdt. 2769 to H.R. 5487 (Agriculture, Rural Development, Food and Drug Administration, and Related Agencies Appropriations Act, 1993)",Motion To Table Graham Amendment No. 2769,To reduce an appropriation.,Motion to Table Agreed to (54-41),'1/2',25,16,0,2,29,25,0,3,0,0,0,0,54,41,1,4,
156,102,2,,"July 28, 1992,  08:59 PM","On the Motion to Table S.Amdt. 2778 to H.R. 5487 (Agriculture, Rural Development, Food and Drug Administration, and Related Agencies Appropriations Act, 1993)",Motion To Table Bryan Amendment No.2778,To prohibit the use of funds made available by this Act to carry out the market promotion program.,Motion to Table Agreed to (74-23),'1/2',38,4,0,1,36,19,0,2,0,0,0,0,74,23,0,3,
157,102,2,,"July 28, 1992,  09:25 PM","On the Motion to Table S.Amdt. 2780 to H.R. 5487 (Agriculture, Rural Development, Food and Drug Administration, and Related Agencies Appropriations Act, 1993)",Motion To Table S.Amdt. 2780,To prohibit the use of funds made available by this Act to support the price of honey.,Motion to Table Agreed to (54-43),'1/2',20,22,0,1,34,21,0,2,0,0,0,0,54,43,0,3,
158,102,2,H.R. 5487,"July 28, 1992,  10:18 PM",On Passage of the Bill H.R. 5487,H.R. 5487,"A bill making appropriations for Agriculture, Rural Development, Food and Drug Administration, and Related Agencies programs for the fiscal year ending September 30, 1993, and for other purposes.",Bill Passed (88-9),'1/2',35,7,0,1,53,2,0,2,0,0,0,0,88,9,0,3,
159,102,2,,"July 29, 1992,  12:31 PM",On the Motion to Table S.Amdt. 2782 to H.R. 776 (National Energy Efficiency Act of 1991),Motion To Table S.Amdt. 2782,Striking repeal of minimum tax preferences for depletion and intangible drilling costs.,Motion to Table Agreed to (63-32),'1/2',35,7,0,1,28,25,0,4,0,0,0,0,63,32,0,5,
160,102,2,,"July 29, 1992,  02:29 PM",On the Motion (Motion To Waive CBA),Motion To Waive CBA,To provide increased access to and affordability of health care.,"Motion Rejected (35-60, 3/5 majority required)",'3/5',35,7,0,1,0,53,0,4,0,0,0,0,35,60,0,5,
161,102,2,,"July 29, 1992,  04:06 PM",On the Motion to Table S.Amdt. 2784 to H.R. 776 (National Energy Efficiency Act of 1991),Symms Amendment No.2784,To amend the Internal Revenue Code of 1986 to remove certain high-speed intercity rail facility bonds from the State volume cap for tax-exempt bond financing.,Motion to Table Failed (40-55),'1/2',10,32,0,1,30,23,0,4,0,0,0,0,40,55,0,5,
162,102,2,H.R. 776,"July 30, 1992,  11:58 AM",On the Motion for Attendance H.R. 776,Motion To Instruct,A bill to provide for improved energy efficiency.,Motion for Attendance Agreed to (84-10),'1/2',32,8,0,3,52,2,0,3,0,0,0,0,84,10,0,6,
163,102,2,H.R. 776,"July 30, 1992,  02:29 PM",On Passage of the Bill H.R. 776,H.R. 776 As Amended,A bill to provide for improved energy efficiency.,Bill Passed (93-3),'1/2',38,2,0,3,55,1,0,1,0,0,0,0,93,3,0,4,
164,102,2,,"July 30, 1992,  05:28 PM","On the Motion to Table S.Amdt. 2796 to S.Amdt. 2795 to H.R. 5517 (District of Columbia Supplemental Appropriations and Rescissions and Act, 1992)",Motion To Table S.Amdt. 2796,To provide for a local initiative to increase the penalties for murder in the District of Columbia.,Motion to Table Agreed to (50-45),'1/2',29,11,0,3,21,34,0,2,0,0,0,0,50,45,0,5,
165,102,2,,"July 30, 1992,  06:48 PM","On the Motion to Table S.Amdt. 2799 to H.R. 5517 (District of Columbia Supplemental Appropriations and Rescissions and Act, 1992)",Lott Amdt. No. 2799 ,"To prevent the District of Columbia from implementing a system of registration for unmarried, cohabitating homosexual, lesbian, and heterosexual couples in the Nation's Capital in order to sanction such relationships and to grant such unmarried couples certain rights and benefits traditionally reserved for couples who have entered into the legally enforceable bonds of matrimony.",Motion to Table Failed (41-51),'1/2',8,31,0,4,33,20,0,4,0,0,0,0,41,51,0,8,
166,102,2,,"August 3, 1992,  06:33 PM","On the Motion to Table S.Amdt. 2832 to H.R. 5373 (Energy and Water Development Appropriations Act, 1993)",Bumpers Amendment No.2832,To limit the funds that may be used for the superconducting super collider.,Motion to Table Agreed to (62-32),'1/2',32,8,0,3,30,24,0,3,0,0,0,0,62,32,0,6,
167,102,2,,"August 3, 1992,  07:02 PM","On the Amendment S.Amdt. 2833 to H.R. 5373 (Energy and Water Development Appropriations Act, 1993)",Hatfield Amendment No.2833,To revise section 507 relating to the conduct of nuclear weapons testing.,Amendment Agreed to (68-26),'1/2',17,23,0,3,51,3,0,3,0,0,0,0,68,26,0,6,
168,102,2,,"August 3, 1992,  07:43 PM","On the Motion to Table S.Amdt. 2836 to H.R. 5373 (Energy and Water Development Appropriations Act, 1993)",Motion To Table S.Amdt.2836,To limit Federal appropriations for the Superconducting Super Collider.,Motion to Table Agreed to (62-31),'1/2',30,9,0,4,32,22,0,3,0,0,0,0,62,31,0,7,
169,102,2,,"August 4, 1992,  07:51 PM","On the Amendment S.Amdt. 2867 to H.R. 5503 (Department of the Interior and Related Agencies Appropriations Act, 1993)",Domenici Amendment No. 2867,To declare the sense of the Senate with respect to corporate responsibility.,Amendment Agreed to (89-0),'1/2',38,0,0,5,51,0,0,6,0,0,0,0,89,0,0,11,
170,102,2,,"August 5, 1992,  02:17 PM","On the Amendment S.Amdt. 2884 to H.R. 5518 (Department of Transportation and Related Agencies Appropriations Act,1993)",Bond Amdt. No. 2884,To remove the minimum allocation program from Federal-aid highways limitation on obligations.,Amendment Rejected (39-57),'1/2',19,22,0,2,20,35,0,2,0,0,0,0,39,57,0,4,
171,102,2,H.R. 5518,"August 5, 1992,  03:09 PM",On Passage of the Bill H.R. 5518,H.R.5518 As Amended,"A bill making appropriations for the Department of Transportation and related agencies for the fiscal year ending September 30, 1993, and for other purposes.",Bill Passed (74-22),'1/2',27,14,0,2,47,8,0,2,0,0,0,0,74,22,0,4,
172,102,2,,"August 5, 1992,  06:36 PM","On the Motion to Table S.Amdt. 2882 to S.Amdt. 2881 to H.R. 5503 (Department of the Interior and Related Agencies Appropriations Act, 1993)",Reid Amendment No. 2882,To make improvements in mining law.,Motion to Table Failed (44-52),'1/2',5,36,0,2,39,16,0,2,0,0,0,0,44,52,0,4,
173,102,2,,"August 5, 1992,  09:45 PM","On the Motion to Table S.Amdt. 2901 to H.R. 5503 (Department of the Interior and Related Agencies Appropriations Act, 1993)",Fowler Amendment No. 2901,To reduce funding for timber sales preparation for certain forests in the National Forest System and to limit the quantity of timber from the National Forest System that may be sold at less than cost.,Motion to Table Agreed to (50-44),'1/2',38,3,0,2,12,41,0,4,0,0,0,0,50,44,0,6,
174,102,2,,"August 6, 1992,  11:56 AM","On the Motion to Table S.Amdt. 2902 to H.R. 5503 (Department of the Interior and Related Agencies Appropriations Act, 1993)",Fowler Amdt. No. 2902,To reform the administrative decisionmaking and appeals processes of the Forest Service.,Motion to Table Failed (38-57),'1/2',32,9,0,2,6,48,0,3,0,0,0,0,38,57,0,5,
175,102,2,,"August 6, 1992,  01:22 PM","On the Motion to Table S.Amdt. 2903 to S.Amdt. 2902 to H.R. 5503 (Department of the Interior and Related Agencies Appropriations Act, 1993)",Motion To Table S.Amdt. 2903,To modify the procedure for appeals of decisions of the Forest Service.,Motion to Table Failed (45-50),'1/2',4,37,0,2,41,13,0,3,0,0,0,0,45,50,0,5,
176,102,2,,"August 6, 1992,  04:38 PM","On the Motion to Table S.Amdt. 2904 to H.R. 5503 (Department of the Interior and Related Agencies Appropriations Act, 1993)",Gorton Amendment No.2904,"To allow salvage timber sales in Habitat Conservation Areas and other habitat for the northern spotted owl on forests in Washington, Oregon, and California.",Motion to Table Agreed to (60-35),'1/2',9,32,0,2,51,3,0,3,0,0,0,0,60,35,0,5,
177,102,2,,"August 6, 1992,  06:40 PM","On the Motion to Table S.Amdt. 2905 to H.R. 5503 (Department of the Interior and Related Agencies Appropriations Act, 1993)",Jeffords Amdt. No. 2905,"To require the Secretary of Agriculture and the Secretary of the Interior to establish a domestic livestock grazing fee for certain lands for the grazing season that commences on March 1, 1993.",Motion to Table Agreed to (50-44),'1/2',30,11,0,2,20,33,0,4,0,0,0,0,50,44,0,6,
178,102,2,,"August 7, 1992,  09:05 AM",On the Amendment S.Amdt. 2911 to H.R. 4312 (Voting Rights Language Assistance Act of 1992),Simpson Amendment No. 2911,To modify the application of the bilingual voting requirements and require certain studies.,Amendment Rejected (32-63),'1/2',25,16,0,2,7,47,0,3,0,0,0,0,32,63,0,5,
179,102,2,,"August 7, 1992,  09:27 AM",On the Amendment S.Amdt. 2915 to H.R. 4312 (Voting Rights Language Assistance Act of 1992),Simpson Amdt. 2915,To require federal funding for the costs of compliance.,Amendment Rejected (35-60),'1/2',29,12,0,2,6,48,0,3,0,0,0,0,35,60,0,5,
180,102,2,H.R. 4312,"August 7, 1992,  09:46 AM",On Passage of the Bill H.R. 4312,Bilingual Ballot Bill - H.R. 4312,A bill to amend the Voting Rights Act of 1965 with respect to bilingual election requirements.,Bill Passed (75-20),'1/2',25,16,0,2,50,4,0,3,0,0,0,0,75,20,0,5,
181,102,2,,"August 7, 1992,  02:27 PM",On the Amendment S.Amdt. 2916 to S. 3114 (National Defense Authorization Act for Fiscal Year 1993),Nunn Amendment No. 2916,To require prompt implementation of the defense conversion and transition assistance provisions and authorities.,Amendment Agreed to (91-2),'1/2',38,2,0,3,53,0,0,4,0,0,0,0,91,2,0,7,
182,102,2,,"August 7, 1992,  06:21 PM",On the Motion to Table S.Amdt. 2918 to S. 3114 (National Defense Authorization Act for Fiscal Year 1993),Sasser Amendment No. 2918,To reduce the amount provided for the Strategic Defense Initiative.,Motion to Table Failed (43-49),'1/2',34,5,0,4,9,44,0,4,0,0,0,0,43,49,0,8,
183,102,2,PN855,"August 7, 1992,  07:48 PM",On the Motion (Motion To Proceed To Carnes Nom.),Motion To Proceed To Carnes Nom.,"Edward E. Carnes, of Alabama, to be United States Circuit Judge for the Eleventh Circuit vice Frank M. Johnson, Jr., retired",Motion Agreed to (91-0),'1/2',38,0,0,5,53,0,0,4,0,0,0,0,91,0,0,9,
184,102,2,,"August 10, 1992,  07:31 PM",On the Amendment S.Amdt. 2925 to S.Res. 330 (No short title on file),Warner Amendment No. 2925,To express the Senate's support for the measures announced by the President.,Amendment Agreed to (90-5),'1/2',38,4,0,1,52,1,0,4,0,0,0,0,90,5,0,5,
185,102,2,,"August 11, 1992,  12:16 PM",On the Amendment S.Amdt. 2929 to S.Res. 330 (No short title on file),Stevens Amendment No. 2929,To express the sense of the Senate regarding authorization of multilateral action in Bosnia-Hercegovina under Article 42 of the United Nations charter.,Amendment Agreed to (82-13),'1/2',32,8,0,3,50,5,0,2,0,0,0,0,82,13,0,5,
186,102,2,S.Res. 330,"August 11, 1992,  02:18 PM",On the Resolution S.Res. 330,S.Res.330  As Modified And Amended,An original resolution relating to authorization of multinational action in Bosnia-Hercegovina under Article 42 of the United Nations Charter.,Resolution Agreed to (74-22),'1/2',23,18,0,2,51,4,0,2,0,0,0,0,74,22,0,4,
187,102,2,,"August 11, 1992,  07:07 PM",On the Motion to Table S.Amdt. 2933 to H.R. 11 (Revenue Act of 1992 Taxpayer Bill of Rights Social Security Amendments of 1992),Chafee Amendment No. 2933,Striking the IRA provisions.,Motion to Table Agreed to (72-25),'1/2',28,14,0,1,44,11,0,2,0,0,0,0,72,25,0,3,
188,102,2,,"August 12, 1992,  01:03 PM",On the Motion (Motion To Waive ),Motion To Waive ,"To amend the Internal Revenue Act of 1986 to provide for a maximum long-term capital gains rate of 15 percent and indexing of certain capital assets, and for other purposes.","Motion Rejected (37-57, 3/5 majority required)",'3/5',32,7,0,4,5,50,0,2,0,0,0,0,37,57,0,6,
189,102,2,,"August 12, 1992,  04:34 PM",On the Motion (Motion To Waive CBA For SP2938),Motion To Waive CBA For SP2938,To delete certain provisions of the bill and authorize spending for four urban initiatives.,"Motion Rejected (14-80, 3/5 majority required)",'3/5',2,38,0,3,12,42,0,3,0,0,0,0,14,80,0,6,
190,102,2,,"September 8, 1992,  06:44 PM","On the Amendment S.Amdt. 2953 to H.R. 5679 (Departments of Veterans Affairs and Housing and Urban Development, and Independent Agencies Appropriations Act, 1993)",Wirth Amendment No. 2953,To extend the statute of limitations for certain actions in tort brought by the Resolution Trust Corporation in its capacity as a conservator or receiver of a failed savings association.,Amendment Agreed to (78-10),'1/2',26,10,0,7,52,0,0,4,0,0,0,0,78,10,0,11,
191,102,2,,"September 8, 1992,  07:27 PM","On the Amendment S.Amdt. 2954 to H.R. 5679 (Departments of Veterans Affairs and Housing and Urban Development, and Independent Agencies Appropriations Act, 1993)",Graham Amdt No. 2954,To reduce the appropriation for salaries and expenses of the Department of Housing and Urban Development.,Amendment Rejected (37-47),'1/2',17,18,0,8,20,29,0,7,0,0,0,0,37,47,0,15,
192,102,2,PN855,"September 9, 1992,  10:12 AM",On the Cloture Motion PN855,Motion To Invoke Cloture On Carnes Nomination,"Edward E. Carnes, of Alabama, to be United States Circuit Judge for the Eleventh Circuit vice Frank M. Johnson, Jr., retired","Cloture Motion Agreed to (66-30, 3/5 majority required)",'3/5',42,1,0,0,24,29,0,3,0,0,0,0,66,30,1,2,
193,102,2,PN855,"September 9, 1992,  10:41 AM",On the Nomination PN855,Carnes Nomination,"Edward E. Carnes, of Alabama, to be United States Circuit Judge for the Eleventh Circuit vice Frank M. Johnson, Jr., retired",Nomination Confirmed (62-36),'1/2',42,1,0,0,20,35,0,1,0,0,0,0,62,36,0,1,
194,102,2,,"September 9, 1992,  01:37 PM","On the Amendment S.Amdt. 2956 to H.R. 5679 (Departments of Veterans Affairs and Housing and Urban Development, and Independent Agencies Appropriations Act, 1993)",Bumpers Amendment No. 2956,"To reduce the appropriation for the implementation of the Space Station Freedom program by $1,600,000,000 for the purposes of reducing the deficit in the Federal budget and increasing the appropriations for certain health-care related activities carried out by the Department of Veterans' Affairs.",Amendment Rejected (34-63),'1/2',4,39,0,0,30,24,0,2,0,0,0,0,34,63,0,2,
195,102,2,,"September 9, 1992,  06:07 PM","On the Motion to Table S.Amdt. 2965 to S.Amdt. 2964 to H.R. 5679 (Departments of Veterans Affairs and Housing and Urban Development, and Independent Agencies Appropriations Act, 1993)",Chafee Amdt. No. 2965,To modify the implementation schedule of the Safe Drinking Water Act.,Motion to Table Failed (43-53),'1/2',33,10,0,0,10,43,0,3,0,0,0,0,43,53,0,3,
196,102,2,H.R. 5679,"September 9, 1992,  06:47 PM",On Passage of the Bill H.R. 5679,"H.R. 5679, As Amended","A bill making appropriations for the Departments of Veterans Affairs and Housing and Urban Development, and for sundry independent agencies, boards, commissions, corporations, and offices for the fiscal year ending September 30, 1993, and for other purposes.",Bill Passed (92-3),'1/2',39,3,0,1,53,0,0,3,0,0,0,0,92,3,0,4,
197,102,2,S. 640,"September 10, 1992,  10:12 AM",On the Cloture Motion S. 640,Motion To Invoke Cloture To Proceed To S.640,"A bill to regulate interstate commerce by providing for a uniform product liability law, and for other purposes.","Cloture Motion Rejected (57-39, 3/5 majority required)",'3/5',39,4,0,0,18,35,0,3,0,0,0,0,57,39,1,2,
198,102,2,S. 640,"September 10, 1992,  11:06 AM",On the Motion to Reconsider S. 640,Motion To Reconsider Vote No. 197,"A bill to regulate interstate commerce by providing for a uniform product liability law, and for other purposes.",Motion to Reconsider Agreed to (57-39),'1/2',39,3,0,1,18,36,0,2,0,0,0,0,57,39,0,3,
199,102,2,S. 640,"September 10, 1992,  11:28 AM",On the Cloture Motion S. 640,Motion To Invoke Cloture On S. 640,"A bill to regulate interstate commerce by providing for a uniform product liability law, and for other purposes.","Cloture Motion Rejected (58-38, 3/5 majority required)",'3/5',40,3,0,0,18,35,0,3,0,0,0,0,58,38,1,2,
200,102,2,,"September 10, 1992,  05:46 PM",On the Motion (Motion To Waive CBA),Motion To Waive CBA,"To amend title II of the Social Security Act to provide for a more gradual period of transition (under a new alternative formula with respect to such transition) to the changes in benefit computation rules enacted in the Social Security Amendments of 1977 as such changes apply to workers born in years after 1919 and before 1927 (and related beneficiaries) and to provide for increases in such workers' benefits accordingly, and for other purposes.","Motion Rejected (49-49, 3/5 majority required)",'3/5',16,27,0,0,33,22,0,1,0,0,0,0,49,49,0,1,
201,102,2,,"September 10, 1992,  08:31 PM",On the Motion (Motion To Waive The CBA),Motion To Waive The CBA,"To amend the Social Security Act to increase the earnings test to $50,000 over 5 years.","Motion Agreed to (51-42, 3/5 majority required)",'3/5',30,10,0,3,21,32,0,3,0,0,0,0,51,42,0,6,
202,102,2,H.R. 5488,"September 10, 1992,  09:08 PM",On Passage of the Bill H.R. 5488,"H.R. 5488, As Amended","A bill making appropriations for the Treasury Department, the United States Postal Service, the Executive Office of the President, and certain Independent Agencies, for the fiscal year ending September 30, 1993, and for other purposes.",Bill Passed (82-12),'1/2',31,9,0,3,51,3,0,2,0,0,0,0,82,12,0,5,
203,102,2,S. 2,"September 15, 1992,  10:00 AM",On the Cloture Motion S. 2,Cloture Motion On Motion To Disagree To House Amendments,"An act to promote the achievement of National Education Goals, to measure progress toward such goals, to develop national education standards and voluntary assessments in accordance with such standards and to encourage the comprehensive improvement of America's neighborhood public schools to improve student achievement.","Cloture Motion Agreed to (85-6, 3/5 majority required)",'3/5',31,6,0,6,54,0,0,2,0,0,0,0,85,6,0,8,
204,102,2,S. 2,"September 15, 1992,  10:46 AM",On the Motion for Attendance S. 2,Motion To Instruct Sergeant At Arms To Request Attendance,"An act to promote the achievement of National Education Goals, to measure progress toward such goals, to develop national education standards and voluntary assessments in accordance with such standards and to encourage the comprehensive improvement of America's neighborhood public schools to improve student achievement.",Motion for Attendance Agreed to (80-12),'1/2',25,12,0,6,55,0,0,1,0,0,0,0,80,12,0,7,
205,102,2,,"September 15, 1992,  04:34 PM","On the Amendment S.Amdt. 2990 to H.R. 5620 (Dire Emergency Supplemental Appropriations Act, 1992, Including Disaster Assistance to Meet the Present Emergencies Arising from the Consequencies of Hurricane Andrew, Typhoon Omar, Hurricane Inki and Other Natural Disasters, and Additional Assistance to Distressed Communities)",Craig Amendment No. 2990,To strike provisions relating to the implementation of certain Davis-Bacon regulations.,Amendment Rejected (37-58),'1/2',33,7,0,3,4,51,0,1,0,0,0,0,37,58,0,4,
206,102,2,H.R. 5620,"September 15, 1992,  06:00 PM",On Passage of the Bill H.R. 5620,"Final Passage, H.R. 5620","A bill making supplemental appropriations, transfers, and recissions for the fiscal year ending September 30, 1992, and for other purposes.",Bill Passed (84-10),'1/2',30,10,0,3,54,0,0,2,0,0,0,0,84,10,0,5,
207,102,2,H.R. 5677,"September 16, 1992,  10:02 AM",On the Cloture Motion H.R. 5677,Cloture Motion On Motion To Proceed,"A bill making appropriations for the Departments of Labor, Health and Human Services, and Education, and related agencies, for the fiscal year ending September 30, 1993, and for other purposes.","Cloture Motion Rejected (56-38, 3/5 majority required)",'3/5',3,38,0,2,53,0,0,3,0,0,0,0,56,38,0,5,
208,102,2,,"September 16, 1992,  04:16 PM",On the Motion (Motion To Waive CBA),Motion To Waive CBA,"To increase the amounts made available for Head Start, Healthy Start, Job Corps, disease control, maternal and child health, child care, community health centers, infant mortality, child welfare services, biomedical research, low-income home energy assistance, Pell grants, Chapter I basic grants, special education, vocational education, Impact Aid, libraries, and other programs, offset from defense.","Motion Rejected (36-62, 3/5 majority required)",'3/5',5,38,0,0,31,24,0,2,0,0,0,0,36,62,0,2,
209,102,2,,"September 16, 1992,  05:31 PM",On the Motion (Motion To Waive CBA),Motion To Waive CBA,"To rescind certain appropriations made available in the Fiscal Year 1992 Department of Defense Appropriations Act under Title III ""Procurement"", and to make funds available to the Department of Education for ""Student Financial Assistance"".","Motion Rejected (30-67, 3/5 majority required)",'3/5',6,37,0,0,24,30,0,3,0,0,0,0,30,67,0,3,
210,102,2,,"September 17, 1992,  12:57 PM",On the Motion (Motion To Waive CBA),Motion To Waive CBA,To grant the power to the President to reduce budget authority.,"Motion Rejected (40-56, 3/5 majority required)",'3/5',34,8,0,1,6,48,0,3,0,0,0,0,40,56,0,4,
211,102,2,,"September 17, 1992,  03:01 PM",On the Motion (Motion To Waive CBA),Motion To Waive CBA,To increase the amounts available for carrying out programs of cancer research.,"Motion Rejected (43-53, 3/5 majority required)",'3/5',14,28,0,1,29,25,0,3,0,0,0,0,43,53,0,4,
212,102,2,,"September 17, 1992,  05:22 PM","On the Amendment S.Amdt. 3020 to S.Amdt. 3018 to H.R. 5677 (Department of Labor Appropriations Act, 1993)",Kennedy Amdt No. 3020 To Helms Amdt No. 3018,To limit funding for programs that distribute sterile needles for the hypodermic injection of illegal drugs.,Amendment Agreed to (69-29),'1/2',14,29,0,0,55,0,0,2,0,0,0,0,69,29,0,2,
213,102,2,,"September 17, 1992,  05:58 PM","On the Amendment S.Amdt. 3021 to S.Amdt. 3017 to H.R. 5677 (Department of Labor Appropriations Act, 1993)",Lott Amendment No. 3021,"To prohibit the Occupational Safety and Health Administration from implementing or administering certain specified regulations affecting mandatory seat belt use, mandatory motorcycle helmet use and mandatory employer driver safety awareness programs.",Amendment Rejected (43-55),'1/2',34,9,0,0,9,46,0,2,0,0,0,0,43,55,0,2,
214,102,2,,"September 17, 1992,  09:22 PM",On the Amendment S.Amdt. 2919 to S.Amdt. 2918 to S. 3114 (National Defense Authorization Act for Fiscal Year 1993),"Bumpers Amdt No. 2919, As Modified",Of a perfecting nature.,Amendment Rejected (48-50),'1/2',5,38,0,0,43,12,0,2,0,0,0,0,48,50,0,2,
215,102,2,,"September 17, 1992,  09:55 PM",On the Amendment S.Amdt. 3036 to S.Amdt. 2918 to S. 3114 (National Defense Authorization Act for Fiscal Year 1993),Pryor Amdt. No. 3036,To limit the amount that may be obligated for the Strategic Defense Initiative.,Amendment Agreed to (52-46),'1/2',39,4,0,0,13,42,0,2,0,0,0,0,52,46,0,2,
216,102,2,,"September 18, 1992,  10:03 AM",On the Amendment S.Amdt. 3041 to S. 3114 (National Defense Authorization Act for Fiscal Year 1993),Leahy Amdt No. 3041,To eliminate authorizations for the B-2 bomber aircraft program.,Amendment Rejected (45-53),'1/2',8,35,0,0,37,18,0,2,0,0,0,0,45,53,0,2,
217,102,2,,"September 18, 1992,  12:28 PM",On the Amendment S.Amdt. 3043 to S.Amdt. 3042 to S. 3114 (National Defense Authorization Act for Fiscal Year 1993),Hatfield Amdt. No. 3043,To limit the conduct of nuclear weapons testing by the United States.,Amendment Agreed to (55-40),'1/2',13,29,0,1,42,11,0,4,0,0,0,0,55,40,0,5,
218,102,2,,"September 18, 1992,  01:49 PM","On the Amendment S.Amdt. 3045 to H.R. 5677 (Department of Labor Appropriations Act, 1993)",Hatch Amdt No. 3045,"To delay implementation of regulations on P.L. 101-535 with respect to the dietary supplement of vitamins, minerals, herbs and other similar nutritional substances.",Amendment Agreed to (94-1),'1/2',41,1,0,1,53,0,0,4,0,0,0,0,94,1,0,5,
219,102,2,H.R. 5677,"September 18, 1992,  02:13 PM",On Passage of the Bill H.R. 5677,"Final Passage, H.R.5677","A bill making appropriations for the Departments of Labor, Health and Human Services, and Education, and related agencies, for the fiscal year ending September 30, 1993, and for other purposes.",Bill Passed (82-13),'1/2',31,11,0,1,51,2,0,4,0,0,0,0,82,13,0,5,
220,102,2,,"September 18, 1992,  06:08 PM",On the Amendment S.Amdt. 3074 to S. 3114 (National Defense Authorization Act for Fiscal Year 1993),Coats Amdt No. 3074,"To strike provisions that allow military personnel stationed abroad to obtain pre-paid reproductive services, including abortions in U.S. military hospitals overseas.",Amendment Rejected (36-55),'1/2',29,11,0,3,7,44,0,6,0,0,0,0,36,55,0,9,
221,102,2,,"September 18, 1992,  09:54 PM",On the Motion to Table S.Amdt. 3080 to S.Amdt. 3079 to S. 3114 (National Defense Authorization Act for Fiscal Year 1993),Motion To Table Dodd Amdt No.3080,To provide Presidential Waiver Authority.,Motion to Table Agreed to (73-12),'1/2',28,7,0,8,45,5,0,7,0,0,0,0,73,12,0,15,
222,102,2,,"September 18, 1992,  10:23 PM",On the Motion to Table S.Amdt. 3079 to S. 3114 (National Defense Authorization Act for Fiscal Year 1993),Motion To Table Amendment No. 3079,To promote a peaceful transition to democracy in Cuba through the application of appropriate pressures on the Cuban Government and support for the Cuban people.,Motion to Table Failed (24-61),'1/2',6,29,0,8,18,32,0,7,0,0,0,0,24,61,0,15,
223,102,2,,"September 21, 1992,  07:05 PM","On the Amendment S.Amdt. 3116 to H.R. 5504 (Department of Defense Appropriations Act, 1993)",Bumpers Amdt. No. 3116,To reduce funding for the National Foreign Intelligence Program and the Tactical Intelligence and related activities program.,Amendment Rejected (35-57),'1/2',0,37,0,6,35,20,0,2,0,0,0,0,35,57,0,8,
224,102,2,H.R. 5504,"September 22, 1992,  09:33 AM",On the Motion for Attendance H.R. 5504,Motion To Instruct Sergeant At Arms To Request Presence Of Senators,"A bill making appropriations for the Department of Defense for the fiscal year ending September 30, 1993, and for other purposes.",Motion for Attendance Agreed to (83-13),'1/2',29,13,0,1,54,0,0,3,0,0,0,0,83,13,0,4,
225,102,2,S. 12,"September 22, 1992,  02:16 PM",On the Conference Report S. 12,S. 12 - Conference Report,"A bill to amend title VI of the Communications Act of 1934 to ensure carriage on cable television of local news and other programming and to restore the right of local regulatory authorities to regulate cable television rates, and for other purposes.",Conference Report Agreed to (74-25),'1/2',24,18,0,1,50,7,0,0,0,0,0,0,74,25,1,0,
226,102,2,S. 250,"September 22, 1992,  02:38 PM",On Overriding the Veto S. 250,"S. 250, Veto Override","A bill to establish national voter registration procedures for Federal elections, and for other purposes.","Veto Sustained (62-38, 2/3 majority required)",'2/3',6,37,0,0,56,1,0,0,0,0,0,0,62,38,0,0,
227,102,2,,"September 22, 1992,  03:40 PM","On the Amendment S.Amdt. 3118 to H.R. 5504 (Department of Defense Appropriations Act, 1993)",Helms Amdt No. 3118,"To prevent the use of tax dollars to support efforts by charitable organizations to compel the Boy Scouts of America to accept, as members or leaders, homosexuals, or other individuals who reject the Boy Scout's oath of allegiance to God and country.",Amendment Rejected (49-49),'1/2',31,12,0,0,18,37,0,2,0,0,0,0,49,49,0,2,
228,102,2,,"September 22, 1992,  07:18 PM","On the Amendment S.Amdt. 3142 to H.R. 5504 (Department of Defense Appropriations Act, 1993)",Harkin Amdt No. 3142,"To transfer $200,000,000 from the Strategic Defense Initiative to the Army for a peer reviewed breast cancer research program of the Army.",Amendment Agreed to (89-4),'1/2',36,4,0,3,53,0,0,4,0,0,0,0,89,4,0,7,
229,102,2,H.R. 5504,"September 23, 1992,  09:33 AM",On Passage of the Bill H.R. 5504,"H.R. 5504, As Amended","A bill making appropriations for the Department of Defense for the fiscal year ending September 30, 1993, and for other purposes.",Bill Passed (86-10),'1/2',37,5,0,1,49,5,0,3,0,0,0,0,86,10,0,4,
230,102,2,,"September 23, 1992,  02:13 PM",On the Motion to Table S.Amdt. 2939 to H.R. 11 (Revenue Act of 1992 Taxpayer Bill of Rights Social Security Amendments of 1992),Motion To Table Dole Amendment No. 2939,To extend the section 29 credit for 8 months while reducing the period other provisions are extended to 15 months.,Motion to Table Failed (41-57),'1/2',10,32,0,1,31,25,0,1,0,0,0,0,41,57,0,2,
231,102,2,,"September 23, 1992,  04:28 PM",On the Amendment S.Amdt. 3159 to H.R. 11 (Revenue Act of 1992 Taxpayer Bill of Rights Social Security Amendments of 1992),Packwood Amdt No. 3159,To strike the provision relating to pension plans covering pilots.,Amendment Rejected (41-56),'1/2',8,34,0,1,33,22,0,2,0,0,0,0,41,56,0,3,
232,102,2,S. 5,"September 24, 1992,  10:04 AM",On Overriding the Veto S. 5,S. 5 - Veto Override,"A bill to grant employees family and temporary medical leave under certain circumstances, and for other purposes.","Veto Overridden (68-31, 2/3 majority required)",'2/3',14,28,0,1,54,3,0,0,0,0,0,0,68,31,0,1,
233,102,2,,"September 24, 1992,  11:24 AM",On the Motion to Table S.Amdt. 3163 to H.R. 11 (Revenue Act of 1992 Taxpayer Bill of Rights Social Security Amendments of 1992),Motion To Table Deconcini Amdt No. 3163,"To provide a credit against tax for employers who provide on-site day-care facilities for dependents of their employees, and for other purposes.",Motion to Table Agreed to (50-46),'1/2',29,13,0,1,21,33,0,3,0,0,0,0,50,46,0,4,
234,102,2,,"September 24, 1992,  04:02 PM",On the Motion (Motion To Waive CBA In Relation To Bumpers Amdt No. 3164),Motion To Waive CBA In Relation To Bumpers Amdt No. 3164,Striking 120 percent estimated tax safe harbor and providing a permanent extension of limitation on use of preceding year's tax in computing estimated tax.,"Motion Rejected (57-37, 3/5 majority required)",'3/5',24,18,0,1,33,19,0,5,0,0,0,0,57,37,2,4,
235,102,2,,"September 24, 1992,  05:47 PM",On the Motion to Table S.Amdt. 3170 to H.R. 11 (Revenue Act of 1992 Taxpayer Bill of Rights Social Security Amendments of 1992),Motion To Table Harkin Amdt No.3170,"To amend the Internal Revenue Code of 1986 to limit deductions for advertising and promotional expenses for tobacco products, and to use the resulting revenues for advertising expenditures to persuade individuals not to use tobacco products.",Motion to Table Agreed to (56-38),'1/2',28,14,0,1,28,24,0,5,0,0,0,0,56,38,0,6,
236,102,2,,"September 24, 1992,  06:49 PM",On the Motion (Motion To Waive CBA),Motion To Waive CBA,To require a 60-vote supermajority in the Senate to pass any bill increasing taxes.,"Motion Rejected (32-60, 3/5 majority required)",'3/5',30,9,0,4,2,51,0,4,0,0,0,0,32,60,0,8,
237,102,2,,"September 24, 1992,  09:28 PM",On the Motion to Table S.Amdt. 3174 to H.R. 11 (Revenue Act of 1992 Taxpayer Bill of Rights Social Security Amendments of 1992),Motion To Table Simon/Conrad Amendment No.  3174,Striking the deduction for goodwill.,Motion to Table Agreed to (75-19),'1/2',40,1,0,2,35,18,0,4,0,0,0,0,75,19,0,6,
238,102,2,,"September 25, 1992,  11:37 AM",On the Motion (Motion To Waive CBA (Sec.904) @Smith Amdt No. 3161),Motion To Waive CBA (Sec.904) @Smith Amdt No. 3161,"To amend the Internal Revenue Code of 1986 to allow individuals to designate that up to 10 percent of their income tax liability be used to reduce the national debt, and to require spending reductions equal to the amounts so designated.","Motion Rejected (36-58, 3/5 majority required)",'3/5',32,8,0,3,4,50,0,3,0,0,0,0,36,58,0,6,
239,102,2,,"September 25, 1992,  03:06 PM",On the Motion to Table S.Amdt. 3179 to H.R. 11 (Revenue Act of 1992 Taxpayer Bill of Rights Social Security Amendments of 1992),Motion To Table Gramm Amdt No. 3179,To amend the Internal Revenue Code of 1986 to repeal designation of income tax payments to presidential election campaign fund.,Motion to Table Agreed to (62-31),'1/2',8,31,0,4,54,0,0,3,0,0,0,0,62,31,0,7,
240,102,2,,"September 25, 1992,  05:39 PM",On the Amendment S.Amdt. 3181 to H.R. 11 (Revenue Act of 1992 Taxpayer Bill of Rights Social Security Amendments of 1992),Dole Amdt. No. 3181,"To modify the enterprise zone provisions, to provide 12-month extenders, and for other purposes.",Amendment Rejected (34-59),'1/2',31,8,0,4,3,51,0,3,0,0,0,0,34,59,0,7,
241,102,2,,"September 25, 1992,  08:15 PM",On the Motion to Table S.Amdt. 3189 to S.Amdt. 3185 to H.R. 11 (Revenue Act of 1992 Taxpayer Bill of Rights Social Security Amendments of 1992),Motion To Table Amendment No. 3189,To exempt food and medicine from prohibition against deductions.,Motion to Table Agreed to (51-37),'1/2',26,11,0,6,25,26,0,6,0,0,0,0,51,37,0,12,
242,102,2,,"September 25, 1992,  10:17 PM","On the Motion to Table S.Amdt. 3195 to H.R. 5679 (Departments of Veterans Affairs and Housing and Urban Development, and Independent Agencies Appropriations Act, 1993)",Motion To Table Metzenbaum (For Wirth) Amdt No. 3195,To extend the statute of limitations for certain actions in tort brought by the Resolution Trust Corporation in its capacity as a conservator or receiver of a failed savings association.,Motion to Table Failed (18-68),'1/2',18,20,0,5,0,48,0,9,0,0,0,0,18,68,0,14,
243,102,2,,"September 26, 1992,  09:23 AM",On the Motion to Table S.Amdt. 3200 to H.R. 11 (Revenue Act of 1992 Taxpayer Bill of Rights Social Security Amendments of 1992),Motion To Table Amendment No. 3200,"To increase the supplemental young child credit and phaseout percentages as such percentages relate to the earned income credit, to amend the provision relating to deduction for qualified adoption expenses, and for other purposes.",Motion to Table Agreed to (46-30),'1/2',1,30,0,12,45,0,0,12,0,0,0,0,46,30,0,24,
244,102,2,,"September 26, 1992,  11:12 AM",On the Motion to Table S.Amdt. 3203 to H.R. 11 (Revenue Act of 1992 Taxpayer Bill of Rights Social Security Amendments of 1992),Motion To Table Riegle Amendment No. 3203,To express the sense of the Senate with respect to the tariff classification of multipurpose vehicles.,Motion to Table Failed (36-37),'1/2',25,5,0,13,11,32,0,14,0,0,0,0,36,37,1,26,
245,102,2,,"September 26, 1992,  11:41 AM",On the Amendment S.Amdt. 3203 to H.R. 11 (Revenue Act of 1992 Taxpayer Bill of Rights Social Security Amendments of 1992),Riegle Amdt. No. 3203,To express the sense of the Senate with respect to the tariff classification of multipurpose vehicles.,Amendment Rejected (36-37),'1/2',5,25,0,13,31,12,0,14,0,0,0,0,36,37,0,27,
246,102,2,Treaty Doc. 102-20,"September 29, 1992,  10:16 AM",On the Cloture Motion Treaty Doc. 102-20,Cloture Motion @ Treaty 102-20/32,"The Treaty between the United States of America and the Union of Soviet Socialist Republics on the Reduction and Limitation of Strategic Offensive Arms (the START Treaty), signed at Moscow on July 31, 1991, including Annexes on Agreed Statements and Definitions; Protocols on Conversion or Elimination, Inspection, Notification, Throw-weight, Telemetry, and Joint Compliance and Inspection Commission; and Memorandum of Understanding; all integral parts of the START Treaty","Cloture Motion Agreed to (87-6, 3/5 majority required)",'3/5',33,6,0,4,54,0,0,3,0,0,0,0,87,6,0,7,
247,102,2,,"September 29, 1992,  04:31 PM",On the Amendment S.Amdt. 3260 to Treaty Doc. 102-20,Wallop Amdt No. 3260,To limit the effect of the treaties until the President certifies that all MIRVed ICBMs shall be eliminated.,Amendment Rejected (16-83),'1/2',15,28,0,0,1,55,0,1,0,0,0,0,16,83,0,1,
248,102,2,,"September 29, 1992,  06:06 PM",On the Amendment S.Amdt. 3301 to Treaty Doc. 102-20,Wallop Amdt No. 3301,"To limit the enforcement of the treaties until the President certifies that all Non-Deployed Missiles for silo and mobile launchers or ICBMs, and launchers for SLBMs shall be eliminated.",Amendment Rejected (11-88),'1/2',10,33,0,0,1,55,0,1,0,0,0,0,11,88,0,1,
249,102,2,H.R. 11,"September 29, 1992,  06:46 PM",On Passage of the Bill H.R. 11,"H.R. 11, As Amended","A bill to amend the Internal Revenue Code of 1986 to provide tax incentives for the establishment of tax enterprise zones, and for other purposes.",Bill Passed (70-29),'1/2',22,21,0,0,48,8,0,1,0,0,0,0,70,29,0,1,
250,102,2,,"September 30, 1992,  09:01 AM",On the Amendment S.Amdt. 3270 to Treaty Doc. 102-20,Wallop Amdt. No. 3270,To further the interests of the U.S. in connection with the START Treaty ratification.,Amendment Rejected (10-86),'1/2',9,32,0,2,1,54,0,2,0,0,0,0,10,86,0,4,
251,102,2,,"September 30, 1992,  03:06 PM","On the Amendment S.Amdt. 3335 to S.Amdt. 3334 to H.R. 5368 (Foreign Operations, Export Financing, and Related Programs Appropriations Act, 1993)",kasten amdt.,Regarding peaceful settlement in the Western Sahara.,Amendment Rejected (40-56),'1/2',33,9,0,1,7,47,0,3,0,0,0,0,40,56,0,4,
252,102,2,,"September 30, 1992,  04:36 PM","On the Amendment S.Amdt. 3339 to H.R. 5368 (Foreign Operations, Export Financing, and Related Programs Appropriations Act, 1993)",helms amdt no.3339,To reduce total budget authority in the bill by 10 percent (excluding amounts paid to foreign countries by law) and use the savings to reduce the deficit.,Amendment Rejected (38-58),'1/2',22,20,0,1,16,38,0,3,0,0,0,0,38,58,0,4,
253,102,2,Treaty Doc. 102-20,"October 1, 1992,  10:57 AM",On Passage of the Bill Treaty Doc. 102-20,"resolution of ratification, start treaty, no. 102-20/23","The Treaty between the United States of America and the Union of Soviet Socialist Republics on the Reduction and Limitation of Strategic Offensive Arms (the START Treaty), signed at Moscow on July 31, 1991, including Annexes on Agreed Statements and Definitions; Protocols on Conversion or Elimination, Inspection, Notification, Throw-weight, Telemetry, and Joint Compliance and Inspection Commission; and Memorandum of Understanding; all integral parts of the START Treaty","Bill Passed (93-6, 2/3 majority required)",'2/3',38,5,0,0,55,1,0,1,0,0,0,0,93,6,0,1,
254,102,2,S. 323,"October 1, 1992,  11:18 AM",On Overriding the Veto S. 323,Passage of s.323 over veto,"A bill to require the Secretary of Health and Human Services to ensure that pregnant women receiving assistance under title X of the Public Health Service Act are provided with information and counseling regarding their pregnancies, and for other purposes.","Veto Overridden (73-26, 2/3 majority required)",'2/3',20,23,0,0,53,3,0,1,0,0,0,0,73,26,0,1,
255,102,2,H.R. 5318,"October 1, 1992,  11:36 AM",On Overriding the Veto H.R. 5318,passage of h.r.5318 over veto,"A bill regarding the extension of most-favored-nation treatment to the products of the People's Republic of China, and for other purposes.","Veto Sustained (59-40, 2/3 majority required)",'2/3',8,35,0,0,51,5,0,1,0,0,0,0,59,40,0,1,
256,102,2,H.R. 5368,"October 1, 1992,  11:52 AM",On Passage of the Bill H.R. 5368,"H.R. 5368, as amended","A bill making appropriations for foreign operations, export financing, and related programs for the fiscal year ending September 30, 1993, and for other purposes.",Bill Passed (87-12),'1/2',35,8,0,0,52,4,0,1,0,0,0,0,87,12,0,1,
257,102,2,,"October 1, 1992,  03:34 PM","On the Amendment S.Amdt. 3357 to H.R. 5427 (Congressional Operations Appropriations Act, 1993)",seymour amdt no. 3357,"To reduce the legislative branch budget by 15 percent over the next three years, to prohibit the carrying over of funds from one year to the next, and to require an audit of the current staff needs of the Congress.",Amendment Agreed to (85-13),'1/2',41,2,0,0,44,11,0,2,0,0,0,0,85,13,0,2,
258,102,2,,"October 1, 1992,  04:03 PM","On the Amendment S.Amdt. 3358 to H.R. 5427 (Congressional Operations Appropriations Act, 1993)",danforth amdt no. 3358,To provide for the payment of attorney's fees incurred by a nominee in connection with the consideration by the Senate of a nomination to Federal office made by the President.,Amendment Rejected (11-87),'1/2',10,33,0,0,1,54,0,2,0,0,0,0,11,87,0,2,
259,102,2,H.R. 5427,"October 1, 1992,  04:19 PM",On Passage of the Bill H.R. 5427,"final passage of h.r.5427, as amended","A bill making appropriations for the Legislative Branch for the fiscal year ending September 30, 1993, and for other purposes.",Bill Passed (75-23),'1/2',24,19,0,0,51,4,0,2,0,0,0,0,75,23,0,2,
260,102,2,H.R. 5678,"October 1, 1992,  04:38 PM",On the Conference Report H.R. 5678,Conference Report,"A bill making appropriations for the Departments of Commerce, Justice, and State, and the Judiciary, and related agencies for the fiscal year ending September 30, 1993, and for other purposes.",Conference Report Agreed to (82-16),'1/2',34,9,0,0,48,7,0,2,0,0,0,0,82,16,0,2,
261,102,2,S. 2,"October 2, 1992,  10:44 AM",On the Cloture Motion S. 2,motion to proceed to conference report on s.2,"An act to promote the achievement of National Education Goals, to measure progress toward such goals, to develop national education standards and voluntary assessments in accordance with such standards and to encourage the comprehensive improvement of America's neighborhood public schools to improve student achievement.","Cloture Motion Rejected (59-40, 3/5 majority required)",'3/5',2,40,0,1,57,0,0,0,0,0,0,0,59,40,0,1,
262,102,2,H.R. 3371,"October 2, 1992,  12:32 PM",On the Cloture Motion H.R. 3371,"cloture motion, motion to proceed to conf rept to h.r.3371",A bill to control and prevent crime.,"Cloture Motion Rejected (55-43, 3/5 majority required)",'3/5',3,39,0,1,52,4,0,1,0,0,0,0,55,43,0,2,
263,102,2,S. 2899,"October 2, 1992,  02:21 PM",On the Cloture Motion S. 2899,cloture motion,"A bill to amend the Public Health Service Act to revise and extend the programs of the National Institutes of Health, and for other purposes.","Cloture Motion Agreed to (85-12, 3/5 majority required)",'3/5',31,11,0,1,54,1,0,2,0,0,0,0,85,12,0,3,
264,102,2,S. 12,"October 5, 1992,  06:07 PM",On Overriding the Veto S. 12,passage of s.12 over veto,"A bill to amend title VI of the Communications Act of 1934 to ensure carriage on cable television of local news and other programming and to restore the right of local regulatory authorities to regulate cable television rates, and for other purposes.","Veto Overridden (74-25, 2/3 majority required)",'2/3',24,18,0,1,50,7,0,0,0,0,0,0,74,25,1,0,
265,102,2,H.R. 5427,"October 5, 1992,  06:50 PM",On the Conference Report H.R. 5427,conference report to h.r.5427,"A bill making appropriations for the Legislative Branch for the fiscal year ending September 30, 1993, and for other purposes.",Conference Report Agreed to (68-30),'1/2',16,26,0,1,52,4,0,1,0,0,0,0,68,30,0,2,
266,102,2,H.R. 776,"October 8, 1992,  11:01 AM",On the Cloture Motion H.R. 776,cloture motion on conference report on h.r.776,A bill to provide for improved energy efficiency.,"Cloture Motion Agreed to (84-8, 3/5 majority required)",'3/5',36,2,0,5,48,6,0,3,0,0,0,0,84,8,0,8,
267,102,2,H.R. 429,"October 8, 1992,  12:30 PM",On the Conference Report H.R. 429,conference report on h.r.429,"A bill to authorize additional appropriations for the construction of the Buffalo Bill Dam and Reservoir, Shoshone Project, Pick-Sloan Missouri Basin Program, Wyoming.",Conference Report Agreed to (83-8),'1/2',30,8,0,5,53,0,0,4,0,0,0,0,83,8,1,8,
268,102,2,H.R. 11,"October 8, 1992,  01:47 PM",On the Cloture Motion H.R. 11,cloture motion on conference report on h.r.11,"A bill to amend the Internal Revenue Code of 1986 to provide tax incentives for the establishment of tax enterprise zones, and for other purposes.","Cloture Motion Agreed to (80-10, 3/5 majority required)",'3/5',30,7,0,6,50,3,0,4,0,0,0,0,80,10,0,10,
269,102,2,H.R. 11,"October 8, 1992,  02:13 PM",On the Conference Report H.R. 11,motion to waive cba @ conference rept to h.r.11,"A bill to amend the Internal Revenue Code of 1986 to provide tax incentives for the establishment of tax enterprise zones, and for other purposes.","Conference Report Agreed to (60-29, 3/5 majority required)",'3/5',13,24,0,6,47,5,0,5,0,0,0,0,60,29,0,11,
270,102,2,H.R. 11,"October 8, 1992,  03:42 PM",On the Conference Report H.R. 11,Conference report,"A bill to amend the Internal Revenue Code of 1986 to provide tax incentives for the establishment of tax enterprise zones, and for other purposes.",Conference Report Agreed to (67-22),'1/2',23,14,0,6,44,8,0,5,0,0,0,0,67,22,1,10,
