Vote Number,Congress Num,Session,Legislation Number,Date,Question,Vote Title,Document Text,Result,Majority Requirement,Republican Yes,Republican No,Republican Present,Republican Absent,Democrat Yes,Democrat No,Democrat Present,Democrat Absent,Independent Yes,Independent No,Independent Present,Independent Absent,Total Yes,Total No,Total Present,Total Absent,Tie Breaker
1,107,2,S. 1731,"January 23, 2002,  12:11 PM",On the Motion for Attendance S. 1731,Motion to Instruct Sergeant at Arms,"An original bill to strengthen the safety net for agricultural producers, to enhance resource conservation and rural development, to provide for farm credit, agricultural research, nutrition, and related programs, to ensure consumers abundant food and fiber, and for other purposes.",Motion for Attendance Agreed to (88-6),'1/2',41,5,0,3,46,1,0,3,1,0,0,0,88,6,0,6,
2,107,2,,"January 24, 2002,  04:21 PM",On the Motion (Motion to Waive CBA re: Emergency Designation re: Baucus Amendment No. 2701),Motion to Waive CBA re: Emergency Designation re: Baucus Amendment No. 2701,To provide for emergency agriculture assistance.,"Motion Rejected (57-33, 3/5 majority required)",'3/5',14,30,0,5,42,3,0,5,1,0,0,0,57,33,0,10,
3,107,2,,"January 25, 2002,  10:34 AM",On the Motion (Motion to Waive CBA re: Smith Amendment No. 2705),Motion to Waive CBA re: Smith Amendment No. 2705,"To amend the Internal Revenue Code of 1986 to provide for a special depreciation allowance for certain property acquired after September 10, 2001, and before September 11, 2004.","Motion Rejected (39-45, 3/5 majority required)",'3/5',39,1,0,9,0,43,0,7,0,1,0,0,39,45,0,16,
4,107,2,PN1000,"January 25, 2002,  11:13 AM",On the Nomination PN1000,"Confirmation: Marcia S. Krieger, of Colorado, to be U.S. District Judge","Marcia S. Krieger, of Colorado, to be United States District Judge for the District of Colorado",Nomination Confirmed (83-0),'1/2',39,0,0,10,43,0,0,7,1,0,0,0,83,0,0,17,
5,107,2,PN1002,"January 25, 2002,  11:37 AM",On the Nomination PN1002,"Confirmation: James C. Mahan, of Nevada, to be U.S. District Judge","James C. Mahan, of Nevada, to be United States District Judge for the District of Nevada",Nomination Confirmed (81-0),'1/2',38,0,0,11,42,0,0,8,1,0,0,0,81,0,0,19,
6,107,2,,"January 29, 2002,  11:33 AM",On the Motion (Motion to Waive CBA re: Durbin Amdt. 2714),Motion to Waive CBA re: Durbin Amdt. 2714,To provide enhanced unemployment compensation benefits.,"Motion Rejected (57-35, 3/5 majority required)",'3/5',10,34,0,5,46,1,0,3,1,0,0,0,57,35,0,8,
7,107,2,,"January 29, 2002,  12:21 PM",On the Amendment S.Amdt. 2717 to H.R. 622 (Economic Security and Worker Assistance Act of 2002),Bond Amendment No. 2717,To amend the Internal Revenue Code of 1986 to provide for a temporary increase in expensing under section 179 of such code.,Amendment Agreed to (90-2),'1/2',43,1,0,5,46,1,0,3,1,0,0,0,90,2,0,8,
8,107,2,,"January 29, 2002,  03:46 PM",On the Motion (Motion to Waive CBA re: Harkin Amdt. No. 2719),Motion to Waive CBA re: Harkin Amdt. No. 2719,To provide for a temporary increase in the Federal medical assistance percentage for the medicaid program for fiscal year 2002.,"Motion Rejected (54-41, 3/5 majority required)",'3/5',8,38,0,3,45,3,0,2,1,0,0,0,54,41,0,5,
9,107,2,,"January 29, 2002,  05:19 PM",On the Amendment S.Amdt. 2702 to H.R. 622 (Economic Security and Worker Assistance Act of 2002),Allen Amdt. No. 2702,To exclude from gross income certain terrorist attack zone compensation of civilian uniformed personnel.,Amendment Agreed to (92-2),'1/2',44,2,0,3,47,0,0,3,1,0,0,0,92,2,0,6,
10,107,2,,"January 29, 2002,  05:20 PM","On the Motion (Motion to Waive CBA re: Baucus Amdt. No. 2718, as modified)","Motion to Waive CBA re: Baucus Amdt. No. 2718, as modified","To amend the Internal Revenue Code of 1986 to provide for a special depreciation allowance for certain property acquired after December 31, 2001, and before January 1, 2004, and to increase the Federal medical assistance percentage under the medicaid program for calendar years 2002 and 2003.","Motion Agreed to (62-33, 3/5 majority required)",'3/5',27,19,0,3,34,14,0,2,1,0,0,0,62,33,0,5,
11,107,2,PN916,"February 4, 2002,  05:30 PM",On the Nomination PN916,"Confirmation: Callie V. Granade, of Alabama, to be U.S. District Judge","Callie V. Granade, of Alabama, to be United States District Judge for the Southern District of Alabama",Nomination Confirmed (75-0),'1/2',32,0,0,17,42,0,0,8,1,0,0,0,75,0,0,25,
12,107,2,PN1117,"February 5, 2002,  10:32 AM",On the Nomination PN1117,"Philip R. Martinez, of Texas, to be U.S. District Judge for the Western District","Philip R. Martinez, of Texas, to be United States District Judge for the Western District of Texas",Nomination Confirmed (93-0),'1/2',44,0,0,5,48,0,0,2,1,0,0,0,93,0,0,7,
13,107,2,,"February 6, 2002,  11:52 AM",On the Cloture Motion S.Amdt. 2698 to H.R. 622 (Economic Security and Worker Assistance Act of 2002),Motion to Invoke Cloture on Daschle Amdt. No.2698 to H.R. 622,"To provide incentives for an economic recovery, and for other purposes.","Cloture Motion Rejected (56-39, 3/5 majority required)",'3/5',7,38,0,4,49,1,0,0,0,0,0,1,56,39,0,5,
14,107,2,,"February 6, 2002,  12:20 PM",On the Cloture Motion S.Amdt. 2773 to H.R. 622 (Economic Security and Worker Assistance Act of 2002),Motion to Invoke Cloture on Grassley Amdt. No. 2773 to H.R. 622,To provide tax incentives for economic recovery and assistance to displaced workers.,"Cloture Motion Rejected (48-47, 3/5 majority required)",'3/5',43,2,0,4,5,45,0,0,0,0,0,1,48,47,0,5,
15,107,2,,"February 6, 2002,  04:25 PM","On the Amendment S.Amdt. 2602 to S.Amdt. 2471 to S. 1731 (Agriculture, Conservation, and Rural Enhancement Act of 2001)","Wellstone Amdt. No. 2602, as modified",To insert in the environmental quality incentives program provisions relating to confined livestock feeding operations and to a payment limitation.,Amendment Rejected (44-52),'1/2',10,36,0,3,34,16,0,0,0,0,0,1,44,52,0,4,
16,107,2,,"February 6, 2002,  05:00 PM","On the Amendment S.Amdt. 2604 to S.Amdt. 2471 to S. 1731 (Agriculture, Conservation, and Rural Enhancement Act of 2001)","Harkin Amdt. No. 2604, as amended","To apply the Packers and Stockyards Act, 1921, to livestock production contracts and to provide parties to the contract the right to discuss the contract with certain individuals.",Amendment Agreed to (82-14),'1/2',34,12,0,3,48,2,0,0,0,0,0,1,82,14,0,4,
17,107,2,,"February 7, 2002,  10:16 AM","On the Amendment S.Amdt. 2821 to S.Amdt. 2471 to S. 1731 (Agriculture, Conservation, and Rural Enhancement Act of 2001)","Durbin Amdt. No. 2821, as modified",To restrict commodity and crop insurance payments to land that has a cropping history and to restore food stamp benefits to legal immigrants who have lived in the United States for 5 years or more.,Amendment Agreed to (96-1),'1/2',45,1,0,3,50,0,0,0,1,0,0,0,96,1,0,3,
18,107,2,,"February 7, 2002,  12:33 PM","On the Motion to Table S.Amdt. 2826 to S.Amdt. 2471 to S. 1731 (Agriculture, Conservation, and Rural Enhancement Act of 2001)",Motion to Table Dorgan Amdt. No. 2826,To strengthen payment limitations for commodity payments and benefits and use the resulting savings to improve certain programs.,Motion to Table Failed (31-66),'1/2',14,32,0,3,16,34,0,0,1,0,0,0,31,66,0,3,
19,107,2,,"February 7, 2002,  03:09 PM","On the Amendment S.Amdt. 2827 to S.Amdt. 2471 to S. 1731 (Agriculture, Conservation, and Rural Enhancement Act of 2001)",Lugar Amdt. No. 2827,To provide a complete substitute for the commodity title.,Amendment Rejected (11-85),'1/2',10,35,0,4,1,49,0,0,0,1,0,0,11,85,0,4,
20,107,2,,"February 7, 2002,  05:40 PM","On the Amendment S.Amdt. 2830 to S.Amdt. 2471 to S. 1731 (Agriculture, Conservation, and Rural Enhancement Act of 2001)",Carnahan Amdt. No. 2830,"To permanently reenact the family farmer bankruptcy provisions (chapter 12 of title 11, United States Code).",Amendment Agreed to (93-0),'1/2',43,0,0,6,50,0,0,0,0,0,0,1,93,0,1,6,
21,107,2,PN881,"February 11, 2002,  06:00 PM",On the Nomination PN881,"Confirmation: Michael J. Melloy, of Iowa, to be U.S. Circuit Judge","Michael J. Melloy, of Iowa, to be United States Circuit Judge for the Eighth Circuit",Nomination Confirmed (91-0),'1/2',42,0,0,7,48,0,0,2,1,0,0,0,91,0,0,9,
22,107,2,PN1131,"February 11, 2002,  06:28 PM",On the Nomination PN1131,"Confirmation: Jay C. Zainey, of Louisianna, to be U.S. District Judge","Jay C. Zainey, of Louisiana, to be United States District Judge for the Eastern District of Louisiana",Nomination Confirmed (92-0),'1/2',43,0,0,6,48,0,0,2,1,0,0,0,92,0,0,8,
23,107,2,,"February 12, 2002,  10:27 AM",On the Motion to Table S.Amdt. 2837 to S.Amdt. 2835 to S.Amdt. 2471 to S. 1731,Motion to Table Grassley Amdt. No. 2837,"To make it unlawful for a packer to own, feed, or control livestock intended for slaughter.",Motion to Table Failed (46-53),'1/2',36,13,0,0,10,39,0,1,0,1,0,0,46,53,0,1,
24,107,2,,"February 12, 2002,  11:29 AM","On the Motion to Table S.Amdt. 2533 to S.Amdt. 2471 to S. 1731 (Agriculture, Conservation, and Rural Enhancement Act of 2001)",Motion to Table Crapo Amdt. No. 2533,To strike the water conservation program.,Motion to Table Agreed to (55-45),'1/2',8,41,0,0,46,4,0,0,1,0,0,0,55,45,0,0,
25,107,2,,"February 12, 2002,  11:51 AM",On the Motion (Motion to Waive CBA re: Baucus Amdt No. 2839),Motion to Waive CBA re: Baucus Amdt No. 2839,To provide emergency agriculture assistance.,"Motion Agreed to (69-30, 3/5 majority required)",'3/5',20,28,0,1,48,2,0,0,1,0,0,0,69,30,0,1,
26,107,2,,"February 12, 2002,  05:48 PM",On the Amendment S.Amdt. 2856 to S.Amdt. 2845 to S.Amdt. 2471 to S. 1731,Harkin Amdt. No. 2856,Of a perfecting nature.,Amendment Rejected (17-80),'1/2',6,40,0,3,11,39,0,0,0,1,0,0,17,80,0,3,
27,107,2,,"February 13, 2002,  09:52 AM","On the Amendment S.Amdt. 2857 to S.Amdt. 2471 to S. 1731 (Agriculture, Conservation, and Rural Enhancement Act of 2001)",Conrad Amdt. No. 2857,To express the Sense of the Senate that no Social Security surplus funds should be used to pay to make currently scheduled tax cuts permanent or for wasteful spending.,Amendment Agreed to (98-0),'1/2',47,0,0,2,50,0,0,0,1,0,0,0,98,0,0,2,
28,107,2,,"February 13, 2002,  10:18 AM","On the Amendment S.Amdt. 2850 to S.Amdt. 2471 to S. 1731 (Agriculture, Conservation, and Rural Enhancement Act of 2001)",Kyl Amdt. No. 2850,To express the sense of the Senate that the repeal of the estate tax should be made permanent by eliminating the sunset provision's applicability to the estate tax.,Amendment Agreed to (56-42),'1/2',45,2,0,2,11,39,0,0,0,1,0,0,56,42,0,2,
29,107,2,,"February 13, 2002,  10:38 AM","On the Motion to Table S.Amdt. 2851 to S.Amdt. 2471 to S. 1731 (Agriculture, Conservation, and Rural Enhancement Act of 2001)",Motion to Table Domenici Amdt. No. 2851,To require the Secretary of Agriculture to make payments to milk producers.,Motion to Table Agreed to (56-42),'1/2',9,38,0,2,46,4,0,0,1,0,0,0,56,42,0,2,
30,107,2,H.R. 2646,"February 13, 2002,  12:31 PM",On Passage of the Bill H.R. 2646,"H.R. 2646, as amended","To provide for the continuation of agricultural programs through fiscal year 2007, and for other purposes.",Bill Passed (58-40),'1/2',9,38,0,2,48,2,0,0,1,0,0,0,58,40,0,2,
31,107,2,,"February 14, 2002,  12:18 PM","On the Amendment S.Amdt. 2879 to S. 565 (Martin Luther King, Jr. Equal Protection of Voting Rights Act of 2002)",Reid Amdt. No. 2879,To secure the Federal voting rights of certain qualified persons who have served their sentences.,Amendment Rejected (31-63),'1/2',3,40,0,6,27,23,0,0,1,0,0,0,31,63,0,6,
32,107,2,,"February 14, 2002,  02:54 PM","On the Amendment S.Amdt. 2895 to S. 565 (Martin Luther King, Jr. Equal Protection of Voting Rights Act of 2002)",Durbin Amdt. No. 2895,To eliminate the special treatment of punchcard voting systems under the voting systems standards.,Amendment Rejected (44-50),'1/2',0,45,0,4,43,5,0,2,1,0,0,0,44,50,0,6,
33,107,2,,"February 14, 2002,  05:26 PM","On the Amendment S.Amdt. 2890 to S. 565 (Martin Luther King, Jr. Equal Protection of Voting Rights Act of 2002)",Lieberman Amdt. No. 2890,To authorize administrative leave for Federal employees to perform poll worker service in Federal elections.,Amendment Rejected (46-49),'1/2',0,45,0,4,45,4,0,1,1,0,0,0,46,49,0,5,
34,107,2,,"February 14, 2002,  05:59 PM","On the Amendment S.Amdt. 2887 to S. 565 (Martin Luther King, Jr. Equal Protection of Voting Rights Act of 2002)",Burns Amdt. No. 2887,To clarify the ability of election officials to remove registrants from official list of voters on grounds of change of residence.,Amendment Rejected (40-55),'1/2',40,5,0,4,0,49,0,1,0,1,0,0,40,55,0,5,
35,107,2,PN997,"February 26, 2002,  10:00 AM",On the Nomination PN997,"Confirmation: Robert E. Blackburn, of Colorado, to be U.S. District Judge","Robert E. Blackburn, of Colorado, to be United States District Judge for the District of Colorado",Nomination Confirmed (98-0),'1/2',47,0,0,2,50,0,0,0,1,0,0,0,98,0,0,2,
36,107,2,,"February 26, 2002,  04:54 PM","On the Amendment S.Amdt. 2883 to S. 565 (Martin Luther King, Jr. Equal Protection of Voting Rights Act of 2002)",Cleland Amdt. No. 2883,"To amend the short title to read ?Martin Luther King, Jr. Equal Protection of Voting Rights Act of 2001"".",Amendment Agreed to (97-0),'1/2',47,0,0,2,50,0,0,0,0,0,0,1,97,0,0,3,
37,107,2,PN999,"February 26, 2002,  05:24 PM",On the Nomination PN999,"Confirmation: Cindy K. Jorgenson of Arizona, to be U.S. District Judge","Cindy K. Jorgenson, of Arizona, to be United States District Judge for the District of Arizona",Nomination Confirmed (98-0),'1/2',47,0,0,2,50,0,0,0,1,0,0,0,98,0,0,2,
38,107,2,,"February 27, 2002,  10:05 AM","On the Motion to Table S.Amdt. 2937 to S. 565 (Martin Luther King, Jr. Equal Protection of Voting Rights Act of 2002)",Motion to Table Schumer Amdt. No. 2937,"To permit the use of a signature or personal mark for the purpose of verifying the identity of voters who register by mail, and for other purposes.",Motion to Table Failed (46-51),'1/2',46,1,0,2,0,49,0,1,0,1,0,0,46,51,1,2,
39,107,2,S. 565,"March 1, 2002,  09:48 AM",On the Cloture Motion S. 565,Motion to Invoke Cloture on S. 565,"A bill to require States and localities to meet uniform and nondiscriminatory election technology and administration requirements applicable to Federal elections, to establish grant programs to provide assistance to States and localities to met those requirements and to improve election technology and the administration of Federal elections, to establish the Election Administration Commission, and for other purposes.","Cloture Motion Rejected (49-39, 3/5 majority required)",'3/5',1,38,0,10,47,1,0,2,1,0,0,0,49,39,1,11,
40,107,2,S. 565,"March 4, 2002,  06:16 PM",On the Cloture Motion S. 565,"Motion to Invoke Cloture on S. 565, Upon Reconsideration","A bill to require States and localities to meet uniform and nondiscriminatory election technology and administration requirements applicable to Federal elections, to establish grant programs to provide assistance to States and localities to met those requirements and to improve election technology and the administration of Federal elections, to establish the Election Administration Commission, and for other purposes.","Cloture Motion Rejected (51-44, 3/5 majority required)",'3/5',1,44,0,4,49,0,0,1,1,0,0,0,51,44,0,5,
41,107,2,,"March 6, 2002,  05:56 PM",On the Amendment S.Amdt. 2980 to S.Amdt. 2917 to S. 517 (National Laboratories Partnership Improvement Act of 2001),"Daschle Amdt. No. 2980, as modified and amended",To prohibit the issuance of any permit which would authorize the transport of Alaska North Slope natural gas via a pipeline running offshore in the Beaufort Sea between Alaska and Canada.,Amendment Agreed to (93-5),'1/2',42,5,0,2,50,0,0,0,1,0,0,0,93,5,0,2,
42,107,2,,"March 7, 2002,  02:15 PM",On the Amendment S.Amdt. 2983 to S.Amdt. 2917 to S. 517 (National Laboratories Partnership Improvement Act of 2001),Voinovich Amdt. No. 2983,To reauthorize the Price-Anderson Act.,Amendment Agreed to (78-21),'1/2',46,3,0,0,32,17,0,1,0,1,0,0,78,21,0,1,
43,107,2,,"March 7, 2002,  02:47 PM",On the Amendment S.Amdt. 2986 to S.Amdt. 2917 to S. 517 (National Laboratories Partnership Improvement Act of 2001),"Bingaman Amdt. No. 2986, as modified",To study whether there is a need to regulate hydraulic fracturing.,Amendment Agreed to (78-21),'1/2',48,1,0,0,30,19,0,1,0,1,0,0,78,21,0,1,
44,107,2,H.R. 3090,"March 8, 2002,  09:37 AM",On the Motion (Motion to Concur in the Amendment of the House to the Amendment of the Senate to H.R. 3090),Motion to Concur in the Amendment of the House to the Amendment of the Senate to H.R. 3090,A bill to provide tax incentives for economic recovery.,Motion Agreed to (85-9),'1/2',47,1,0,1,37,8,0,5,1,0,0,0,85,9,0,6,
45,107,2,,"March 8, 2002,  10:04 AM",On the Amendment S.Amdt. 2979 to S.Amdt. 2917 to S. 517 (National Laboratories Partnership Improvement Act of 2001),"McCain Amdt. No. 2979, as amended","To provide for enhanced safety, public awareness, and environmental protection in pipeline transportation, and for other purposes.",Amendment Agreed to (94-0),'1/2',48,0,0,1,45,0,0,5,1,0,0,0,94,0,0,6,
46,107,2,PN1200,"March 12, 2002,  11:02 AM",On the Nomination PN1200,"Confirmation: Ralph R. Beistline, of Alaska, to be U.S. District Judge","Ralph R. Beistline, of Alaska, to be United States District Judge for the District of Alaska",Nomination Confirmed (98-0),'1/2',47,0,0,2,50,0,0,0,1,0,0,0,98,0,0,2,
47,107,2,,"March 13, 2002,  12:03 PM",On the Amendment S.Amdt. 2997 to S.Amdt. 2917 to S. 517 (National Laboratories Partnership Improvement Act of 2001),Levin Amendment No. 2997,To provide alternative provisions to better encourage increased use of alternative fueled and hybrid vehicles.,Amendment Agreed to (62-38),'1/2',43,6,0,0,19,31,0,0,0,1,0,0,62,38,0,0,
48,107,2,,"March 13, 2002,  12:48 PM",On the Amendment S.Amdt. 2998 to S.Amdt. 2917 to S. 517 (National Laboratories Partnership Improvement Act of 2001),Miller Amendment No. 2998,To prohibit the increase of the average fuel economy standard for pickup trucks.,Amendment Agreed to (56-44),'1/2',40,9,0,0,16,34,0,0,0,1,0,0,56,44,0,0,
49,107,2,,"March 14, 2002,  02:02 PM",On the Motion (Motion to Waive the CBA re: Thomas Amdt. No. 3012),Motion to Waive the CBA re: Thomas Amdt. No. 3012,To establish an organization to enforce reliability standards with respect to electricity.,"Motion Agreed to (60-40, 3/5 majority required)",'3/5',45,4,0,0,14,36,0,0,1,0,0,0,60,40,0,0,
50,107,2,,"March 14, 2002,  05:35 PM",On the Amendment S.Amdt. 3017 to S.Amdt. 3016 to S.Amdt. 2917 to S. 517,Jeffords Amendment No. 3017,To establish renewable electric energy generation standards.,Amendment Rejected (29-70),'1/2',5,44,0,0,23,26,0,1,1,0,0,0,29,70,0,1,
51,107,2,PN998,"March 15, 2002,  09:20 AM",On the Nomination PN998,"Confirmation: David C. Bury, of Arizona, to be District Judge","David C. Bury, of Arizona, to be United States District Judge for the District of Arizona",Nomination Confirmed (90-0),'1/2',41,0,0,8,48,0,0,2,1,0,0,0,90,0,0,10,
52,107,2,PN1063,"March 18, 2002,  05:51 PM",On the Nomination PN1063,"Confirmation: Randy Crane, of Texas, to be U.S. District Judge","Randy  Crane, of Texas, to be United States District Judge for the Southern District of Texas",Nomination Confirmed (91-0),'1/2',45,0,0,4,45,0,0,5,1,0,0,0,91,0,0,9,
53,107,2,H.R. 2356,"March 20, 2002,  12:50 PM",On the Cloture Motion H.R. 2356,Motion to Invoke Cloture on H.R. 2356,A bill to amend the Federal Election Campaign Act of 1971 to provide bipartisan campaign reform.,"Cloture Motion Agreed to (68-32, 3/5 majority required)",'3/5',17,32,0,0,50,0,0,0,1,0,0,0,68,32,0,0,
54,107,2,H.R. 2356,"March 20, 2002,  06:23 AM",On Passage of the Bill H.R. 2356,Passage of H.R. 2356,A bill to amend the Federal Election Campaign Act of 1971 to provide bipartisan campaign reform.,Bill Passed (60-40),'1/2',11,38,0,0,48,2,0,0,1,0,0,0,60,40,0,0,
55,107,2,,"March 21, 2002,  09:56 AM",On the Amendment S.Amdt. 3038 to S.Amdt. 3016 to S.Amdt. 2917 to S. 517,Kyl Amdt. No. 3038,To provide for appropriate State regulatory authority with respect to renewable sources of electricity.,Amendment Rejected (40-58),'1/2',37,10,0,2,3,47,0,0,0,1,0,0,40,58,0,2,
56,107,2,,"March 21, 2002,  03:23 PM",On the Amendment S.Amdt. 3040 to S.Amdt. 2917 to S. 517 (National Laboratories Partnership Improvement Act of 2001),Daschle Amdt. No. 3040,To express the sense of the Senate on the fair treatment of judicial nominees.,Amendment Agreed to (97-1),'1/2',47,0,0,2,49,1,0,0,1,0,0,0,97,1,0,2,
57,107,2,,"March 21, 2002,  03:48 PM",On the Amendment S.Amdt. 3033 to S.Amdt. 2917 to S. 517 (National Laboratories Partnership Improvement Act of 2001),Lott Amdt. No. 3033,To provide for the fair treatment of Presidential judicial nominees.,Amendment Rejected (47-51),'1/2',47,0,0,2,0,50,0,0,0,1,0,0,47,51,0,2,
58,107,2,,"March 21, 2002,  06:07 PM",On the Amendment S.Amdt. 3052 to S.Amdt. 3016 to S.Amdt. 2917 to S. 517,Murkowski Amdt. No. 3052,To protect State portfolio requirements.,Amendment Rejected (39-57),'1/2',35,10,0,4,4,46,0,0,0,1,0,0,39,57,0,4,
59,107,2,,"March 21, 2002,  07:06 PM",On the Amendment S.Amdt. 3057 to S.Amdt. 3016 to S.Amdt. 2917 to S. 517,Kyl Amdt. No. 3057,"To allow the Governor of a State the ability to waive certain provisions of the Federal mandate, if the provisions would adversely effect retail electric customers of the State, with respect to the application of the Federal renewable portfolio standard.",Amendment Rejected (37-58),'1/2',34,10,0,5,3,47,0,0,0,1,0,0,37,58,0,5,
60,107,2,,"April 9, 2002,  03:45 PM",On the Motion to Table S.Amdt. 3081 to S.Amdt. 2989 to S.Amdt. 2917 to S. 517,"Motion to Table Reid Amdt. No. 3081, as modified",To provide a substitute.,Motion to Table Failed (40-59),'1/2',3,46,0,0,37,12,0,1,0,1,0,0,40,59,0,1,
61,107,2,,"April 10, 2002,  09:47 AM",On the Cloture Motion S.Amdt. 2989 to S.Amdt. 2917 to S. 517 (National Laboratories Partnership Improvement Act of 2001),Motion to Invoke Cloture on the Feinstein Amdt. No.2989,"To provide regulatory oversight over energy trading markets, and for other purposes.",Cloture Motion Rejected (48-50),'1/2',2,46,0,1,45,4,0,1,1,0,0,0,48,50,0,2,
62,107,2,,"April 10, 2002,  02:02 PM",On the Amendment S.Amdt. 3047 to S.Amdt. 2917 to S. 517 (National Laboratories Partnership Improvement Act of 2001),Craig Amdt. No. 3047,To provide for consumer protections and electric reliability.,Amendment Rejected (32-67),'1/2',20,29,0,0,12,37,0,1,0,1,0,0,32,67,0,1,
63,107,2,,"April 11, 2002,  12:05 PM","On the Amendment S.Amdt. 2907 to S. 565 (Martin Luther King, Jr. Equal Protection of Voting Rights Act of 2002)",Roberts Amdt. No. 2907,To eliminate the administrative procedures of requiring election officials to notify voters by mail whether or not their individual vote was counted.,Amendment Agreed to (56-43),'1/2',46,3,0,0,10,39,0,1,0,1,0,0,56,43,0,1,
64,107,2,,"April 11, 2002,  12:35 PM","On the Amendment S.Amdt. 3108 to S. 565 (Martin Luther King, Jr. Equal Protection of Voting Rights Act of 2002)",Clinton Amdt. No. 3108,To establish a residual ballot performance benchmark.,Amendment Rejected (48-52),'1/2',0,49,0,0,47,3,0,0,1,0,0,0,48,52,0,0,
65,107,2,S. 565,"April 11, 2002,  12:55 PM",On Passage of the Bill S. 565,"S.565, as amended","A bill to require States and localities to meet uniform and nondiscriminatory election technology and administration requirements applicable to Federal elections, to establish grant programs to provide assistance to States and localities to met those requirements and to improve election technology and the administration of Federal elections, to establish the Election Administration Commission, and for other purposes.",Bill Passed (99-1),'1/2',48,1,0,0,50,0,0,0,1,0,0,0,99,1,0,0,
66,107,2,,"April 11, 2002,  03:45 PM",On the Amendment S.Amdt. 3094 to S.Amdt. 2917 to S. 517 (National Laboratories Partnership Improvement Act of 2001),"Durbin Amdt. No. 3094, as modified",To establish a Consumer Energy Commission to assess and provide recommendations regarding energy price spikes from the perspective of consumers.,Amendment Agreed to (69-30),'1/2',18,30,0,1,50,0,0,0,1,0,0,0,69,30,0,1,
67,107,2,,"April 11, 2002,  04:22 PM",On the Motion to Table S.Amdt. 3114 to S.Amdt. 2917 to S. 517 (National Laboratories Partnership Improvement Act of 2001),Motion to Table Feinstein Amdt. No. 3114,To reduce the period of time in which the Administrator may act on a petition by 1 or more States to waive the renewable fuel content requirement.,Motion to Table Agreed to (61-36),'1/2',27,20,0,2,33,16,0,1,1,0,0,0,61,36,0,3,
68,107,2,PN882,"April 15, 2002,  05:30 PM",On the Nomination PN882,"Confirmation: Terrence L. O'Brien, of Wyoming, to be U.S. Circuit Judge for the Tenth Circuit.","Terrence L. O'Brien, of Wyoming, to be United States Circuit Judge for the Tenth Circuit",Nomination Confirmed (98-0),'1/2',48,0,0,1,49,0,0,1,1,0,0,0,98,0,0,2,
69,107,2,PN1323,"April 17, 2002,  10:04 AM",On the Nomination PN1323,"Confirmation: Lance M. Africk, of Louisiana, to be U.S. District Judge for the Eastern District of Louisiana","Lance M. Africk, of Louisiana, to be United States District Judge for the Eastern District of Louisiana",Nomination Confirmed (97-0),'1/2',48,0,0,1,48,0,0,2,1,0,0,0,97,0,0,3,
70,107,2,,"April 18, 2002,  11:53 AM",On the Cloture Motion S.Amdt. 3133 to S.Amdt. 3132 to S.Amdt. 2917 to S. 517,Motion to Invoke Cloture on the Stevens Amendment No. 3133,"To create jobs for Americans, to strengthen the United States steel industry, to reduce dependence on foreign sources of crude oil and energy, to promote national security.","Cloture Motion Rejected (36-64, 3/5 majority required)",'3/5',30,19,0,0,6,44,0,0,0,1,0,0,36,64,0,0,
71,107,2,,"April 18, 2002,  12:20 PM",On the Cloture Motion S.Amdt. 3132 to S.Amdt. 2917 to S. 517 (National Laboratories Partnership Improvement Act of 2001),Motion to Invoke Cloture on the Murkowski Amendment No. 31323,"To create jobs for Americans, to reduce dependence on foreign sources of crude oil and energy, to strengthen the economic self determination of the Inupiat Eskimos and to promote national security.","Cloture Motion Rejected (46-54, 3/5 majority required)",'3/5',41,8,0,0,5,45,0,0,0,1,0,0,46,54,0,0,
72,107,2,,"April 18, 2002,  04:55 PM",On the Amendment S.Amdt. 3159 to S.Amdt. 2917 to S. 517 (National Laboratories Partnership Improvement Act of 2001),Murkowski Amendment No. 3159,To make the United States' energy policy toward Iraq consistent with the national security policies of the United States.,Amendment Agreed to (88-10),'1/2',43,5,0,1,44,5,0,1,1,0,0,0,88,10,0,2,
73,107,2,,"April 18, 2002,  07:05 PM",On the Amendment S.Amdt. 3161 to H.R. 3525 (Enhanced Border Security and Visa Entry Reform Act of 2002),Byrd Amendment No. 3161,To revise provisions relating to the compliance by institutions and other entities with record keeping and reporting requirements with respect to nonimmigrant students and exchange visitors.,Amendment Agreed to (97-0),'1/2',48,0,0,1,48,0,0,2,1,0,0,0,97,0,0,3,
74,107,2,,"April 18, 2002,  07:31 PM",On the Amendment S.Amdt. 3162 to H.R. 3525 (Enhanced Border Security and Visa Entry Reform Act of 2002),Byrd Amendment No. 3162,To require as a condition of a country's designation or continued designation as a program country under the Visa Waiver Program that the country reports to the United States Government  the theft of blank passports issued by that country.,Amendment Agreed to (97-0),'1/2',48,0,0,1,48,0,0,2,1,0,0,0,97,0,0,3,
75,107,2,H.R. 3525,"April 18, 2002,  07:46 PM",On the Amendment H.R. 3525,"H.R. 3525, as amended","A bill to enhance the border security of the United States, and for other purposes.",Amendment Agreed to (97-0),'1/2',48,0,0,1,48,0,0,2,1,0,0,0,97,0,0,3,
76,107,2,PN1331,"April 18, 2002,  08:20 PM",On the Nomination PN1331,"Confirmation: Legrome D. Davis, of Pennsylvania, to be U.S. District Judge for the Eastern District","Legrome D. Davis, of Pennsylvania, to be United States District Judge for the Eastern District of Pennsylvania",Nomination Confirmed (94-0),'1/2',46,0,0,3,47,0,0,3,1,0,0,0,94,0,0,6,
77,107,2,,"April 23, 2002,  02:32 PM",On the Cloture Motion S.Amdt. 2917 to S. 517 (National Laboratories Partnership Improvement Act of 2001),Motion to Invoke Cloture on the Daschle Amdt. No. 2917,To provide for the energy security of the nation.,"Cloture Motion Agreed to (86-13, 3/5 majority required)",'3/5',46,2,0,1,39,11,0,0,1,0,0,0,86,13,0,1,
78,107,2,,"April 23, 2002,  05:57 PM",On the Motion to Table S.Amdt. 3030 to S.Amdt. 2917 to S. 517 (National Laboratories Partnership Improvement Act of 2001),Motion to Table Schumer Amendment No. 3030,To strike the section establishing a renewable fuel content requirement for motor vehicle fuel.,Motion to Table Agreed to (69-30),'1/2',31,17,0,1,37,13,0,0,1,0,0,0,69,30,0,1,
79,107,2,PN898,"April 23, 2002,  06:28 PM",On the Nomination PN898,"Confirmation: Jeffrey R. Howard, of New Hampshire, to be U.S. Circuit Judge","Jeffrey R. Howard, of New Hampshire, to be United States Circuit Judge for the First Circuit",Nomination Confirmed (99-0),'1/2',48,0,0,1,50,0,0,0,1,0,0,0,99,0,0,1,
80,107,2,,"April 24, 2002,  10:49 AM",On the Motion to Table S.Amdt. 3234 to S.Amdt. 2917 to S. 517 (National Laboratories Partnership Improvement Act of 2001),Motion to Table Cantwell Amdt. No. 3234,To protect electricity consumers.,Motion to Table Agreed to (58-39),'1/2',44,4,0,1,14,34,0,2,0,1,0,0,58,39,0,3,
81,107,2,,"April 24, 2002,  11:41 AM",On the Motion to Table S.Amdt. 3316 to S.Amdt. 3140 to S.Amdt. 2917 to S. 517,Motion to Table Bingaman Amendment No. 3316,In the nature of a substitute.,Motion to Table Agreed to (54-43),'1/2',44,4,0,1,10,38,0,2,0,1,0,0,54,43,0,3,
82,107,2,,"April 24, 2002,  01:02 PM",On the Motion to Table S.Amdt. 3197 to S.Amdt. 2917 to S. 517 (National Laboratories Partnership Improvement Act of 2001),Motion to Table Carper Amdt. No. 3197,To encourage the efficient generation of electricity through combined heat and power and to modify the provision relating to termination of mandatory purchase and sale requirements under PURPA.,Motion to Table Failed (37-60),'1/2',31,17,0,1,6,42,0,2,0,1,0,0,37,60,0,3,
83,107,2,,"April 24, 2002,  05:10 PM",On the Motion to Table S.Amdt. 3256 to S.Amdt. 2917 to S. 517 (National Laboratories Partnership Improvement Act of 2001),Motion to Table Nickles Amdt. No. 3256,"To provide that not withstanding any other provision in this Act, ""3 cents"" shall be considered by law to be ""1.5 cents""  in any place ""3 cents"" appears in Title II of this Act.",Motion to Table Failed (38-59),'1/2',3,45,0,1,34,14,0,2,1,0,0,0,38,59,0,3,
84,107,2,,"April 24, 2002,  06:25 PM",On the Motion to Table S.Amdt. 3124 to S.Amdt. 2917 to S. 517 (National Laboratories Partnership Improvement Act of 2001),Motion to Table Fitzgerald Amdt. No. 3124,To modify the definitions of biomass and renewable energy to exclude municipal solid waste.,Motion to Table Agreed to (50-46),'1/2',27,21,0,1,23,25,0,2,0,0,0,1,50,46,0,4,
85,107,2,PN1321,"April 25, 2002,  09:40 AM",On the Nomination PN1321,"Nomination: Percy Anderson, of California, to be U.S. District Judge","Percy Anderson, of California, to be United States District Judge for the Central District of California",Nomination Confirmed (99-0),'1/2',48,0,0,1,50,0,0,0,1,0,0,0,99,0,0,1,
86,107,2,PN1343,"April 25, 2002,  10:08 AM",On the Nomination PN1343,"Nomination: John F. Walter, of California, to be U.S. District Judge","John F. Walter, of California, to be United States District Judge for the Central District of California",Nomination Confirmed (99-0),'1/2',48,0,0,1,50,0,0,0,1,0,0,0,99,0,0,1,
87,107,2,,"April 25, 2002,  12:34 PM",On the Motion to Table S.Amdt. 3139 to S.Amdt. 2917 to S. 517 (National Laboratories Partnership Improvement Act of 2001),Motion to Table Boxer Amdt. No. 3139,To provide for equal liability treatment of vehicle fuels and fuel additives.,Motion to Table Agreed to (57-42),'1/2',38,10,0,1,18,32,0,0,1,0,0,0,57,42,0,1,
88,107,2,,"April 25, 2002,  01:01 PM",On the Motion to Table S.Amdt. 3225 to S.Amdt. 2917 to S. 517 (National Laboratories Partnership Improvement Act of 2001),Motion to Table Feinstein Amdt. No. 3225,To modify the provision relating to the renewable content of motor vehicle fuel to eliminate the required volume of renewable fuel for calendar year 2004.,Motion to Table Agreed to (60-39),'1/2',28,20,0,1,31,19,0,0,1,0,0,0,60,39,0,1,
89,107,2,,"April 25, 2002,  03:21 PM",On the Amendment S.Amdt. 3195 to S.Amdt. 2917 to S. 517 (National Laboratories Partnership Improvement Act of 2001),Harkin Amdt. No. 3195,To direct the Secretary of Energy to revise the seasonal energy efficiency ratio standard for central air conditioners and central air conditioning heat pumps within 60 days.,Amendment Agreed to (52-47),'1/2',41,7,0,1,11,39,0,0,0,1,0,0,52,47,0,1,
90,107,2,,"April 25, 2002,  03:54 PM",On the Motion to Table S.Amdt. 3198 to S.Amdt. 2917 to S. 517 (National Laboratories Partnership Improvement Act of 2001),Motion to Table Carper Amdt. No. 3198,To decrease the United States dependence on imported oil by the year 2015.,Motion to Table Agreed to (57-42),'1/2',39,9,0,1,18,32,0,0,0,1,0,0,57,42,0,1,
91,107,2,,"April 25, 2002,  04:14 PM",On the Motion to Table S.Amdt. 3333 to S.Amdt. 2917 to S. 517 (National Laboratories Partnership Improvement Act of 2001),Motion to Table Kyl Amdt. No. 3333,To strike the provisions relating to alternative vehicles and fuels incentives.,Motion to Table Agreed to (91-8),'1/2',41,7,0,1,49,1,0,0,1,0,0,0,91,8,0,1,
92,107,2,,"April 25, 2002,  04:34 PM",On the Motion to Table S.Amdt. 3370 to S.Amdt. 2917 to S. 517 (National Laboratories Partnership Improvement Act of 2001),Motion to Table Graham Amdt. No. 3370,To strike a section of Division H relating to energy tax incentives.,Motion to Table Agreed to (73-26),'1/2',45,3,0,1,27,23,0,0,1,0,0,0,73,26,0,1,
93,107,2,,"April 25, 2002,  05:01 PM",On the Motion to Table S.Amdt. 3372 to S.Amdt. 2917 to S. 517 (National Laboratories Partnership Improvement Act of 2001),Motion to Table Graham Amdt. No. 3372,To limit the effective dates of the provisions of Division H (relating to energy tax incentives).,Motion to Table Agreed to (70-29),'1/2',44,4,0,1,25,25,0,0,1,0,0,0,70,29,0,1,
94,107,2,H.R. 4,"April 25, 2002,  05:37 PM",On Passage of the Bill H.R. 4,"H.R. 4, as amended","A bill to enhance energy conservation, research and development and to provide for security and diversity in the energy supply for the American people, and for other purposes.",Bill Passed (88-11),'1/2',45,3,0,1,42,8,0,0,1,0,0,0,88,11,0,1,
95,107,2,PN1326,"April 25, 2002,  05:58 PM",On the Nomination PN1326,"Confirmation: Joan F. Lancaster, of Minnesota, to be U.S. District Judge","Joan E. Lancaster, of Minnesota, to be United States District Judge for the District of Minnesota",Nomination Confirmed (99-0),'1/2',48,0,0,1,50,0,0,0,1,0,0,0,99,0,0,1,
96,107,2,PN1342,"April 25, 2002,  06:13 PM",On the Nomination PN1342,"Confirmation: William C. Griesbach, of Wisconsin, to be U.S. District Judge ","William C. Griesbach, of Wisconsin, to be United States District Judge for the Eastern District of Wisconsin",Nomination Confirmed (97-0),'1/2',46,0,0,3,50,0,0,0,1,0,0,0,97,0,0,3,
97,107,2,H.R. 3009,"April 29, 2002,  06:32 PM",On the Cloture Motion H.R. 3009,Motion to Invoke Cloture on the Motion to Proceed to Consider  H.R. 3009,"A bill to extend the Andean Trade Preference Act, to grant additional trade benefits under that Act, and for other purposes.","Cloture Motion Agreed to (69-21, 3/5 majority required)",'3/5',36,8,0,5,32,13,0,5,1,0,0,0,69,21,0,10,
98,107,2,PN1329,"April 30, 2002,  02:15 PM",On the Nomination PN1329,"Confirmation: Michael M. Baylson, of Pennsylvania, to be U.S. District Judge","Michael M. Baylson, of Pennsylvania, to be United States District Judge for the Eastern District of Pennsylvania",Nomination Confirmed (98-0),'1/2',48,0,0,1,49,0,0,1,1,0,0,0,98,0,0,2,
99,107,2,PN1333,"April 30, 2002,  02:38 PM",On the Nomination PN1333,"Confirmation: Cynthia M. Rufe, of Pennsylvania, to be U.S. District Judge","Cynthia M. Rufe, of Pennsylvania, to be United States District Judge for the Eastern District of Pennsylvania",Nomination Confirmed (98-0),'1/2',48,0,0,1,49,0,0,1,1,0,0,0,98,0,0,2,
100,107,2,H.R. 3009,"May 1, 2002,  09:38 AM",On the Motion to Proceed H.R. 3009,Motion to Proceed to the Consideration of H.R. 3009,"A bill to extend the Andean Trade Preference Act, to grant additional trade benefits under that Act, and for other purposes.",Motion to Proceed Agreed to (77-21),'1/2',41,7,0,1,35,14,0,1,1,0,0,0,77,21,0,2,
101,107,2,,"May 2, 2002,  12:20 PM",On the Motion to Table S.Amdt. 3387 to S.Amdt. 3386 to H.R. 3009 (Trade Act of 2002),Motion to Table Dorgan Amdt. No. 3387,To ensure transparency of investor protection dispute resolution tribunals under the North American Free Trade Agreement.,Motion to Table Failed (29-67),'1/2',27,19,0,3,2,47,0,1,0,1,0,0,29,67,0,4,
102,107,2,,"May 2, 2002,  03:56 PM",On the Amendment S.Amdt. 3389 to S.Amdt. 3387 to S.Amdt. 3386 to H.R. 3009,Lieberman Amdt. No. 3389,To express solidarity with Israel in its fight against terrorism.,Amendment Agreed to (94-2),'1/2',46,0,0,3,47,2,0,1,1,0,0,0,94,2,0,4,
103,107,2,H.R. 2646,"May 8, 2002,  04:26 PM",On the Conference Report H.R. 2646,Conference Report  H.R. 2646,"To provide for the continuation of agricultural programs through fiscal year 2007, and for other purposes.",Conference Report Agreed to (64-35),'1/2',20,28,0,1,43,7,0,0,1,0,0,0,64,35,0,1,
104,107,2,PN1337,"May 9, 2002,  11:37 AM",On the Nomination PN1337,"Confirmation: Leonard E. Davis, of Texas, to be U.S. District Judge","Leonard E. Davis, of Texas, to be United States District Judge for the Eastern District of Texas",Nomination Confirmed (97-0),'1/2',47,0,0,2,49,0,0,1,1,0,0,0,97,0,0,3,
105,107,2,PN1339,"May 9, 2002,  12:08 PM",On the Nomination PN1339,"Confirmation: Andrew S. Hanen, of Texas, to be U.S. District Judge","Andrew S. Hanen, of Texas, to be United States District Judge for the Southern District of Texas",Nomination Confirmed (97-0),'1/2',47,0,0,2,49,0,0,1,1,0,0,0,97,0,0,3,
106,107,2,PN1335,"May 9, 2002,  12:24 PM",On the Nomination PN1335,"Confirmation: Samuel H. Mays, Jr., of Tennessee, to be U.S. District Judge","Samuel H. Mays, Jr., of Tennessee, to be United States District Judge for the Western District of Tennessee",Nomination Confirmed (97-0),'1/2',47,0,0,2,49,0,0,1,1,0,0,0,97,0,0,3,
107,107,2,PN1328,"May 9, 2002,  12:43 PM",On the Nomination PN1328,"Confirmation: Thomas M. Rose, of Ohio, to be U.S. District Judge","Thomas M. Rose, of Ohio, to be United States District Judge for the Southern District of Ohio",Nomination Confirmed (95-0),'1/2',47,0,0,2,48,0,0,2,0,0,0,1,95,0,0,5,
108,107,2,PN912,"May 13, 2002,  06:00 PM",On the Nomination PN912,"Confirmation: Paul G. Cassell, of Utah, to be U.S. District Judge","Paul G. Cassell, of Utah, to be United States District Judge for the District of Utah",Nomination Confirmed (67-20),'1/2',47,0,0,2,20,20,0,10,0,0,0,1,67,20,0,13,
109,107,2,,"May 14, 2002,  10:41 AM",On the Amendment S.Amdt. 3405 to S.Amdt. 3401 to H.R. 3009 (Trade Act of 2002),Baucus Amendment No. 3405,To clarify the principal negotiating objectives of the United States with respect to foreign investment.,Amendment Agreed to (98-0),'1/2',48,0,0,1,49,0,0,1,1,0,0,0,98,0,0,2,
110,107,2,,"May 14, 2002,  02:21 PM",On the Motion to Table S.Amdt. 3408 to S.Amdt. 3401 to H.R. 3009 (Trade Act of 2002),Motion to Table Dayton Amdt. No. 3408,To limit the application of trade authorities procedures.,Motion to Table Failed (38-61),'1/2',32,16,0,1,6,44,0,0,0,1,0,0,38,61,0,1,
111,107,2,,"May 15, 2002,  01:54 PM",On the Amendment S.Amdt. 3417 to S.Amdt. 3401 to H.R. 3009 (Trade Act of 2002),Edwards Amendment No. 3417,To authorize the Secretary of Labor to award grants to community colleges to establish job training programs for adversely affected workers.,Amendment Agreed to (66-33),'1/2',15,33,0,1,50,0,0,0,1,0,0,0,66,33,0,1,
112,107,2,,"May 15, 2002,  03:30 PM",On the Motion to Table S.Amdt. 3419 to S.Amdt. 3401 to H.R. 3009 (Trade Act of 2002),Motion to Table Lieberman Amdt. No. 3419,To clarify the principal negotiating objectives with respect to labor.,Motion to Table Agreed to (54-44),'1/2',47,0,0,2,7,43,0,0,0,1,0,0,54,44,0,2,
113,107,2,,"May 15, 2002,  04:49 PM",On the Motion to Table S.Amdt. 3422 to S.Amdt. 3401 to H.R. 3009 (Trade Act of 2002),Motion to Table Durbin Amendment No. 3422,"To provide alternative fast-track trade negotiating authority to the President, and for other purposes.",Motion to Table Agreed to (69-30),'1/2',48,0,0,1,20,30,0,0,1,0,0,0,69,30,0,1,
114,107,2,,"May 16, 2002,  11:24 AM",On the Motion to Table S.Amdt. 3427 to S.Amdt. 3401 to H.R. 3009 (Trade Act of 2002),Motion to Table Gregg Amendment No. 3427,To strike the provision relating to wage insurance.,Motion to Table Agreed to (58-38),'1/2',9,36,0,4,48,2,0,0,1,0,0,0,58,38,0,4,
115,107,2,,"May 16, 2002,  04:02 PM",On the Motion to Table S.Amdt. 3428 to S.Amdt. 3401 to H.R. 3009 (Trade Act of 2002),Motion to Table Dodd Amendment No. 3428,To clarify the principal negotiating objectives of the United States with respect to labor and the environment.,Motion to Table Agreed to (52-46),'1/2',47,0,0,2,5,45,0,0,0,1,0,0,52,46,0,2,
116,107,2,H.R. 3167,"May 17, 2002,  11:00 AM",On Passage of the Bill H.R. 3167,H.R. 3167,"A bill to endorse the vision of further enlargement of the NATO Alliance articulated by President George W. Bush on June 15, 2001, and by former President William J. Clinton on October 22, 1996, and for other purposes.",Bill Passed (85-6),'1/2',36,6,0,7,48,0,0,2,1,0,0,0,85,6,0,9,
117,107,2,,"May 21, 2002,  11:08 AM",On the Cloture Motion S.Amdt. 3433 to S.Amdt. 3401 to H.R. 3009 (Trade Act of 2002),Motion to Invoke Cloture on the Rockefeller Amdt. No. 3433,To provide a 1-year eligibility period for steelworker retirees and eligible beneficiaries affected by a qualified closing of a qualified steel company for assistance with health insurance coverage and interim assistance.,"Cloture Motion Rejected (56-40, 3/5 majority required)",'3/5',7,39,0,3,48,1,0,1,1,0,0,0,56,40,0,4,
118,107,2,H.R. 3009,"May 21, 2002,  12:09 PM",On the Motion (Motion to Instruct Sergeant at Arms),Motion to Instruct Sergeant at Arms,"A bill to extend the Andean Trade Preference Act, to grant additional trade benefits under that Act, and for other purposes.",Motion Agreed to (58-35),'1/2',11,34,0,4,46,1,0,3,1,0,0,0,58,35,0,7,
119,107,2,,"May 21, 2002,  03:46 PM",On the Motion to Table S.Amdt. 3406 to S.Amdt. 3401 to H.R. 3009 (Trade Act of 2002),Motion to Table Allen Amdt. No. 3406,To provide mortgage assistance for employees who are separated from employment.,"Motion to Table Agreed to (49-49, Vice President voted Yea)",'1/2',36,11,0,2,12,38,0,0,1,0,0,0,49,49,0,2,Yea
120,107,2,,"May 21, 2002,  04:03 PM",On the Amendment S.Amdt. 3441 to S.Amdt. 3401 to H.R. 3009 (Trade Act of 2002),Hutchison Amdt. No. 3441,"To prohibit a country that has not taken steps to support the United States efforts to combat terrorism from receiving certain trade benefits, and for other purposes.",Amendment Agreed to (96-0),'1/2',45,0,0,4,50,0,0,0,1,0,0,0,96,0,0,4,
121,107,2,,"May 21, 2002,  05:12 PM",On the Motion to Table S.Amdt. 3430 to S.Amdt. 3401 to H.R. 3009 (Trade Act of 2002),Motion to Table Kerry Amdt. No. 3430,To ensure that any artificial trade distorting barrier relating to foreign investment is eliminated in any trade agreement entered into under the Bipartisan Trade Promotion Authority Act of 2002.,Motion to Table Agreed to (55-41),'1/2',44,1,0,4,11,39,0,0,0,1,0,0,55,41,0,4,
122,107,2,,"May 22, 2002,  11:34 AM",On the Cloture Motion S.Amdt. 3401 to H.R. 3009 (Trade Act of 2002),Motion to Invoke Cloture on Amdt. No. 3401,To provide a substitute amendment.,"Cloture Motion Agreed to (68-29, 3/5 majority required)",'3/5',43,5,0,1,24,24,0,2,1,0,0,0,68,29,0,3,
123,107,2,,"May 22, 2002,  02:06 PM",On the Motion to Table S.Amdt. 3454 to S.Amdt. 3401 to H.R. 3009 (Trade Act of 2002),Motion to Table Nelson (FL) Amdt. No. 3454,To limit tariff reduction authority on certain products.,Motion to Table Agreed to (60-38),'1/2',48,0,0,1,12,37,0,1,0,1,0,0,60,38,0,2,
124,107,2,H.R. 3448,"May 23, 2002,  04:15 PM",On the Conference Report H.R. 3448,H.R. 3448 Conference Report,"A bill to improve the ability of the United States to prevent, prepare for, and respond to bioterrorism and other public health emergencies.",Conference Report Agreed to (98-0),'1/2',48,0,0,1,49,0,0,1,1,0,0,0,98,0,0,2,
125,107,2,,"May 23, 2002,  06:39 PM",On the Motion to Table S.Amdt. 3447 to S.Amdt. 3401 to H.R. 3009 (Trade Act of 2002),Motion to Table Byrd Amdt. No. 3447,To amend the provisions relating to the Congressional Oversight Group.,Motion to Table Agreed to (66-32),'1/2',48,0,0,1,17,32,0,1,1,0,0,0,66,32,0,2,
126,107,2,,"May 23, 2002,  06:39 PM",On the Motion to Table S.Amdt. 3448 to S.Amdt. 3401 to H.R. 3009 (Trade Act of 2002),Motion to Table Byrd Amdt. No. 3448,To clarify the procedures for procedural disapproval resolutions.,Motion to Table Agreed to (66-32),'1/2',48,0,0,1,17,32,0,1,1,0,0,0,66,32,0,2,
127,107,2,,"May 23, 2002,  06:59 PM",On the Motion to Table S.Amdt. 3461 to S.Amdt. 3401 to H.R. 3009 (Trade Act of 2002),Motion to Table Corzine Amdt. No. 3461,"To help ensure that trade agreements protect national security, social security, and other significant public services.",Motion to Table Agreed to (49-47),'1/2',43,3,0,3,6,43,0,1,0,1,0,0,49,47,0,4,
128,107,2,,"May 23, 2002,  07:19 PM",On the Motion (Motion to Waive CBA re: Landrieu Amdt. No. 3470),Motion to Waive CBA re: Landrieu Amdt. No. 3470,To provide trade adjustment assistance benefits to certain maritime workers.,"Motion Rejected (50-46, 3/5 majority required)",'3/5',4,42,0,3,45,4,0,1,1,0,0,0,50,46,0,4,
129,107,2,,"May 23, 2002,  07:44 PM",On the Motion to Table S.Amdt. 3467 to S.Amdt. 3401 to H.R. 3009 (Trade Act of 2002),Motion to Table Wellstone Amdt. No. 3467,To protect human rights and democracy.,Motion to Table Failed (42-53),'1/2',39,7,0,3,3,45,0,2,0,1,0,0,42,53,0,5,
130,107,2,H.R. 3009,"May 23, 2002,  08:13 PM",On Passage of the Bill H.R. 3009,"H.R. 3009, as amended","A bill to extend the Andean Trade Preference Act, to grant additional trade benefits under that Act, and for other purposes.",Bill Passed (66-30),'1/2',41,5,0,3,24,25,0,1,1,0,0,0,66,30,0,4,
131,107,2,,"June 4, 2002,  02:15 PM",On the Amendment S.Amdt. 3557 to H.R. 4775 (2002 Supplemental Appropriations Act for Further Recovery From and Response to Terrorist Attacks on the United States),Byrd Amdt. No. 3557,To strike section 1004 of the bill.,Amendment Agreed to (91-4),'1/2',42,4,0,3,48,0,0,2,1,0,0,0,91,4,0,5,
132,107,2,,"June 5, 2002,  12:52 PM","On the Motion (Motion to Waive CBA re: Kennedy Amdt. No. 3608, as modified)","Motion to Waive CBA re: Kennedy Amdt. No. 3608, as modified",To provide emergency school funding.,"Motion Rejected (38-60, 3/5 majority required)",'3/5',2,46,0,1,35,14,0,1,1,0,0,0,38,60,0,2,
133,107,2,,"June 5, 2002,  02:28 PM",On the Motion (Motion to Waive CBA re: Gregg Amdt. No. 3687),Motion to Waive CBA re: Gregg Amdt. No. 3687,To extend the strengthen procedures to maintain fiscal accountability and responsibility.,"Motion Rejected (49-49, 3/5 majority required)",'3/5',38,10,0,1,11,38,0,1,0,1,0,0,49,49,0,2,
134,107,2,,"June 5, 2002,  04:10 PM",On the Motion to Table S.Amdt. 3765 to S.Amdt. 3764 to H.R. 4775 (2002 Supplemental Appropriations Act for Further Recovery From and Response to Terrorist Attacks on the United States),Motion to Table Santorum Amdt. No. 3765,To adopt the concurrent resolution on the budget for fiscal year 2003 reported by the Committee on the Budget for the Senate.,Motion to Table Agreed to (96-0),'1/2',48,0,0,1,47,0,0,3,1,0,0,0,96,0,0,4,
135,107,2,H.R. 4775,"June 6, 2002,  11:07 AM",On the Cloture Motion H.R. 4775,Motion to Invoke Cloture on H.R. 4775,"A bill making supplemental appropriations for the fiscal year ending September 30, 2002, and for other purposes.","Cloture Motion Agreed to (87-10, 3/5 majority required)",'3/5',39,9,0,1,47,1,0,2,1,0,0,0,87,10,0,3,
136,107,2,,"June 6, 2002,  12:13 PM",On the Motion to Table S.Amdt. 3703 to H.R. 4775 (2002 Supplemental Appropriations Act for Further Recovery From and Response to Terrorist Attacks on the United States),Motion to Table McCain Amdt. No. 3703,To strike the amount provided for design of a storage facility for the Smithsonian Institution.,Motion to Table Agreed to (67-29),'1/2',25,23,0,1,41,6,0,3,1,0,0,0,67,29,0,4,
137,107,2,,"June 6, 2002,  02:06 PM",On the Motion to Table S.Amdt. 3635 to H.R. 4775 (2002 Supplemental Appropriations Act for Further Recovery From and Response to Terrorist Attacks on the United States),Motion to Table McCain Amdt. No. 3635,To strike the amount provided for the National Defense Center of Excellence for Research in Ocean Sciences.,Motion to Table Agreed to (65-31),'1/2',20,28,0,1,44,3,0,3,1,0,0,0,65,31,0,4,
138,107,2,,"June 6, 2002,  03:21 PM",On the Motion to Table S.Amdt. 3704 to H.R. 4775 (2002 Supplemental Appropriations Act for Further Recovery From and Response to Terrorist Attacks on the United States),Motion to Table McCain Amdt. No. 3704,To strike the appropriation for Agricultural Research Service buildings and facilities.,Motion to Table Agreed to (72-24),'1/2',25,23,0,1,46,1,0,3,1,0,0,0,72,24,0,4,
139,107,2,,"June 6, 2002,  04:45 PM",On the Motion to Table S.Amdt. 3787 to S.Amdt. 3597 to H.R. 4775 (2002 Supplemental Appropriations Act for Further Recovery From and Response to Terrorist Attacks on the United States),Motion to Table Dodd Amdt. No. 3787,"To allow the United States to render assistance to international efforts to bring to justice Saddam Hussein and other foreign nationals accused of genocide, war crimes or crimes against humanity.",Motion to Table Agreed to (55-40),'1/2',45,2,0,2,10,37,0,3,0,1,0,0,55,40,0,5,
140,107,2,,"June 6, 2002,  05:26 PM",On the Amendment S.Amdt. 3597 to H.R. 4775 (2002 Supplemental Appropriations Act for Further Recovery From and Response to Terrorist Attacks on the United States),"Warner Amdt. No. 3597, as amended",To add the American Servicemembers' Protection Act of 2002.,Amendment Agreed to (75-19),'1/2',45,1,0,3,30,17,0,3,0,1,0,0,75,19,0,6,
141,107,2,,"June 6, 2002,  07:26 PM",On the Motion (Motion to Waive CBA re: Durbin Amdt. No. 3729),Motion to Waive CBA re: Durbin Amdt. No. 3729,To increase the amount of supplemental appropriations for the Child Survival and Health Programs Fund.,"Motion Rejected (46-49, 3/5 majority required)",'3/5',5,42,0,2,40,7,0,3,1,0,0,0,46,49,0,5,
142,107,2,,"June 6, 2002,  08:04 PM",On the Amendment S.Amdt. 3725 to H.R. 4775 (2002 Supplemental Appropriations Act for Further Recovery From and Response to Terrorist Attacks on the United States),"Helms Amdt. No. 3725, as modified","To increase the amount provided for the Child Survival and Health Programs Fund, and to impose conditions.",Amendment Agreed to (79-14),'1/2',32,14,0,3,46,0,0,4,1,0,0,0,79,14,0,7,
143,107,2,,"June 6, 2002,  09:33 PM",On the Motion to Table S.Amdt. 3588 to H.R. 4775 (2002 Supplemental Appropriations Act for Further Recovery From and Response to Terrorist Attacks on the United States),Motion to Table Nickles Amdt. No. 3588,To restore the discretion of the President to agree with Congressionally-designated emergency spending.,Motion to Table Agreed to (58-36),'1/2',12,34,0,3,45,2,0,3,1,0,0,0,58,36,0,6,
144,107,2,H.R. 4775,"June 6, 2002,  09:58 PM",On the Motion (Motion to Waive CBA re: H.R. 4775),Motion to Waive CBA re: H.R. 4775,"A bill making supplemental appropriations for the fiscal year ending September 30, 2002, and for other purposes.","Motion Agreed to (69-25, 3/5 majority required)",'3/5',22,24,0,3,46,1,0,3,1,0,0,0,69,25,0,6,
145,107,2,H.R. 4775,"June 7, 2002,  12:15 AM",On Passage of the Bill H.R. 4775,"H.R. 4775, as amended","A bill making supplemental appropriations for the fiscal year ending September 30, 2002, and for other purposes.",Bill Passed (71-22),'1/2',26,20,0,3,44,2,0,4,1,0,0,0,71,22,0,7,
146,107,2,S.Res. 272,"June 10, 2002,  05:45 PM",On the Resolution S.Res. 272,"S. Res. 272, as amended","A resolution expressing the sense of the Senate regarding the success of the Varela Project's collection of 10,000 certified signatures in support of a national referendum and the delivery of these signatures to the Cuban National Assembly.",Resolution Agreed to (87-0),'1/2',44,0,0,5,42,0,0,8,1,0,0,0,87,0,0,13,
147,107,2,S. 625,"June 11, 2002,  11:55 AM",On the Cloture Motion S. 625,Motion to Invoke Cloture on S. 625,"A bill to provide Federal assistance to States and local jurisdictions to prosecute hate crimes, and for other purposes.","Cloture Motion Rejected (54-43, 3/5 majority required)",'3/5',4,42,0,3,49,1,0,0,1,0,0,0,54,43,0,3,
148,107,2,S. 2578,"June 11, 2002,  12:53 PM",On Passage of the Bill S. 2578,S. 2578,A bill to amend title 31 of the United States Code to increase the public debt limit.,Bill Passed (68-29),'1/2',31,15,0,3,36,14,0,0,1,0,0,0,68,29,0,3,
149,107,2,,"June 12, 2002,  02:38 PM",On the Motion (Motion to Waive CBA re: Dorgan Amdt. No. 3832),Motion to Waive CBA re: Dorgan Amdt. No. 3832,"To amend the Internal Revenue Code of 1986 to make permanent the estate tax in effect on December 31, 2009, to increase the exclusion amount to $4,000,000 in 2009, and to provide a full family-owned business interest deduction in 2003.","Motion Rejected (44-54, 3/5 majority required)",'3/5',4,43,0,2,39,11,0,0,1,0,0,0,44,54,0,2,
150,107,2,,"June 12, 2002,  05:27 PM",On the Motion (Motion to Waive CBA re: Conrad Amdt. No. 3831),Motion to Waive CBA re: Conrad Amdt. No. 3831,To amend the Internal Revenue Code of 1986 to restore the estates tax with modifications.,"Motion Rejected (38-60, 3/5 majority required)",'3/5',0,47,0,2,37,13,0,0,1,0,0,0,38,60,0,2,
151,107,2,,"June 12, 2002,  06:00 PM",On the Motion (Motion to Waive CBA re: Gramm Amdt. No. 3833),Motion to Waive CBA re: Gramm Amdt. No. 3833,To permanently repeal the death tax.,"Motion Rejected (54-44, 3/5 majority required)",'3/5',45,2,0,2,9,41,0,0,0,1,0,0,54,44,0,2,
152,107,2,,"June 13, 2002,  12:42 PM",On the Motion to Table S.Amdt. 3836 to S. 2600 (Terrorism Risk Insurance Act of 2002),Motion to Table McConnell Amendment No. 3836,"To provide for procedures for civil actions, and for other purposes.",Motion to Table Agreed to (50-46),'1/2',0,46,0,3,50,0,0,0,0,0,0,1,50,46,0,4,
153,107,2,,"June 13, 2002,  04:19 PM",On the Motion to Table S.Amdt. 3834 to S. 2600 (Terrorism Risk Insurance Act of 2002),Motion to Table Nelson Amdt. No. 3834,To restrict insurance rate increases for terrorism risks.,Motion to Table Agreed to (70-24),'1/2',46,0,0,3,24,24,0,2,0,0,0,1,70,24,0,6,
154,107,2,H.R. 3275,"June 14, 2002,  09:44 AM",On Passage of the Bill H.R. 3275,"H.R. 3275, as amended","A bill to implement the International Convention for the Suppression of Terrorist Bombings to strengthen criminal laws relating to attacks on places of public use, to implement the International Convention of the Suppression of the Financing of Terrorism, to combat terrorism and defend the Nation against terrorist acts, and for other purposes.",Bill Passed (83-1),'1/2',39,0,0,10,44,1,0,5,0,0,0,1,83,1,0,16,
155,107,2,,"June 14, 2002,  10:10 AM",On the Amendment S.Amdt. 3838 to S. 2600 (Terrorism Risk Insurance Act of 2002),Harkin Amdt. No. 3838,"To provide for satisfaction of judgements from frozen assets of terrorists, terrorist organizations, and State sponsors of terrorism, and for other purposes.",Amendment Agreed to (81-3),'1/2',36,3,0,10,45,0,0,5,0,0,0,1,81,3,0,16,
156,107,2,S. 2600,"June 18, 2002,  10:28 AM",On the Cloture Motion S. 2600,Motion to Invoke Cloture on S. 2600,A bill to ensure the continued financial capacity of insurers to provide coverage for risks from terrorism.,"Cloture Motion Agreed to (65-31, 3/5 majority required)",'3/5',17,30,0,2,47,1,0,2,1,0,0,0,65,31,0,4,
157,107,2,S. 2600,"June 18, 2002,  04:56 PM",On Passage of the Bill S. 2600,"S. 2600, as amended",A bill to ensure the continued financial capacity of insurers to provide coverage for risks from terrorism.,Bill Passed (84-14),'1/2',34,14,0,1,49,0,0,1,1,0,0,0,84,14,0,2,
158,107,2,,"June 19, 2002,  02:08 PM",On the Amendment S.Amdt. 3899 to S. 2514 (National Defense Authorization Act for Fiscal Year 2003),"Levin Amdt. No. 3899, as amended",To reallocate an amount available to the Army for indirect fire programs.,Amendment Agreed to (96-3),'1/2',47,1,0,1,48,2,0,0,1,0,0,0,96,3,0,1,
159,107,2,,"June 20, 2002,  03:04 PM","On the Motion (Motion to Waive CBA re: Feingold Amdt. No. 3915, as amended)","Motion to Waive CBA re: Feingold Amdt. No. 3915, as amended",To extend for 2 years procedures to maintain fiscal accountability and responsibility.,"Motion Rejected (59-40, 3/5 majority required)",'3/5',8,40,0,1,50,0,0,0,1,0,0,0,59,40,0,1,
160,107,2,,"June 21, 2002,  09:34 AM",On the Amendment S.Amdt. 3927 to S. 2514 (National Defense Authorization Act for Fiscal Year 2003),Murray Amdt. No. 3927,To restore a previous policy regarding restrictions on use of Department of Defense facilities.,Amendment Agreed to (52-40),'1/2',5,38,0,6,46,2,0,2,1,0,0,0,52,40,0,8,
161,107,2,,"June 24, 2002,  05:48 PM",On the Amendment S.Amdt. 3969 to S. 2514 (National Defense Authorization Act for Fiscal Year 2003),Smith (NH) Amdt No. 3969,To impose certain prohibitions and requirements relating to the wearing of abayas by members of the Armed Forces in Saudi Arabia.,Amendment Agreed to (93-0),'1/2',45,0,0,4,47,0,0,3,1,0,0,0,93,0,0,7,
162,107,2,,"June 25, 2002,  03:26 PM",On the Motion to Table S.Amdt. 3918 to S. 2514 (National Defense Authorization Act for Fiscal Year 2003),Motion to Table Kennedy Amdt. No. 3918,To provide for equal competition in contracting.,Motion to Table Agreed to (50-49),'1/2',48,0,0,1,2,48,0,0,0,1,0,0,50,49,0,1,
163,107,2,S.Res. 292,"June 26, 2002,  05:14 PM",On the Resolution S.Res. 292,S. Res. 292,A resolution expressing support for the Pledge of Allegiance.,Resolution Agreed to (99-0),'1/2',48,0,0,1,50,0,0,0,1,0,0,0,99,0,0,1,
164,107,2,S. 2514,"June 27, 2002,  10:33 AM",On the Cloture Motion S. 2514,Motion to Invoke Cloture on S. 2514,"An original bill to authorize appropriations for fiscal year 2003 for military activities of the Department of Defense, for military construction, and for defense activities of the Department of Energy, to prescribe personnel strengths for such fiscal year for the Armed Forces, and for other purposes.","Cloture Motion Agreed to (98-0, 3/5 majority required)",'3/5',48,0,0,1,49,0,0,1,1,0,0,0,98,0,0,2,
165,107,2,S. 2514,"June 27, 2002,  02:35 PM",On Passage of the Bill S. 2514,"S. 2514, as amended","An original bill to authorize appropriations for fiscal year 2003 for military activities of the Department of Defense, for military construction, and for defense activities of the Department of Energy, to prescribe personnel strengths for such fiscal year for the Armed Forces, and for other purposes.",Bill Passed (97-2),'1/2',48,0,0,1,48,2,0,0,1,0,0,0,97,2,0,1,
166,107,2,S. 2690,"June 27, 2002,  03:21 PM",On Passage of the Bill S. 2690,S. 2690,A bill to reaffirm the reference to one Nation under God in the Pledge of Allegiance.,Bill Passed (99-0),'1/2',48,0,0,1,50,0,0,0,1,0,0,0,99,0,0,1,
167,107,2,S.J.Res. 34,"July 9, 2002,  06:43 PM",On the Motion to Proceed S.J.Res. 34,Motion to Proceed to Consider S.J. Res. 34,"A joint resolution approving the site at Yucca Mountain, Nevada, for the development of a repository for the disposal of high-level radioactive waste and spent nuclear fuel, pursuant to the Nuclear Waste Policy Act of 1982.",Motion to Proceed Agreed to (60-39),'1/2',45,3,0,1,15,35,0,0,0,1,0,0,60,39,0,1,
168,107,2,,"July 10, 2002,  12:33 PM",On the Motion to Table S.Amdt. 4175 to S.Amdt. 4174 to S. 2673 (Public Company Accounting Reform and Investor Protection Act of 2002),Motion to Table McConnell Amdt. No. 4175,To provide for certification of financial reports by labor organizations and to improve quality and transparency in financial reporting and independent audits and accounting services for labor organizations.,Motion to Table Agreed to (55-43),'1/2',4,43,0,2,50,0,0,0,1,0,0,0,55,43,0,2,
169,107,2,,"July 10, 2002,  03:15 PM",On the Amendment S.Amdt. 4185 to S. 2673 (Public Company Accounting Reform and Investor Protection Act of 2002),Leahy Amdt. No. 4185,"To provide for criminal prosecution of persons who alter or destroy evidence in certain Federal investigations or defraud investors of publicly traded securities, and for other purposes.",Amendment Agreed to (97-0),'1/2',46,0,0,3,50,0,0,0,1,0,0,0,97,0,0,3,
170,107,2,,"July 10, 2002,  04:44 PM",On the Amendment S.Amdt. 4186 to S. 2673 (Public Company Accounting Reform and Investor Protection Act of 2002),"Biden Amdt. No. 4186, as further modified","To increase criminal penalties relating to conspiracy, mail fraud, wire fraud, and certain ERISA violations, and for other purposes.",Amendment Agreed to (96-0),'1/2',46,0,0,3,49,0,0,1,1,0,0,0,96,0,0,4,
171,107,2,,"July 10, 2002,  05:11 PM",On the Amendment S.Amdt. 4188 to S. 2673 (Public Company Accounting Reform and Investor Protection Act of 2002),Lott Amdt. No. 4188,To deter fraud and abuse by corporate executives.,Amendment Agreed to (97-0),'1/2',46,0,0,3,50,0,0,0,1,0,0,0,97,0,0,3,
172,107,2,,"July 11, 2002,  02:05 PM",On the Motion to Table S.Amdt. 4200 to S.Amdt. 4187 to S. 2673 (Public Company Accounting Reform and Investor Protection Act of 2002),Motion to Table McConnell Amdt. No. 4200,"To modify attorney practices relating to clients, and for other purposes.",Motion to Table Agreed to (62-35),'1/2',11,35,0,3,50,0,0,0,1,0,0,0,62,35,0,3,
173,107,2,S. 2673,"July 12, 2002,  09:31 AM",On the Cloture Motion S. 2673,Motion to Invoke Cloture on S. 2673,"An original bill to improve quality and transparency in financial reporting and independent audits and accounting services for public companies, to create a Public Company Accounting Oversight Board, to enhance the standard setting process for accounting practices, to strengthen the independence of firms that audit public companies, to increase corporate responsibility and the usefulness of corporate financial disclosure, to protect the objectivity and independence of securities analysts, to improve Securities and Exchange Commission resources and oversight, and for other purposes.","Cloture Motion Agreed to (91-2, 3/5 majority required)",'3/5',44,1,0,4,46,1,0,3,1,0,0,0,91,2,0,7,
174,107,2,,"July 15, 2002,  05:48 PM",On the Amendment S.Amdt. 4286 to S.Amdt. 4187 to S. 2673 (Public Company Accounting Reform and Investor Protection Act of 2002),Carnahan Amdt. No. 4286,To require timely and public disclosure of transactions involving management and principal stockholders.,Amendment Agreed to (97-0),'1/2',46,0,0,3,50,0,0,0,1,0,0,0,97,0,0,3,
175,107,2,,"July 15, 2002,  06:15 PM",On the Amendment S.Amdt. 4187 to S. 2673 (Public Company Accounting Reform and Investor Protection Act of 2002),"Edwards Amdt. No. 4187, as amended",To address rules of professional responsibility for attorneys.,Amendment Agreed to (97-0),'1/2',46,0,0,3,50,0,0,0,1,0,0,0,97,0,0,3,
176,107,2,S. 2673,"July 15, 2002,  06:23 PM",On Passage of the Bill S. 2673,"S. 2673, as amended","An original bill to improve quality and transparency in financial reporting and independent audits and accounting services for public companies, to create a Public Company Accounting Oversight Board, to enhance the standard setting process for accounting practices, to strengthen the independence of firms that audit public companies, to increase corporate responsibility and the usefulness of corporate financial disclosure, to protect the objectivity and independence of securities analysts, to improve Securities and Exchange Commission resources and oversight, and for other purposes.",Bill Passed (97-0),'1/2',46,0,0,3,50,0,0,0,1,0,0,0,97,0,0,3,
177,107,2,PN889,"July 15, 2002,  06:41 PM",On the Cloture Motion PN889,"Motion to Invoke Cloture on the Nomination of Lavenski R. Smith, to be U.S. Circuit Judge for the Eigth Circuit","Lavenski R. Smith, of Arkansas, to be United States Circuit Judge for the Eighth Circuit","Cloture Motion Agreed to (94-3, 3/5 majority required)",'3/5',46,0,0,3,47,3,0,0,1,0,0,0,94,3,0,3,
178,107,2,S. 812,"July 17, 2002,  10:31 AM",On the Cloture Motion S. 812,Motion to Invoke Cloture on the Motion to Proceed to Consider S. 812,"A bill to amend the Federal Food, Drug, and Cosmetic Act to provide greater access to affordable pharmaceuticals.","Cloture Motion Agreed to (99-0, 3/5 majority required)",'3/5',48,0,0,1,50,0,0,0,1,0,0,0,99,0,0,1,
179,107,2,,"July 17, 2002,  02:30 PM",On the Amendment S.Amdt. 4300 to S.Amdt. 4299 to S. 812 (Greater Access to Affordable Pharmaceuticals Act of 2002),Dorgan Amendment No. 4300,Of a perfecting nature.,Amendment Agreed to (69-30),'1/2',23,25,0,1,45,5,0,0,1,0,0,0,69,30,0,1,
180,107,2,,"July 17, 2002,  06:05 PM",On the Amendment S.Amdt. 4301 to S.Amdt. 4299 to S. 812 (Greater Access to Affordable Pharmaceuticals Act of 2002),Cochran Amendment No. 4301,To protect the health and safety of Americans.,Amendment Agreed to (99-0),'1/2',48,0,0,1,50,0,0,0,1,0,0,0,99,0,0,1,
181,107,2,H.R. 5011,"July 18, 2002,  10:45 AM",On Passage of the Bill H.R. 5011,"H.R. 5011, as amended ","A bill making appropriations for military construction, family housing, and base realignment and closure for the Department of Defense for the fiscal year ending September 30, 2003, and for other purposes.",Bill Passed (96-3),'1/2',46,2,0,1,49,1,0,0,1,0,0,0,96,3,0,1,
182,107,2,,"July 18, 2002,  05:43 PM",On the Amendment S.Amdt. 4305 to S.Amdt. 4299 to S. 812 (Greater Access to Affordable Pharmaceuticals Act of 2002),"Stabenow Amendment No. 4305, as modified",To clarify that section 1927 of the Social Security Act does not prohibit a State from entering into drug rebate agreements in order to make outpatient prescription drugs accessible and affordable for residents of the State who are not otherwise eligible for medical assistance under the medicaid program.,Amendment Agreed to (56-43),'1/2',7,41,0,1,48,2,0,0,1,0,0,0,56,43,0,1,
183,107,2,PN894,"July 18, 2002,  06:11 PM",On the Cloture Motion PN894,"Motion to Invoke Cloture on the Nomination of Richard Clifton, to be U.S. Circuit Judge","Richard R. Clifton, of Hawaii, to be United States Circuit Judge for the Ninth Circuit","Cloture Motion Agreed to (97-1, 3/5 majority required)",'3/5',47,1,0,1,49,0,0,1,1,0,0,0,97,1,0,2,
184,107,2,PN894,"July 18, 2002,  06:27 PM",On the Nomination PN894,"Confirmation: Richard R. Clifton of Hawaii, to be U.S. Circuit Judge","Richard R. Clifton, of Hawaii, to be United States Circuit Judge for the Ninth Circuit",Nomination Confirmed (98-0),'1/2',47,0,0,2,50,0,0,0,1,0,0,0,98,0,0,2,
185,107,2,PN1898,"July 23, 2002,  11:04 AM",On the Cloture Motion PN1898,"Motion to Invoke Cloture on the Nomination of Richard H. Carmona, to be Surgeon General","Richard H. Carmona, of Arizona, to be Medical Director in the Regular Corps of the Public Health Service, subject to qualifications therefor as provided by law and regulations, and to be Surgeon General of the Public Health Service for a term of four years","Cloture Motion Agreed to (98-0, 3/5 majority required)",'3/5',47,0,0,2,50,0,0,0,1,0,0,0,98,0,0,2,
186,107,2,,"July 23, 2002,  02:54 PM",On the Motion (Motion to Waive CBA re: Graham Amdt. No. 4309),Motion to Waive CBA re: Graham Amdt. No. 4309,To amend title XVIII of the Social Security Act to provide coverage of outpatient prescription drugs under the medicare program.,"Motion Rejected (52-47, 3/5 majority required)",'3/5',1,47,0,1,50,0,0,0,1,0,0,0,52,47,0,1,
187,107,2,,"July 23, 2002,  03:20 PM",On the Motion (Motion to Waive CBA re: Grassley Amdt. No. 4310),Motion to Waive CBA re: Grassley Amdt. No. 4310,"To amend title XVIII of the Social Security Act to provide for a medicare voluntary prescription drug delivery program under the medicare program, to modernize the medicare program, and for other purposes.","Motion Rejected (48-51, 3/5 majority required)",'3/5',45,3,0,1,2,48,0,0,1,0,0,0,48,51,0,1,
188,107,2,H.R. 4775,"July 24, 2002,  01:34 PM",On the Conference Report H.R. 4775,H.R. 4775 Conference Report,"A bill making supplemental appropriations for the fiscal year ending September 30, 2002, and for other purposes.",Conference Report Agreed to (92-7),'1/2',42,6,0,1,49,1,0,0,1,0,0,0,92,7,0,1,
189,107,2,,"July 24, 2002,  02:08 PM",On the Motion (Motion to Waive CBA re: Hagel Amdt. No. 4315),Motion to Waive CBA re: Hagel Amdt. No. 4315,To provide medicare beneficiaries with a drug discount card that ensures access to affordable outpatient prescription drugs.,"Motion Rejected (51-48, 3/5 majority required)",'3/5',47,1,0,1,4,46,0,0,0,1,0,0,51,48,0,1,
190,107,2,,"July 25, 2002,  11:43 AM",On the Motion (Motion to Waive CBA re: Rockefeller Amdt. No. 4316),Motion to Waive CBA re: Rockefeller Amdt. No. 4316,To provide temporary State fiscal relief.,"Motion Agreed to (75-24, 3/5 majority required)",'3/5',27,21,0,1,47,3,0,0,1,0,0,0,75,24,0,1,
191,107,2,H.R. 5121,"July 25, 2002,  01:53 PM",On Passage of the Bill H.R. 5121,"H.R. 5121, as amended","A bill making appropriations for the Legislative Branch for the fiscal year ending September 30, 2003, and for other purposes.",Bill Passed (85-14),'1/2',36,12,0,1,48,2,0,0,1,0,0,0,85,14,0,1,
192,107,2,H.R. 3763,"July 25, 2002,  04:30 PM",On the Conference Report H.R. 3763,H.R. 3763  Conference Report,"A bill to protect investors by improving the accuracy and reliability of corporate disclosures made pursuant to the securities laws, and for other purposes.",Conference Report Agreed to (99-0),'1/2',48,0,0,1,50,0,0,0,1,0,0,0,99,0,0,1,
193,107,2,PN1115,"July 26, 2002,  09:59 AM",On the Cloture Motion PN1115,"Motion to Invoke Cloture on the Nomination of Julia Smith Gibbons, to be U. S. Circuit Judge for the Sixth Circuit","Julia Smith Gibbons, of Tennessee, to be United States Circuit Judge for the Sixth Circuit","Cloture Motion Agreed to (89-0, 3/5 majority required)",'3/5',43,0,0,6,45,0,0,5,1,0,0,0,89,0,0,11,
194,107,2,PN1115,"July 29, 2002,  05:31 PM",On the Nomination PN1115,"Confirmation: Julia Smith Gibbons, of Tennessee, to be U.S. Circuit Judge","Julia Smith Gibbons, of Tennessee, to be United States Circuit Judge for the Sixth Circuit",Nomination Confirmed (95-0),'1/2',45,0,0,4,49,0,0,1,1,0,0,0,95,0,0,5,
195,107,2,PN1330,"July 29, 2002,  06:01 PM",On the Nomination PN1330,"Confirmation: Joy Flowers Conti, of Pennsylvania, to be U. S. District Judge","Joy Flowers Conti, of Pennsylvania, to be United States District Judge for the Western District of Pennsylvania",Nomination Confirmed (96-0),'1/2',45,0,0,4,50,0,0,0,1,0,0,0,96,0,0,4,
196,107,2,PN1471,"July 29, 2002,  06:20 PM",On the Nomination PN1471,"Confirmation: John E. Jones III, to be U.S. District Judge","John E. Jones III, of Pennsylvania, to be United States District Judge for the Middle District of Pennsylvania",Nomination Confirmed (96-0),'1/2',45,0,0,4,50,0,0,0,1,0,0,0,96,0,0,4,
197,107,2,,"July 30, 2002,  02:07 PM",On the Motion to Table S.Amdt. 4326 to S.Amdt. 4299 to S. 812 (Greater Access to Affordable Pharmaceuticals Act of 2002),Motion to Table McConnell Amdt. No. 4326,To provide for health care liability reform.,Motion to Table Agreed to (57-42),'1/2',6,42,0,1,50,0,0,0,1,0,0,0,57,42,0,1,
198,107,2,H.R. 3009,"July 30, 2002,  06:17 PM",On the Motion to Proceed H.R. 3009,Motion to Proceed to Consider Conference Report on H.R. 3009,"A bill to extend the Andean Trade Preference Act, to grant additional trade benefits under that Act, and for other purposes.",Motion to Proceed Agreed to (66-33),'1/2',40,8,0,1,25,25,0,0,1,0,0,0,66,33,0,1,
199,107,2,,"July 31, 2002,  11:08 AM",On the Motion (Motion to Waive CBA re: Graham Amdt. No. 4345),Motion to Waive CBA re: Graham Amdt. No. 4345,To amend title XVIII of the Social Security Act to provide protection for all medicare beneficiaries against the costs of prescription drugs.,"Motion Rejected (49-50, 3/5 majority required)",'3/5',4,44,0,1,45,5,0,0,0,1,0,0,49,50,0,1,
200,107,2,S. 812,"July 31, 2002,  11:40 AM",On the Cloture Motion S. 812,Motion to Invoke Cloture on S. 812,"A bill to amend the Federal Food, Drug, and Cosmetic Act to provide greater access to affordable pharmaceuticals.","Cloture Motion Agreed to (66-33, 3/5 majority required)",'3/5',15,33,0,1,50,0,0,0,1,0,0,0,66,33,0,1,
201,107,2,S. 812,"July 31, 2002,  12:03 PM",On Passage of the Bill S. 812,"S. 812, as amended","A bill to amend the Federal Food, Drug, and Cosmetic Act to provide greater access to affordable pharmaceuticals.",Bill Passed (78-21),'1/2',28,20,0,1,49,1,0,0,1,0,0,0,78,21,0,1,
202,107,2,PN1005,"July 31, 2002,  12:33 PM",On the Nomination PN1005,"Confirmation D. Brooks Smith, of Pennsylvania, to be U.S. Circuit Judge","D. Brooks Smith, of Pennsylvania, to be United States Circuit Judge for the Third Circuit",Nomination Confirmed (64-35),'1/2',48,0,0,1,16,34,0,0,0,1,0,0,64,35,0,1,
203,107,2,H.R. 3009,"August 1, 2002,  10:36 AM",On the Cloture Motion H.R. 3009,Motion to Invoke Cloture on the Conference Report to Accompany H.R. 3009,"A bill to extend the Andean Trade Preference Act, to grant additional trade benefits under that Act, and for other purposes.","Cloture Motion Agreed to (64-32, 3/5 majority required)",'3/5',43,5,0,1,21,27,0,2,0,0,0,1,64,32,0,4,
204,107,2,H.R. 5010,"August 1, 2002,  03:34 PM",On Passage of the Bill H.R. 5010,"H.R. 5010, as amended","A bill making appropriations for the Department of Defense for the fiscal year ending September 30, 2003, and for other purposes.",Bill Passed (95-3),'1/2',46,2,0,1,48,1,0,1,1,0,0,0,95,3,0,2,
205,107,2,PN1574,"August 1, 2002,  03:22 PM",On the Nomination PN1574,"Confirmation Henry E. Autry of Missouri, to be U.S. District Judge","Henry E. Autrey, of Missouri, to be United States District Judge for the Eastern District of Missouri",Nomination Confirmed (98-0),'1/2',48,0,0,1,49,0,0,1,1,0,0,0,98,0,0,2,
206,107,2,H.R. 3009,"August 1, 2002,  03:55 PM",On the Motion (Motion to Waive CBA re: Conference Report to Accompany H.R. 3009),Motion to Waive CBA re: Conference Report to Accompany H.R. 3009,"A bill to extend the Andean Trade Preference Act, to grant additional trade benefits under that Act, and for other purposes.","Motion Agreed to (67-31, 3/5 majority required)",'3/5',44,4,0,1,22,27,0,1,1,0,0,0,67,31,0,2,
207,107,2,H.R. 3009,"August 1, 2002,  04:18 PM",On the Conference Report H.R. 3009,Conference Report to Accompany H.R. 3009,"A bill to extend the Andean Trade Preference Act, to grant additional trade benefits under that Act, and for other purposes.",Conference Report Agreed to (64-34),'1/2',43,5,0,1,20,29,0,1,1,0,0,0,64,34,0,2,
208,107,2,PN1332,"September 3, 2002,  12:30 PM",On the Nomination PN1332,"Confirmation Terrence F. McVerry, of Pennsylvania, to be United States District Judge","Terrence F. McVerry, of Pennsylvania, to be United States District Judge for the Western District of Pennsylvania",Nomination Confirmed (88-0),'1/2',42,0,0,7,46,0,0,4,0,0,0,1,88,0,0,12,
209,107,2,H.R. 5005,"September 3, 2002,  06:30 PM",On the Motion to Proceed H.R. 5005,Motion to Proceed to Consider H.R. 5005,"A bill to establish the Department of Homeland Security, and for other purposes.",Motion to Proceed Agreed to (94-0),'1/2',45,0,0,4,48,0,0,2,1,0,0,0,94,0,0,6,
210,107,2,,"September 5, 2002,  04:59 PM",On the Amendment S.Amdt. 4492 to S.Amdt. 4491 to S.Amdt. 4471 to H.R. 5005,"Boxer-Smith Amdt. No. 4492, as further modified","To amend title 49, United States Code, to improve flight and cabin security  on passenger aircraft.",Amendment Agreed to (87-6),'1/2',44,2,0,3,43,3,0,4,0,1,0,0,87,6,0,7,
211,107,2,PN1320,"September 9, 2002,  01:46 PM",On the Nomination PN1320,"Confirmation  Kenneth H. Marra, of Florida, to be U.S. District Judge","Kenneth A. Marra, of Florida, to be United States District Judge for the Southern District of Florida",Nomination Confirmed (82-0),'1/2',37,0,0,12,44,0,0,6,1,0,0,0,82,0,0,18,
212,107,2,,"September 10, 2002,  10:45 AM",On the Motion (Motion to Waive CBA re: Daschle Amdt No. 4481),Motion to Waive CBA re: Daschle Amdt No. 4481,To provide emergency disaster assistance to agricultural producers.,"Motion Agreed to (79-16, 3/5 majority required)",'3/5',31,15,0,3,47,1,0,2,1,0,0,0,79,16,0,5,
213,107,2,PN1779,"September 12, 2002,  10:03 AM",On the Nomination PN1779,"Confirmation Timothy J. Corrigan of Florida, to be United States District Judge","Timothy J. Corrigan, of Florida, to be United States District Judge for the Middle District of Florida",Nomination Confirmed (88-0),'1/2',43,0,0,6,44,0,0,6,1,0,0,0,88,0,0,12,
214,107,2,,"September 12, 2002,  02:00 PM",On the Motion to Table S.Amdt. 4513 to S.Amdt. 4471 to H.R. 5005 (Homeland Security Act of 2002),Motion to Table Thompson Amdt. No. 4513,"To strike title II,  establishing the National Office for Combating Terrorism, and title III, developing the National Strategy for Combating Terrorism and Homeland Security Response for detection, prevention, protection, response, and recover to counter terrorist threats.",Motion to Table Failed (41-55),'1/2',0,47,0,2,41,7,0,2,0,1,0,0,41,55,0,4,
215,107,2,,"September 12, 2002,  02:29 PM",On the Amendment S.Amdt. 4533 to S.Amdt. 4471 to H.R. 5005 (Homeland Security Act of 2002),Hollings Amendment No. 4533,To modify the membership and advisors of the National Security Council,Amendment Rejected (48-49),'1/2',1,47,0,1,46,2,0,2,1,0,0,0,48,49,0,3,
216,107,2,PN1334,"September 13, 2002,  10:15 AM",On the Nomination PN1334,"Confirmation Arthur J. Schwab, of Pennsylvania, to be U.S. District Judge","Arthur J. Schwab, of Pennsylvania, to be United States District Judge for the Western District of Pennsylvania",Nomination Confirmed (92-0),'1/2',43,0,0,6,48,0,0,2,1,0,0,0,92,0,0,8,
217,107,2,,"September 17, 2002,  05:23 PM","On the Cloture Motion S.Amdt. 4480 to S.Amdt. 4472 to H.R. 5093 (Department of the Interior and Related Agencies Appropriations Act, 2003)",Motion to Invoke Cloture on Amdt. No. 4480,To provide funds to repay accounts from which funds were borrowed for emergency wildfire suppression.,"Cloture Motion Rejected (50-49, 3/5 majority required)",'3/5',1,48,0,0,48,1,0,1,1,0,0,0,50,49,0,1,
218,107,2,,"September 19, 2002,  12:41 PM",On the Cloture Motion S.Amdt. 4471 to H.R. 5005 (Homeland Security Act of 2002),Motion to Invoke Cloture on the Lieberman Amdt No. 4471,To provide a substitute.,"Cloture Motion Rejected (50-49, 3/5 majority required)",'3/5',0,48,0,1,49,1,0,0,1,0,0,0,50,49,0,1,
219,107,2,PN1713,"September 20, 2002,  10:29 AM",On the Nomination PN1713,"Confirmation Reena Raggi, of New York, to be U.S. Circuit Judge","Reena Raggi, of New York, to be United States Circuit Judge for the Second Circuit",Nomination Confirmed (85-0),'1/2',40,0,0,9,44,0,0,6,1,0,0,0,85,0,0,15,
220,107,2,,"September 23, 2002,  05:49 PM","On the Motion to Table S.Amdt. 4522 to S.Amdt. 4472 to H.R. 5093 (Department of the Interior and Related Agencies Appropriations Act, 2003)",Motion to Table Dodd Amdt. No. 4522,To prohibit the expenditure of funds to recognize Indian tribes and tribal nations until the date of implementation of certain administrative procedures.,Motion to Table Agreed to (80-15),'1/2',40,7,0,2,40,7,0,3,0,1,0,0,80,15,0,5,
221,107,2,,"September 23, 2002,  06:15 PM","On the Cloture Motion S.Amdt. 4480 to S.Amdt. 4472 to H.R. 5093 (Department of the Interior and Related Agencies Appropriations Act, 2003)","Motion to Invoke Cloture on the Byrd Amdt. No. 4480, as amended, upon reconsideration",To provide funds to repay accounts from which funds were borrowed for emergency wildfire suppression.,"Cloture Motion Rejected (49-46, 3/5 majority required)",'3/5',1,46,0,2,47,0,0,3,1,0,0,0,49,46,0,5,
222,107,2,,"September 24, 2002,  10:40 AM",On the Amendment S.Amdt. 4644 to S.Amdt. 4471 to H.R. 5005 (Homeland Security Act of 2002),Byrd Amendment No. 4644,"To provide for the establishment of the Department of Homeland Security, an orderly transfer of functions to the Directorates of the Department, and for other purposes.",Amendment Rejected (28-70),'1/2',0,49,0,0,27,21,0,2,1,0,0,0,28,70,0,2,
223,107,2,,"September 24, 2002,  02:19 PM",On the Amendment S.Amdt. 4694 to S.Amdt. 4471 to H.R. 5005 (Homeland Security Act of 2002),Lieberman Amdt. No. 4694,"To establish the National Commission on Terrorist Attacks Upon the United States, and for other purposes.",Amendment Agreed to (90-8),'1/2',41,8,0,0,48,0,0,2,1,0,0,0,90,8,0,2,
224,107,2,,"September 25, 2002,  10:33 AM","On the Cloture Motion S.Amdt. 4480 to S.Amdt. 4472 to H.R. 5093 (Department of the Interior and Related Agencies Appropriations Act, 2003)",Motion to Invoke Cloture on the Byrd Amdt. No. 4480,To provide funds to repay accounts from which funds were borrowed for emergency wildfire suppression.,"Cloture Motion Rejected (51-47, 3/5 majority required)",'3/5',2,46,0,1,48,1,0,1,1,0,0,0,51,47,0,2,
225,107,2,,"September 25, 2002,  11:04 AM",On the Cloture Motion S.Amdt. 4471 to H.R. 5005 (Homeland Security Act of 2002),"Motion to Invoke Cloture on the Lieberman Amdt. No. 4471, as amended",To provide a substitute.,"Cloture Motion Rejected (49-49, 3/5 majority required)",'3/5',1,47,0,1,47,2,0,1,1,0,0,0,49,49,0,2,
226,107,2,,"September 26, 2002,  03:47 PM",On the Cloture Motion S.Amdt. 4471 to H.R. 5005 (Homeland Security Act of 2002),"Motion to Invoke Cloture on the Lieberman Amdt. No. 4471, Upon Reconsideration.",To provide a substitute.,"Cloture Motion Rejected (50-49, 3/5 majority required)",'3/5',1,48,0,0,48,1,0,1,1,0,0,0,50,49,0,1,
227,107,2,,"September 26, 2002,  05:31 PM",On the Cloture Motion S.Amdt. 4738 to S.Amdt. 4471 to H.R. 5005 (Homeland Security Act of 2002),Motion to Invoke Cloture on the Gramm Amdt. No. 4738,To prevent terrorist attacks within the United States.,"Cloture Motion Rejected (44-53, 3/5 majority required)",'3/5',1,46,0,2,42,7,0,1,1,0,0,0,44,53,0,3,
228,107,2,,"October 1, 2002,  12:22 PM",On the Cloture Motion S.Amdt. 4738 to S.Amdt. 4471 to H.R. 5005 (Homeland Security Act of 2002),Motion to Invoke Cloture on the Gramm Amdt. No. 4738,To prevent terrorist attacks within the United States.,"Cloture Motion Rejected (45-52, 3/5 majority required)",'3/5',2,46,0,1,42,6,0,2,1,0,0,0,45,52,0,3,
229,107,2,H.R. 2215,"October 3, 2002,  12:12 PM",On the Cloture Motion H.R. 2215,Motion to Invoke Cloture on the Conference Report To Accompany H.R. 2215,"A bill to authorize appropriations for the Department of Justice for fiscal year 2002, and for other purposes.","Cloture Motion Agreed to (93-5, 3/5 majority required)",'3/5',42,5,0,2,50,0,0,0,1,0,0,0,93,5,0,2,
230,107,2,S.J.Res. 45,"October 3, 2002,  04:17 PM",On the Cloture Motion S.J.Res. 45,Motion to Invoke Cloture on the Motion to Proceed to Consider S.J.Res. 45,A joint resolution to authorize the use of United States Armed Forces against Iraq.,"Cloture Motion Agreed to (95-1, 3/5 majority required)",'3/5',47,0,0,2,47,1,0,2,1,0,0,0,95,1,0,4,
231,107,2,,"October 9, 2002,  01:51 PM",On the Motion to Table S.Amdt. 4857 to S.Amdt. 4856 to S.J.Res. 45 (Further Resolution on Iraq),Motion to Table Graham Amdt. No. 4857,To provide substitute language that includes an authorization for the use of the United States Armed Forces to defend the national security of the United States against the threat posed by certain foreign terrorist organizations.,Motion to Table Agreed to (88-10),'1/2',48,0,0,1,39,10,0,1,1,0,0,0,88,10,0,2,
232,107,2,,"October 10, 2002,  09:43 AM",On the Amendment S.Amdt. 4869 to S.J.Res. 45 (Further Resolution on Iraq),"Byrd Amdt. No. 4869, As Amended","To provide a termination date for the authorization of the use of the Armed Forces of the United States, together with procedures for the extension of such date unless Congress disapproves the extension.",Amendment Rejected (31-66),'1/2',1,47,0,1,29,19,0,2,1,0,0,0,31,66,0,3,
233,107,2,,"October 10, 2002,  11:12 AM",On the Cloture Motion S.Amdt. 4856 to S.J.Res. 45 (Further Resolution on Iraq),Motion to Invoke Cloture on the Lieberman Amdt. No. 4856,In the nature of a substitute.,"Cloture Motion Agreed to (75-25, 3/5 majority required)",'3/5',47,2,0,0,28,22,0,0,0,1,0,0,75,25,0,0,
234,107,2,,"October 10, 2002,  12:50 PM",On the Amendment S.Amdt. 4868 to S.Amdt. 4856 to S.J.Res. 45 (Further Resolution on Iraq),Byrd Amdt. No. 4868,To provide statutory construction that constitutional authorities remain unaffected and that no additional grant of authority is made to the President not directly related to the existing threat posed by Iraq.,Amendment Rejected (14-86),'1/2',1,48,0,0,12,38,0,0,1,0,0,0,14,86,0,0,
235,107,2,,"October 10, 2002,  03:08 PM",On the Amendment S.Amdt. 4862 to S.Amdt. 4856 to S.J.Res. 45 (Further Resolution on Iraq),Levin Amdt. No. 4862,"To authorize the use of the United States Armed Forces, pursuant to a new resolution of the United Nations Security Council, to destroy, remove, or render harmless Iraq's weapons of mass destruction, nuclear weapons-usable material, long-range ballistic missiles, and related facilities, and for other purposes.",Amendment Rejected (24-75),'1/2',1,47,0,1,22,28,0,0,1,0,0,0,24,75,0,1,
236,107,2,,"October 10, 2002,  04:48 PM",On the Amendment S.Amdt. 4865 to S.Amdt. 4856 to S.J.Res. 45 (Further Resolution on Iraq),Durbin Amdt. No. 4865,To amend the authorization for the use of the Armed Forces to cover an imminent threat posed by Iraq's weapons of mass destruction rather than the continuing threat posed by Iraq.,Amendment Rejected (30-70),'1/2',0,49,0,0,29,21,0,0,1,0,0,0,30,70,0,0,
237,107,2,H.J.Res. 114,"October 11, 2002,  12:50 AM",On the Joint Resolution H.J.Res. 114,H.J.Res. 114,A joint resolution to authorize the use of United States Armed Forces against Iraq.,Joint Resolution Passed (77-23),'1/2',48,1,0,0,29,21,0,0,0,1,0,0,77,23,0,0,
238,107,2,H.R. 3295,"October 16, 2002,  12:07 PM",On the Conference Report H.R. 3295,H.R. 3295 Conference Report,"A bill to require States and localities to meet uniform and nondiscriminatory election technology and administration requirements applicable to Federal elections, to establish grant programs to provide assistance to States and localities to met those requirements and to improve election technology and the administration of Federal elections, to establish the Election Administration Commission, and for other purposes.",Conference Report Agreed to (92-2),'1/2',44,0,0,5,47,2,0,1,1,0,0,0,92,2,0,6,
239,107,2,H.R. 5010,"October 16, 2002,  02:32 PM",On the Conference Report H.R. 5010,Conference Report H.R. 5010,"A bill making appropriations for the Department of Defense for the fiscal year ending September 30, 2003, and for other purposes.",Conference Report Agreed to (93-1),'1/2',44,0,0,5,48,1,0,1,1,0,0,0,93,1,0,6,
240,107,2,,"November 13, 2002,  02:46 PM",On the Cloture Motion S.Amdt. 4738 to S.Amdt. 4471 to H.R. 5005 (Homeland Security Act of 2002),"Motion to Invoke Cloture on the Gramm Amdt. No. 4738 to H.R. 5005, upon reconsideration",To prevent terrorist attacks within the United States.,"Cloture Motion Agreed to (89-8, 3/5 majority required)",'3/5',48,0,0,1,40,7,0,2,1,1,0,0,89,8,0,3,
241,107,2,,"November 13, 2002,  03:51 PM",On the Motion to Table S.Amdt. 4471 to H.R. 5005 (Homeland Security Act of 2002),Motion to Table Lieberman Amdt. No. 4471,To provide a substitute.,Motion to Table Agreed to (50-47),'1/2',48,0,0,1,1,46,0,2,1,1,0,0,50,47,0,3,
242,107,2,,"November 13, 2002,  04:00 PM",On the Motion to Table S.Amdt. 4900 to H.R. 5005 (Homeland Security Act of 2002),Motion to Table Feingold Amdt. No. 4900,To provide that Members of Congress shall not receive a cost of living adjustment in pay during fiscal year 2003.,Motion to Table Agreed to (58-36),'1/2',30,17,0,2,26,19,0,4,2,0,0,0,58,36,0,6,
243,107,2,S. 1214,"November 14, 2002,  11:14 AM",On the Conference Report S. 1214,Conference Report to Accompany S. 1214,"A bill to amend the Merchant Marine Act, 1936, to establish a program to ensure greater security for United States seaports, and for other purposes.",Conference Report Agreed to (95-0),'1/2',48,0,0,1,45,0,0,4,2,0,0,0,95,0,0,5,
244,107,2,,"November 15, 2002,  10:54 AM",On the Cloture Motion S.Amdt. 4901 to H.R. 5005 (Homeland Security Act of 2002),Motion to Invoke Cloture on the Gramm Amdt. No. 4901,"To establish the Department of Homeland Security, and for other purposes.","Cloture Motion Agreed to (65-29, 3/5 majority required)",'3/5',47,0,0,2,17,28,0,4,1,1,0,0,65,29,0,6,
245,107,2,,"November 19, 2002,  10:45 AM",On the Amendment S.Amdt. 4953 to S.Amdt. 4911 to S.Amdt. 4901 to H.R. 5005,Lieberman Amdt. No. 4953,Of a perfecting nature.,Amendment Rejected (47-52),'1/2',1,48,0,0,45,3,0,1,1,1,0,0,47,52,0,1,
246,107,2,,"November 19, 2002,  11:23 AM",On the Motion (Motion to Waive CBA Re:  Thompson Amdt. No. 4901),Motion to Waive CBA Re:  Thompson Amdt. No. 4901,"To establish the Department of Homeland Security, and for other purposes.","Motion Agreed to (69-30, 3/5 majority required)",'3/5',49,0,0,0,19,29,0,1,1,1,0,0,69,30,0,1,
247,107,2,,"November 19, 2002,  11:46 AM",On the Amendment S.Amdt. 4901 to H.R. 5005 (Homeland Security Act of 2002),Thompson For Gramm Amdt. No. 4901,"To establish the Department of Homeland Security, and for other purposes.",Amendment Agreed to (73-26),'1/2',49,0,0,0,23,25,0,1,1,1,0,0,73,26,0,1,
248,107,2,H.R. 5005,"November 19, 2002,  12:08 PM",On the Cloture Motion H.R. 5005,"Motion to Invoke Cloture on H.R. 5005, as amended","A bill to establish the Department of Homeland Security, and for other purposes.","Cloture Motion Agreed to (83-16, 3/5 majority required)",'3/5',49,0,0,0,33,15,0,1,1,1,0,0,83,16,0,1,
249,107,2,H.R. 5005,"November 19, 2002,  07:34 PM",On Passage of the Bill H.R. 5005,"H.R. 5005, as amended","A bill to establish the Department of Homeland Security, and for other purposes.",Bill Passed (90-9),'1/2',48,0,0,1,41,8,0,0,1,1,0,0,90,9,0,1,
250,107,2,PN888,"November 19, 2002,  08:03 PM",On the Nomination PN888,"Confirmation Dennis W. Shedd, of South Carolina, to be U.S. Circuit Judge","Dennis W. Shedd, of South Carolina, to be United States Circuit Judge for the Fourth Circuit",Nomination Confirmed (55-44),'1/2',48,0,0,1,7,42,0,0,0,2,0,0,55,44,0,1,
251,107,2,H.R. 3210,"November 19, 2002,  08:21 PM",On the Cloture Motion H.R. 3210,Motion to Invoke Cloture on the Conference Report to Accompany H.R. 3210,A bill to ensure the continued financial capacity of insurers to provide coverage for risks from terrorism.,"Cloture Motion Agreed to (85-12, 3/5 majority required)",'3/5',34,12,0,3,49,0,0,0,2,0,0,0,85,12,0,3,
252,107,2,H.R. 3210,"November 19, 2002,  08:37 PM",On the Conference Report H.R. 3210,H.R. 3210 Conference Report ,A bill to ensure the continued financial capacity of insurers to provide coverage for risks from terrorism.,Conference Report Agreed to (86-11),'1/2',35,11,0,3,49,0,0,0,2,0,0,0,86,11,0,3,
253,107,2,H.J.Res. 124,"November 19, 2002,  09:22 PM",On the Joint Resolution H.J.Res. 124,H.J.Res. 124,"A joint resolution making further continuing appropriations for the fiscal year 2003, and for other purposes.",Joint Resolution Passed (92-2),'1/2',46,0,0,3,44,2,0,3,2,0,0,0,92,2,0,6,
