Vote Number,Congress Num,Session,Legislation Number,Date,Question,Vote Title,Document Text,Result,Majority Requirement,Republican Yes,Republican No,Republican Present,Republican Absent,Democrat Yes,Democrat No,Democrat Present,Democrat Absent,Independent Yes,Independent No,Independent Present,Independent Absent,Total Yes,Total No,Total Present,Total Absent,Tie Breaker
1,108,2,H.R. 2673,"January 20, 2004,  03:10 PM",On the Cloture Motion H.R. 2673,Motion to Invoke Cloture on the Conference Report to Accompany H.R. 2673,"A bill making appropriations for Agriculture, Rural Development, Food and Drug Administration, and Related Agencies for the fiscal year ending September 30, 2004, and for other purposes.","Cloture Motion Rejected (48-45, 3/5 majority required)",'3/5',45,5,0,1,3,39,0,6,0,1,0,0,48,45,0,7,
2,108,2,H.R. 2673,"January 22, 2004,  12:00 PM",On the Cloture Motion H.R. 2673,Motion To Invoke Cloture On The Conference Report To Accompany H. R. 2673,"A bill making appropriations for Agriculture, Rural Development, Food and Drug Administration, and Related Agencies for the fiscal year ending September 30, 2004, and for other purposes.","Cloture Motion Agreed to (61-32, 3/5 majority required)",'3/5',45,3,0,3,16,28,0,4,0,1,0,0,61,32,0,7,
3,108,2,H.R. 2673,"January 22, 2004,  12:30 PM",On the Conference Report H.R. 2673,H. R. 2673 Conference Report,"A bill making appropriations for Agriculture, Rural Development, Food and Drug Administration, and Related Agencies for the fiscal year ending September 30, 2004, and for other purposes.",Conference Report Agreed to (65-28),'1/2',44,4,0,3,21,23,0,4,0,1,0,0,65,28,0,7,
4,108,2,,"January 27, 2004,  02:31 PM",On the Motion to Table S.Amdt. 2234 to S.Amdt. 2233 to H.R. 3108 (Pension Funding Equity Act of 2004),Motion To Table Kyl Amdt. No. 2234,To limit the liability of the Pension Benefit Guaranty Corporation with respect to a plan for which a reduced deficit contribution is elected.,Motion to Table Agreed to (67-25),'1/2',25,24,0,2,41,1,0,6,1,0,0,0,67,25,0,8,
5,108,2,H.R. 3108,"January 28, 2004,  12:03 PM",On Passage of the Bill H.R. 3108,H.R. 3108 As Amended,"A bill to amend the Employee Retirement Income Security Act of 1974 and the Internal Revenue Code of 1986 to temporarily replace the 30-year Treasury rate with a rate based on long-term corporate bonds for certain pension plan funding requirements and other provisions, and for other purposes.",Bill Passed (86-9),'1/2',41,9,0,1,44,0,0,4,1,0,0,0,86,9,0,5,
6,108,2,PN544,"January 28, 2004,  12:41 PM",On the Nomination PN544,"Confirmation of Gary L. Sharpe, of New York, To Be U.S. District Judge","Gary L. Sharpe, of New York, to be United States District Judge for the Northern District of New York",Nomination Confirmed (95-0),'1/2',50,0,0,1,44,0,0,4,1,0,0,0,95,0,0,5,
7,108,2,S. 1072,"February 2, 2004,  05:47 PM",On the Cloture Motion S. 1072,Motion To Invoke Cloture On The Motion To Proceed To Consider S. 1072,"A bill to authorize funds for Federal-aid highways, highway safety programs, and transit programs, and for other purposes.","Cloture Motion Agreed to (75-11, 3/5 majority required)",'3/5',39,6,0,6,35,5,0,8,1,0,0,0,75,11,0,14,
8,108,2,PN539,"February 4, 2004,  04:09 PM",On the Nomination PN539,"Confirmation Mark R. Filip, of Illinois, To Be U. S. District Judge","Mark R. Filip, of Illinois, to be United States District Judge for the Northern District of Illinois",Nomination Confirmed (96-0),'1/2',51,0,0,0,44,0,0,4,1,0,0,0,96,0,0,4,
9,108,2,,"February 11, 2004,  11:30 AM","On the Motion to Table S.Amdt. 2286 to S.Amdt. 2285 to S. 1072 (Safe, Accountable, Flexible, and Efficient Transportation Equity Act of 2004)","Motion To Table Warner Amdt. No 2286, as Modified",To provide a highway safety improvement program that includes incentives to States to enact primary safety belt laws.,Motion to Table Agreed to (57-41),'1/2',41,10,0,0,15,31,0,2,1,0,0,0,57,41,0,2,
10,108,2,,"February 12, 2004,  09:00 AM","On the Cloture Motion S.Amdt. 2285 to S. 1072 (Safe, Accountable, Flexible, and Efficient Transportation Equity Act of 2004)",Motion To Invoke Cloture On The Inhofe Amdt. No. 2285 To S.1072,To provide a complete substitute.,"Cloture Motion Agreed to (86-11, 3/5 majority required)",'3/5',43,8,0,0,42,3,0,3,1,0,0,0,86,11,0,3,
11,108,2,,"February 12, 2004,  10:53 AM","On the Amendment S.Amdt. 2388 to S.Amdt. 2285 to S. 1072 (Safe, Accountable, Flexible, and Efficient Transportation Equity Act of 2004)",Hutchinson Amdt. No. 2388,To provide for the distribution of funds under the infrastructure performance and maintenance program.,Amendment Rejected (17-78),'1/2',7,42,0,2,10,35,0,3,0,1,0,0,17,78,0,5,
12,108,2,,"February 12, 2004,  02:39 PM","On the Point of Order S.Amdt. 2285 to S. 1072 (Safe, Accountable, Flexible, and Efficient Transportation Equity Act of 2004)",Motion To Waive C.B.A. Re: Inhofe Amdt No 2285 and S. 1072,To provide a complete substitute.,"Point of Order Not Sustained (72-24, 3/5 majority required)",'3/5',30,20,0,1,41,4,0,3,1,0,0,0,72,24,0,4,
13,108,2,,"February 12, 2004,  03:27 PM","On the Amendment S.Amdt. 2473 to S. 1072 (Safe, Accountable, Flexible, and Efficient Transportation Equity Act of 2004)",Kyl Amdt. No. 2473,To provide for a substitute to title V.,Amendment Rejected (20-78),'1/2',18,33,0,0,2,44,0,2,0,1,0,0,20,78,0,2,
14,108,2,S. 1072,"February 12, 2004,  06:33 PM",On Passage of the Bill S. 1072,S. 1072: As Amended,"A bill to authorize funds for Federal-aid highways, highway safety programs, and transit programs, and for other purposes.",Bill Passed (76-21),'1/2',34,17,0,0,41,4,0,3,1,0,0,0,76,21,0,3,
15,108,2,S. 2061,"February 24, 2004,  05:08 PM",On the Motion (Motion To Invoke Cloture On The Motion To Proceed To Consider S. 2061),Motion To Invoke Cloture On The Motion To Proceed To Consider S. 2061,A bill to improve women's health access to health care services and provide improved medical care by reducing the excessive burden the liability system places on the delivery of obstetrical and gynecological services.,"Motion Rejected (48-45, 3/5 majority required)",'3/5',47,3,0,1,1,41,0,6,0,1,0,0,48,45,0,7,
16,108,2,S. 1805,"February 25, 2004,  10:31 AM","On the Motion (Motion To Invoke Cloture On The Motion To Proceed To S. 1805

)","Motion To Invoke Cloture On The Motion To Proceed To S. 1805

","A bill to prohibit civil liability actions from being brought or continued against manufacturers, distributors, dealers, or importers of firearms or ammunition for damages resulting from the misuse of their products by others.","Motion Agreed to (75-22, 3/5 majority required)",'3/5',50,1,0,0,24,21,0,3,1,0,0,0,75,22,0,3,
17,108,2,,"February 26, 2004,  11:03 AM",On the Amendment S.Amdt. 2620 to S. 1805 (Protection of Lawful Commerce in Arms Act),Boxer Amdt. No. 2620 As Amended,"To amend chapter 44 of title 18, United States Code, to require the provision of a child safety device in connection with the transfer of a handgun and to provide safety standards for child safety devices.",Amendment Agreed to (70-27),'1/2',25,25,0,1,44,2,0,2,1,0,0,0,70,27,0,3,
18,108,2,,"February 26, 2004,  04:06 PM",On the Motion (Motion To Waive CBA Cantwell Amdt. No. 2617),Motion To Waive CBA Cantwell Amdt. No. 2617,"To extend and expand the Temporary Extended Unemployment Compensation Act of 2002, and for other purposes.","Motion Rejected (58-39, 3/5 majority required)",'3/5',12,38,0,1,45,1,0,2,1,0,0,0,58,39,0,3,
19,108,2,,"February 26, 2004,  06:01 PM",On the Amendment S.Amdt. 2628 to S. 1805 (Protection of Lawful Commerce in Arms Act),Frist Amdt. No. 2628,To exempt any lawsuit involving a shooting victim of John Allen Muhammad or John Lee Malvo from the definition of qualified civil liability action that meets certain requirements.,Amendment Agreed to (59-37),'1/2',45,4,0,2,14,32,0,2,0,1,0,0,59,37,0,4,
20,108,2,,"February 26, 2004,  06:35 PM",On the Amendment S.Amdt. 2627 to S. 1805 (Protection of Lawful Commerce in Arms Act),Mikulski Amdt. No. 2627,To exempt lawsuits involving a shooting victim of John Allen Muhammad or Lee Boyd Malvo from the definition of qualified civil liability action.,Amendment Rejected (40-56),'1/2',3,46,0,2,36,10,0,2,1,0,0,0,40,56,0,4,
21,108,2,,"February 26, 2004,  07:47 PM",On the Amendment S.Amdt. 2630 to S. 1805 (Protection of Lawful Commerce in Arms Act),Frist Amdt. No. 2630,To protect the rights of law enforcement officers who are victimized by crime to secure compensation from those who participate in the arming of criminals.,Amendment Agreed to (60-34),'1/2',44,4,0,3,16,29,0,3,0,1,0,0,60,34,0,6,
22,108,2,,"February 26, 2004,  08:16 PM",On the Amendment S.Amdt. 2629 to S. 1805 (Protection of Lawful Commerce in Arms Act),Corzine Amdt. 2629,To protect the rights of law enforcement officers who are victimized by crime to secure compensation from those who participate in the arming of criminals.,Amendment Rejected (38-56),'1/2',3,45,0,3,34,11,0,3,1,0,0,0,38,56,0,6,
23,108,2,,"March 1, 2004,  05:01 PM",On the Amendment S.Amdt. 2635 to S. 1805 (Protection of Lawful Commerce in Arms Act),Bingaman amdt. No. 2635,To modify the definition of reasonably foreseeable.,Amendment Rejected (28-59),'1/2',4,43,0,4,24,15,0,9,0,1,0,0,28,59,0,13,
24,108,2,,"March 2, 2004,  11:38 AM",On the Amendment S.Amdt. 2637 to S. 1805 (Protection of Lawful Commerce in Arms Act),Feinstein Amdt. No. 2637,To provide for a 10-year extension of the assault weapons ban.,Amendment Agreed to (52-47),'1/2',10,41,0,0,41,6,0,1,1,0,0,0,52,47,0,1,
25,108,2,,"March 2, 2004,  12:09 PM",On the Amendment S.Amdt. 2636 to S. 1805 (Protection of Lawful Commerce in Arms Act),McCain Amdt. No. 2636,"To require criminal background checks on all firearms transactions occurring at events that provide a venue for the sale, offer for sale, transfer, or exchange of firearms, and for other purposes.",Amendment Agreed to (53-46),'1/2',8,43,0,0,44,3,0,1,1,0,0,0,53,46,0,1,
26,108,2,,"March 2, 2004,  12:46 PM",On the Amendment S.Amdt. 2623 to S. 1805 (Protection of Lawful Commerce in Arms Act),Campbell Amdt. No. 2623,"To amend title 18, United States Code, to exempt qualified current and former law enforcement officers from State laws prohibiting the carrying of concealed handguns.",Amendment Agreed to (91-8),'1/2',50,1,0,0,40,7,0,1,1,0,0,0,91,8,0,1,
27,108,2,,"March 2, 2004,  02:23 PM",On the Amendment S.Amdt. 2625 to S. 1805 (Protection of Lawful Commerce in Arms Act),Frist Amdt. No. 2625,"To regulate the sale and possession of armor piercing ammunition, and for other purposes.",Amendment Agreed to (85-12),'1/2',50,0,0,1,34,12,0,2,1,0,0,0,85,12,0,3,
28,108,2,,"March 2, 2004,  02:57 PM",On the Amendment S.Amdt. 2619 to S. 1805 (Protection of Lawful Commerce in Arms Act),Kennedy Amdt. 2619,To expand the definition of armor piercing ammunition and to require the Attorney General to promulgate standards for the uniform testing of projectiles against body armor.,Amendment Rejected (34-63),'1/2',1,49,0,1,33,13,0,2,0,1,0,0,34,63,0,3,
29,108,2,,"March 2, 2004,  03:20 PM",On the Motion to Table S.Amdt. 2631 to S. 1805 (Protection of Lawful Commerce in Arms Act),Motion to table Levin Amdt. No. 2631,To exempt any civil action against a person from the provisions of the bill if the gross negligence or reckless conduct of the person proximately caused death or injury.,Motion to Table Agreed to (56-41),'1/2',45,5,0,1,11,35,0,2,0,1,0,0,56,41,0,3,
30,108,2,S. 1805,"March 2, 2004,  03:51 PM",On Passage of the Bill S. 1805,S. 1805 as amended,"A bill to prohibit civil liability actions from being brought or continued against manufacturers, distributors, dealers, or importers of firearms or ammunition for damages resulting from the misuse of their products by others.",Bill Defeated (8-90),'1/2',3,48,0,0,5,41,0,2,0,1,0,0,8,90,0,2,
31,108,2,,"March 3, 2004,  03:31 PM",On the Amendment S.Amdt. 2647 to S. 1637 (Jumpstart Our Business Strength (JOBS) Act),Hatch Amdt. No. 2647: as amended,To extend and modify the research credit.,Amendment Agreed to (93-0),'1/2',51,0,0,0,41,0,0,7,1,0,0,0,93,0,0,7,
32,108,2,,"March 4, 2004,  04:00 PM",On the Amendment S.Amdt. 2660 to S. 1637 (Jumpstart Our Business Strength (JOBS) Act),"Dodd Amdt. No. 2660, as modified and amended",To protect United States workers from competition of foreign workforces for performance of Federal and State contracts.,Amendment Agreed to (70-26),'1/2',25,26,0,0,44,0,0,4,1,0,0,0,70,26,0,4,
33,108,2,,"March 9, 2004,  02:43 PM",On the Amendment S.Amdt. 2704 to S.Con.Res. 95 (No short title on file),Conrad Amdt. No. 2704,To establish a 60-vote point of order against the consideration of any direct spending or revenue legislation that would increase the on-budget deficit in any fiscal year.,Amendment Rejected (46-51),'1/2',1,50,0,0,44,1,0,3,1,0,0,0,46,51,0,3,
34,108,2,,"March 9, 2004,  06:02 PM",On the Amendment S.Amdt. 2710 to S.Con.Res. 95 (No short title on file),Daschle Amdt. No. 2710,To create a reserve fund to allow for an increase in Veterans' medical care by $2.7 billion and lower the national debt by reducing the President's tax breaks for taxpayers with incomes in excess of $1 million a year.,Amendment Rejected (44-53),'1/2',1,50,0,0,42,3,0,3,1,0,0,0,44,53,0,3,
35,108,2,,"March 10, 2004,  01:35 PM",On the Amendment S.Amdt. 2719 to S.Con.Res. 95 (No short title on file),Murray Amdt. No. 2719,To fully fund the No Child Left Behind Act for fiscal year 2005 and lower the national debt by closing tax loopholes.,Amendment Rejected (46-52),'1/2',0,51,0,0,45,1,0,2,1,0,0,0,46,52,0,2,
36,108,2,,"March 10, 2004,  05:55 PM",On the Amendment S.Amdt. 2735 to S.Con.Res. 95 (No short title on file),Byrd Amdt. No. 2735,To provide for consideration of tax cuts outside of reconciliation.,Amendment Rejected (47-52),'1/2',1,50,0,0,45,2,0,1,1,0,0,0,47,52,0,1,
37,108,2,,"March 10, 2004,  06:29 PM",On the Amendment S.Amdt. 2742 to S.Con.Res. 95 (No short title on file),Warner Amdt. No. 2742,To increase the amounts provided for national defense for fiscal year 2005 for new budget activity and for outlays.,Amendment Agreed to (95-4),'1/2',50,1,0,0,45,2,0,1,0,1,0,0,95,4,0,1,
38,108,2,,"March 10, 2004,  06:52 PM",On the Amendment S.Amdt. 2748 to S.Con.Res. 95 (No short title on file),Feingold Amdt. No. 2748,To fully reinstate the pay-as-you-go requirement.,Amendment Agreed to (51-48),'1/2',4,47,0,0,46,1,0,1,1,0,0,0,51,48,0,1,
39,108,2,,"March 10, 2004,  09:05 PM",On the Amendment S.Amdt. 2751 to S.Con.Res. 95 (No short title on file),Baucus Amdt. No. 2751,To strike the outlay reconciliation instruction to the Committee on Finance.,Amendment Agreed to (53-43),'1/2',8,42,0,1,44,1,0,3,1,0,0,0,53,43,0,4,
40,108,2,,"March 10, 2004,  09:34 PM",On the Amendment S.Amdt. 2745 to S.Con.Res. 95 (No short title on file),Nelson Amdt. No. 2745,To create a reserve fund to allow for an increase in Veterans' medical care by $1.8 billion by eliminating abusive tax loopholes.,Amendment Rejected (46-51),'1/2',0,50,0,1,45,1,0,2,1,0,0,0,46,51,0,3,
41,108,2,,"March 11, 2004,  04:36 PM",On the Amendment S.Amdt. 2783 to S.Con.Res. 95 (No short title on file),Boxer Amdt. No. 2783,Relative to job creation and taxes.,Amendment Rejected (41-53),'1/2',0,49,0,2,40,4,0,4,1,0,0,0,41,53,0,6,
42,108,2,,"March 11, 2004,  05:11 PM",On the Amendment S.Amdt. 2789 to S.Con.Res. 95 (No short title on file),Sarbanes Amdt. No. 2789,To fully fund the FIRE and SAFER Acts and reduce tax breaks for certain individuals.,Amendment Rejected (41-55),'1/2',0,51,0,0,40,4,0,4,1,0,0,0,41,55,0,4,
43,108,2,S.Res. 319,"March 11, 2004,  05:40 PM",On the Resolution S.Res. 319,S. Res. 319,"A resolution expressing the sense of the Senate with respect to the deadly terrorist attacks against the people of Spain that occurred on March 11, 2004.",Resolution Agreed to (96-0),'1/2',51,0,0,0,44,0,0,4,1,0,0,0,96,0,0,4,
44,108,2,,"March 11, 2004,  06:00 PM",On the Amendment S.Amdt. 2793 to S.Con.Res. 95 (No short title on file),Dorgan Amdt. No. 2793,"To increase funding for COPS, Byre grants, and Local Law Enforcement Block Grants, and reduce tax breaks for certain individuals.",Amendment Rejected (41-55),'1/2',0,51,0,0,40,4,0,4,1,0,0,0,41,55,0,4,
45,108,2,,"March 11, 2004,  06:19 PM",On the Amendment S.Amdt. 2703 to S.Con.Res. 95 (No short title on file),Lautenberg Amdt.No. 2703,"To reduce debt and require the industries responsible for producing products that contaminate toxic waste sites and industries who are exempt from liability for such contamination, to help pay for the cleanup by reinstating the Superfund polluter pays fees, and to reduce the deficit.",Amendment Rejected (44-52),'1/2',4,47,0,0,39,5,0,4,1,0,0,0,44,52,0,4,
46,108,2,,"March 11, 2004,  06:37 PM",On the Amendment S.Amdt. 2799 to S.Con.Res. 95 (No short title on file),Harkin Amdt. No. 2799,"To provide for increased resources for medical research, disease control, wellness, tobacco cessation and preventative health efforts including substance abuse and mental health services, establishing a fund for this purpose, offset by an increase in the cigarette tax to $1 and proportional increases in other tobacco excise taxes and deficit reduction.",Amendment Rejected (32-64),'1/2',2,49,0,0,29,15,0,4,1,0,0,0,32,64,0,4,
47,108,2,,"March 11, 2004,  06:54 PM",On the Amendment S.Amdt. 2803 to S.Con.Res. 95 (No short title on file),Lincoln Amdt. No. 2803,"To provide $60 billion over five years for greater health security for working Americans and their families through a combination of public and private efforts to expand quality, affordable health insurance coverage and cut health care costs by eliminating certain tax loopholes.",Amendment Rejected (43-53),'1/2',0,51,0,0,42,2,0,4,1,0,0,0,43,53,0,4,
48,108,2,,"March 11, 2004,  07:28 PM",On the Amendment S.Amdt. 2804 to S.Con.Res. 95 (No short title on file),Byrd Amdt. No. 2804,"To provide responsible restraints on discretionary funding while providing adequate resources for education, veterans, homeland security, and other critical domestic priorities and fully offsetting the cost by closing corporate tax loopholes, improving tax enforcement and reducing tax breaks for certain individuals.",Amendment Rejected (43-53),'1/2',0,50,0,1,42,3,0,3,1,0,0,0,43,53,0,4,
49,108,2,,"March 11, 2004,  07:28 PM",On the Motion (Motion To Waive CBA Bingaman Amdt. No. 2765),Motion To Waive CBA Bingaman Amdt. No. 2765,To ensure that legislation is not enacted that increases the number of taxpayers affected by the alternative minimum tax.,"Motion Rejected (43-53, 3/5 majority required)",'3/5',0,50,0,1,42,3,0,3,1,0,0,0,43,53,0,4,
50,108,2,,"March 11, 2004,  07:50 PM",On the Amendment S.Amdt. 2807 to S.Con.Res. 95 (No short title on file),Lieberman Amdt. No. 2807,To restore cuts and increase funding for homeland security programs and reduce the debt by reducing the President's tax breaks for taxpayers with incomes in excess of $1 million a year.,Amendment Rejected (40-57),'1/2',0,51,0,0,39,6,0,3,1,0,0,0,40,57,0,3,
51,108,2,,"March 11, 2004,  08:10 PM",On the Amendment S.Amdt. 2725 to S.Con.Res. 95 (No short title on file),Kennedy Amdt. No. 2725,"To create a reserve fund to finance an increase in the maximum Pell Grant that keeps pace with the rate of increase in public college tuition, extend Pell Grants to 500,000 new recipients, and close certain tax loopholes.",Amendment Rejected (44-53),'1/2',1,50,0,0,42,3,0,3,1,0,0,0,44,53,0,3,
52,108,2,,"March 11, 2004,  08:35 PM",On the Amendment S.Amdt. 2774 to S.Con.Res. 95 (No short title on file),Daschle Amdt. No.2774,To create a reserve fund to allow for an increase in Indian Health Service Clinical Services by $3.44 billion and lower the national debt by eliminating abusive tax loopholes or reducing tax breaks for individuals with incomes in excess of $1 million per year.,Amendment Rejected (42-54),'1/2',0,51,0,0,41,3,0,4,1,0,0,0,42,54,0,4,
53,108,2,,"March 11, 2004,  08:59 PM",On the Amendment S.Amdt. 2762 to S.Con.Res. 95 (No short title on file),Dodd Amdt. No. 2762,To create a reserve fund to allow for an increase in the 21st Century Community Learning Centers Program by $1 billion and lower the national debt by eliminating tax loopholes.,Amendment Rejected (42-54),'1/2',0,51,0,0,41,3,0,4,1,0,0,0,42,54,0,4,
54,108,2,,"March 11, 2004,  10:18 PM",On the Amendment S.Amdt. 2817 to S.Con.Res. 95 (No short title on file),Levin Amdt. No. 2817,"To lower crude oil prices resulting from the cancellation of planned future deliveries of oil to the Strategic Petroleum Reserve and using the funding made available to provide $1.7 billion in funding for homeland security grants for first responders, firefighter assistance, and port security, and to reduce the debt.",Amendment Agreed to (52-43),'1/2',14,36,0,1,37,7,0,4,1,0,0,0,52,43,0,5,
55,108,2,,"March 11, 2004,  11:08 PM",On the Motion (Motion To Waive McConnell Amdt. No. 2840),Motion To Waive McConnell Amdt. No. 2840,"To prohibit future income tax hikes on upper incomes that fail to exempt small businesses that file individual income tax returns as partnerships, sole proprietors, or subchapter S corporations.","Motion Rejected (51-45, 3/5 majority required)",'3/5',50,1,0,0,1,43,0,4,0,1,0,0,51,45,0,4,
56,108,2,,"March 11, 2004,  11:16 PM",On the Amendment S.Amdt. 2741 to S.Con.Res. 95 (No short title on file),Specter Amdt. No. 2741 as modified,"Increase discretionary health funding by $2,000,000,000.",Amendment Agreed to (72-24),'1/2',28,23,0,0,43,1,0,4,1,0,0,0,72,24,0,4,
57,108,2,,"March 11, 2004,  11:44 PM",On the Amendment S.Amdt. 2797 to S.Con.Res. 95 (No short title on file),Lautenberg Amdt. 2797,To strike the provision for raising the debt limit.,Amendment Rejected (42-54),'1/2',0,51,0,0,41,3,0,4,1,0,0,0,42,54,0,4,
58,108,2,S.Con.Res. 95,"March 12, 2004,  01:08 AM",On the Concurrent Resolution S.Con.Res. 95,S. Con. Res. 95,An original concurrent resolution setting forth the congressional budget for the United States Government for fiscal year 2005 and including the appropriate budgetary levels for fiscal years 2006 through 2009.,Concurrent Resolution Agreed to (51-45),'1/2',50,1,0,0,1,43,0,4,0,1,0,0,51,45,0,4,
59,108,2,PN968,"March 12, 2004,  01:28 AM",On the Nomination PN968,Confirmation Louis Guirola to be U.S. District Judge for the Southern District of Mississippi,"Louis Guirola, Jr., of Mississippi, to be United States District Judge for the Southern District of Mississippi",Nomination Confirmed (92-0),'1/2',49,0,0,2,43,0,0,5,0,0,0,1,92,0,0,8,
60,108,2,S. 1637,"March 24, 2004,  11:36 AM",On the Cloture Motion S. 1637,Motion To Invoke Cloture on the Motion to Recommit S. 1637 to the Committee on Finance with Instructions,"A bill to amend the Internal Revenue Code of 1986 to comply with the World Trade Organization rulings on the FSC/ETI benefit in a manner that preserves jobs and production activities in the United States, to reform and simplify the international taxation rules of the United States, and for other purposes.","Cloture Motion Rejected (51-47, 3/5 majority required)",'3/5',50,1,0,0,1,45,0,2,0,1,0,0,51,47,0,2,
61,108,2,,"March 25, 2004,  02:49 PM",On the Amendment S.Amdt. 2858 to H.R. 1997 (Unborn Victims of Violence Act of 2004),Feinstein Amdt. No. 2858,In the nature of a substitute.,Amendment Rejected (49-50),'1/2',4,47,0,0,44,3,0,1,1,0,0,0,49,50,0,1,
62,108,2,,"March 25, 2004,  05:13 PM",On the Motion (Motion To Waive CBA RE: Murray AMDT. No. 2859),Motion To Waive CBA RE: Murray AMDT. No. 2859,To provide for domestic violence prevention.,"Motion Rejected (46-53, 3/5 majority required)",'3/5',1,50,0,0,44,3,0,1,1,0,0,0,46,53,0,1,
63,108,2,H.R. 1997,"March 25, 2004,  05:39 PM",On Passage of the Bill H.R. 1997,H. R. 1997,"A bill to amend title 18, United States Code, and the Uniform Code of Military Justice to protect unborn children from assault and murder, and for other purposes.",Bill Passed (61-38),'1/2',48,2,0,1,13,35,0,0,0,1,0,0,61,38,0,1,
64,108,2,,"March 30, 2004,  12:14 PM",On the Amendment S.Amdt. 2937 to H.R. 4 (PRIDE Act),Snowe Amdt. No. 2937,To provide additional funding for child care.,Amendment Agreed to (78-20),'1/2',31,19,0,1,46,1,0,1,1,0,0,0,78,20,0,2,
65,108,2,H.R. 4,"April 1, 2004,  12:12 PM",On the Motion (Motion To Invoke Cloture On The Committee Substitute To H. R. 4),Motion To Invoke Cloture On The Committee Substitute To H. R. 4,"A bill to reauthorize and improve the program of block grants to States for temporary assistance for needy families, improve access to quality child care, and for other purposes.","Motion Rejected (51-47, 3/5 majority required)",'3/5',50,0,0,1,1,46,0,1,0,1,0,0,51,47,0,2,
66,108,2,S. 2207,"April 7, 2004,  02:16 PM",On the Cloture Motion S. 2207,Motion To Invoke Cloture on the Motion to Proceed to Consider S. 2207,"A bill to improve women's access to health care services, and the access of all individuals to emergency and trauma care services, by reducing the excessive burden the liability system places on the delivery of such services.","Cloture Motion Rejected (49-48, 3/5 majority required)",'3/5',48,3,0,0,1,44,0,3,0,1,0,0,49,48,0,3,
67,108,2,S. 1637,"April 7, 2004,  02:41 PM",On the Cloture Motion S. 1637,"Motion to Invoke Cloture on the Motion to Recommit S. 1637 to the Committee on Finance, with Instructions.","A bill to amend the Internal Revenue Code of 1986 to comply with the World Trade Organization rulings on the FSC/ETI benefit in a manner that preserves jobs and production activities in the United States, to reform and simplify the international taxation rules of the United States, and for other purposes.","Cloture Motion Rejected (50-47, 3/5 majority required)",'3/5',47,4,0,0,3,42,0,3,0,1,0,0,50,47,0,3,
68,108,2,H.R. 3108,"April 8, 2004,  02:44 PM",On the Conference Report H.R. 3108,H.R. 3108 Conference Report,"A bill to amend the Employee Retirement Income Security Act of 1974 and the Internal Revenue Code of 1986 to temporarily replace the 30-year Treasury rate with a rate based on long-term corporate bonds for certain pension plan funding requirements and other provisions, and for other purposes.",Conference Report Agreed to (78-19),'1/2',44,7,0,0,33,12,0,3,1,0,0,0,78,19,0,3,
69,108,2,S. 2290,"April 22, 2004,  12:01 PM",On the Cloture Motion S. 2290,Motion to Invoke Cloture on the Motion to Proceed to Consider S. 2290,"A bill to create a fair and efficient system to resolve claims of victims for bodily injury caused by asbestos exposure, and for other purposes.","Cloture Motion Rejected (50-47, 3/5 majority required)",'3/5',49,0,0,2,1,46,0,1,0,1,0,0,50,47,0,3,
70,108,2,S. 2329,"April 22, 2004,  02:31 PM",On Passage of the Bill S. 2329,"S. 2329, As Amended",A bill to protect crime victims' rights.,Bill Passed (96-1),'1/2',49,0,0,2,46,1,0,1,1,0,0,0,96,1,0,3,
71,108,2,S. 150,"April 26, 2004,  05:32 PM",On the Cloture Motion S. 150,Motion to Invoke Cloture on the Motion to Proceed to Consider S. 150 ,A bill to make permanent the moratorium on taxes on Internet access and multiple and discriminatory taxes on electronic commerce imposed by the Internet Tax Freedom Act.,"Cloture Motion Agreed to (74-11, 3/5 majority required)",'3/5',44,2,0,5,30,8,0,10,0,1,0,0,74,11,0,15,
72,108,2,,"April 27, 2004,  03:41 PM",On the Motion to Table S.Amdt. 3049 to S.Amdt. 3048 to S. 150 (Internet Tax Nondiscrimination Act),Motion to Table Hutchison Amdt. No. 3049,To change the definition of Internet access service.,Motion to Table Agreed to (64-32),'1/2',41,8,0,2,23,23,0,2,0,1,0,0,64,32,0,4,
73,108,2,,"April 29, 2004,  12:10 PM",On the Cloture Motion S.Amdt. 3050 to S. 150 (Internet Tax Nondiscrimination Act),Motion To Invoke Cloutre on the Daschle Amdt. No. 3050,"To eliminate methyl tertiary butyl ether from the United States fuel supply, to increase production and use of renewable fuel, and to increase the Nation's energy independence.","Cloture Motion Rejected (40-59, 3/5 majority required)",'3/5',2,49,0,0,37,10,0,1,1,0,0,0,40,59,0,1,
74,108,2,,"April 29, 2004,  12:40 PM",On the Cloture Motion S.Amdt. 3051 to S.Amdt. 3050 to S. 150 (Internet Tax Nondiscrimination Act),Motion to Invoke Cloture on the Domenici Amdt. No. 3051,To enhance energy conservation and research and development and to provide for security and diversity in the energy supply for the American people.,"Cloture Motion Rejected (55-43, 3/5 majority required)",'3/5',39,12,0,0,16,30,0,2,0,1,0,0,55,43,0,2,
75,108,2,,"April 29, 2004,  01:07 PM",On the Cloture Motion S.Amdt. 3048 to S. 150 (Internet Tax Nondiscrimination Act),Motion To Invoke Cloture on the McCain Amdt. No. 3048,"To extend the moratorium on taxes on Internet access and multiple and discriminatory taxes on electronic commerce imposed by the Internet Tax Freedom Act for 4 years, and for other purposes.","Cloture Motion Agreed to (64-34, 3/5 majority required)",'3/5',46,5,0,0,18,28,0,2,0,1,0,0,64,34,0,2,
76,108,2,,"April 29, 2004,  05:33 PM",On the Motion to Table S.Amdt. 3052 to S.Amdt. 3048 to S. 150 (Internet Tax Nondiscrimination Act),Motion To Table Feinstein Amdt. No. 3052,To extend the grandfather clauses for the term of the moratorium extension.,Motion to Table Agreed to (59-37),'1/2',43,6,0,2,16,30,0,2,0,1,0,0,59,37,0,4,
77,108,2,S. 150,"April 29, 2004,  06:01 PM",On Passage of the Bill S. 150,S. 150 As Amended,A bill to make permanent the moratorium on taxes on Internet access and multiple and discriminatory taxes on electronic commerce imposed by the Internet Tax Freedom Act.,Bill Passed (93-3),'1/2',49,0,0,2,43,3,0,2,1,0,0,0,93,3,0,4,
78,108,2,,"May 4, 2004,  03:34 PM",On the Amendment S.Amdt. 3111 to S. 1637 (Jumpstart Our Business Strength (JOBS) Act),Gregg Amdt. No. 3111,To amend the Fair Labor Standards Act of 1938 to clarify provisions relating to overtime pay.,Amendment Agreed to (99-0),'1/2',51,0,0,0,47,0,0,1,1,0,0,0,99,0,0,1,
79,108,2,,"May 4, 2004,  04:05 PM",On the Amendment S.Amdt. 3107 to S. 1637 (Jumpstart Our Business Strength (JOBS) Act),Harkin Amdt. No. 3107,To amend the Fair Labor Standards Act of 1938 to clarify provisions relating to overtime pay.,Amendment Agreed to (52-47),'1/2',5,46,0,0,46,1,0,1,1,0,0,0,52,47,0,1,
80,108,2,,"May 4, 2004,  05:31 PM",On the Motion (Motion To Waive CBA Re: Wyden Amdt. No. 3109 As Modified),Motion To Waive CBA Re: Wyden Amdt. No. 3109 As Modified,"To provide trade adjustment assistance for service workers, and for other purposes.","Motion Rejected (54-45, 3/5 majority required)",'3/5',8,43,0,0,45,2,0,1,1,0,0,0,54,45,0,1,
81,108,2,,"May 5, 2004,  02:46 PM",On the Amendment S.Amdt. 3117 to S. 1637 (Jumpstart Our Business Strength (JOBS) Act),Breaux Amdt. No. 3117,To limit the amount of deferred foreign income that can be repatriated at a lower rate.,Amendment Rejected (31-68),'1/2',1,50,0,0,30,17,0,1,0,1,0,0,31,68,0,1,
82,108,2,,"May 5, 2004,  03:16 PM",On the Amendment S.Amdt. 3112 to S. 1637 (Jumpstart Our Business Strength (JOBS) Act),Graham (FL) Amdt. No. 3112,"To strike the deduction relating to income attributable to United States production activities and the international tax provisions and allow a credit for manufacturing wages, and for other purposes.",Amendment Rejected (22-77),'1/2',0,51,0,0,22,25,0,1,0,1,0,0,22,77,0,1,
83,108,2,,"May 5, 2004,  04:58 PM",On the Motion to Table S.Amdt. 3110 to S. 1637 (Jumpstart Our Business Strength (JOBS) Act),Motion To Table Dorgan Amdt. No. 3110,"To provide for the taxation of income of controlled foreign corporations attributable to imported property, and for other purposes.",Motion to Table Agreed to (60-39),'1/2',51,0,0,0,8,39,0,1,1,0,0,0,60,39,0,1,
84,108,2,,"May 5, 2004,  05:31 PM",On the Amendment S.Amdt. 3118 to S. 1637 (Jumpstart Our Business Strength (JOBS) Act),Allard Amdt. No. 3118,"To provide for a brownfields demonstration program for qualified green building and sustainable design projects, and for other purposes.",Amendment Agreed to (76-23),'1/2',34,17,0,0,42,5,0,1,0,1,0,0,76,23,0,1,
85,108,2,PN1542,"May 6, 2004,  04:34 PM",On the Nomination PN1542,"Confirmation John D. Negroponte, of New York, to be Ambassador of the United States to Iraq","John D. Negroponte, of New York, to be Ambassador to Iraq",Nomination Confirmed (95-3),'1/2',50,0,0,1,44,3,0,1,1,0,0,0,95,3,0,2,
86,108,2,S.Res. 356,"May 10, 2004,  05:31 PM",On the Resolution S.Res. 356,S. Res. 356,"A resolution condemning the abuse of Iraqi prisoners at Abu Ghraib prison, urging a full and complete investigation to ensure justice is served, and expressing support for all Americans serving nobly in Iraq.",Resolution Agreed to (92-0),'1/2',47,0,0,4,44,0,0,4,1,0,0,0,92,0,0,8,
87,108,2,S. 1637,"May 11, 2004,  11:59 AM",On the Cloture Motion S. 1637,Motion to Invoke Cloture on S. 1637,"A bill to amend the Internal Revenue Code of 1986 to comply with the World Trade Organization rulings on the FSC/ETI benefit in a manner that preserves jobs and production activities in the United States, to reform and simplify the international taxation rules of the United States, and for other purposes.","Cloture Motion Agreed to (90-8, 3/5 majority required)",'3/5',48,3,0,0,41,5,0,2,1,0,0,0,90,8,0,2,
88,108,2,,"May 11, 2004,  12:37 PM",On the Motion (Motion to Waive CBA Re: Cantwell Amdt. No. 3114),Motion to Waive CBA Re: Cantwell Amdt. No. 3114,"To extend the Temporary Extended Unemployment Compensation Act of 2002, and for other purposes.","Motion Rejected (59-40, 3/5 majority required)",'3/5',12,39,0,0,46,1,0,1,1,0,0,0,59,40,0,1,
89,108,2,,"May 11, 2004,  03:14 PM",On the Amendment S.Amdt. 3129 to S. 1637 (Jumpstart Our Business Strength (JOBS) Act),McCain Amdt. No. 3129,To strike provisions relating to energy tax incentives.,Amendment Rejected (13-85),'1/2',4,47,0,0,9,37,0,2,0,1,0,0,13,85,0,2,
90,108,2,,"May 11, 2004,  04:50 PM",On the Amendment S.Amdt. 3134 to S. 1637 (Jumpstart Our Business Strength (JOBS) Act),Hollings Amdt. No. 3134,To strike the international tax provisions that are unrelated to the FSC/ETI repeal and eliminate the phase-in of the deduction for qualified production activities income.,Amendment Rejected (23-74),'1/2',0,50,0,1,22,24,0,2,1,0,0,0,23,74,0,3,
91,108,2,S. 1637,"May 11, 2004,  06:28 PM",On Passage of the Bill S. 1637,S. 1637 As Amended,"A bill to amend the Internal Revenue Code of 1986 to comply with the World Trade Organization rulings on the FSC/ETI benefit in a manner that preserves jobs and production activities in the United States, to reform and simplify the international taxation rules of the United States, and for other purposes.",Bill Passed (92-5),'1/2',47,3,0,1,44,2,0,2,1,0,0,0,92,5,0,3,
92,108,2,,"May 12, 2004,  01:43 PM",On the Amendment S.Amdt. 3145 to S. 1248 (Individuals with Disabilities Education Improvement Act of 2003),Gregg Amdt. No. 3145,To authorize appropriations for part B of the Individuals with Disabilities Education Act.,Amendment Agreed to (96-1),'1/2',49,1,0,1,46,0,0,2,1,0,0,0,96,1,0,3,
93,108,2,,"May 12, 2004,  02:14 PM",On the Motion (Motion to Waive CBA Re: Harkin Amdt. No. 3144),Motion to Waive CBA Re: Harkin Amdt. No. 3144,"to amend part B of the Individuals with Disabilities Education Act to reach full Federal funding of such part in 6 years, and for other purposes.","Motion Rejected (56-41, 3/5 majority required)",'3/5',10,40,0,1,45,1,0,2,1,0,0,0,56,41,0,3,
94,108,2,H.R. 1350,"May 13, 2004,  12:09 PM",On Passage of the Bill H.R. 1350,H.R. 1350 as Amended,"A bill to reauthorize the Individuals with Disabilities Education Act, and for other purposes.",Bill Passed (95-3),'1/2',50,0,0,1,45,2,0,1,0,1,0,0,95,3,0,2,
95,108,2,,"May 17, 2004,  05:30 PM",On the Amendment S.Amdt. 3152 to S. 2400 (Ronald W. Reagan National Defense Authorization Act for Fiscal Year 2005),Hutchison Amdt. No. 3152,"To authorize medical and dental care for cadets and midshipmen, and to authorize disability benefits for cadets and midshipmen of the service academies,",Amendment Agreed to (82-0),'1/2',44,0,0,7,38,0,0,10,0,0,0,1,82,0,0,18,
96,108,2,H.R. 3104,"May 18, 2004,  11:34 AM",On Passage of the Bill H.R. 3104,"H. R. 3104

",To provide for the establishment of separate campaign medals to be awarded to members of the uniformed services who participate in Operation Enduring Freedom and to members of the uniformed services who participate in Operation Iraqi Freedom.,Bill Passed (98-0),'1/2',51,0,0,0,46,0,0,2,1,0,0,0,98,0,0,2,
97,108,2,PN1175,"May 18, 2004,  02:34 PM",On the Nomination PN1175,"Confirmation on the Nomination of Marcia Cooke, of Florida to be U.S. District Judge","Marcia G. Cooke, of Florida, to be United States District Judge for the Southern District of Florida",Nomination Confirmed (96-0),'1/2',50,0,0,1,45,0,0,3,1,0,0,0,96,0,0,4,
98,108,2,,"May 18, 2004,  04:43 PM",On the Amendment S.Amdt. 3158 to S. 2400 (Ronald W. Reagan National Defense Authorization Act for Fiscal Year 2005),Lott Amdt. No. 3158,To provide that the 2005 base closure round shall apply solely to military installations located outside the United States and to provide for expedited consideration by Congress of a proposal for a base closure round in 2007 on military installations located inside the United States.,Amendment Rejected (47-49),'1/2',21,29,0,1,26,19,0,3,0,1,0,0,47,49,0,4,
99,108,2,S. 15,"May 19, 2004,  01:59 PM",On Passage of the Bill S. 15,S. 15 As Amended,"A bill to amend the Public Health Service Act to provide protections and countermeasures against chemical, radiological, or nuclear agents that may be used in a terrorist attack against the United States by giving the National Institutes of Health contracting flexibility, infrastructure improvements, and expediting the scientific peer review process, and streamlining the Food and Drug Administration approval process of countermeasures.",Bill Passed (99-0),'1/2',51,0,0,0,47,0,0,1,1,0,0,0,99,0,0,1,
100,108,2,,"May 19, 2004,  05:31 PM",On the Amendment S.Amdt. 3191 to S. 2400 (Ronald W. Reagan National Defense Authorization Act for Fiscal Year 2005),Kyl Amdt. No. 3191 As Modified,"To express the sense of the Senate regarding legislation to impose an excise tax on tobacco lawyer's fees that exceed $20,000 per hour in order to increase funding for equipment for the United States Armed Forces.",Amendment Rejected (37-62),'1/2',36,15,0,0,1,46,0,1,0,1,0,0,37,62,0,1,
101,108,2,,"May 19, 2004,  06:04 PM",On the Amendment S.Amdt. 3151 to S. 2400 (Ronald W. Reagan National Defense Authorization Act for Fiscal Year 2005),Lautenberg Amdt. No. 3151 As Modified,To clarify the application of Presidential action under the International Emergency Economic Powers Act.,Amendment Rejected (49-50),'1/2',3,48,0,0,45,2,0,1,1,0,0,0,49,50,0,1,
102,108,2,PN975,"May 20, 2004,  05:47 PM",On the Nomination PN975,Confirmation Raymond W. Gruender of Missouri to be U.S. Circuit Judge for the Eighth Circuit,"Raymond W. Gruender, of Missouri, to be United States Circuit Judge for the Eighth Circuit",Nomination Confirmed (97-1),'1/2',50,0,0,1,46,1,0,1,1,0,0,0,97,1,0,2,
103,108,2,PN1164,"May 20, 2004,  06:18 PM",On the Nomination PN1164,"Confirmation Franklin S. Van Antwerpen of Pennsylvania, to be U.S. Circuit Judge","Franklin S. Van Antwerpen, of Pennsylvania, to be United States Circuit Judge for the Third Circuit",Nomination Confirmed (96-0),'1/2',49,0,0,2,46,0,0,2,1,0,0,0,96,0,0,4,
104,108,2,PN847,"June 1, 2004,  05:31 PM",On the Nomination PN847,"Confirmation F. Dennis Saylor IV, of Massachusetts, to be U.S. District Judge","F. Dennis Saylor IV, of Massachusetts, to be United States District Judge for the District of Massachusetts",Nomination Confirmed (89-0),'1/2',48,0,0,3,40,0,0,8,1,0,0,0,89,0,0,11,
105,108,2,,"June 2, 2004,  03:46 PM",On the Amendment S.Amdt. 3258 to S. 2400 (Ronald W. Reagan National Defense Authorization Act for Fiscal Year 2005),Graham (SC) Amdt. No. 3258,"To amend title 10, United States Code, to expand certain authorities to provide health care benefits for Reserves and their families, and for other purposes.",Amendment Agreed to (70-25),'1/2',25,24,0,2,44,1,0,3,1,0,0,0,70,25,0,5,
106,108,2,,"June 2, 2004,  06:10 PM",On the Amendment S.Amdt. 3260 to S. 2400 (Ronald W. Reagan National Defense Authorization Act for Fiscal Year 2005),"Warner Amdt. No. 3260, as Modified",To authorize appropriations for a contingent emergency reserve fund for operations in Iraq and Afghanistan.,Amendment Agreed to (95-0),'1/2',49,0,0,2,45,0,0,3,1,0,0,0,95,0,0,5,
107,108,2,,"June 3, 2004,  02:11 PM",On the Amendment S.Amdt. 3261 to S. 2400 (Ronald W. Reagan National Defense Authorization Act for Fiscal Year 2005),Cantwell Amdt. No. 3261,"To ensure adequate funding for, and the continuation of activities related to, the treatment by the Department of Energy of high level radioactive waste.",Amendment Rejected (48-48),'1/2',3,47,0,1,44,1,0,3,1,0,0,0,48,48,0,4,
108,108,2,PN861,"June 3, 2004,  02:47 PM",On the Nomination PN861,"Confirmation Sandra L. Townes, of New York, to be U.S. District Judge","Sandra L. Townes, of New York, to be United States District Judge for the Eastern District of New York",Nomination Confirmed (95-0),'1/2',50,0,0,1,44,0,0,4,1,0,0,0,95,0,0,5,
109,108,2,PN959,"June 3, 2004,  03:06 PM",On the Nomination PN959,"Confirmation Kenneth M. Karas, of New York, to be U.S. District Judge","Kenneth M. Karas, of New York, to be United States District Judge for the Southern District of New York",Nomination Confirmed (95-0),'1/2',50,0,0,1,44,0,0,4,1,0,0,0,95,0,0,5,
110,108,2,PN967,"June 3, 2004,  03:22 PM",On the Nomination PN967,"Confirmation Judith C. Herrera, of New Mexico, to be U.S. District Judge","Judith C. Herrera, of New Mexico, to be United States District Judge for the District of New Mexico",Nomination Confirmed (93-0),'1/2',50,0,0,1,42,0,0,6,1,0,0,0,93,0,0,7,
111,108,2,S.Res. 373,"June 9, 2004,  11:34 AM",On the Resolution S.Res. 373,S. Res. 373,"A resolution relative to the death of Ronald Wilson Reagan, a former President of the United States.",Resolution Agreed to (98-0),'1/2',51,0,0,0,46,0,0,2,1,0,0,0,98,0,0,2,
112,108,2,,"June 14, 2004,  05:32 PM",On the Amendment S.Amdt. 3312 to S. 2400 (Ronald W. Reagan National Defense Authorization Act for Fiscal Year 2005),"Dodd Amdt. No. 3312, as Modified.","To require the Secretary of Defense to provide reimbursement for certain protective, safety, or health equipment purchased by or on behalf of members of the Armed Forces for deployment in connection wih Operation Noble Eagle, Operation Enduring Freedom, or Operation Iraqi Freedom.",Amendment Agreed to (91-0),'1/2',50,0,0,1,41,0,0,7,0,0,0,1,91,0,0,9,
113,108,2,,"June 15, 2004,  12:14 PM",On the Amendment S.Amdt. 3263 to S. 2400 (Ronald W. Reagan National Defense Authorization Act for Fiscal Year 2005),Kennedy Amdt. No. 3263,To prohibit the use of funds for the support of new nuclear weapons development under the Stockpile Services Advanced Concepts Initiative or for the Robust Nuclear Earth Penetrator (RNEP).,Amendment Rejected (42-55),'1/2',1,50,0,0,41,5,0,2,0,0,0,1,42,55,0,3,
114,108,2,,"June 15, 2004,  04:01 PM",On the Amendment S.Amdt. 3183 to S. 2400 (Ronald W. Reagan National Defense Authorization Act for Fiscal Year 2005),Smith Amdt. No. 3183,To provide Federal assistance to States and local jurisdictions to prosecute hate crimes.,Amendment Agreed to (65-33),'1/2',18,33,0,0,47,0,0,1,0,0,0,1,65,33,0,2,
115,108,2,PN1031,"June 15, 2004,  04:31 PM",On the Nomination PN1031,"Confirmation Virginia E. Hopkins, of Alabama, to be U.S. District Judge","Virginia E. Hopkins, of Alabama, to be United States District Judge for the Northern District of Alabama",Nomination Confirmed (98-0),'1/2',51,0,0,0,47,0,0,1,0,0,0,1,98,0,0,2,
116,108,2,PN1032,"June 15, 2004,  04:55 PM",On the Nomination PN1032,"Confirmation Ricardo S. Martinez, of Washington, To Be U.S. District Judge","Ricardo S. Martinez, of Washington, to be United States District Judge for the Western District of Washington",Nomination Confirmed (98-0),'1/2',51,0,0,0,47,0,0,1,0,0,0,1,98,0,0,2,
117,108,2,PN1093,"June 15, 2004,  05:16 PM",On the Nomination PN1093,"Confirmation Gene E. K. Pratter, of Pennsylvania, to be U.S. District Judge","Gene E. K. Pratter, of Pennsylvania, to be United States District Judge for the Eastern District of Pennsylvania",Nomination Confirmed (98-0),'1/2',51,0,0,0,47,0,0,1,0,0,0,1,98,0,0,2,
118,108,2,,"June 16, 2004,  11:57 AM",On the Motion to Table S.Amdt. 3313 to S. 2400 (Ronald W. Reagan National Defense Authorization Act for Fiscal Year 2005),Motion to Table Dodd Amdt. No. 3313 As Modified Further,To prohibit the use of contractors for certain Department of Defense activities and to establish limitations on the transfer of custody of prisoners of the Department of Defense.,Motion to Table Agreed to (54-43),'1/2',51,0,0,0,3,42,0,3,0,1,0,0,54,43,0,3,
119,108,2,,"June 16, 2004,  04:31 PM",On the Amendment S.Amdt. 3452 to S. 2400 (Ronald W. Reagan National Defense Authorization Act for Fiscal Year 2005),Warner Amdt. No. 3452 As Modified,To extend jurisdiction and scope for current fraud offenses.,Amendment Agreed to (97-0),'1/2',51,0,0,0,45,0,0,3,1,0,0,0,97,0,0,3,
120,108,2,,"June 16, 2004,  05:11 PM",On the Amendment S.Amdt. 3292 to S. 2400 (Ronald W. Reagan National Defense Authorization Act for Fiscal Year 2005),Leahy Amdt. No. 3292,"To amend title 18, United States Code, to prohibit profiteering and fraud relating to military action, relief, and reconstruction.",Amendment Rejected (46-52),'1/2',0,51,0,0,45,1,0,2,1,0,0,0,46,52,0,2,
121,108,2,PN1103,"June 16, 2004,  05:34 PM",On the Nomination PN1103,"Confirmation William S. Duffey, Jr., of Georgia to be U.S. District Judge","William S. Duffey, Jr., of Georgia, to be United States District Judge for the Northern District of Georgia",Nomination Confirmed (97-0),'1/2',50,0,0,1,46,0,0,2,1,0,0,0,97,0,0,3,
122,108,2,PN1105,"June 16, 2004,  05:52 PM",On the Nomination PN1105,"Confirmation Lawrence F. Stengel, of Pennsylvania, to be U.S. District Judge","Lawrence F. Stengel, of Pennsylvania, to be United States District Judge for the Eastern District of Pennsylvania",Nomination Confirmed (97-0),'1/2',50,0,0,1,46,0,0,2,1,0,0,0,97,0,0,3,
123,108,2,PN1203,"June 16, 2004,  06:05 PM",On the Nomination PN1203,"Confirmation Paul S. Diamond, of Pennsylvania, to be U.S. District Judge","Paul S. Diamond, of Pennsylvania, to be United States District Judge for the Eastern District of Pennsylvania",Nomination Confirmed (97-0),'1/2',50,0,0,1,46,0,0,2,1,0,0,0,97,0,0,3,
124,108,2,,"June 17, 2004,  12:29 PM",On the Amendment S.Amdt. 3368 to S. 2400 (Ronald W. Reagan National Defense Authorization Act for Fiscal Year 2005),Boxer Amdt. No. 3368,To allow deployment of the ground-based midcourse defense element of the national ballistic missile defense system only after the mission-related capabilities of the system have been confirmed by operationally realistic testing.,Amendment Rejected (42-57),'1/2',1,50,0,0,40,7,0,1,1,0,0,0,42,57,0,1,
125,108,2,,"June 17, 2004,  02:43 PM",On the Amendment S.Amdt. 3453 to S.Amdt. 3354 to S. 2400 (Ronald W. Reagan National Defense Authorization Act for Fiscal Year 2005),Warner Amdt. No. 3453,To require the Secretary of Defense to prescribe and apply criteria for operationally realistic testing of fieldable prototypes developed under the ballistic missile defense spiral development program.,Amendment Agreed to (55-44),'1/2',51,0,0,0,4,43,0,1,0,1,0,0,55,44,0,1,
126,108,2,PN1196,"June 17, 2004,  03:12 PM",On the Nomination PN1196,"Confirmation: James L. Robart, of Washington, to be U.S. District Judge","James L. Robart, of Washington, to be United States District Judge for the Western District of Washington",Nomination Confirmed (99-0),'1/2',51,0,0,0,47,0,0,1,1,0,0,0,99,0,0,1,
127,108,2,PN571,"June 17, 2004,  03:31 PM",On the Nomination PN571,"Confirmation: Roger T. Benitez, of California, to be U.S. District Judge","Roger T. Benitez, of California, to be United States District Judge for the Southern District of California",Nomination Confirmed (98-1),'1/2',51,0,0,0,46,1,0,1,1,0,0,0,98,1,0,1,
128,108,2,PN1169,"June 17, 2004,  03:53 PM",On the Nomination PN1169,"Confirmation: Jane J. Boyle, of Texas, to be U.S. District Judge","Jane J. Boyle, of Texas, to be United States District Judge for the Northern District of Texas",Nomination Confirmed (99-0),'1/2',51,0,0,0,47,0,0,1,1,0,0,0,99,0,0,1,
129,108,2,,"June 17, 2004,  07:24 PM",On the Amendment S.Amdt. 3352 to S. 2400 (Ronald W. Reagan National Defense Authorization Act for Fiscal Year 2005),"Reed Amdt. No. 3352, As Amended","To increase the end strength for active duty personnel of the Army for fiscal year 2005 by 20,000 to 502,400.",Amendment Agreed to (94-3),'1/2',46,3,0,2,47,0,0,1,1,0,0,0,94,3,0,3,
130,108,2,,"June 17, 2004,  08:00 PM",On the Amendment S.Amdt. 3379 to S. 2400 (Ronald W. Reagan National Defense Authorization Act for Fiscal Year 2005),Biden Amdt. No. 3379,To provide funds for the security and stabilization of Iraq by suspending a portion of the reduction in the highest income tax rate for individual taxpayers.,Amendment Rejected (44-53),'1/2',1,48,0,2,42,5,0,1,1,0,0,0,44,53,0,3,
131,108,2,,"June 21, 2004,  05:33 PM",On the Amendment S.Amdt. 3458 to S. 2400 (Ronald W. Reagan National Defense Authorization Act for Fiscal Year 2005),"Warner Amdt. No. 3458, As Modified",Expressing the sense of Congress on media coverage of the return to the United States of the remains of deceased members of the Armed Forces from overseas.,Amendment Agreed to (52-38),'1/2',44,1,0,6,8,36,0,4,0,1,0,0,52,38,0,10,
132,108,2,,"June 21, 2004,  06:08 PM",On the Amendment S.Amdt. 3291 to S. 2400 (Ronald W. Reagan National Defense Authorization Act for Fiscal Year 2005),"Lautenberg Amdt No. 2191, As Modified",To require a protocol on media coverage of the return to the United States of the remains of members of the Armed Forces who die overseas.,Amendment Rejected (39-54),'1/2',3,44,0,4,35,10,0,3,1,0,0,0,39,54,0,7,
133,108,2,,"June 22, 2004,  11:19 AM",On the Amendment S.Amdt. 3338 to S. 2400 (Ronald W. Reagan National Defense Authorization Act for Fiscal Year 2005),Levin Amdt. No. 3338,To reallocate for Ground-based Midcourse interceptors to homeland defense and combatting terrorism.,Amendment Rejected (44-56),'1/2',0,51,0,0,43,5,0,0,1,0,0,0,44,56,0,0,
134,108,2,,"June 22, 2004,  11:49 AM",On the Amendment S.Amdt. 3464 to S.Amdt. 3235 to S. 2400 (Ronald W. Reagan National Defense Authorization Act for Fiscal Year 2005),Brownback Amdt. No. 3464,"To increase the penalties for violations by television and radio broadcasters of the prohibitions against transmission of obscene, indecent, and profane language.",Amendment Agreed to (99-1),'1/2',51,0,0,0,47,1,0,0,1,0,0,0,99,1,0,0,
135,108,2,,"June 22, 2004,  12:40 PM",On the Amendment S.Amdt. 3461 to S.Amdt. 3197 to S. 2400 (Ronald W. Reagan National Defense Authorization Act for Fiscal Year 2005),McCain Amdt. No. 3461,In the nature of a substitute.,Amendment Agreed to (54-46),'1/2',48,3,0,0,5,43,0,0,1,0,0,0,54,46,0,0,
136,108,2,,"June 23, 2004,  01:47 PM",On the Motion (Motion To Waive CBA RE: Corzine Amdt. No. 3303),Motion To Waive CBA RE: Corzine Amdt. No. 3303,"To amend title 10, United States Code, to reduce the age for receipt of military retired pay for nonregular service from 60 to 55.","Motion Rejected (49-49, 3/5 majority required)",'3/5',3,47,0,1,45,2,0,1,1,0,0,0,49,49,0,2,
137,108,2,,"June 23, 2004,  02:19 PM",On the Amendment S.Amdt. 3472 to S. 2400 (Ronald W. Reagan National Defense Authorization Act for Fiscal Year 2005),McConnell Amdt. No. 3472,To require a report on the stabilization of Iraq.,Amendment Agreed to (71-27),'1/2',50,0,0,1,21,26,0,1,0,1,0,0,71,27,0,2,
138,108,2,,"June 23, 2004,  02:36 PM",On the Amendment S.Amdt. 3377 to S. 2400 (Ronald W. Reagan National Defense Authorization Act for Fiscal Year 2005),Kennedy Amdt. No. 3377,To require reports on the efforts of the President to stabilize Iraq and relieve the burden on members of the Armed Forces of the United States deployed in Iraq and the Persian Gulf region.,Amendment Rejected (48-50),'1/2',2,48,0,1,45,2,0,1,1,0,0,0,48,50,0,2,
139,108,2,,"June 23, 2004,  02:57 PM",On the Amendment S.Amdt. 3353 to S. 2400 (Ronald W. Reagan National Defense Authorization Act for Fiscal Year 2005),Reed Amdt. No. 3353,To limit the obligation and expenditure of funds for the Ground-based Midcourse Defense program pending the submission of a report on operational test and evaluation.,Amendment Rejected (45-53),'1/2',0,50,0,1,44,3,0,1,1,0,0,0,45,53,0,2,
140,108,2,,"June 23, 2004,  03:18 PM",On the Amendment S.Amdt. 3423 to S. 2400 (Ronald W. Reagan National Defense Authorization Act for Fiscal Year 2005),Byrd Amdt. No. 3423,To modify the number of military personnel and civilians who may be assigned or retained in connection with Plan Colombia.,Amendment Rejected (40-58),'1/2',1,49,0,1,38,9,0,1,1,0,0,0,40,58,0,2,
141,108,2,PN1186,"June 23, 2004,  03:37 PM",On the Nomination PN1186,"Confirmation Juan R. Sanchez, of Pennsylvania, To Be U. S. District Judge","Juan R. Sanchez, of Pennsylvania, to be United States District Judge for the Eastern District of Pennsylvania",Nomination Confirmed (98-0),'1/2',50,0,0,1,47,0,0,1,1,0,0,0,98,0,0,2,
142,108,2,PN1092,"June 23, 2004,  04:24 PM",On the Nomination PN1092,"Confirmation Walter D. Kelley, Jr., of Virginia, To Be U.S. District Judge","Walter D. Kelley, Jr., of Virginia, to be United States District Judge for the Eastern District of Virginia",Nomination Confirmed (94-0),'1/2',46,0,0,5,47,0,0,1,1,0,0,0,94,0,0,6,
143,108,2,,"June 23, 2004,  09:44 PM",On the Motion to Table S.Amdt. 3387 to S. 2400 (Ronald W. Reagan National Defense Authorization Act for Fiscal Year 2005),Motion To Table Leahy Amdt. No. 3387,Relative to the treatment of foreign prisoners.,Motion to Table Failed (45-50),'1/2',44,5,0,2,1,44,0,3,0,1,0,0,45,50,0,5,
144,108,2,,"June 23, 2004,  10:20 PM",On the Amendment S.Amdt. 3485 to S.Amdt. 3387 to S. 2400 (Ronald W. Reagan National Defense Authorization Act for Fiscal Year 2005),Leahy Amdt. No. 3485,To direct the Attorney General to submit to the Committee on the Judiciary of the Senate all documents in the possession of the Department of Justice relating to the treatment and interrogation of individuals held in the custody of the United States.,Amendment Rejected (46-50),'1/2',0,49,0,2,45,1,0,2,1,0,0,0,46,50,0,4,
145,108,2,,"June 23, 2004,  10:43 PM",On the Motion (Motion To Waive CBA Daschle Amdt. No. 3409 As Amended),Motion To Waive CBA Daschle Amdt. No. 3409 As Amended,To assure that funding is provided for veterans health care each fiscal year to cover increases in population and inflation.,"Motion Rejected (49-48, 3/5 majority required)",'3/5',3,46,0,2,45,2,0,1,1,0,0,0,49,48,0,3,
146,108,2,S. 2400,"June 23, 2004,  11:06 PM",On Passage of the Bill S. 2400,S. 2400 As Amended,"An original bill to authorize appropriations for fiscal year 2005 for military activities of the Department of Defense, for military construction, and for defense activities of the Department of Energy, to prescribe personnel strengths for such fiscal year for the Armed Services, and for other purposes.",Bill Passed (97-0),'1/2',49,0,0,2,47,0,0,1,1,0,0,0,97,0,0,3,
147,108,2,,"June 24, 2004,  04:00 PM","On the Amendment S.Amdt. 3502 to H.R. 4613 (Department of Defense Appropriations Act, 2005)",Byrd Amdt. No. 3502,To express the sense of the Senate on budgeting and funding of ongoing military operations overseas.,Amendment Agreed to (89-9),'1/2',41,9,0,1,47,0,0,1,1,0,0,0,89,9,0,2,
148,108,2,,"June 24, 2004,  05:28 PM","On the Motion to Table S.Amdt. 3520 to H.R. 4613 (Department of Defense Appropriations Act, 2005)",Motion to Table Biden Amdt. No. 3520 as Modified,To appropriate funds for bilateral economic assistance.,Motion to Table Agreed to (53-45),'1/2',48,2,0,1,5,42,0,1,0,1,0,0,53,45,0,2,
149,108,2,H.R. 4613,"June 24, 2004,  05:58 PM",On Passage of the Bill H.R. 4613,H.R. 4613 As Amended,"A bill Making appropriations for the Department of Defense for the fiscal year ending September 30, 2005, and for other purposes.",Bill Passed (98-0),'1/2',50,0,0,1,47,0,0,1,1,0,0,0,98,0,0,2,
150,108,2,H.J.Res. 97,"June 24, 2004,  06:28 PM",On the Joint Resolution H.J.Res. 97,H. J. Res. 97,A joint resolution approving the renewal of import restrictions contained in the Burmese Freedom and Democracy Act of 2003.,Joint Resolution Passed (96-1),'1/2',48,1,0,2,47,0,0,1,1,0,0,0,96,1,0,3,
151,108,2,S.Res. 393,"June 24, 2004,  06:53 PM",On the Resolution S.Res. 393,S. Res. 393,A resolution expressing the sense of the Senate in support of United States policy for a Middle East peace process.,Resolution Agreed to (95-3),'1/2',49,1,0,1,46,1,0,1,0,1,0,0,95,3,0,2,
152,108,2,PN1109,"June 24, 2004,  07:16 PM",On the Nomination PN1109,"Confirmation Diane S. Sykes, of Wisconsin, To Be U.S. Circuit Judge","Diane S. Sykes, of Wisconsin, to be United States Circuit Judge for the Seventh Circuit",Nomination Confirmed (70-27),'1/2',49,0,0,2,21,26,0,1,0,1,0,0,70,27,0,3,
153,108,2,PN279,"July 6, 2004,  05:45 PM",On the Nomination PN279,"Confirmation J. Leon Holmes, of Arkansas, to be U.S. District Judge","J. Leon Holmes, of Arkansas, to be United States District Judge for the Eastern District of Arkansas",Nomination Confirmed (51-46),'1/2',45,5,0,1,6,40,0,2,0,1,0,0,51,46,0,3,
154,108,2,S. 2062,"July 8, 2004,  06:32 PM",On the Cloture Motion S. 2062,Motion to Invoke Cloture on S. 2062,"A bill to amend the procedures that apply to consideration of interstate class actions to assure fairer outcomes for class members and defendants, and for other purposes.","Cloture Motion Rejected (44-43, 3/5 majority required)",'3/5',42,3,0,6,2,39,0,7,0,1,0,0,44,43,0,13,
155,108,2,S.J.Res. 40,"July 14, 2004,  12:13 PM",On the Cloture Motion S.J.Res. 40,Motion to Invoke Cloture on the Motion to Proceed to Consider S. J. Res. 40,A joint resolution proposing an amendment to the Constitution of the United States relating to marriage.,"Cloture Motion Rejected (48-50, 3/5 majority required)",'3/5',45,6,0,0,3,43,0,2,0,1,0,0,48,50,0,2,
156,108,2,H.R. 4759,"July 15, 2004,  06:23 PM",On Passage of the Bill H.R. 4759,H.R. 4759,A bill to implement the United States-Australia Free Trade Agreement.,Bill Passed (80-16),'1/2',48,2,0,1,31,14,0,3,1,0,0,0,80,16,0,4,
157,108,2,,"July 15, 2004,  07:00 PM",On the Motion (DeWine Amdt. No. 3563),DeWine Amdt. No. 3563,"To protect the public health by providing the Food and Drug Administration with certain authority to regulate tobacco products, to eliminate the Federal quota and price support programs for tobacco, and to provide assistance to quota holders, tobacco producers, and tobacco-dependent communities.",Motion Agreed to (78-15),'1/2',35,14,0,2,43,0,0,5,0,1,0,0,78,15,1,6,
158,108,2,PN658,"July 20, 2004,  02:16 PM",On the Cloture Motion PN658,"Motion to Invoke Cloture on the Nomination of William Gerry Myers, III, of Idaho, to be U.S. Circuit Judge","William Gerry Myers III, of Idaho, to be United States Circuit Judge for the Ninth Circuit","Cloture Motion Rejected (53-44, 3/5 majority required)",'3/5',51,0,0,0,2,43,0,3,0,1,0,0,53,44,0,3,
159,108,2,S. 2677,"July 21, 2004,  11:30 AM",On Passage of the Bill S. 2677,S. 2677,A bill to implement the United States-Morocco Free Trade Agreement.,Bill Passed (85-13),'1/2',46,5,0,0,38,8,0,2,1,0,0,0,85,13,0,2,
160,108,2,PN14,"July 22, 2004,  11:04 AM",On the Cloture Motion PN14,"Motion to Invoke Cloture on the Nomination of Henry W. Saad, of Michigan, to be U.S. Circuit Judge","Henry W. Saad, of Michigan, to be United States Circuit Judge for the Sixth Circuit","Cloture Motion Rejected (52-46, 3/5 majority required)",'3/5',51,0,0,0,1,45,0,2,0,1,0,0,52,46,0,2,
161,108,2,PN7,"July 22, 2004,  11:35 AM",On the Cloture Motion PN7,"Motion to Invoke Cloture on the Nomination of Richard A. Griffin, of Michigan, to be U.S. Circuit Judge","Richard A. Griffin, of Michigan, to be United States Circuit Judge for the Sixth Circuit","Cloture Motion Rejected (54-44, 3/5 majority required)",'3/5',51,0,0,0,3,43,0,2,0,1,0,0,54,44,0,2,
162,108,2,PN9,"July 22, 2004,  12:57 PM",On the Cloture Motion PN9,"Motion to Invoke Cloture on the Nomination of David W. McKeague, of Michigan, to be U.S. Circuit Judge","David W. McKeague, of Michigan, to be United States Circuit Judge for the Sixth Circuit","Cloture Motion Rejected (53-44, 3/5 majority required)",'3/5',50,0,0,1,3,43,0,2,0,1,0,0,53,44,0,3,
163,108,2,H.R. 4613,"July 22, 2004,  07:15 PM",On the Conference Report H.R. 4613,H. R. 4613 Conference Report,"A bill Making appropriations for the Department of Defense for the fiscal year ending September 30, 2005, and for other purposes.",Conference Report Agreed to (96-0),'1/2',51,0,0,0,44,0,0,4,1,0,0,0,96,0,0,4,
164,108,2,PN1539,"September 7, 2004,  05:30 PM",On the Nomination PN1539,"Confirmation Virginia Maria Hernandez Covington, of Florida, to be U.S. District Judge","Virginia Maria Hernandez Covington, of Florida, to be United States District Judge for the Middle District of Florida",Nomination Confirmed (91-0),'1/2',47,0,0,4,43,0,0,5,1,0,0,0,91,0,0,9,
165,108,2,PN1628,"September 7, 2004,  06:06 PM",On the Nomination PN1628,"Confirmation Michael H. Schneider, Sr., of Texas, to be U.S. District Judge","Michael H. Schneider, Sr., of Texas, to be United States District Judge for the Eastern District of Texas",Nomination Confirmed (92-1),'1/2',49,0,0,2,42,1,0,5,1,0,0,0,92,1,0,7,
166,108,2,,"September 8, 2004,  04:46 PM",On the Motion (Motion to Waive the CBA Re: Schumer Amdt. No. 3580),Motion to Waive the CBA Re: Schumer Amdt. No. 3580,"To appropriate an additional $150,000,000 for port security research and development grants.","Motion Rejected (50-46, 3/5 majority required)",'3/5',6,45,0,0,43,1,0,4,1,0,0,0,50,46,0,4,
167,108,2,,"September 8, 2004,  05:55 PM","On the Amendment S.Amdt. 3582 to S.Amdt. 3581 to H.R. 4567 (Department of Homeland Security Appropriations Act, 2005)",Thomas Amdt. No. 3582,"To require the Secretary of Homeland Security to submit to Congress, at least 60 days prior to award, a report on the results of an Office of Management and Budget Circular A-76 competition, to include estimated savings, performance improvements, and the impact on jobs and Federal Government employees.",Amendment Agreed to (49-47),'1/2',48,3,0,0,1,43,0,4,0,1,0,0,49,47,0,4,
168,108,2,,"September 8, 2004,  06:32 PM","On the Amendment S.Amdt. 3584 to S.Amdt. 3581 to H.R. 4567 (Department of Homeland Security Appropriations Act, 2005)",Leahy Amdt. No. 3584,"To prohibit funds from being used to process or approve a competition under Office of Management and Budget Circular A-76 for services provided as of June 1, 2004, by certain employees of the Bureau of Citizenship and Immigration Services of the Department of Homeland Security.",Amendment Agreed to (49-47),'1/2',5,46,0,0,43,1,0,4,1,0,0,0,49,47,0,4,
169,108,2,,"September 9, 2004,  02:01 PM",On the Motion (Motion to Waive CBA Re:  Byrd Amdt. No. 3597),Motion to Waive CBA Re:  Byrd Amdt. No. 3597,To make available funds for certain border and transportation security programs.,"Motion Rejected (43-51, 3/5 majority required)",'3/5',0,49,0,2,42,2,0,4,1,0,0,0,43,51,0,6,
170,108,2,,"September 9, 2004,  02:27 PM",On the Motion (Motion to Waive CBA Re:  Dodd Amdt. No. 3604),Motion to Waive CBA Re:  Dodd Amdt. No. 3604,"To increase the among provided for first responder programs, and to provide offsets.","Motion Rejected (41-53, 3/5 majority required)",'3/5',1,48,0,2,39,5,0,4,1,0,0,0,41,53,0,6,
171,108,2,,"September 9, 2004,  03:11 PM",On the Motion (Motion to Waive CBA Re:  Murray Amdt. No. 3596),Motion to Waive CBA Re:  Murray Amdt. No. 3596,"To increase the amount available for port security grants by $300,000,000.","Motion Rejected (45-49, 3/5 majority required)",'3/5',2,47,0,2,42,2,0,4,1,0,0,0,45,49,0,6,
172,108,2,,"September 9, 2004,  05:09 PM","On the Motion to Table S.Amdt. 3609 to H.R. 4567 (Department of Homeland Security Appropriations Act, 2005)",Motion to Table Boxer Amdt. No. 3609,"To appropriate $70,000,000 for grants to States, local governments, and first responders to purchase or improve communication systems to allow for real-time interoperable communication between State and local first responders and to offset this appropriation with a corresponding reduction from the Human Resources Account of the Office of the Under Secretary of Management.",Motion to Table Agreed to (46-45),'1/2',45,2,0,4,1,42,0,5,0,1,0,0,46,45,0,9,
173,108,2,,"September 13, 2004,  05:34 PM","On the Motion to Table S.Amdt. 3615 to H.R. 4567 (Department of Homeland Security Appropriations Act, 2005)","Motion to Table Schumer Amdt. No. 3615, as further modified","To appropriate $70,000,000 to support efforts for identification and tracking for shipments of hazardous materials and continue and expand upon the background check system for commercial driver licenses with a HAZMAT endorsement, and to offset this appropriation with a corresponding reduction from the Human Resources Account of the Office of the Under Secretary of Management.",Motion to Table Agreed to (55-34),'1/2',42,3,0,6,12,31,0,5,1,0,0,0,55,34,0,11,
174,108,2,,"September 13, 2004,  06:15 PM",On the Motion (Motion to Waive C.B.A. re: Lautenberg Amdt. No. 3617),Motion to Waive C.B.A. re: Lautenberg Amdt. No. 3617,To ensure that the Coast Guard has sufficient resources for its traditional core.,"Motion Rejected (38-50, 3/5 majority required)",'3/5',1,43,0,7,36,7,0,5,1,0,0,0,38,50,0,12,
175,108,2,,"September 14, 2004,  02:22 PM",On the Motion (Motion To Waive CBA Mikulski Amdt. No. 3624),Motion To Waive CBA Mikulski Amdt. No. 3624,To increase the amount appropriated for firefighter assistance grants.,"Motion Rejected (50-45, 3/5 majority required)",'3/5',5,44,0,2,44,1,0,3,1,0,0,0,50,45,0,5,
176,108,2,,"September 14, 2004,  03:58 PM","On the Motion to Table S.Amdt. 3619 to H.R. 4567 (Department of Homeland Security Appropriations Act, 2005)","Motion To Table Corzine Amdt. No. 3619, As Modified","To appropriate an additional $70,000,000 to enhance the security of chemical plants and to provide an offset.",Motion to Table Agreed to (48-47),'1/2',47,2,0,2,1,44,0,3,0,1,0,0,48,47,0,5,
177,108,2,,"September 14, 2004,  04:21 PM","On the Motion to Table S.Amdt. 3629 to H.R. 4567 (Department of Homeland Security Appropriations Act, 2005)",Motion To Table Dayton Amdt. No. 3629,To ensure the continuation of benefits for certain individuals providing security services for Federal buildings.,Motion to Table Agreed to (49-45),'1/2',48,0,0,3,1,44,0,3,0,1,0,0,49,45,0,6,
178,108,2,,"September 14, 2004,  04:42 PM",On the Motion (Motion To Waive CBA Clinton Amdt. No. 3632),Motion To Waive CBA Clinton Amdt. No. 3632,"To appropriate an additional $625,000,000 for discretionary grants for high-threat, high-density urban areas.","Motion Rejected (44-50, 3/5 majority required)",'3/5',2,47,0,2,41,3,0,4,1,0,0,0,44,50,0,6,
179,108,2,,"September 14, 2004,  08:10 PM",On the Motion (Motion To Waive CBA Byrd Amdt. No. 3649),Motion To Waive CBA Byrd Amdt. No. 3649,"To provide funds for the Transportation Security Administration, United States Coast Guard, and the Office of State and Local Government Coordination and Preparedness.","Motion Rejected (48-47, 3/5 majority required)",'3/5',5,44,0,2,42,3,0,3,1,0,0,0,48,47,0,5,
180,108,2,,"September 14, 2004,  09:18 PM","On the Motion to Table S.Amdt. 3626 to H.R. 4567 (Department of Homeland Security Appropriations Act, 2005)",Motion To Table Kennedy Amdt. NO. 3626,To require the President to provide to Congress a copy of the Scowcroft Commission report on improving the capabilities of the United States intelligence community.,Motion to Table Agreed to (49-45),'1/2',48,0,0,3,1,44,0,3,0,1,0,0,49,45,0,6,
181,108,2,,"September 14, 2004,  09:46 PM",On the Motion (Motion To Waive CBA Schumer Amdt. No. 3656),Motion To Waive CBA Schumer Amdt. No. 3656,To increase funding for rail and transit security grants.,"Motion Rejected (43-51, 3/5 majority required)",'3/5',1,47,0,3,41,4,0,3,1,0,0,0,43,51,0,6,
182,108,2,,"September 14, 2004,  10:03 PM",On the Motion (Motion To Waive CBA Schumer Amdt. No. 3655),Motion To Waive CBA Schumer Amdt. No. 3655,"To appropriate an additional $350,000,000 to improve the security at points of entry into the United States.","Motion Rejected (44-49, 3/5 majority required)",'3/5',3,44,0,4,40,5,0,3,1,0,0,0,44,49,0,7,
183,108,2,,"September 14, 2004,  10:15 PM","On the Motion to Table S.Amdt. 3631 to H.R. 4567 (Department of Homeland Security Appropriations Act, 2005)",Motion To Table Clinton Amdt. No. 3631,"To require the Secretary of Homeland Security to allocate formula-based grants to State and local governments based on an assessment of threats and vulnerabilities and other factors that the Secretary considers appropriate, in accordance with the recommendation of the 9/11 Commission.",Motion to Table Agreed to (54-39),'1/2',37,10,0,4,17,28,0,3,0,1,0,0,54,39,0,7,
184,108,2,H.R. 4567,"September 14, 2004,  10:24 PM",On Passage of the Bill H.R. 4567,H. R. 4567 As Amended,"A bill making appropriations for the Department of Homeland Security for the fiscal year ending September 30, 2005, and for other purposes.",Bill Passed (93-0),'1/2',47,0,0,4,45,0,0,3,1,0,0,0,93,0,0,7,
185,108,2,H.R. 4837,"September 20, 2004,  05:30 PM",On Passage of the Bill H.R. 4837,"H.R. 4837, as amended","A bill making appropriations for military construction, family housing, and base realignment and closure for the Department of Defense for the fiscal year ending September 30, 2005, and for other purposes.",Bill Passed (91-0),'1/2',47,0,0,4,43,0,0,5,1,0,0,0,91,0,0,9,
186,108,2,H.R. 4755,"September 21, 2004,  04:31 PM",On Passage of the Bill H.R. 4755,H. R. 4755,"A bill Making appropriations for the Legislative Branch for the fiscal year ending September 30, 2005, and for other purposes.",Bill Passed (94-2),'1/2',49,1,0,1,44,1,0,3,1,0,0,0,94,2,0,4,
187,108,2,PN1855,"September 22, 2004,  05:00 PM",On the Nomination PN1855,"Confirmation Porter J. Goss, of Florida, To Be Director of Central Intelligence","Porter J. Goss, of Florida, to be Director of Central Intelligence",Nomination Confirmed (77-17),'1/2',49,0,0,2,28,17,0,3,0,0,0,1,77,17,0,6,
188,108,2,H.R. 1308,"September 23, 2004,  07:42 PM",On the Conference Report H.R. 1308,H. R. 1308 Conference Report,"An act to amend the Internal Revenue Code of 1986 to provide tax relief for working families, and for other purposes.",Conference Report Agreed to (92-3),'1/2',49,2,0,0,42,1,0,5,1,0,0,0,92,3,0,5,
189,108,2,,"September 28, 2004,  02:20 PM",On the Amendment S.Amdt. 3702 to S. 2845 (Intelligence Reform and Terrorism Prevention Act of 2004),McCain Amdt. No. 3702,"To add title VII of S. 2774, related to transportation security.",Amendment Agreed to (97-0),'1/2',51,0,0,0,45,0,0,3,1,0,0,0,97,0,0,3,
190,108,2,,"September 28, 2004,  04:34 PM",On the Amendment S.Amdt. 3711 to S. 2845 (Intelligence Reform and Terrorism Prevention Act of 2004),Hutchison Amdt. No. 3711,"To provide for air cargo safety, and for other purposes.",Amendment Agreed to (96-0),'1/2',51,0,0,0,44,0,0,4,1,0,0,0,96,0,0,4,
191,108,2,,"September 29, 2004,  02:16 PM",On the Motion to Table S.Amdt. 3761 to S. 2845 (Intelligence Reform and Terrorism Prevention Act of 2004),Motion to Table Specter Amdt. No. 3761,To specify a term of service for the National Intelligence Director.,Motion to Table Agreed to (93-4),'1/2',50,1,0,0,42,3,0,3,1,0,0,0,93,4,0,3,
192,108,2,,"September 29, 2004,  02:46 PM",On the Motion to Table S.Amdt. 3706 to S. 2845 (Intelligence Reform and Terrorism Prevention Act of 2004),Motion to Table Specter Amdt. No. 3706,"To provide the National Intelligence Director with the authority to supervise, direct, and control all elements of the intelligence community performing national intelligence missions.",Motion to Table Agreed to (78-19),'1/2',36,15,0,0,41,4,0,3,1,0,0,0,78,19,0,3,
193,108,2,,"September 30, 2004,  04:33 PM",On the Motion to Table S.Amdt. 3795 to S. 2845 (Intelligence Reform and Terrorism Prevention Act of 2004),Motion To Table Hollings Amdt. No. 3795,In the nature of a substitute.,Motion to Table Agreed to (82-7),'1/2',44,4,0,3,37,3,0,8,1,0,0,0,82,7,0,11,
194,108,2,,"September 30, 2004,  05:08 PM",On the Motion to Table S.Amdt. 3802 to S. 2845 (Intelligence Reform and Terrorism Prevention Act of 2004),Motion To Table Lautenberg Amdt. No. 3802,To stop corporations from financing terrorism.,Motion to Table Agreed to (47-41),'1/2',45,2,0,4,2,38,0,8,0,1,0,0,47,41,0,12,
195,108,2,,"October 4, 2004,  04:28 PM",On the Motion to Table S.Amdt. 3845 to S. 2845 (Intelligence Reform and Terrorism Prevention Act of 2004),Motion To Table Byrd Amdt. No. 3845,To enhance the role of Congress in the oversight of the intelligence and intelligence-related activities of the United States Government.,Motion to Table Agreed to (62-29),'1/2',37,12,0,2,25,16,0,7,0,1,0,0,62,29,0,9,
196,108,2,,"October 4, 2004,  05:08 PM",On the Motion to Table S.Amdt. 3903 to S. 2845 (Intelligence Reform and Terrorism Prevention Act of 2004),"Motion to Table Stevens Amdt. No. 3903, As Modified",To modify the provisions relating to the availability to the public of intelligence funding information.,Motion to Table Agreed to (55-37),'1/2',18,32,0,1,36,5,0,7,1,0,0,0,55,37,0,8,
197,108,2,S. 2845,"October 5, 2004,  09:46 AM",On the Cloture Motion S. 2845,Motion To Invoke Cloture On S. 2845,"A bill to reform the intelligence community and the intelligence and intelligence-related activities of the United States Government, and for other purposes.","Cloture Motion Agreed to (85-10, 3/5 majority required)",'3/5',45,6,0,0,39,4,0,5,1,0,0,0,85,10,0,5,
198,108,2,,"October 6, 2004,  11:53 AM",On the Amendment S.Amdt. 3742 to S. 2845 (Intelligence Reform and Terrorism Prevention Act of 2004),Roberts Amdt. No. 3742 As Modified,To clarify the continuing applicability of section 504 of the National Security act of 1947 to the obligation and expenditure of funds appropriated for the intelligence and intelligence-related activities of the United States.,Amendment Agreed to (98-0),'1/2',51,0,0,0,46,0,0,2,1,0,0,0,98,0,0,2,
199,108,2,S. 2845,"October 6, 2004,  05:01 PM",On Passage of the Bill S. 2845,"S. 2845, As Amended","A bill to reform the intelligence community and the intelligence and intelligence-related activities of the United States Government, and for other purposes.",Bill Passed (96-2),'1/2',51,0,0,0,44,2,0,2,1,0,0,0,96,2,0,2,
200,108,2,,"October 7, 2004,  04:03 PM",On the Amendment S.Amdt. 3999 to S.Amdt. 3981 to S.Res. 445 (No short title on file),McCain Amdt. No. 3999,To strike section 402 and vest intelligence appropriations jurisdiction in the Select Committee on Intelligence.,Amendment Rejected (23-74),'1/2',18,32,0,1,5,41,0,2,0,1,0,0,23,74,0,3,
201,108,2,,"October 7, 2004,  05:48 PM",On the Amendment S.Amdt. 4000 to S.Amdt. 3981 to S.Res. 445 (No short title on file),McCain Amdt. No. 4000,To ensure that the Committee has jurisdiction over the Transportation Security Administration.,Amendment Rejected (33-63),'1/2',21,28,0,2,11,35,0,2,1,0,0,0,33,63,0,4,
202,108,2,,"October 7, 2004,  07:16 PM",On the Amendment S.Amdt. 4037 to S.Amdt. 3981 to S.Res. 445 (No short title on file),Hatch Amdt. No. 4037,To retain jurisdiction over the Secret Service in the Committee on the Judiciary.,Amendment Agreed to (54-41),'1/2',26,22,0,3,27,19,0,2,1,0,0,0,54,41,0,5,
203,108,2,,"October 7, 2004,  10:04 PM",On the Amendment S.Amdt. 4021 to S.Amdt. 3981 to S.Res. 445 (No short title on file),Biden Amdt. No. 4021,To provide that the Chairman and Ranking Member of the Committee on Foreign Relations (if not already a member of the select Committee) shall be ex officio members of the select Committee but shall have no vote in the Committee and shall not be counted for purposes of determining a quorum.,Amendment Rejected (36-54),'1/2',5,41,0,5,30,13,0,5,1,0,0,0,36,54,0,10,
204,108,2,,"October 8, 2004,  09:09 AM",On the Cloture Motion S.Amdt. 3981 to S.Res. 445 (No short title on file),Motion To Invoke Cloture On The McConnell Amdt. No. 3981,To implement the congressional oversight recommendations of the 9-11 Commission.,"Cloture Motion Agreed to (88-3, 3/5 majority required)",'3/5',45,3,0,3,42,0,0,6,1,0,0,0,88,3,0,9,
205,108,2,S.Res. 445,"October 8, 2004,  01:20 PM",On the Motion for Attendance S.Res. 445,Motion To Instruct SGT At Arms,A resolution to eliminate certain restrictions on service of a Senator on the Senate Select Committee on Intelligence.,Motion for Attendance Agreed to (85-4),'1/2',45,2,0,4,39,2,0,7,1,0,0,0,85,4,0,11,
206,108,2,,"October 9, 2004,  11:22 AM",On the Amendment S.Amdt. 4041 to S.Amdt. 4027 to S.Amdt. 3981 to S.Res. 445,Nickles Amdt. No. 4041,"To vest sole jurisdiction over the Federal budget process in the Committee on the Budget, and to give the Committee on the Budget joint jurisdiction with the Governmental Affairs Committee over the process of reviewing, holding hearings, and voting on persons nominated by the President to fill the positions of Director and Deputy Director for Budget within the Office of Management and Budget.",Amendment Agreed to (50-35),'1/2',19,25,0,7,31,9,0,8,0,1,0,0,50,35,0,15,
207,108,2,,"October 9, 2004,  12:09 PM",On the Amendment S.Amdt. 4015 to S.Amdt. 3981 to S.Res. 445 (No short title on file),Hutchison Amdt. No. 4015 As Amended,To implement responsible subcommittee reorganization in the Committee on Appropriations.,Amendment Agreed to (44-41),'1/2',44,0,0,7,0,40,0,8,0,1,0,0,44,41,0,15,
208,108,2,S.Res. 445,"October 9, 2004,  12:39 PM",On the Resolution S.Res. 445,S. Res. 445 As Amended.,A resolution to eliminate certain restrictions on service of a Senator on the Senate Select Committee on Intelligence.,Resolution Agreed to (79-6),'1/2',39,5,0,7,39,1,0,8,1,0,0,0,79,6,0,15,
209,108,2,S.Res. 454,"October 9, 2004,  01:13 PM",On the Resolution S.Res. 454,S. Res. 454,A resolution expressing the sense of the Senate that the 108th Congress should provide the necessary funds to make disaster assistance available for all customarily eligible agricultural producers as emergency spending and not funded by cuts to the farm bill.,Resolution Agreed to (71-14),'1/2',30,14,0,7,40,0,0,8,1,0,0,0,71,14,0,15,
210,108,2,H.R. 4520,"October 10, 2004,  01:18 PM",On the Cloture Motion H.R. 4520,Motion To Invoke Cloture On The Conference Report To Accompany H. R. 4520,"A bill to amend the Internal Revenue Code of 1986 to remove impediments in such Code and make our manufacturing, service, and high-technology businesses and workers more competitive and productive both at home and abroad.","Cloture Motion Agreed to (66-14, 3/5 majority required)",'3/5',41,3,0,7,24,11,0,13,1,0,0,0,66,14,1,19,
211,108,2,H.R. 4520,"October 11, 2004,  12:00 PM",On the Conference Report H.R. 4520,H.R. 4520 Conference Report,"A bill to amend the Internal Revenue Code of 1986 to remove impediments in such Code and make our manufacturing, service, and high-technology businesses and workers more competitive and productive both at home and abroad.",Conference Report Agreed to (69-17),'1/2',43,3,0,5,25,14,0,9,1,0,0,0,69,17,1,13,
212,108,2,PN1970,"November 16, 2004,  05:15 PM",On the Nomination PN1970,"Confirmation Francis J. Harvey, Of California, To Be Secretary Of The Army","Francis J. Harvey, of California, to be Secretary of the Army",Nomination Confirmed (85-12),'1/2',50,0,0,1,34,12,0,2,1,0,0,0,85,12,0,3,
213,108,2,S. 2986,"November 17, 2004,  05:48 PM",On Passage of the Bill S. 2986,S. 2986,A bill to amend title 31 of the United States Code to increase the public debt limit.,Bill Passed (52-44),'1/2',50,1,0,0,2,42,0,4,0,1,0,0,52,44,1,3,
214,108,2,H.R. 1047,"November 19, 2004,  10:00 AM",On the Cloture Motion H.R. 1047,Motion to Invoke Cloture on the Conference Report to Accompany H.R. 1047,"A bill to amend the Harmonized Tariff Schedule of the United States to modify temporarily certain rates of duty, to make other technical amendments to the trade laws, and for other purposes.","Cloture Motion Agreed to (88-5, 3/5 majority required)",'3/5',47,1,0,3,41,4,0,3,0,0,0,1,88,5,0,7,
215,108,2,H.R. 4818,"November 20, 2004,  08:42 PM",On the Conference Report H.R. 4818,H. R. 4818 Conference Report,"A bill making appropriations for foreign operations, export financing, and related programs for the fiscal year ending September 30, 2005, and for other purposes.",Conference Report Agreed to (65-30),'1/2',42,6,0,3,23,23,0,2,0,1,0,0,65,30,0,5,
216,108,2,S. 2845,"December 8, 2004,  03:13 PM",On the Conference Report S. 2845,S. 2845 Conference Report,"A bill to reform the intelligence community and the intelligence and intelligence-related activities of the United States Government, and for other purposes.",Conference Report Agreed to (89-2),'1/2',44,1,0,6,44,1,0,3,1,0,0,0,89,2,0,9,
