Vote Number,Congress Num,Session,Legislation Number,Date,Question,Vote Title,Document Text,Result,Majority Requirement,Republican Yes,Republican No,Republican Present,Republican Absent,Democrat Yes,Democrat No,Democrat Present,Democrat Absent,Independent Yes,Independent No,Independent Present,Independent Absent,Total Yes,Total No,Total Present,Total Absent,Tie Breaker
1,110,2,H.R. 4986,"January 22, 2008,  05:32 PM",On Passage of the Bill H.R. 4986,H.R.4986,"A bill to provide for the enactment of the National Defense Authorization Act for Fiscal Year 2008, as previously enrolled, with certain modifications to address the foreign sovereign immunities provisions of title 28, United States Code, with respect to the attachment of property in certain judgements against Iraq, the lapse of statutory authorities for the payment of bonuses, special pays, and similar benefits for members of the uniformed services, and for other purposes.",Bill Passed (91-3),'1/2',46,0,0,3,44,2,0,3,1,1,0,0,91,3,0,6,
2,110,2,S. 2248,"January 24, 2008,  02:03 PM",On the Motion to Table S. 2248,"Motion to Table Committee on the Judiciary Reported Substitute Amendment, as Modified, to S.2248","An original bill to amend the Foreign Intelligence Surveillance Act of 1978, to modernize and streamline the provisions of that Act, and for other purposes.",Motion to Table Agreed to (60-36),'1/2',47,0,0,2,12,35,0,2,1,1,0,0,60,36,0,4,
3,110,2,,"January 28, 2008,  04:43 PM",On the Cloture Motion S.Amdt. 3911 to S. 2248 (FISA Amendments Act of 2007),Motion to Invoke Cloture on Amdt. No. 3911 to S. 2248,In the nature of a substitute.,"Cloture Motion Rejected (48-45, 3/5 majority required)",'3/5',44,1,0,4,4,43,0,2,0,1,0,1,48,45,0,7,
4,110,2,,"January 28, 2008,  05:14 PM",On the Cloture Motion S.Amdt. 3918 to S. 2248 (FISA Amendments Act of 2007),Motion to Invoke Cloture on Amdt. No. 3918 to S. 2248,Relative to the extension of the Protect America Act of 2007.,"Cloture Motion Rejected (48-45, 3/5 majority required)",'3/5',0,45,0,4,47,0,0,2,1,0,0,1,48,45,0,7,
5,110,2,H.R. 5140,"February 4, 2008,  05:31 PM",On the Cloture Motion H.R. 5140,Motion To Invoke Cloture On The Motion To Proceed To Consider H.R. 5140,"A bill to provide economic stimulus through recovery rebates to individuals, incentives for business investment, and an increase in conforming and FHA loan limits.","Cloture Motion Agreed to (80-4, 3/5 majority required)",'3/5',37,4,0,8,42,0,0,7,1,0,0,1,80,4,0,16,
6,110,2,H.R. 5140,"February 5, 2008,  11:37 AM",On the Motion (Motion to Instruct Sgt. At Arms),Motion to Instruct Sgt. At Arms,"A bill to provide economic stimulus through recovery rebates to individuals, incentives for business investment, and an increase in conforming and FHA loan limits.",Motion Agreed to (73-12),'1/2',31,12,0,6,41,0,0,8,1,0,0,1,73,12,0,15,
7,110,2,,"February 6, 2008,  03:15 PM",On the Amendment S.Amdt. 3930 to S.Amdt. 3911 to S. 2248 (FISA Amendments Act of 2007),Cardin Amdt No. 3930,To modify the sunset provision.,"Amendment Rejected (49-46, 3/5 majority required)",'3/5',0,46,0,3,48,0,0,1,1,0,0,1,49,46,0,5,
8,110,2,,"February 6, 2008,  05:46 PM",On the Cloture Motion S.Amdt. 3983 to H.R. 5140 (Recovery Rebates and Economic Stimulus for the American People Act of 2008),Motion To Invoke Cloture On The Reid Amdt No. 3983,Of a perfecting nature.,"Cloture Motion Rejected (58-41, 3/5 majority required)",'3/5',8,40,0,1,48,1,0,0,2,0,0,0,58,41,0,1,
9,110,2,,"February 7, 2008,  04:11 PM",On the Amendment S.Amdt. 4010 to H.R. 5140 (Economic Stimulus Act of 2008),Reid Amdt. No. 4010,To revise the eligibility criteria for the 2008 recovery rebates for individuals.,Amendment Agreed to (91-6),'1/2',43,6,0,0,46,0,0,3,2,0,0,0,91,6,0,3,
10,110,2,H.R. 5140,"February 7, 2008,  04:36 PM",On Passage of the Bill H.R. 5140,H.R. 5140 As Amended,"A bill to provide economic stimulus through recovery rebates to individuals, incentives for business investment, and an increase in conforming and FHA loan limits.",Bill Passed (81-16),'1/2',33,16,0,0,46,0,0,3,2,0,0,0,81,16,0,3,
11,110,2,,"February 7, 2008,  05:26 PM",On the Amendment S.Amdt. 3915 to S.Amdt. 3911 to S. 2248 (FISA Amendments Act of 2007),"Feingold Amdt. No. 3915

",To place flexible limits on the use of information obtained using unlawful procedures.,Amendment Rejected (40-56),'1/2',0,48,0,1,39,7,0,3,1,1,0,0,40,56,0,4,
12,110,2,,"February 7, 2008,  05:59 PM",On the Amendment S.Amdt. 3913 to S.Amdt. 3911 to S. 2248 (FISA Amendments Act of 2007),Feingold Amdt. No. 3913,To prohibit reverse targeting and protect the rights of Americans who are communicating with people abroad.,Amendment Rejected (38-57),'1/2',0,48,0,1,37,8,0,4,1,1,0,0,38,57,0,5,
13,110,2,,"February 12, 2008,  10:18 AM",On the Amendment S.Amdt. 3910 to S.Amdt. 3911 to S. 2248 (FISA Amendments Act of 2007),Feinstein Amdt. No. 3910,To provide a statement of the exclusive means by which electronic surveillance and interception of certain communications may be conducted.,"Amendment Rejected (57-41, 3/5 majority required)",'3/5',9,39,0,1,47,1,0,1,1,1,0,0,57,41,0,2,
14,110,2,,"February 12, 2008,  10:43 AM",On the Amendment S.Amdt. 3979 to S.Amdt. 3911 to S. 2248 (FISA Amendments Act of 2007),Feingold Amdt. No. 3979,To provide safeguards for communications involving persons inside the United States.,Amendment Rejected (35-63),'1/2',0,48,0,1,34,14,0,1,1,1,0,0,35,63,0,2,
15,110,2,,"February 12, 2008,  11:03 AM",On the Amendment S.Amdt. 3907 to S.Amdt. 3911 to S. 2248 (FISA Amendments Act of 2007),Dodd Amdt. No. 3907,To strike the provisions providing immunity from civil liability to electronic communication service providers for certain assistance provided to the Government.,Amendment Rejected (31-67),'1/2',0,48,0,1,30,18,0,1,1,1,0,0,31,67,0,2,
16,110,2,,"February 12, 2008,  11:22 AM",On the Amendment S.Amdt. 3912 to S.Amdt. 3911 to S. 2248 (FISA Amendments Act of 2007),Feingold Amdt. No. 3912,To modify the requirements for certifications made prior to the initiation of certain acquisitions.,Amendment Rejected (37-60),'1/2',0,47,0,2,36,12,0,1,1,1,0,0,37,60,0,3,
17,110,2,,"February 12, 2008,  11:44 AM",On the Amendment S.Amdt. 3927 to S.Amdt. 3911 to S. 2248 (FISA Amendments Act of 2007),Specter Amdt. No. 3927,To provide for the substitution of the United States in certain civil actions.,Amendment Rejected (30-68),'1/2',1,47,0,1,28,20,0,1,1,1,0,0,30,68,0,2,
18,110,2,,"February 12, 2008,  12:01 PM",On the Amendment S.Amdt. 3919 to S.Amdt. 3911 to S. 2248 (FISA Amendments Act of 2007),Feinstein Amdt. No. 3919,To provide for the review of certifications by the Foreign Intelligence Surveillance Court.,"Amendment Rejected (41-57, 3/5 majority required)",'3/5',1,47,0,1,39,9,0,1,1,1,0,0,41,57,0,2,
19,110,2,S. 2248,"February 12, 2008,  12:18 PM",On the Cloture Motion S. 2248,Motion to Invoke Cloture Re. S. 2248,"An original bill to amend the Foreign Intelligence Surveillance Act of 1978, to modernize and streamline the provisions of that Act, and for other purposes.","Cloture Motion Agreed to (69-29, 3/5 majority required)",'3/5',48,0,0,1,20,28,0,1,1,1,0,0,69,29,0,2,
20,110,2,S. 2248,"February 12, 2008,  05:30 PM",On Passage of the Bill S. 2248,S.2248 as Amended,"An original bill to amend the Foreign Intelligence Surveillance Act of 1978, to modernize and streamline the provisions of that Act, and for other purposes.",Bill Passed (68-29),'1/2',48,0,0,1,19,28,0,2,1,1,0,0,68,29,0,3,
21,110,2,H.R. 2082,"February 13, 2008,  11:06 AM",On the Cloture Motion H.R. 2082,Motion To Invoke Cloture On The Conference Report To Accompany H.R. 2082,"A bill to authorize appropriations for fiscal year 2008 for intelligence and intelligence-related activities of the United States Government, the Community Management Account, and the Central Intelligence Agency Retirement and Disability System, and for other purposes.","Cloture Motion Agreed to (92-4, 3/5 majority required)",'3/5',44,4,0,1,46,0,0,3,2,0,0,0,92,4,0,4,
22,110,2,H.R. 2082,"February 13, 2008,  04:31 PM",On the Conference Report H.R. 2082,HR 2082 Conference Report ,"A bill to authorize appropriations for fiscal year 2008 for intelligence and intelligence-related activities of the United States Government, the Community Management Account, and the Central Intelligence Agency Retirement and Disability System, and for other purposes.",Conference Report Agreed to (51-45),'1/2',5,43,0,1,45,1,0,3,1,1,0,0,51,45,0,4,
23,110,2,,"February 13, 2008,  05:24 PM",On the Amendment S.Amdt. 4020 to S.Amdt. 3899 to S. 1200 (Indian Health Care Improvement Act Amendments of 2007),Tester Amdt. No. 4020,To express the sense of Congress regarding law enforcement and methamphetamine issues in Indian country.,Amendment Agreed to (95-0),'1/2',47,0,0,2,46,0,0,3,2,0,0,0,95,0,0,5,
24,110,2,,"February 14, 2008,  03:03 PM",On the Amendment S.Amdt. 4082 to S.Amdt. 3899 to S. 1200 (Indian Health Care Improvement Act Amendments of 2007),Dorgan Amdt. No. 4082,Of a perfecting nature.,Amendment Agreed to (95-0),'1/2',47,0,0,2,46,0,0,3,2,0,0,0,95,0,0,5,
25,110,2,,"February 14, 2008,  03:27 PM",On the Amendment S.Amdt. 4034 to S.Amdt. 3899 to S. 1200 (Indian Health Care Improvement Act Amendments of 2007),Coburn Amdt. No. 4034,To allow tribal members to make their own health care choices.,Amendment Rejected (28-67),'1/2',28,19,0,2,0,46,0,3,0,2,0,0,28,67,0,5,
26,110,2,,"February 14, 2008,  04:31 PM",On the Amendment S.Amdt. 4036 to S.Amdt. 3899 to S. 1200 (Indian Health Care Improvement Act Amendments of 2007),Coburn Amdt. No. 4036,To prioritize scarce resources to basic medical services for Indians.,Amendment Rejected (21-73),'1/2',21,26,0,2,0,45,0,4,0,2,0,0,21,73,0,6,
27,110,2,,"February 14, 2008,  04:56 PM",On the Amendment S.Amdt. 4032 to S.Amdt. 3899 to S. 1200 (Indian Health Care Improvement Act Amendments of 2007),Coburn Amdt. No. 4032,To protect rape and sexual assault victims from HIV/AIDS and other sexually transmitted diseases.,Amendment Agreed to (94-0),'1/2',47,0,0,2,45,0,0,4,2,0,0,0,94,0,0,6,
28,110,2,,"February 25, 2008,  05:31 PM",On the Cloture Motion S.Amdt. 3899 to S. 1200 (Indian Health Care Improvement Act Amendments of 2007),Motion to Invoke Cloture on the Dorgan Amdt. No. 3899,In the nature of a substitute.,"Cloture Motion Agreed to (85-2, 3/5 majority required)",'3/5',41,2,0,6,42,0,0,7,2,0,0,0,85,2,0,13,
29,110,2,,"February 25, 2008,  05:58 PM",On the Amendment S.Amdt. 4070 to S.Amdt. 3899 to S. 1200 (Indian Health Care Improvement Act Amendments of 2007),DeMint Amdt. No. 4070,Of a perfecting nature.,Amendment Agreed to (78-11),'1/2',44,0,0,5,32,11,0,6,2,0,0,0,78,11,0,11,
30,110,2,,"February 26, 2008,  10:13 AM",On the Amendment S.Amdt. 3896 to S.Amdt. 3899 to S. 1200 (Indian Health Care Improvement Act Amendments of 2007),Vitter Amdt. No. 3896,To modify a section relating to limitation on use of funds appropriated to the Service.,Amendment Agreed to (52-42),'1/2',43,3,0,3,9,37,0,3,0,2,0,0,52,42,0,6,
31,110,2,,"February 26, 2008,  10:39 AM",On the Amendment S.Amdt. 3897 to S.Amdt. 3899 to S. 1200 (Indian Health Care Improvement Act Amendments of 2007),Smith Amdt. No. 3897,To modify a provision relating to development of innovative approaches.,Amendment Agreed to (56-38),'1/2',30,16,0,3,26,20,0,3,0,2,0,0,56,38,0,6,
32,110,2,S. 1200,"February 26, 2008,  10:58 AM",On Passage of the Bill S. 1200,S.1200 as Amended,A bill to amend the Indian Health Care Improvement Act to revise and extend the Act.,Bill Passed (83-10),'1/2',36,10,0,3,46,0,0,3,1,0,0,1,83,10,0,7,
33,110,2,S. 2633,"February 26, 2008,  02:52 PM",On the Cloture Motion S. 2633,Motion to Invoke Cloture on the Motion to Proceed to Consider S. 2633,A bill to provide for the safe redeployment of United States troops from Iraq.,"Cloture Motion Agreed to (70-24, 3/5 majority required)",'3/5',43,3,0,3,26,20,0,3,1,1,0,0,70,24,0,6,
34,110,2,S. 2634,"February 27, 2008,  06:27 PM",On the Cloture Motion S. 2634,Motion to Invoke Cloture on the Motion to Proceed to Consider S. 2634,A bill to require a report setting forth the global strategy of the United States to combat and defeat al Qaeda and its affiliates.,"Cloture Motion Agreed to (89-3, 3/5 majority required)",'3/5',42,3,0,4,45,0,0,4,2,0,0,0,89,3,0,8,
35,110,2,H.R. 3221,"February 28, 2008,  04:55 PM",On the Cloture Motion H.R. 3221,Motion to Invoke Cloture on the Motion to Proceed to H.R.3221,"Moving the United States toward greater energy independence and security, developing innovative new technologies, reducing carbon emissions, creating green jobs, protecting consumers, increasing clean renewable energy production, and modernizing our energy infrastructure, and to amend the Internal Revenue Code of 1986 to provide tax incentives for the production of renewable energy and energy conservation.","Cloture Motion Rejected (48-46, 3/5 majority required)",'3/5',1,45,0,3,45,1,0,3,2,0,0,0,48,46,0,6,
36,110,2,S. 2663,"March 3, 2008,  05:31 PM",On the Motion (Motion to Invoke Cloture on the Motion to Proceed to Consider S. 2663),Motion to Invoke Cloture on the Motion to Proceed to Consider S. 2663,"A bill to reform the Consumer Product Safety Commission to provide greater protection for children's products, to improve the screening of noncompliant consumer products, to improve the effectiveness of consumer product recall programs, and for other purposes.","Motion Agreed to (86-1, 3/5 majority required)",'3/5',41,1,0,7,43,0,0,6,2,0,0,0,86,1,0,13,
37,110,2,,"March 4, 2008,  05:30 PM",On the Motion to Table S.Amdt. 4095 to S. 2663 (No short title on file),Motion To Table DeMint Amdt. No. 4095,In the nature of a substitute.,Motion to Table Agreed to (57-39),'1/2',9,39,0,1,46,0,0,3,2,0,0,0,57,39,0,4,
38,110,2,,"March 5, 2008,  02:05 PM",On the Amendment S.Amdt. 4105 to S. 2663 (No short title on file),Klobuchar Amdt. No. 4105 As Modified,"To authorize appropriations for necessary or appropriate travel, subsistence, and related expenses, and for other purposes.",Amendment Agreed to (96-0),'1/2',48,0,0,1,46,0,0,3,2,0,0,0,96,0,0,4,
39,110,2,,"March 5, 2008,  04:49 PM",On the Motion to Table S.Amdt. 4094 to S. 2663 (No short title on file),Motion To Table Cornyn Amdt. No. 4094 As Modified Further,"To prohibit State attorneys general from entering into contingency fee agreements for legal or expert witness services in certain civil actions relating to Federal consumer product safety rules, regulations, standards, certification or labeling requirements, or orders.",Motion to Table Agreed to (51-45),'1/2',3,45,0,1,46,0,0,3,2,0,0,0,51,45,0,4,
40,110,2,,"March 6, 2008,  11:01 AM",On the Motion to Table S.Amdt. 4097 to S. 2663 (No short title on file),Motion To Table Vitter Amdt. No. 4097,To allow the prevailing party in certain civil actions related to consumer product safety rules to recover attorney fees.,Motion to Table Agreed to (56-39),'1/2',8,39,0,2,46,0,0,3,2,0,0,0,56,39,0,5,
41,110,2,H.R. 4040,"March 6, 2008,  04:53 PM",On Passage of the Bill H.R. 4040,H.R. 4040 As Amended ,A bill to establish consumer product safety standards and other safety requirements for children's products and to reauthorize and modernize the Consumer Product Safety Commission.,Bill Passed (79-13),'1/2',33,13,0,3,44,0,0,5,2,0,0,0,79,13,0,8,
42,110,2,,"March 13, 2008,  11:13 AM",On the Amendment S.Amdt. 4160 to S.Con.Res. 70 (No short title on file),Baucus Amdt. No. 4160,"To provide tax relief to middle-class families and small businesses, property tax relief to homeowners, relief to those whose homes were damaged or destroyed by Hurricanes Katrina and Rita, and tax relief to America's troops and veterans.",Amendment Agreed to (99-1),'1/2',49,0,0,0,48,1,0,0,2,0,0,0,99,1,0,0,
43,110,2,,"March 13, 2008,  11:37 AM",On the Amendment S.Amdt. 4170 to S.Con.Res. 70 (No short title on file),Graham Amdt. No. 4170 as Modified,"To protect families, family farms and small businesses by extending the income tax rate structure, raising the death tax exemption to $5 million and reducing the maximum death tax rate to no more than 35%; to keep education affordable by extending the college tuition deduction; and to protect senior citizens from higher taxes on their retirement income, maintain U.S. financial market competitiveness, and promote economic growth by extending the lower tax rates on dividends and capital gains.",Amendment Rejected (47-52),'1/2',47,2,0,0,0,48,0,1,0,2,0,0,47,52,0,1,
44,110,2,,"March 13, 2008,  11:54 AM",On the Amendment S.Amdt. 4190 to S.Con.Res. 70 (No short title on file),Conrad Amdt. No. 4190,To add a deficit-neutral reserve fund for repealing the 1993 rate increase for the alternative minimum tax for individuals.,Amendment Agreed to (53-46),'1/2',3,46,0,0,48,0,0,1,2,0,0,0,53,46,0,1,
45,110,2,,"March 13, 2008,  12:08 PM",On the Amendment S.Amdt. 4189 to S.Con.Res. 70 (No short title on file),Specter Amdt. No. 4189,To repeal section 13203 of the Omnibus Budget Reconciliation Act of 1993 by restoring the Alternative Minimum Tax rates that had been in effect prior thereto.,Amendment Rejected (49-50),'1/2',47,1,0,1,2,47,0,0,0,2,0,0,49,50,0,1,
46,110,2,,"March 13, 2008,  12:22 PM",On the Motion (Motion to Table Motion to Reconsider),Motion to Table Motion to Reconsider,To repeal section 13203 of the Omnibus Budget Reconciliation Act of 1993 by restoring the Alternative Minimum Tax rates that had been in effect prior thereto.,Motion Rejected (49-51),'1/2',0,49,0,0,47,2,0,0,2,0,0,0,49,51,0,0,
47,110,2,,"March 13, 2008,  12:38 PM",On the Motion to Reconsider S.Amdt. 4189 to S.Con.Res. 70 (No short title on file),Motion to Reconsider Amdt. No. 4189,To repeal section 13203 of the Omnibus Budget Reconciliation Act of 1993 by restoring the Alternative Minimum Tax rates that had been in effect prior thereto.,"Motion to Reconsider Agreed to (50-50, Vice President voted Yea)",'1/2',49,0,0,0,1,48,0,0,0,2,0,0,50,50,0,0,Yea
48,110,2,,"March 13, 2008,  12:53 PM",On the Amendment S.Amdt. 4189 to S.Con.Res. 70 (No short title on file),Upon Reconsideration Specter Amdt. No. 4189,To repeal section 13203 of the Omnibus Budget Reconciliation Act of 1993 by restoring the Alternative Minimum Tax rates that had been in effect prior thereto.,Amendment Rejected (49-51),'1/2',48,1,0,0,1,48,0,0,0,2,0,0,49,51,0,0,
49,110,2,,"March 13, 2008,  01:08 PM",On the Amendment S.Amdt. 4196 to S.Con.Res. 70 (No short title on file),Salazar Amdt. No. 4196 as Modified,"To reform the estate tax to avoid subjecting thousands of families, family businesses, and family farms and ranches to the estate tax.",Amendment Rejected (38-62),'1/2',3,46,0,0,34,15,0,0,1,1,0,0,38,62,0,0,
50,110,2,,"March 13, 2008,  01:24 PM",On the Amendment S.Amdt. 4191 to S.Con.Res. 70 (No short title on file),Kyl Amdt. No. 4191,"To protect small businesses, family ranches and farms from the Death Tax by providing a $5 million exemption, a low rate for smaller estates and a maximum rate no higher than 35%.",Amendment Rejected (50-50),'1/2',48,1,0,0,2,47,0,0,0,2,0,0,50,50,0,0,
51,110,2,,"March 13, 2008,  01:48 PM",On the Amendment S.Amdt. 4204 to S.Con.Res. 70 (No short title on file),Conrad Amdt. No. 4204,To add a deficit-neutral reserve fund for repealing the 1993 increase in the income tax on Social Security benefits.,Amendment Agreed to (53-46),'1/2',3,46,0,0,48,0,0,1,2,0,0,0,53,46,0,1,
52,110,2,,"March 13, 2008,  02:02 PM",On the Amendment S.Amdt. 4192 to S.Con.Res. 70 (No short title on file),Bunning Amdt. No. 4192 as Modified,To repeal the tax increase on Social Security benefits imposed by the Omnibus Budget Reconciliation Act of 1993.,Amendment Rejected (47-53),'1/2',47,2,0,0,0,49,0,0,0,2,0,0,47,53,0,0,
53,110,2,,"March 13, 2008,  02:17 PM",On the Amendment S.Amdt. 4203 to S.Con.Res. 70 (No short title on file),Specter Amdt. No. 4203,To increase funding for the National Institutes of Health and the Low Income Home Energy Assistance Program.,Amendment Agreed to (95-4),'1/2',45,3,0,1,48,1,0,0,2,0,0,0,95,4,0,1,
54,110,2,,"March 13, 2008,  02:33 PM",On the Amendment S.Amdt. 4198 to S.Con.Res. 70 (No short title on file),Dorgan Amdt. No. 4198,To increase the Indian Health Service by $1 billion in FY 2009.,Amendment Agreed to (69-30),'1/2',20,29,0,0,47,1,0,1,2,0,0,0,69,30,0,1,
55,110,2,,"March 13, 2008,  02:50 PM",On the Amendment S.Amdt. 4329 to S.Con.Res. 70 (No short title on file),Bill Nelson Amdt. No. 4329,To establish a deficit-neutral reserve fund to improve energy efficiency and production.,Amendment Agreed to (56-43),'1/2',6,42,0,1,48,1,0,0,2,0,0,0,56,43,0,1,
56,110,2,,"March 13, 2008,  03:10 PM",On the Amendment S.Amdt. 4207 to S.Con.Res. 70 (No short title on file),Alexander Amdt. No. 4207 as Modified,To establish a deficit-neutral reserve fund to improve energy efficiency and production.,Amendment Rejected (47-51),'1/2',43,5,0,1,4,44,0,1,0,2,0,0,47,51,0,2,
57,110,2,,"March 13, 2008,  03:39 PM",On the Amendment S.Amdt. 4350 to S.Con.Res. 70 (No short title on file),Kennedy Amdt. No. 4350,"To increase funding for the Department of Education's English Literacy-Civics Education State Grant program, with an offset.",Amendment Agreed to (95-2),'1/2',46,2,0,1,47,0,0,2,2,0,0,0,95,2,0,3,
58,110,2,,"March 13, 2008,  03:54 PM",On the Amendment S.Amdt. 4222 to S.Con.Res. 70 (No short title on file),Alexander Amdt. No. 4222,"To take $670,000 used by the EEOC in bringing actions against employers that require their employees to speak English, and instead use the money to teach English to adults through the Department of Education's English Literacy/Civics Education State Grant program.",Amendment Agreed to (54-44),'1/2',47,1,0,1,7,41,0,1,0,2,0,0,54,44,0,2,
59,110,2,,"March 13, 2008,  04:13 PM",On the Amendment S.Amdt. 4259 to S.Con.Res. 70 (No short title on file),Menendez Amdt. No. 4259,To establish a reserve fund for immigration reform and enforcement.,Amendment Agreed to (53-45),'1/2',5,43,0,1,46,2,0,1,2,0,0,0,53,45,0,2,
60,110,2,,"March 13, 2008,  04:29 PM",On the Amendment S.Amdt. 4231 to S.Con.Res. 70 (No short title on file),Sessions Amdt. No. 4231,"To establish a deficit-neutral reserve fund for border security, immigration enforcement, and criminal alien removal programs.",Amendment Agreed to (61-37),'1/2',48,0,0,1,13,35,0,1,0,2,0,0,61,37,0,2,
61,110,2,,"March 13, 2008,  04:47 PM",On the Motion (Motion to Waive C.B.A. Cornyn Amdt. No. 4242),Motion to Waive C.B.A. Cornyn Amdt. No. 4242,"To protect the family budget by providing for a budget point of order against legislation that increases income taxes on taxpayers, including hard-working middle-income families, entrepreneurs, and college students.","Motion Rejected (58-40, 3/5 majority required)",'3/5',48,0,0,1,10,38,0,1,0,2,0,0,58,40,0,2,
62,110,2,,"March 13, 2008,  05:07 PM",On the Amendment S.Amdt. 4246 to S.Con.Res. 70 (No short title on file),Allard Amdt. No. 4246,To raise taxes by an unprecedented $1.4 trillion for the purpose of fully funding 111 new or expanded federal spending programs.,Amendment Rejected (0-97),'1/2',0,48,0,1,0,47,0,2,0,2,0,0,0,97,0,3,
63,110,2,,"March 13, 2008,  05:28 PM",On the Amendment S.Amdt. 4240 to S.Con.Res. 70 (No short title on file),Ensign Amdt. No. 4240,To require wealthy Medicare beneficiaries to pay a greater share of their Medicare Part D premiums.,Amendment Rejected (42-56),'1/2',40,8,0,1,2,46,0,1,0,2,0,0,42,56,0,2,
64,110,2,,"March 13, 2008,  05:45 PM",On the Amendment S.Amdt. 4218 to S.Con.Res. 70 (No short title on file),Sanders Amdt. No. 4218,"To put children ahead of millionaires and billionaires by restoring the pre-2001 top income tax rate for people earning over $1 million, and use this revenue to invest in LIHEAP; IDEA; Head Start; Child Care; nutrition; school construction and deficit reduction.",Amendment Rejected (43-55),'1/2',1,47,0,1,40,8,0,1,2,0,0,0,43,55,0,2,
65,110,2,,"March 13, 2008,  06:08 PM",On the Amendment S.Amdt. 4328 to S.Con.Res. 70 (No short title on file),DeMint Amdt. No. 4328,To provide for a deficit-neutral reserve fund for Social Security reform.,Amendment Rejected (41-57),'1/2',40,8,0,1,1,47,0,1,0,2,0,0,41,57,0,2,
66,110,2,,"March 13, 2008,  06:32 PM",On the Amendment S.Amdt. 4232 to S.Con.Res. 70 (No short title on file),Allard Amdt. No. 4232,To pay down the Federal debt and eliminate government waste by reducing spending 5 percent on programs rated (as mandated under the Government Performance and Results Act (Public Law 103-62)) ineffective by the Office of Management and Budget Program Assessment Rating Tool.,Amendment Rejected (29-68),'1/2',29,18,0,2,0,48,0,1,0,2,0,0,29,68,0,3,
67,110,2,,"March 13, 2008,  06:52 PM",On the Amendment S.Amdt. 4284 to S.Con.Res. 70 (No short title on file),Brownback Amdt. No. 4284,To provide funds for a Commission on Budgetary Accountability and Review of Federal Agencies.,Amendment Agreed to (49-48),'1/2',38,9,0,2,11,37,0,1,0,2,0,0,49,48,0,3,
68,110,2,,"March 13, 2008,  07:13 PM",On the Amendment S.Amdt. 4197 to S.Con.Res. 70 (No short title on file),Kohl Amdt. No. 4197,To establish a deficit-neutral reserve fund for a 3-year extension of the pilot program for national and State background checks on direct patient access employees of long-term care facilities or providers.,Amendment Agreed to (89-7),'1/2',40,7,0,2,47,0,0,2,2,0,0,0,89,7,0,4,
69,110,2,,"March 13, 2008,  08:22 PM",On the Motion to Table S.Amdt. 4309 to S.Con.Res. 70 (No short title on file),Motion to Table Vitter Amdt. No. 4309,To create a reserve fund to ensure that Federal assistance does not go to sanctuary cities that ignore the immigration laws of the United States and create safe havens for illegal aliens and potential terrorists.,Motion to Table Agreed to (58-40),'1/2',9,39,0,1,47,1,0,1,2,0,0,0,58,40,0,2,
70,110,2,,"March 13, 2008,  08:45 PM",On the Amendment S.Amdt. 4368 to S.Con.Res. 70 (No short title on file),Boxer Amdt. No. 4368 as Modified,To increase funding for the Department of Justice for the vigorous enforcement of laws protecting children.,Amendment Agreed to (90-5),'1/2',43,5,0,1,45,0,0,4,2,0,0,0,90,5,0,5,
71,110,2,,"March 13, 2008,  09:10 PM",On the Amendment S.Amdt. 4335 to S.Con.Res. 70 (No short title on file),Ensign Amdt. No. 4335,"To increase funding for the Department of Justice for the vigorous enforcement of a prohibition against taking minors across State lines in circumvention of laws requiring the involvement of parents in abortion decisions consistent with the Child Custody Protection Act, which passed the Senate by a bipartisan vote of 65-34, with an offset.",Amendment Rejected (49-49),'1/2',44,4,0,1,5,43,0,1,0,2,0,0,49,49,0,2,
72,110,2,,"March 13, 2008,  09:20 PM",On the Motion (Motion to Waive C.B.A. DeMint Amdt. No. 4340),Motion to Waive C.B.A. DeMint Amdt. No. 4340,To create a point of order against bills that would raise gasoline prices.,"Motion Rejected (39-59, 3/5 majority required)",'3/5',37,11,0,1,2,46,0,1,0,2,0,0,39,59,0,2,
73,110,2,,"March 13, 2008,  09:38 PM",On the Motion (Motion to Waive C.B.A. Cornyn Amdt. No. 4313),Motion to Waive C.B.A. Cornyn Amdt. No. 4313,To protect the family budget from runaway Government spending by increasing the number of Senators necessary to waive the PAYGO Point of Order from 60 to 100.,"Motion Rejected (27-71, 3/5 majority required)",'3/5',27,21,0,1,0,48,0,1,0,2,0,0,27,71,0,2,
74,110,2,,"March 13, 2008,  10:01 PM",On the Amendment S.Amdt. 4348 to S.Con.Res. 70 (No short title on file),Kyl Amdt. No. 4348,"To provide certainty to taxpayers by extending expiring tax provisions such as the R&D Tax Credit that helps US companies innovate, combat pay exclusion for our soldiers in the field, the education deduction to make colleges more affordable and the alternative energy incentives to make the environment cleaner through the end of 2009.",Amendment Rejected (49-50),'1/2',48,1,0,0,1,47,0,1,0,2,0,0,49,50,0,1,
75,110,2,,"March 13, 2008,  10:25 PM",On the Motion (Motion to Waive C.B.A. DeMint Amdt No. 4347),Motion to Waive C.B.A. DeMint Amdt No. 4347,To establish an earmark moratorium for fiscal year 2009.,"Motion Rejected (29-71, 3/5 majority required)",'3/5',23,26,0,0,5,44,0,0,1,1,0,0,29,71,0,0,
76,110,2,,"March 13, 2008,  10:44 PM",On the Amendment S.Amdt. 4378 to S.Con.Res. 70 (No short title on file),Landrieu Amdt. No. 4378,"To protect family businesses and farmers without increasing our nation's debt by providing for an estate tax that sets the exemption at $5 million and the rate at 35 percent, with the benefits of the exemption recaptured for estates over $100 million, paid for by closing tax loopholes that allow offshore deferral of compensation and transactions entered into solely for the purpose of avoiding taxation.",Amendment Rejected (23-77),'1/2',3,46,0,0,19,30,0,0,1,1,0,0,23,77,0,0,
77,110,2,,"March 13, 2008,  11:04 PM",On the Amendment S.Amdt. 4372 to S.Con.Res. 70 (No short title on file),Kyl Amdt. No. 4372,"To protect small businesses, family ranches and farms from the Death Tax by providing a $5 million exemption, a low rate for smaller estates and a maximum rate no higher than 35%.",Amendment Rejected (48-50),'1/2',47,1,0,1,1,47,0,1,0,2,0,0,48,50,0,2,
78,110,2,,"March 13, 2008,  11:21 PM",On the Amendment S.Amdt. 4276 to S.Con.Res. 70 (No short title on file),Grassley Amdt. No. 4276 as Modified,To exempt from pay-as-you-go enforcement modifications to the individual alternative minimum tax (AMT) that prevent millions of additional taxpayers from having to pay the AMT.,Amendment Rejected (47-51),'1/2',46,2,0,1,1,47,0,1,0,2,0,0,47,51,0,2,
79,110,2,,"March 13, 2008,  11:54 AM",On the Amendment S.Amdt. 4380 to S.Con.Res. 70 (No short title on file),DeMint Amdt. No. 4380,"To provide for a deficit-neutral reserve fund for transferring funding for Berkeley, CA earmarks to the Marine Corps.",Amendment Rejected (41-57),'1/2',39,9,0,1,2,46,0,1,0,2,0,0,41,57,0,2,
80,110,2,,"March 14, 2008,  12:11 AM",On the Amendment S.Amdt. 4379 to S.Con.Res. 70 (No short title on file),Boxer Amdt. No. 4379,To facilitate coverage of pregnant women in SCHIP.,Amendment Agreed to (70-27),'1/2',21,27,0,1,47,0,0,2,2,0,0,0,70,27,0,3,
81,110,2,,"March 14, 2008,  12:29 AM",On the Amendment S.Amdt. 4233 to S.Con.Res. 70 (No short title on file),Allard Amdt. No. 4233,To require that legislation to reauthorize SCHIP include provisions codifying the unborn child regulation.,Amendment Rejected (46-52),'1/2',44,4,0,1,2,46,0,1,0,2,0,0,46,52,0,2,
82,110,2,,"March 14, 2008,  12:45 AM",On the Amendment S.Amdt. 4339 to S.Con.Res. 70 (No short title on file),DeMint Amdt. No. 4339,To provide for a deficit-neutral reserve fund for providing an above the line Federal income tax deduction for individuals purchasing health insurance outside the workplace.,Amendment Rejected (45-51),'1/2',45,1,0,3,0,48,0,1,0,2,0,0,45,51,0,4,
83,110,2,,"March 14, 2008,  01:02 AM",On the Amendment S.Amdt. 4245 to S.Con.Res. 70 (No short title on file),Biden Amdt. No. 4245,"To restore full funding for the international affairs budget, in support of the reconstruction of Iraq and Afghanistan, nuclear nonproliferation, foreign assistance, fighting global AIDS, promoting sustainable development, and other efforts, with an offset.",Amendment Agreed to (73-23),'1/2',24,22,0,3,47,1,0,1,2,0,0,0,73,23,0,4,
84,110,2,,"March 14, 2008,  01:17 AM",On the Amendment S.Amdt. 4299 to S.Con.Res. 70 (No short title on file),Vitter Amdt. No. 4299,Expressing the sense of the Senate regarding the need for comprehensive legislation to legalize the importation of prescription drugs from highly industrialized countries with safe pharmaceutical infrastructures.,Amendment Agreed to (73-23),'1/2',26,20,0,3,45,3,0,1,2,0,0,0,73,23,0,4,
85,110,2,S.Con.Res. 70,"March 14, 2008,  01:40 AM",On the Concurrent Resolution S.Con.Res. 70,S. Con. Res. 70 as Amended,An original concurrent resolution setting forth the congressional budget for the United States Government for fiscal year 2009 and including the appropriate budgetary levels for fiscal years 2008 and 2010 through 2013.,Concurrent Resolution Agreed to (51-44),'1/2',2,43,0,4,47,1,0,1,2,0,0,0,51,44,1,4,
86,110,2,H.R. 3221,"April 1, 2008,  02:29 PM",On the Cloture Motion H.R. 3221,Upon Reconsideration Motion to Invoke Cloture on the Motion to Proceed to H.R. 3221,"Moving the United States toward greater energy independence and security, developing innovative new technologies, reducing carbon emissions, creating green jobs, protecting consumers, increasing clean renewable energy production, and modernizing our energy infrastructure, and to amend the Internal Revenue Code of 1986 to provide tax incentives for the production of renewable energy and energy conservation.","Cloture Motion Agreed to (94-1, 3/5 majority required)",'3/5',47,1,0,1,45,0,0,4,2,0,0,0,94,1,0,5,
87,110,2,S.Res. 501,"April 3, 2008,  02:48 PM",On the Resolution S.Res. 501,S. Res. 501,A resolution honoring the sacrifice of the members of the United States Armed Forces who have been killed in Iraq and Afghanistan.,Resolution Agreed to (95-0),'1/2',47,0,0,2,46,0,0,3,2,0,0,0,95,0,0,5,
88,110,2,,"April 3, 2008,  03:37 PM",On the Motion to Table S.Amdt. 4388 to S.Amdt. 4387 to H.R. 3221 (Renewable Energy and Energy Conservation Tax Act of 2007),Motion to Table Durbin Amdt. No. 4388,"To address the treatment of primary mortgages in bankruptcy, and for other purposes.",Motion to Table Agreed to (58-36),'1/2',47,0,0,2,10,35,0,4,1,1,0,0,58,36,0,6,
89,110,2,,"April 3, 2008,  07:34 PM",On the Motion (Motion to Waive CBA Murray Amdt. No. 4397),Motion to Waive CBA Murray Amdt. No. 4397,To increase funding for housing counseling resources.,"Motion Rejected (44-40, 3/5 majority required)",'3/5',7,38,0,4,36,1,0,12,1,1,0,0,44,40,0,16,
90,110,2,,"April 3, 2008,  08:00 PM",On the Motion (Motion to Waive CBA Kyl Amdt. No. 4407),Motion to Waive CBA Kyl Amdt. No. 4407,No Statement of Purpose on File.,"Motion Rejected (41-44, 3/5 majority required)",'3/5',40,5,0,4,1,37,0,11,0,2,0,0,41,44,0,15,
91,110,2,,"April 4, 2008,  09:08 AM",On the Amendment S.Amdt. 4406 to S.Amdt. 4387 to H.R. 3221 (Renewable Energy and Energy Conservation Tax Act of 2007),Voinovich Amdt. No. 4406 As Modified,To protect families most vulnerable to foreclosure due to a sudden loss of income by extending the depreciation incentive to loss companies that have accumulated alternative minimum tax and research and development tax credits.,Amendment Agreed to (76-2),'1/2',37,2,0,10,38,0,0,11,1,0,0,1,76,2,0,22,
92,110,2,,"April 4, 2008,  09:34 AM","On the Motion (Motion to Waive S. Con. Res. 21, sec. 204. Re: Landrieu Amdt. No. 4389, As Further Modified)","Motion to Waive S. Con. Res. 21, sec. 204. Re: Landrieu Amdt. No. 4389, As Further Modified",To amend the Internal Revenue Code of 1986 to allow use of amended income tax returns to take into account receipt of certain hurricane-related casualty loss grants by disallowing previously taken casualty loss deductions and to waive the deadline on the construction of GO Zone property which is eligible for bonus depreciation.,"Motion Agreed to (74-5, 3/5 majority required)",'3/5',35,5,0,9,38,0,0,11,1,0,0,1,74,5,0,21,
93,110,2,,"April 8, 2008,  02:17 PM",On the Cloture Motion S.Amdt. 4387 to H.R. 3221 (Renewable Energy and Energy Conservation Tax Act of 2007),Motion to Invoke Cloture on the Dodd Amdt. No. 4387,In the nature of a substitute.,"Cloture Motion Agreed to (92-6, 3/5 majority required)",'3/5',41,6,0,2,49,0,0,0,2,0,0,0,92,6,0,2,
94,110,2,,"April 10, 2008,  10:59 AM",On the Amendment S.Amdt. 4429 to S.Amdt. 4419 to S.Amdt. 4387 to H.R. 3221,Alexander Amdt. No. 4429,"To provide a longer extension of the renewable energy production tax credit and to encourage all emerging renewable sources of electricity, and for other purposes.",Amendment Rejected (15-79),'1/2',14,33,0,2,1,44,0,4,0,2,0,0,15,79,0,6,
95,110,2,,"April 10, 2008,  11:24 AM",On the Amendment S.Amdt. 4419 to S.Amdt. 4387 to H.R. 3221 (Renewable Energy and Energy Conservation Tax Act of 2007),Ensign Amdt. No. 4419,To amend the Internal Revenue Code of 1986 to provide for the limited continuation of clean energy production incentives and incentives to improve energy efficiency in order to prevent a downturn in these sectors that would result from a lapse in the tax law.,Amendment Agreed to (88-8),'1/2',42,5,0,2,44,3,0,2,2,0,0,0,88,8,0,4,
96,110,2,H.R. 3221,"April 10, 2008,  11:41 AM",On Passage of the Bill H.R. 3221,H.R. 3221 As Amended,A bill to provide needed housing reform and for other purposes.,Bill Passed (84-12),'1/2',35,12,0,2,47,0,0,2,2,0,0,0,84,12,0,4,
97,110,2,,"April 10, 2008,  02:19 PM",On the Amendment S.Amdt. 4522 to S. 2739 (Consolidated Natural Resources Act of 2008),Coburn Amdt. No. 4522,To require the Director of the Office of Management and Budget to determine on an annual basis the quantity of land that is owned by the Federal Government and the cost to taxpayers of the ownership of the land.,Amendment Rejected (30-63),'1/2',28,19,0,2,2,42,0,5,0,2,0,0,30,63,0,7,
98,110,2,,"April 10, 2008,  02:44 PM",On the Amendment S.Amdt. 4521 to S. 2739 (Consolidated Natural Resources Act of 2008),Coburn Amdt. No. 4521,To require approval prior to the assumption of control by the Federal Government of State property.,Amendment Rejected (19-76),'1/2',19,28,0,2,0,46,0,3,0,2,0,0,19,76,0,5,
99,110,2,,"April 10, 2008,  03:00 PM",On the Amendment S.Amdt. 4520 to S. 2739 (Consolidated Natural Resources Act of 2008),Coburn Amdt. No. 4520,"To ensure that all individuals who reside, or own property that is located, in a proposed National Heritage Area are informed of the designation of the National Heritage Area.",Amendment Rejected (27-67),'1/2',27,18,0,4,0,47,0,2,0,2,0,0,27,67,0,6,
100,110,2,,"April 10, 2008,  03:18 PM",On the Amendment S.Amdt. 4519 to S. 2739 (Consolidated Natural Resources Act of 2008),Coburn Amdt. 4519,To require the transfer of certain funds to be used by the Director of the National Park Service to dispose of assets described in the candidate asset disposition list of the National Park Service.,Amendment Rejected (22-73),'1/2',21,25,0,3,1,46,0,2,0,2,0,0,22,73,0,5,
101,110,2,S. 2739,"April 10, 2008,  03:34 PM",On Passage of the Bill S. 2739,S.2739,"A bill to authorize certain programs and activities in the Department of the Interior, the Forest Service, and the Department of Energy, to implement further the Act approving the Covenant to Establish a Commonwealth of the Northern Mariana Islands in Political Union with the United States of America, to amend the Compact of Free Association Amendments Act of 2003, and for other purposes.",Bill Passed (91-4),'1/2',42,4,0,3,47,0,0,2,2,0,0,0,91,4,0,5,
102,110,2,PN988,"April 10, 2008,  05:56 PM",On the Nomination PN988,"Confirmation Brian Stacy Miller, of Arkansas, to be US District Judge","Brian Stacy Miller, of Arkansas, to be United States District Judge for the Eastern District of Arkansas",Nomination Confirmed (88-0),'1/2',43,0,0,6,44,0,0,5,1,0,0,1,88,0,0,12,
103,110,2,H.R. 1195,"April 14, 2008,  05:31 PM",On the Cloture Motion H.R. 1195,Motion to Invoke Cloture on the Motion to Proceed to Consider H.R. 1195,"A bill to amend the Safe, Accountable, Flexible, Efficient Transportation Equity Act: A Legacy for Users to make technical corrections, and for other purposes.","Cloture Motion Agreed to (93-1, 3/5 majority required)",'3/5',47,1,0,1,44,0,0,5,2,0,0,0,93,1,0,6,
104,110,2,H.R. 1195,"April 16, 2008,  02:16 PM",On the Motion to Table the Motion to Recommit H.R. 1195,"Motion to Table DeMint Motion to Recommit H.R. 1195, with Instructions","A bill to amend the Safe, Accountable, Flexible, Efficient Transportation Equity Act: A Legacy for Users to make technical corrections, and for other purposes.",Motion to Table Motion to Recommit Agreed to (78-18),'1/2',32,15,0,2,44,3,0,2,2,0,0,0,78,18,0,4,
105,110,2,,"April 17, 2008,  03:35 PM",On the Amendment S.Amdt. 4539 to S.Amdt. 4146 to H.R. 1195 (No short title on file),"Boxer Amdt. No. 4539, as Modified",To call for a review by the Department of Justice of allegations of violations of Federal criminal law.,"Amendment Agreed to (64-28, 3/5 majority required)",'3/5',20,25,0,4,42,3,0,4,2,0,0,0,64,28,0,8,
106,110,2,,"April 17, 2008,  04:00 PM",On the Amendment S.Amdt. 4538 to S.Amdt. 4146 to H.R. 1195 (No short title on file),Coburn Amdt. No. 4538,"To create a bipartisan, bicameral special committee to investigate the improper insertion of an earmark for Coconut Road into the conference report of the 2005 highway bill after both chambers of Congress had approved identical versions of the conference report.","Amendment Rejected (49-43, 3/5 majority required)",'3/5',43,2,0,4,6,39,0,4,0,2,0,0,49,43,0,8,
107,110,2,,"April 17, 2008,  04:18 PM",On the Cloture Motion S.Amdt. 4146 to H.R. 1195 (No short title on file),Motion to Invoke Cloture on the Boxer Amdt. No. 4146 (Subst.),In the nature of a substitute.,"Cloture Motion Agreed to (90-2, 3/5 majority required)",'3/5',43,2,0,4,45,0,0,4,2,0,0,0,90,2,0,8,
108,110,2,H.R. 1195,"April 17, 2008,  04:33 PM",On Passage of the Bill H.R. 1195,H.R. 1195 As Amended,"A bill to amend the Safe, Accountable, Flexible, Efficient Transportation Equity Act: A Legacy for Users to make technical corrections, and for other purposes.",Bill Passed (88-2),'1/2',43,2,0,4,44,0,0,5,1,0,0,1,88,2,0,10,
109,110,2,S. 1315,"April 22, 2008,  12:00 PM",On the Cloture Motion S. 1315,Motion to Invoke Cloture on the Motion to Proceed to S.1315,"A bill to amend title 38, United States Code, to enhance life insurance benefits for disabled veterans, and for other purposes.","Cloture Motion Agreed to (94-0, 3/5 majority required)",'3/5',46,0,0,3,46,0,0,3,2,0,0,0,94,0,0,6,
110,110,2,H.R. 2831,"April 23, 2008,  06:17 PM",On the Cloture Motion H.R. 2831,Motion to Invoke Cloture on the Motion to Proceed to Consider H.R. 2831,"A bill to amend title VII of the Civil Rights Act of 1964, the Age Discrimination in Employment Act of 1967, the Americans With Disabilities Act of 1990, and the Rehabilitation Act of 1973 to clarify that adiscriminatory compensation decision or other practice that is unlawful under such Acts occurs each time compensation is paid pursuant tothe discriminatory compensation decision or other practice, and for other purposes.","Cloture Motion Rejected (56-42, 3/5 majority required)",'3/5',6,41,0,2,48,1,0,0,2,0,0,0,56,42,0,2,
111,110,2,,"April 24, 2008,  12:16 PM",On the Amendment S.Amdt. 4572 to S. 1315 (Veterans' Benefits Enhancement Act of 2007),Burr Amdt. No. 4572,To increase benefits for disabled U.S. veterans and provide a fair benefit to World War II Filipino veterans for their service to the United States.,Amendment Rejected (41-56),'1/2',40,7,0,2,1,47,0,1,0,2,0,0,41,56,0,3,
112,110,2,S. 1315,"April 24, 2008,  12:39 PM",On Passage of the Bill S. 1315,S.1315 as Amended,"An act to amend title 38, United States Code, to enhance veterans' insurance and housing benefits, to improve benefits and services for transitioning servicemembers, and for other purposes.",Bill Passed (96-1),'1/2',46,1,0,2,48,0,0,1,2,0,0,0,96,1,0,3,
113,110,2,H.R. 493,"April 24, 2008,  02:14 PM",On Passage of the Bill H.R. 493,H.R.493 as Amended,A bill to prohibit discrimination on the basis of genetic information with respect to health insurance and employment.,Bill Passed (95-0),'1/2',46,0,0,3,47,0,0,2,2,0,0,0,95,0,0,5,
114,110,2,H.R. 2881,"April 28, 2008,  05:31 PM",On the Cloture Motion H.R. 2881,Motion to Invoke Cloture on the Motion to Proceed to Consider H.R.2881,"A bill to amend title 49, United States Code, to authorize appropriations for the Federal Aviation Administration for fiscal years 2008 through 2011, to improve aviation safety and capacity, to provide stable funding for the national aviation system, and for other purposes.","Cloture Motion Agreed to (88-0, 3/5 majority required)",'3/5',44,0,0,5,42,0,0,7,2,0,0,0,88,0,0,12,
115,110,2,,"May 6, 2008,  02:32 PM",On the Cloture Motion S.Amdt. 4627 to H.R. 2881 (FAA Reauthorization Act of 2007),Motion to Invoke Cloture on the Rockefeller Amdt. No. 4627 (Subst.) to H.R. 2881,In the nature of a substitute.,"Cloture Motion Rejected (49-42, 3/5 majority required)",'3/5',3,41,0,5,44,1,0,4,2,0,0,0,49,42,0,9,
116,110,2,S. 2284,"May 6, 2008,  02:57 PM",On the Cloture Motion S. 2284,Motion to Invoke Cloture on the Motion to Proceed to Consider S.2284,"An original bill to amend the National Flood Insurance Act of 1968, to restore the financial solvency of the flood insurance fund, and for other purposes.","Cloture Motion Agreed to (90-1, 3/5 majority required)",'3/5',43,1,0,5,45,0,0,4,2,0,0,0,90,1,0,9,
117,110,2,,"May 7, 2008,  06:03 PM",On the Amendment S.Amdt. 4719 to S.Amdt. 4707 to S. 2284 (Flood Insurance Reform and Modernization Act of 2007),Wicker Amdt. No. 4719,To provide for the optional purchase of insurance against loss resulting from physical damage to or loss of real property or personal property related thereto located in the United States arising from any flood or windstorm.,Amendment Rejected (19-74),'1/2',12,34,0,3,7,38,0,4,0,2,0,0,19,74,0,7,
118,110,2,,"May 7, 2008,  06:31 PM",On the Amendment S.Amdt. 4722 to S.Amdt. 4707 to S. 2284 (Flood Insurance Reform and Modernization Act of 2007),Vitter Amdt. No. 4722,To increase maximum coverage limits.,Amendment Rejected (27-66),'1/2',11,35,0,3,16,29,0,4,0,2,0,0,27,66,0,7,
119,110,2,,"May 7, 2008,  06:50 PM",On the Amendment S.Amdt. 4723 to S.Amdt. 4707 to S. 2284 (Flood Insurance Reform and Modernization Act of 2007),Vitter Amdt. No. 4723,To allow for a reasonable 5-year phase-in period for adjusted premiums.,Amendment Rejected (23-69),'1/2',8,38,0,3,15,29,0,5,0,2,0,0,23,69,0,8,
120,110,2,,"May 7, 2008,  07:07 PM",On the Amendment S.Amdt. 4705 to S.Amdt. 4707 to S. 2284 (Flood Insurance Reform and Modernization Act of 2007),Landrieu Amdt. No. 4705 As Further Modified,To require the Comptroller General to conduct a study regarding mandatory purchasing requirements.,Amendment Rejected (30-62),'1/2',9,37,0,3,20,24,0,5,1,1,0,0,30,62,0,8,
121,110,2,,"May 8, 2008,  12:04 PM","On the Motion (Motion to Waive S. Con. Res. 21, 110th, Sect. 201, re: Dodd Amdt. No. 4707)","Motion to Waive S. Con. Res. 21, 110th, Sect. 201, re: Dodd Amdt. No. 4707",In the nature of a substitute.,"Motion Agreed to (70-26, 3/5 majority required)",'3/5',26,21,0,2,42,5,0,2,2,0,0,0,70,26,0,4,
122,110,2,,"May 8, 2008,  03:50 PM",On the Amendment S.Amdt. 4715 to S.Amdt. 4707 to S. 2284 (Flood Insurance Reform and Modernization Act of 2007),Durbin Amdt. No. 4715 as Modified,To provide that no changes in flood insurance status for any areas located in the St. Louis District of the Corps of Engineers can go into effect until the remapping process is completed for that entire District.,Amendment Agreed to (68-24),'1/2',25,21,0,3,41,3,0,5,2,0,0,0,68,24,0,8,
123,110,2,,"May 13, 2008,  11:25 AM",On the Amendment S.Amdt. 4720 to S. 2284 (Flood Insurance Reform and Modernization Act of 2007),McConnell Amdt. No. 4720,Of a perfecting nature.,"Amendment Rejected (42-56, 3/5 majority required)",'3/5',41,6,0,2,1,48,0,0,0,2,0,0,42,56,0,2,
124,110,2,,"May 13, 2008,  11:50 AM",On the Amendment S.Amdt. 4737 to S.Amdt. 4707 to S. 2284 (Flood Insurance Reform and Modernization Act of 2007),Reid Amdt. No. 4737,To increase the supply and lower the cost of petroleum by temporarily suspending the acquisition of petroleum for the Strategic Petroleum Reserve.,"Amendment Agreed to (97-1, 3/5 majority required)",'3/5',46,1,0,2,49,0,0,0,2,0,0,0,97,1,0,2,
125,110,2,H.R. 3121,"May 13, 2008,  12:08 PM",On Passage of the Bill H.R. 3121,H.R. 3121 As Amended,"A bill to restore the financial solvency of the national flood insurance program and to provide for such program to make available multiperil coverage for damage resulting from windstorms and floods, and for other purposes.",Bill Passed (92-6),'1/2',45,2,0,2,45,4,0,0,2,0,0,0,92,6,0,2,
126,110,2,H.R. 980,"May 13, 2008,  12:24 PM",On the Cloture Motion H.R. 980,Motion to Invoke Cloture on the Motion to Proceed to H.R. 980,A bill to provide collective bargaining rights for public safety officers employed by States or their political subdivisions.,"Cloture Motion Agreed to (69-29, 3/5 majority required)",'3/5',18,29,0,2,49,0,0,0,2,0,0,0,69,29,0,2,
127,110,2,,"May 14, 2008,  02:50 PM",On the Motion to Table S.Amdt. 4763 to H.R. 980 (Public Safety Employer-Employee Cooperation Act of 2007),Motion to Table Graham Amdt. No. 4763,To improve educational assistance for members of the Armed Forces and veterans in order to enhance recruitment and retention for the Armed Forces.,Motion to Table Agreed to (55-42),'1/2',6,42,0,1,47,0,0,2,2,0,0,0,55,42,0,3,
128,110,2,H.R. 2419,"May 15, 2008,  11:31 AM","On the Motion (Motion to Waive S. Con. Res. 21, 110th Congress, sect. 203 re: Conference Report to accompany H.R. 2419)","Motion to Waive S. Con. Res. 21, 110th Congress, sect. 203 re: Conference Report to accompany H.R. 2419","A bill to provide for the continuation of agricultural programs through fiscal year 2012, and for other purposes.","Motion Agreed to (74-21, 3/5 majority required)",'3/5',27,20,0,2,45,1,0,3,2,0,0,0,74,21,0,5,
129,110,2,H.R. 2419,"May 15, 2008,  11:55 AM","On the Motion (Motion to Waive Rule XLIV, 8(a) re: H.R. 2419 Conference Report)","Motion to Waive Rule XLIV, 8(a) re: H.R. 2419 Conference Report","A bill to provide for the continuation of agricultural programs through fiscal year 2012, and for other purposes.","Motion Agreed to (62-34, 3/5 majority required)",'3/5',17,30,0,2,43,4,0,2,2,0,0,0,62,34,0,4,
130,110,2,H.R. 2419,"May 15, 2008,  12:16 PM",On the Conference Report H.R. 2419,Conference Report to Accompany H.R. 2419,"A bill to provide for the continuation of agricultural programs through fiscal year 2012, and for other purposes.",Conference Report Agreed to (81-15),'1/2',35,13,0,1,44,2,0,3,2,0,0,0,81,15,0,4,
131,110,2,S.Con.Res. 70,"May 15, 2008,  05:41 PM",On the Motion (Gregg Motion to Instruct Conferees (Tax Increase) re: S. Con. Res. 70),Gregg Motion to Instruct Conferees (Tax Increase) re: S. Con. Res. 70,An original concurrent resolution setting forth the congressional budget for the United States Government for fiscal year 2009 and including the appropriate budgetary levels for fiscal years 2008 and 2010 through 2013.,Motion Rejected (44-51),'1/2',44,2,0,3,0,47,0,2,0,2,0,0,44,51,0,5,
132,110,2,S.Con.Res. 70,"May 15, 2008,  06:15 PM",On the Motion (Boxer Motion to Instruct Conferees (China - India) re: S. Con. Res. 70),Boxer Motion to Instruct Conferees (China - India) re: S. Con. Res. 70,An original concurrent resolution setting forth the congressional budget for the United States Government for fiscal year 2009 and including the appropriate budgetary levels for fiscal years 2008 and 2010 through 2013.,Motion Agreed to (55-40),'1/2',8,38,0,3,45,2,0,2,2,0,0,0,55,40,0,5,
133,110,2,S.Con.Res. 70,"May 15, 2008,  06:35 PM",On the Motion (DeMint Motion to Instruct Conferees (China - India) re: S. Con. Res. 70),DeMint Motion to Instruct Conferees (China - India) re: S. Con. Res. 70,An original concurrent resolution setting forth the congressional budget for the United States Government for fiscal year 2009 and including the appropriate budgetary levels for fiscal years 2008 and 2010 through 2013.,Motion Rejected (34-61),'1/2',33,13,0,3,1,46,0,2,0,2,0,0,34,61,0,5,
134,110,2,S.Con.Res. 70,"May 15, 2008,  06:54 PM",On the Motion (Vitter Motion to Instruct Conferees (OCS) re: S. Con. Res. 70),Vitter Motion to Instruct Conferees (OCS) re: S. Con. Res. 70,An original concurrent resolution setting forth the congressional budget for the United States Government for fiscal year 2009 and including the appropriate budgetary levels for fiscal years 2008 and 2010 through 2013.,Motion Rejected (44-51),'1/2',41,5,0,3,3,44,0,2,0,2,0,0,44,51,0,5,
135,110,2,S.Con.Res. 70,"May 15, 2008,  07:18 PM",On the Motion (Gregg Motion to Instruct Conferees (Discretionary Spending) re: S. Con. Res. 70),Gregg Motion to Instruct Conferees (Discretionary Spending) re: S. Con. Res. 70,An original concurrent resolution setting forth the congressional budget for the United States Government for fiscal year 2009 and including the appropriate budgetary levels for fiscal years 2008 and 2010 through 2013.,Motion Rejected (47-48),'1/2',43,3,0,3,4,43,0,2,0,2,0,0,47,48,0,5,
136,110,2,PN1484,"May 20, 2008,  02:30 PM",On the Nomination PN1484,"Confirmation G. Steven Agee, of Virginia to be US Circuit Judge","G. Steven Agee, of Virginia, to be United States Circuit Judge for the Fourth Circuit",Nomination Confirmed (96-0),'1/2',48,0,0,1,46,0,0,3,2,0,0,0,96,0,0,4,
137,110,2,,"May 22, 2008,  11:42 AM",On the Motion (Motion to Concur in the House Amendment No. 2 with Amdt. No. 4803),Motion to Concur in the House Amendment No. 2 with Amdt. No. 4803,In the nature of substitute.,"Motion Agreed to (75-22, 3/5 majority required)",'3/5',25,22,0,2,48,0,0,1,2,0,0,0,75,22,0,3,
138,110,2,,"May 22, 2008,  12:08 PM","On the Motion (Motion to Concur in the House Amdt. No. 1 to the Senate Amdt. to HR 2642, with an Amdt. No. 4817)","Motion to Concur in the House Amdt. No. 1 to the Senate Amdt. to HR 2642, with an Amdt. No. 4817",In the nature of a substitute.,"Motion Rejected (34-63, 3/5 majority required)",'3/5',6,41,0,2,28,20,0,1,0,2,0,0,34,63,0,3,
139,110,2,,"May 22, 2008,  12:29 PM",On the Motion (Motion to Concur to the House Amendment No. 1 to the Senate Amdt. with Amdt. No. 4818),Motion to Concur to the House Amendment No. 1 to the Senate Amdt. with Amdt. No. 4818,In the nature of a substitute.,"Motion Agreed to (70-26, 3/5 majority required)",'3/5',46,1,0,2,23,24,0,2,1,1,0,0,70,26,0,4,
140,110,2,H.R. 2419,"May 22, 2008,  11:57 AM",On Overriding the Veto H.R. 2419,"Upon Reconsideration Shall the Bill H.R. 2419 Pass, the Objections of the President of the United States to the Contrary Not Withstanding?","A bill to provide for the continuation of agricultural programs through fiscal year 2012, and for other purposes.","Veto Overridden (82-13, 2/3 majority required)",'2/3',35,11,0,3,45,2,0,2,2,0,0,0,82,13,1,4,
141,110,2,S. 3036,"June 2, 2008,  05:32 PM",On the Cloture Motion S. 3036,Motion to Invoke Cloture on the Motion to Proceed to Consider S.3036,"A bill to direct the Administrator of the Environmental Protection Agency to establish a program to decrease emissions of greenhouse gases, and for other purposes.","Cloture Motion Agreed to (74-14, 3/5 majority required)",'3/5',32,13,0,4,40,1,0,8,2,0,0,0,74,14,0,12,
142,110,2,S.Con.Res. 70,"June 4, 2008,  11:51 AM",On the Conference Report S.Con.Res. 70,S. Con. Res. 70 Conference Report,An original concurrent resolution setting forth the congressional budget for the United States Government for fiscal year 2009 and including the appropriate budgetary levels for fiscal years 2008 and 2010 through 2013.,Conference Report Agreed to (48-45),'1/2',2,44,0,3,44,1,0,4,2,0,0,0,48,45,2,5,
143,110,2,S. 3036,"June 4, 2008,  09:51 PM",On the Motion (Motion to Instruct Sgt-At-Arms),Motion to Instruct Sgt-At-Arms,"A bill to direct the Administrator of the Environmental Protection Agency to establish a program to decrease emissions of greenhouse gases, and for other purposes.",Motion Rejected (27-28),'1/2',0,28,0,21,25,0,0,24,2,0,0,0,27,28,0,45,
144,110,2,H.R. 6124,"June 5, 2008,  05:13 PM",On Passage of the Bill H.R. 6124,H.R. 6124,"A bill to provide for the continuation of agricultural and other programs of the Department of Agriculture through fiscal year 2012, and for other purposes.",Bill Passed (77-15),'1/2',34,13,0,2,41,2,0,6,2,0,0,0,77,15,0,8,
145,110,2,,"June 6, 2008,  09:03 AM",On the Cloture Motion S.Amdt. 4825 to S. 3036 (Lieberman-Warner Climate Security Act of 2008),Motion to Invoke Cloture on the Boxer Amdt. No. 4825,In the nature of a substitute.,"Cloture Motion Rejected (48-36, 3/5 majority required)",'3/5',7,32,0,10,39,4,0,6,2,0,0,0,48,36,0,16,
146,110,2,S. 3044,"June 10, 2008,  11:24 AM",On the Cloture Motion S. 3044,Motion to Invoke Cloture on the Motion to Proceed to Consider S. 3044,"A bill to provide energy price relief and hold oil companies and other entities accountable for their actions with regard to high energy prices, and for other purposes.","Cloture Motion Rejected (51-43, 3/5 majority required)",'3/5',6,41,0,2,43,2,0,4,2,0,0,0,51,43,0,6,
147,110,2,H.R. 6049,"June 10, 2008,  11:57 AM",On the Cloture Motion H.R. 6049,Motion to Invoke Cloture on the Motion to Proceed to Consider H.R. 6049,"A bill to amend the Internal Revenue Code of 1986 to provide incentives for energy production and conservation, to extend certain expiring provisions, to provide individual income tax relief, and for other purposes.","Cloture Motion Rejected (50-44, 3/5 majority required)",'3/5',3,44,0,2,45,0,0,4,2,0,0,0,50,44,0,6,
148,110,2,PN1065,"June 10, 2008,  12:27 PM",On the Nomination PN1065,"Confirmation Mark S. Davis of Virginia, to be US District Judge","Mark S. Davis, of Virginia, to be United States District Judge for the Eastern District of Virginia",Nomination Confirmed (94-0),'1/2',47,0,0,2,45,0,0,4,2,0,0,0,94,0,0,6,
149,110,2,S. 3101,"June 12, 2008,  02:59 PM",On the Cloture Motion S. 3101,Motion to Invoke Cloture on the Motion to Proceed to Consider S. 3101,"A bill to amend titles XVIII and XIX of the Social Security Act to extend expiring provisions under the Medicare program, to improve beneficiary access to preventive and mental health services, to enhance low-income benefit programs, and to maintain access to care in rural areas, including pharmacy access, and for other purposes.","Cloture Motion Rejected (54-39, 3/5 majority required)",'3/5',9,38,0,2,43,1,0,5,2,0,0,0,54,39,0,7,
150,110,2,H.R. 6049,"June 17, 2008,  02:28 PM",On the Motion (Motion to Invoke Cloture on the Motion to Proceed to H. R. 6049),Motion to Invoke Cloture on the Motion to Proceed to H. R. 6049,"A bill to amend the Internal Revenue Code of 1986 to provide incentives for energy production and conservation, to extend certain expiring provisions, to provide individual income tax relief, and for other purposes.","Motion Rejected (52-44, 3/5 majority required)",'3/5',5,43,0,1,45,1,0,3,2,0,0,0,52,44,0,4,
151,110,2,H.R. 6124,"June 18, 2008,  05:31 PM",On Overriding the Veto H.R. 6124,"Upon Reconsideration Shall H.R. 6124 Pass, the Objections of the President to the Contrary Notwithstanding?","A bill to provide for the continuation of agricultural and other programs of the Department of Agriculture through fiscal year 2012, and for other purposes.","Veto Overridden (80-14, 2/3 majority required)",'2/3',35,12,0,2,43,2,0,4,2,0,0,0,80,14,0,6,
152,110,2,,"June 19, 2008,  04:29 PM",On the Amendment S.Amdt. 4986 to S.Amdt. 4983 to H.R. 3221 (Foreclosure Prevention Act of 2008),Bond Amdt. No. 4986 As Modified,To clarify that GSEs have no responsibility for funding housing entities under the Affordable Housing program.,Amendment Rejected (11-77),'1/2',11,32,0,6,0,44,0,5,0,1,0,1,11,77,1,11,
153,110,2,,"June 19, 2008,  04:57 PM",On the Motion (Motion to Waive CBA Re: Bond Amdt. No. 4985),Motion to Waive CBA Re: Bond Amdt. No. 4985,To strike provisions relating to the HOPE for Homeowners Program.,"Motion Rejected (21-69, 3/5 majority required)",'3/5',21,23,0,5,0,45,0,4,0,1,0,1,21,69,0,10,
154,110,2,H.R. 3221,"June 19, 2008,  06:02 PM","On the Motion (Bunning Motion to Refer the House Message on H.R. 3221 to the Committee on Banking, Housing, and Urban Affairs)","Bunning Motion to Refer the House Message on H.R. 3221 to the Committee on Banking, Housing, and Urban Affairs",A bill to provide needed housing reform and for other purposes.,"Motion Rejected (11-70, 3/5 majority required)",'3/5',11,30,0,8,0,39,0,10,0,1,0,1,11,70,5,14,
155,110,2,H.R. 3221,"June 24, 2008,  11:27 AM","On the Motion (Motion to Invoke Cloture on the Motion to Concur in the House Amendment to the Senate Amendment striking sec. 1 through Title V and Inserting Language to the Senate Amdt. to H.R. 3221, with an Amdt.)","Motion to Invoke Cloture on the Motion to Concur in the House Amendment to the Senate Amendment striking sec. 1 through Title V and Inserting Language to the Senate Amdt. to H.R. 3221, with an Amdt.",A bill to provide needed housing reform and for other purposes.,"Motion Agreed to (83-9, 3/5 majority required)",'3/5',35,9,0,5,46,0,0,3,2,0,0,0,83,9,0,8,
156,110,2,PN1560,"June 24, 2008,  06:30 PM",On the Nomination PN1560,"Confirmation Helene N. White, of Michigan, to be US Circuit Judge","Helene N. White, of Michigan, to be United States Circuit Judge for the Sixth Circuit",Nomination Confirmed (63-32),'1/2',15,32,0,2,46,0,0,3,2,0,0,0,63,32,0,5,
157,110,2,H.R. 3221,"June 25, 2008,  06:02 PM","On the Motion (Motion to Concur in the Amdt. of the House, Striking Section 1 through Title V and Inserting Certain Language, to the Senate Amdt. to H.R. 3221, with an Amdt No. 4983, as Amended)","Motion to Concur in the Amdt. of the House, Striking Section 1 through Title V and Inserting Certain Language, to the Senate Amdt. to H.R. 3221, with an Amdt No. 4983, as Amended",A bill to provide needed housing reform and for other purposes.,Motion Agreed to (79-16),'1/2',32,16,0,1,45,0,0,4,2,0,0,0,79,16,0,5,
158,110,2,H.R. 6304,"June 25, 2008,  06:25 PM",On Cloture on the Motion to Proceed H.R. 6304,Motion to Invoke Cloture on the Motion to Proceed to H.R. 6304,"A bill to amend the Foreign Intelligence Surveillance Act of 1978 to establish a procedure for authorizing certain acquisitions of foreign intelligence, and for other purposes.","Cloture on the Motion to Proceed Agreed to (80-15, 3/5 majority required)",'3/5',48,0,0,1,31,14,0,4,1,1,0,0,80,15,0,5,
159,110,2,PN1335,"June 26, 2008,  04:36 PM",On the Nomination PN1335,"Confirmation William T. Lawrence, of Indiana, To Be US District Judge","William T. Lawrence, of Indiana, to be United States District Judge for the Southern District of Indiana",Nomination Confirmed (97-0),'1/2',48,0,0,1,47,0,0,2,2,0,0,0,97,0,0,3,
160,110,2,H.R. 6331,"June 26, 2008,  08:20 PM",On Cloture on the Motion to Proceed H.R. 6331,Motion to Invoke Cloture on the Motion to Proceed to Consider H.R. 6331,"A bill to amend titles XVIII and XIX of the Social Security Act to extend expiring provisions under the Medicare Program, to improve beneficiary access to preventive and mental health services, to enhance low-income benefit programs, and to maintain access to care in rural areas, including pharmacy access, and for other purposes.","Cloture on the Motion to Proceed Rejected (58-40, 3/5 majority required)",'3/5',9,39,0,1,47,1,0,1,2,0,0,0,58,40,0,2,
161,110,2,H.R. 2642,"June 26, 2008,  09:20 PM",On the Motion (Motion To Waive CBH Re: Motion To Concur In House Amdts To Senate Amdt To House Amdt To Senate Amdt To H.R. 2642),Motion To Waive CBH Re: Motion To Concur In House Amdts To Senate Amdt To House Amdt To Senate Amdt To H.R. 2642,"A bill making appropriations for military construction, the Department of Veterans Affairs, and related agencies for the fiscal year ending September 30, 2008, and for other purposes.","Motion Agreed to (77-21, 3/5 majority required)",'3/5',28,20,0,1,47,1,0,1,2,0,0,0,77,21,0,2,
162,110,2,H.R. 2642,"June 26, 2008,  09:42 PM",On the Motion (Motion To Concur In House Amdts To Senate Amdt To House Amdt To Senate Amdt To H.R. 2642),Motion To Concur In House Amdts To Senate Amdt To House Amdt To Senate Amdt To H.R. 2642,"A bill making appropriations for military construction, the Department of Veterans Affairs, and related agencies for the fiscal year ending September 30, 2008, and for other purposes.",Motion Agreed to (92-6),'1/2',42,6,0,1,48,0,0,1,2,0,0,0,92,6,0,2,
163,110,2,H.R. 3221,"July 7, 2008,  05:34 PM",On the Cloture Motion H.R. 3221,"Motion to Invoke Cloture on the Motion to Concur in the Amendments of the House, Striking Title VI through XI, To the Senate Amendment to H.R. 3221",A bill to provide needed housing reform and for other purposes.,"Cloture Motion Agreed to (76-10, 3/5 majority required)",'3/5',30,10,0,9,44,0,0,5,2,0,0,0,76,10,0,14,
164,110,2,,"July 9, 2008,  11:55 AM",On the Amendment S.Amdt. 5064 to H.R. 6304 (Foreign Intelligence Surveillance Act of 1978),Dodd Amdt. No. 5064,To strike title II.,Amendment Rejected (32-66),'1/2',0,48,0,1,31,17,0,1,1,1,0,0,32,66,0,2,
165,110,2,,"July 9, 2008,  12:20 PM",On the Amendment S.Amdt. 5059 to H.R. 6304 (Foreign Intelligence Surveillance Act of 1978),Specter Amdt. No. 5059,To limit retroactive immunity for providing assistance to the United States to instances in which a Federal court determines the assistance was provided in connection with an intelligence activity that was constitutional.,"Amendment Rejected (37-61, 3/5 majority required)",'3/5',1,47,0,1,35,13,0,1,1,1,0,0,37,61,0,2,
166,110,2,,"July 9, 2008,  12:39 PM",On the Amendment S.Amdt. 5066 to H.R. 6304 (Foreign Intelligence Surveillance Act of 1978),Bingaman Amdt. No. 5066,To stay pending cases against certain telecommunications companies and provide that such companies may not seek retroactive immunity until 90 days after the date the final report of the Inspectors General on the President's Surveillance Program is submitted to Congress.,"Amendment Rejected (42-56, 3/5 majority required)",'3/5',1,47,0,1,40,8,0,1,1,1,0,0,42,56,0,2,
167,110,2,H.R. 6304,"July 9, 2008,  02:17 PM",On the Cloture Motion H.R. 6304,Motion to Invoke Cloture on H.R. 6304,"A bill to amend the Foreign Intelligence Surveillance Act of 1978 to establish a procedure for authorizing certain acquisitions of foreign intelligence, and for other purposes.","Cloture Motion Agreed to (72-26, 3/5 majority required)",'3/5',48,0,0,1,23,25,0,1,1,1,0,0,72,26,0,2,
168,110,2,H.R. 6304,"July 9, 2008,  02:47 PM",On Passage of the Bill H.R. 6304,H.R. 6304,"A bill to amend the Foreign Intelligence Surveillance Act of 1978 to establish a procedure for authorizing certain acquisitions of foreign intelligence, and for other purposes.",Bill Passed (69-28),'1/2',47,0,0,2,21,27,0,1,1,1,0,0,69,28,0,3,
169,110,2,H.R. 6331,"July 9, 2008,  04:11 PM",On the Cloture Motion H.R. 6331,"Upon Reconsideration, Motion to Invoke Cloture on the Motion to Proceed to Consider H.R. 6331","A bill to amend titles XVIII and XIX of the Social Security Act to extend expiring provisions under the Medicare Program, to improve beneficiary access to preventive and mental health services, to enhance low-income benefit programs, and to maintain access to care in rural areas, including pharmacy access, and for other purposes.","Cloture Motion Agreed to (69-30, 3/5 majority required)",'3/5',18,30,0,1,49,0,0,0,2,0,0,0,69,30,0,1,
170,110,2,H.R. 3221,"July 10, 2008,  10:58 AM",On the Cloture Motion H.R. 3221,"Motion to Invoke Cloture on the Motion to Disagree to the Amdts. of the House, Adding a New Title and Inserting a New Section, to the Amdt. of the Senate to H.R. 3221",A bill to provide needed housing reform and for other purposes.,"Cloture Motion Agreed to (84-12, 3/5 majority required)",'3/5',36,12,0,1,46,0,0,3,2,0,0,0,84,12,0,4,
171,110,2,PN1641,"July 10, 2008,  02:01 PM",On the Nomination PN1641,"Confirmation Gen. David H. Petraeus, USA, to be General","Gen. David H. Petraeus, in the Army, to be General",Nomination Confirmed (95-2),'1/2',48,0,0,1,45,2,0,2,2,0,0,0,95,2,0,3,
172,110,2,PN1643,"July 10, 2008,  02:24 PM",On the Nomination PN1643,"Confirmation Lt. Gen. Raymond T. Odierno, USA, to be General","Lt. Gen. Raymond T. Odierno, in the Army, to be General",Nomination Confirmed (96-1),'1/2',48,0,0,1,46,1,0,2,2,0,0,0,96,1,0,3,
173,110,2,H.R. 3221,"July 11, 2008,  05:18 PM","On the Motion (Motion to Disagree to the Amdts. of the House, Adding a New Title and Inserting a New Section, to the Amdt. of the Senate to H.R. 3221)","Motion to Disagree to the Amdts. of the House, Adding a New Title and Inserting a New Section, to the Amdt. of the Senate to H.R. 3221",A bill to provide needed housing reform and for other purposes.,Motion Agreed to (63-5),'1/2',22,5,0,22,39,0,0,10,2,0,0,0,63,5,0,32,
174,110,2,S. 2731,"July 11, 2008,  05:49 PM",On the Cloture Motion S. 2731,Motion to Invoke Cloture on the Motion to Proceed to Consider S. 2731,"A bill to authorize appropriations for fiscal years 2009 through 2013 to provide assistance to foreign countries to combat HIV/AIDS, tuberculosis, and malaria, and for other purposes.","Cloture Motion Agreed to (65-3, 3/5 majority required)",'3/5',24,3,0,22,39,0,0,10,2,0,0,0,65,3,0,32,
175,110,2,,"July 15, 2008,  11:26 AM","On the Motion to Table S.Amdt. 5078 to S. 2731 (Tom Lantos and Henry J. Hyde United States Global Leadership Against HIV/AIDS, Tuberculosis, and Malaria Reauthorization Act of 2008)",Motion to Table DeMint Amdt. No. 5068,To limit the countries to which Federal financial assistance may be targeted under this Act.,Motion to Table Agreed to (70-24),'1/2',22,24,0,3,46,0,0,3,2,0,0,0,70,24,0,6,
176,110,2,,"July 15, 2008,  05:03 PM","On the Amendment S.Amdt. 5073 to S. 2731 (Tom Lantos and Henry J. Hyde United States Global Leadership Against HIV/AIDS, Tuberculosis, and Malaria Reauthorization Act of 2008)",Bunning Amdt. No. 5073,In the nature of a substitute.,Amendment Rejected (16-80),'1/2',16,31,0,2,0,47,0,2,0,2,0,0,16,80,0,4,
177,110,2,H.R. 6331,"July 15, 2008,  05:58 PM",On Overriding the Veto H.R. 6331,"Shall H.R. 6331 Pass, the objections of the President of the United States to the contrary notwithstanding?","A bill to amend titles XVIII and XIX of the Social Security Act to extend expiring provisions under the Medicare Program, to improve beneficiary access to preventive and mental health services, to enhance low-income benefit programs, and to maintain access to care in rural areas, including pharmacy access, and for other purposes.","Veto Overridden (70-26, 2/3 majority required)",'2/3',21,26,0,2,47,0,0,2,2,0,0,0,70,26,0,4,
178,110,2,,"July 16, 2008,  12:16 PM","On the Amendment S.Amdt. 5083 to S. 2731 (Tom Lantos and Henry J. Hyde United States Global Leadership Against HIV/AIDS, Tuberculosis, and Malaria Reauthorization Act of 2008)",Cornyn Amdt. No. 5083,To establish a bipartisan commission for the purpose of improving oversight and eliminating wasteful government spending under the President's Emergency Plan for AIDS Relief.,Amendment Rejected (32-63),'1/2',32,15,0,2,0,46,0,3,0,2,0,0,32,63,0,5,
179,110,2,,"July 16, 2008,  05:05 PM","On the Amendment S.Amdt. 5081 to S. 2731 (Tom Lantos and Henry J. Hyde United States Global Leadership Against HIV/AIDS, Tuberculosis, and Malaria Reauthorization Act of 2008)",Gregg Amdt. No. 5081,To strike the provision requiring the development of coordinated oversight plans and to establish an independent Inspector General at the Office of the Global AIDS Coordinator.,Amendment Rejected (44-51),'1/2',40,7,0,2,4,42,0,3,0,2,0,0,44,51,0,5,
180,110,2,,"July 16, 2008,  05:33 PM","On the Amendment S.Amdt. 5082 to S. 2731 (Tom Lantos and Henry J. Hyde United States Global Leadership Against HIV/AIDS, Tuberculosis, and Malaria Reauthorization Act of 2008)",Kyl Amdt. No. 5082,To limit the period during which appropriations may be made to carry out this Act and to create a point of order in the Senate against any appropriation to carry out this Act that exceeds the amount authorized for fiscal year 2013.,Amendment Rejected (28-67),'1/2',28,19,0,2,0,46,0,3,0,2,0,0,28,67,0,5,
181,110,2,,"July 16, 2008,  05:53 PM","On the Amendment S.Amdt. 5077 to S. 2731 (Tom Lantos and Henry J. Hyde United States Global Leadership Against HIV/AIDS, Tuberculosis, and Malaria Reauthorization Act of 2008)",DeMint Amdt. No. 5077,"To reduce to $35,000,000,000 the amount authorized to be appropriated to combat HIV/AIDS, tuberculosis, and malaria in developing countries during the next 5 years.",Amendment Rejected (31-64),'1/2',29,18,0,2,2,44,0,3,0,2,0,0,31,64,0,5,
182,110,2,H.R. 5501,"July 16, 2008,  06:42 PM",On Passage of the Bill H.R. 5501,H.R. 5501 As Amended,"A bill to authorize appropriations for fiscal years 2009 through 2013 to provide assistance to foreign countries to combat HIV AIDS, tuberculosis, and malaria, and for other purposes.",Bill Passed (80-16),'1/2',31,16,0,2,47,0,0,2,2,0,0,0,80,16,0,4,
183,110,2,S. 3268,"July 22, 2008,  11:28 AM",On Cloture on the Motion to Proceed S. 3268,Motion to Invoke Cloture on the Motion to Proceed to S. 3268,"A bill to amend the Commodity Exchange Act, to prevent excessive price speculation with respect to energy commodities, and for other purposes.","Cloture on the Motion to Proceed Agreed to (94-0, 3/5 majority required)",'3/5',46,0,0,3,46,0,0,3,2,0,0,0,94,0,0,6,
184,110,2,S. 3268,"July 25, 2008,  09:18 AM",On the Cloture Motion S. 3268,Motion to Invoke Cloture on S. 3268,"A bill to amend the Commodity Exchange Act, to prevent excessive price speculation with respect to energy commodities, and for other purposes.","Cloture Motion Rejected (50-43, 3/5 majority required)",'3/5',2,42,0,5,46,1,0,2,2,0,0,0,50,43,0,7,
185,110,2,H.R. 3221,"July 25, 2008,  09:44 AM",On the Cloture Motion H.R. 3221,Motion to Invoke Cloture on the Motion to Concur in the House Amendment to the Senate Amendment to the House Amendments to the Senate Amendment to H.R. 3221,A bill to provide needed housing reform and for other purposes.,"Cloture Motion Agreed to (80-13, 3/5 majority required)",'3/5',31,13,0,5,47,0,0,2,2,0,0,0,80,13,0,7,
186,110,2,H.R. 3221,"July 26, 2008,  11:00 AM",On the Motion (Motion to Concur in the House Amendment to Senate Amendment to the House Amendments to the Senate Amendment to HR 3221),Motion to Concur in the House Amendment to Senate Amendment to the House Amendments to the Senate Amendment to HR 3221,A bill to provide needed housing reform and for other purposes.,Motion Agreed to (72-13),'1/2',27,13,0,9,43,0,0,6,2,0,0,0,72,13,0,15,
187,110,2,S. 3186,"July 26, 2008,  11:30 AM",On the Cloture Motion S. 3186,Motion to Invoke Cloture on the Motion to Proceed to the Consideration of S. 3186,A bill to provide funding for the Low-Income Home Energy Assistance Program.,"Cloture Motion Rejected (50-35, 3/5 majority required)",'3/5',5,34,0,10,43,1,0,5,2,0,0,0,50,35,0,15,
188,110,2,S. 3297,"July 28, 2008,  04:04 PM",On the Motion (Motion to Instruct Sgt. At Arms),Motion to Instruct Sgt. At Arms,A bill to advance America's priorities.,Motion Agreed to (87-3),'1/2',39,3,0,7,46,0,0,3,2,0,0,0,87,3,0,10,
189,110,2,S. 3297,"July 28, 2008,  04:40 PM",On the Cloture Motion S. 3297,Motion to Invoke Cloture on the Motion to Proceed to Consider S.3297,A bill to advance America's priorities.,"Cloture Motion Rejected (52-40, 3/5 majority required)",'3/5',3,40,0,6,47,0,0,2,2,0,0,0,52,40,0,8,
190,110,2,H.R. 6049,"July 29, 2008,  03:02 PM",On the Cloture Motion H.R. 6049,Upon Reconsideration Motion to Invoke Cloture on the Motion to Proceed to Consider H.R.6049,"A bill to amend the Internal Revenue Code of 1986 to provide incentives for energy production and conservation, to extend certain expiring provisions, to provide individual income tax relief, and for other purposes.","Cloture Motion Rejected (53-43, 3/5 majority required)",'3/5',4,43,0,2,47,0,0,2,2,0,0,0,53,43,0,4,
191,110,2,S. 2035,"July 30, 2008,  11:18 AM",On the Cloture Motion S. 2035,Motion to Invoke Cloture on the Motion to Proceed to Consider S. 2035,A bill to maintain the free flow of information to the public by providing conditions for the federally compelled disclosure of information by certain persons connected with the news media.,"Cloture Motion Rejected (51-43, 3/5 majority required)",'3/5',5,42,0,2,44,1,0,4,2,0,0,0,51,43,0,6,
192,110,2,S. 3335,"July 30, 2008,  11:50 AM",On the Cloture Motion S. 3335,Motion to Invoke Cloture on the Motion to Proceed to Consider S.3335,"A bill to amend the Internal Revenue Code of 1986 to extend certain expiring provisions, and for other purposes.","Cloture Motion Rejected (51-43, 3/5 majority required)",'3/5',5,42,0,2,44,1,0,4,2,0,0,0,51,43,0,6,
193,110,2,H.R. 4040,"July 31, 2008,  08:01 PM",On the Conference Report H.R. 4040,H.R. 4040 Conference Report,A bill to establish consumer product safety standards and other safety requirements for children's products and to reauthorize and modernize the Consumer Product Safety Commission.,Conference Report Agreed to (89-3),'1/2',42,3,0,4,45,0,0,4,2,0,0,0,89,3,0,8,
194,110,2,H.R. 4137,"July 31, 2008,  08:26 PM",On the Conference Report H.R. 4137,H.R. 4137 Conference Report,"A bill to amend and extend the Higher Education Act of 1965, and for other purposes.",Conference Report Agreed to (83-8),'1/2',36,8,0,5,45,0,0,4,2,0,0,0,83,8,1,8,
195,110,2,S. 3001,"July 31, 2008,  08:54 PM",On Cloture on the Motion to Proceed S. 3001,Motion to Invoke Cloture on the Motion to Proceed to Consider S. 3001,"An original bill to authorize appropriations for fiscal year 2009 for military activities of the Department of Defense, for military construction, and for defense activities of the Department of Energy, to prescribe military personnel strengths for such fiscal year, and for other purposes.","Cloture on the Motion to Proceed Rejected (51-39, 3/5 majority required)",'3/5',5,38,0,6,44,1,0,4,2,0,0,0,51,39,0,10,
196,110,2,H.Con.Res. 398,"July 31, 2008,  09:15 PM",On the Concurrent Resolution H.Con.Res. 398,H. Con. Res. 398,A concurrent resolution providing for an adjournment or recess of the two Houses.,Concurrent Resolution Agreed to (48-40),'1/2',1,40,0,8,45,0,0,4,2,0,0,0,48,40,0,12,
197,110,2,S. 3001,"September 8, 2008,  05:32 PM",On the Cloture Motion S. 3001,"Upon Reconsideration, Motion to Invoke Cloture on the Motion to Proceed to Consider S. 3001","An original bill to authorize appropriations for fiscal year 2009 for military activities of the Department of Defense, for military construction, and for defense activities of the Department of Energy, to prescribe military personnel strengths for such fiscal year, and for other purposes.","Cloture Motion Agreed to (83-0, 3/5 majority required)",'3/5',41,0,0,8,40,0,0,9,2,0,0,0,83,0,0,17,
198,110,2,,"September 10, 2008,  06:08 PM",On the Amendment S.Amdt. 5280 to S. 3001 (National Defense Authorization Act for Fiscal Year 2009),Vitter Amdt. No. 5280,"To authorize, with an offset, an additional $100,000,000 for Procurement, Defense-wide, and an additional $171,000,000 for Research, Development, Test, and Evaluation, Defense-wide, for near-term missile defense programs and activities.",Amendment Rejected (39-57),'1/2',37,11,0,1,2,44,0,3,0,2,0,0,39,57,0,4,
199,110,2,,"September 10, 2008,  06:34 PM",On the Amendment S.Amdt. 4979 to S. 3001 (National Defense Authorization Act for Fiscal Year 2009),Nelson (FL) Amdt. No. 4979,To repeal the requirement for reduction of survivor annuities under the Survivor Benefit Plan by veterans' dependency and indemnity compensation.,Amendment Agreed to (94-2),'1/2',46,2,0,1,46,0,0,3,2,0,0,0,94,2,0,4,
200,110,2,S. 3001,"September 16, 2008,  03:07 PM",On the Cloture Motion S. 3001,Motion to Invoke Cloture on S. 3001,"An original bill to authorize appropriations for fiscal year 2009 for military activities of the Department of Defense, for military construction, and for defense activities of the Department of Energy, to prescribe military personnel strengths for such fiscal year, and for other purposes.","Cloture Motion Agreed to (61-32, 3/5 majority required)",'3/5',15,31,0,3,44,1,0,4,2,0,0,0,61,32,0,7,
201,110,2,S. 3001,"September 17, 2008,  06:33 PM",On Passage of the Bill S. 3001,S. 3001 As Amended,"An original bill to authorize appropriations for fiscal year 2009 for military activities of the Department of Defense, for military construction, and for defense activities of the Department of Energy, to prescribe military personnel strengths for such fiscal year, and for other purposes.",Bill Passed (88-8),'1/2',43,5,0,1,44,2,0,3,1,1,0,0,88,8,0,4,
202,110,2,,"September 23, 2008,  04:48 PM",On the Amendment S.Amdt. 5633 to H.R. 6049 (Renewable Energy and Job Creation Act of 2008),Baucus Amdt. No. 5633,In the nature of a substitute.,"Amendment Agreed to (93-2, 3/5 majority required)",'3/5',45,2,0,2,46,0,0,3,2,0,0,0,93,2,0,5,
203,110,2,,"September 23, 2008,  05:16 PM",On the Amendment S.Amdt. 5634 to H.R. 6049 (Renewable Energy and Job Creation Act of 2008),Conrad Amdt No. 5634,"To provide alternative minimum tax relief, and for other purposes.","Amendment Rejected (53-42, 3/5 majority required)",'3/5',5,42,0,2,46,0,0,3,2,0,0,0,53,42,0,5,
204,110,2,,"September 23, 2008,  05:34 PM",On the Motion (Motion to Waive C.B.A. Baucus Amdt. No.5635),Motion to Waive C.B.A. Baucus Amdt. No.5635,"To amend the Internal Revenue Code of 1986 to extend certain expiring provisions, and for other purposes.","Motion Agreed to (84-11, 3/5 majority required)",'3/5',45,2,0,2,38,8,0,3,1,1,0,0,84,11,0,5,
205,110,2,H.R. 6049,"September 23, 2008,  05:58 PM",On Passage of the Bill H.R. 6049,H.R.6049 As Amended,"A bill to amend the Internal Revenue Code of 1986 to provide incentives for energy production and conservation, to extend certain expiring provisions, to provide individual income tax relief, and for other purposes.",Bill Passed (93-2),'1/2',47,0,0,2,44,2,0,3,2,0,0,0,93,2,0,5,
206,110,2,S. 3604,"September 26, 2008,  12:04 PM",On the Motion to Proceed S. 3604,Motion to Proceed to Consider S.3604,"A bill making emergency supplemental appropriations for economic recovery for the fiscal year ending September 30, 2008, and for other purposes.","Motion to Proceed Rejected (52-42, 3/5 majority required)",'3/5',6,40,0,3,44,2,0,3,2,0,0,0,52,42,0,6,
207,110,2,H.R. 2638,"September 27, 2008,  10:03 AM",On the Cloture Motion H.R. 2638,Motion to Invoke Cloture on the Motion to Concur in the House Amdt. to the Senate Amdt. to H.R.2638,"A bill making appropriations for the Department of Homeland Security for the fiscal year ending September 30, 2008, and for other purposes.","Cloture Motion Agreed to (83-12, 3/5 majority required)",'3/5',38,10,0,1,43,2,0,4,2,0,0,0,83,12,0,5,
208,110,2,H.R. 2638,"September 27, 2008,  01:39 PM",On the Motion (Motion to Concur in the House Amendment to the Senate Amendment to H.R.2638),Motion to Concur in the House Amendment to the Senate Amendment to H.R.2638,"A bill making appropriations for the Department of Homeland Security for the fiscal year ending September 30, 2008, and for other purposes.",Motion Agreed to (78-12),'1/2',36,11,0,2,40,1,0,8,2,0,0,0,78,12,1,9,
209,110,2,H.R. 2095,"September 29, 2008,  12:38 PM",On the Cloture Motion H.R. 2095,Motion to Invoke Cloture on the Motion to Concur in the House Amdt. to the Senate Amdt. to H.R. 2095,"A bill to amend title 49, United States Code, to prevent railroad fatalities, injuries, and hazardous materials releases, to authorize the Federal Railroad Safety Administration, and for other purposes.","Cloture Motion Agreed to (69-17, 3/5 majority required)",'3/5',28,17,0,4,39,0,0,10,2,0,0,0,69,17,0,14,
210,110,2,H.R. 2095,"October 1, 2008,  08:04 PM",On the Motion (Motion to Concur in the House Amdt. To the Senate Amdt. to H.R. 2095),Motion to Concur in the House Amdt. To the Senate Amdt. to H.R. 2095,"A bill to amend title 49, United States Code, to prevent railroad fatalities, injuries, and hazardous materials releases, to authorize the Federal Railroad Safety Administration, and for other purposes.",Motion Agreed to (74-24),'1/2',25,24,0,0,47,0,0,2,2,0,0,0,74,24,0,2,
211,110,2,H.R. 7081,"October 1, 2008,  08:32 PM",On Passage of the Bill H.R. 7081,H.R. 7081,"A bill to approve the United States-India Agreement for Cooperation on Peaceful Uses of Nuclear Energy, and for other purposes.","Bill Passed (86-13, 3/5 majority required)",'3/5',49,0,0,0,36,12,0,1,1,1,0,0,86,13,0,1,
212,110,2,,"October 1, 2008,  09:07 PM","On the Amendment S.Amdt. 5685 to H.R. 1424 (A bill to provide authority for the Federal Government to purchase and insure certain types of troubled assets for the purposes of providing stability to and preventing disruption in the economy and financial system and protecting taxpayers, to amend the Internal Revenue Code of 1986 to provide incentives for energy production and conservation, to extend certain expiring provisions, to provide individual income tax relief, and for other purposes.)",Dodd Amdt. No. 5685,In the nature of a substitute.,"Amendment Agreed to (74-25, 3/5 majority required)",'3/5',34,15,0,0,39,9,0,1,1,1,0,0,74,25,0,1,
213,110,2,H.R. 1424,"October 1, 2008,  09:22 PM",On Passage of the Bill H.R. 1424,H. R. 1424 As Amended,"A bill to provide authority for the Federal Government to purchase and insure certain types of troubled assets for the purposes of providing stability to and preventing disruption in the economy and financial system and protecting taxpayers, to amend the Internal Revenue Code of 1986 to provide incentives for energy production and conservation, to extend certain expiring provisions, to provide individual income tax relief, and for other purposes.","Bill Passed (74-25, 3/5 majority required)",'3/5',34,15,0,0,39,9,0,1,1,1,0,0,74,25,0,1,
214,110,2,H.R. 6867,"November 20, 2008,  03:01 PM",On the Cloture Motion H.R. 6867,Motion to Invoke Cloture on the Motion to Proceed to H.R. 6867,A bill to provide for additional emergency unemployment compensation.,"Cloture Motion Agreed to (89-6, 3/5 majority required)",'3/5',41,6,0,2,46,0,0,2,2,0,0,0,89,6,0,4,
215,110,2,H.R. 7005,"December 11, 2008,  10:42 PM",On the Cloture Motion H.R. 7005,Motion to Invoke Cloture on the Motion to Proceed to Consider H.R. 7005.,A bill to amend the Internal Revenue Code of 1986 to provide alternative minimum tax relief for individuals for 2008.,"Cloture Motion Rejected (52-35, 3/5 majority required)",'3/5',10,31,0,8,40,4,0,4,2,0,0,0,52,35,0,12,
