Vote Number,Congress Num,Session,Legislation Number,Date,Question,Vote Title,Document Text,Result,Majority Requirement,Republican Yes,Republican No,Republican Present,Republican Absent,Democrat Yes,Democrat No,Democrat Present,Democrat Absent,Independent Yes,Independent No,Independent Present,Independent Absent,Total Yes,Total No,Total Present,Total Absent,Tie Breaker
1,112,1,S.Res. 14,"January 26, 2011,  02:26 PM",On the Resolution S.Res. 14,S.Res. 14,"A resolution honoring the victims and heroes of the shooting on January 8, 2011 in Tucson, Arizona.",Resolution Agreed to (97-0),'1/2',47,0,0,0,48,0,0,3,2,0,0,0,97,0,0,3,
2,112,1,S.Res. 28,"January 27, 2011,  04:37 PM",On the Resolution S.Res. 28,S. Res. 28,A resolution to establish as a standing order of the Senate that a Senator publicly disclose a notice of intent to objecting to any measure or matter.,"Resolution Agreed to (92-4, 3/5 majority required)",'3/5',41,4,0,2,49,0,0,2,2,0,0,0,92,4,0,4,
3,112,1,S.Res. 29,"January 27, 2011,  05:03 PM",On the Resolution S.Res. 29,S. Res. 29,A resolution to permit the waiving of the reading of an amendment if the text and adequate notice are provided.,"Resolution Agreed to (81-15, 3/5 majority required)",'3/5',30,15,0,2,49,0,0,2,2,0,0,0,81,15,0,4,
4,112,1,S.Res. 8,"January 27, 2011,  05:20 PM",On the Resolution S.Res. 8,S. Res. 8,A resolution amending the Standing Rules of the Senate to provide for cloture to be invoked with less than a three-fifths majority after additional debate.,"Resolution Rejected (12-84, 2/3 majority required)",'2/3',0,45,0,2,11,38,0,2,1,1,0,0,12,84,0,4,
5,112,1,S.Res. 10,"January 27, 2011,  05:38 PM",On the Resolution S.Res. 10,S. Res. 10 As Amended,A resolution to improve the debate and consideration of legislative matters and nominations in the Senate.,"Resolution Rejected (44-51, 2/3 majority required)",'2/3',0,45,0,2,42,6,0,3,2,0,0,0,44,51,0,5,
6,112,1,S.Res. 21,"January 27, 2011,  05:56 PM",On the Resolution S.Res. 21,S. Res. 21 As Amended,A resolution to amend the Standing Rules of the Senate to provide procedures for extended debate.,"Resolution Rejected (46-49, 2/3 majority required)",'2/3',0,45,0,2,44,4,0,3,2,0,0,0,46,49,0,5,
7,112,1,,"February 2, 2011,  05:20 PM",On the Amendment S.Amdt. 28 to S. 223 (FAA Air Transportation Modernization and Safety Improvement Act),Levin Amdt. No. 28,"To repeal the expansion of information reporting requirements under the Patient Protection and Affordable Care Act, and for other purposes.","Amendment Rejected (44-54, 3/5 majority required)",'3/5',0,47,0,0,43,7,0,1,1,0,0,1,44,54,0,2,
8,112,1,,"February 2, 2011,  05:45 PM",On the Motion (Motion to Waive All Budgetary Discipline Re: Stabenow Amdt. No. 9),Motion to Waive All Budgetary Discipline Re: Stabenow Amdt. No. 9,"To repeal the expansion of information reporting requirements for payments of $600 or more to corporations, and for other purposes.","Motion Agreed to (81-17, 3/5 majority required)",'3/5',47,0,0,0,34,16,0,1,0,1,0,1,81,17,0,2,
9,112,1,,"February 2, 2011,  06:05 PM",On the Motion (Motion to Waive All Applicable Budgetary Discipline Re: McConnell Amdt. No. 13),Motion to Waive All Applicable Budgetary Discipline Re: McConnell Amdt. No. 13,To repeal the job-killing health care law and health care-related provisions in the Health Care and Education Reconciliation Act of 2010.,"Motion Rejected (47-51, 3/5 majority required)",'3/5',47,0,0,0,0,50,0,1,0,1,0,1,47,51,0,2,
10,112,1,,"February 3, 2011,  05:11 PM",On the Amendment S.Amdt. 8 to S. 223 (FAA Air Transportation Modernization and Safety Improvement Act),Whitehouse Amdt. No. 8,"To amend title 18, United States Code, to provide penalties for aiming laser pointers at airplanes, and for other purposes.",Amendment Agreed to (96-1),'1/2',44,1,0,2,50,0,0,1,2,0,0,0,96,1,0,3,
11,112,1,,"February 3, 2011,  05:37 PM",On the Motion to Table S.Amdt. 19 to S. 223 (FAA Air Transportation Modernization and Safety Improvement Act),Motion to Table Paul Amdt. No. 19,To limit the application of the Davis-Bacon Act in the case of projects funded under this Act.,Motion to Table Agreed to (55-42),'1/2',3,42,0,2,50,0,0,1,2,0,0,0,55,42,0,3,
12,112,1,PN36,"February 7, 2011,  05:33 PM",On the Nomination PN36,"Confirmation Diana Saldana, of Texas, to be U.S. District Judge","Diana Saldana, of Texas, to be United States District Judge for the Southern District of Texas",Nomination Confirmed (94-0),'1/2',46,0,0,1,47,0,0,4,1,0,0,1,94,0,0,6,
13,112,1,PN24,"February 7, 2011,  06:01 PM",On the Nomination PN24,"Confirmation Paul Kinloch Holmes III, of Arkansas, to be U.S. District Judge","Paul Kinloch Holmes III, of Arkansas, to be United States District Judge for the Western District of Arkansas",Nomination Confirmed (95-0),'1/2',46,0,0,1,48,0,0,3,1,0,0,1,95,0,0,5,
14,112,1,,"February 8, 2011,  10:30 AM",On the Amendment S.Amdt. 34 to S. 223 (FAA Air Transportation Modernization and Safety Improvement Act),Nelson (FL) Amdt. No. 34,To strike section 605.,Amendment Agreed to (96-1),'1/2',46,1,0,0,49,0,0,2,1,0,0,1,96,1,0,3,
15,112,1,PN21,"February 14, 2011,  05:32 PM",On the Nomination PN21,"Confirmation Edward J. Davila, of California, to be United States District Judge for the Northern District of California","Edward J. Davila, of California, to be United States District Judge for the Northern District of California",Nomination Confirmed (93-0),'1/2',44,0,0,3,47,0,0,4,2,0,0,0,93,0,0,7,
16,112,1,,"February 15, 2011,  12:07 PM",On the Amendment S.Amdt. 58 to S. 223 (FAA Air Transportation Modernization and Safety Improvement Act),Nelson (NE) Amdt. No. 58 As Amended,To impose a criminal penalty for unauthorized recording or distribution of images produced using advanced imaging technology during screenings of individuals at airports and upon entry to Federal buildings.,Amendment Agreed to (98-0),'1/2',47,0,0,0,49,0,0,2,2,0,0,0,98,0,0,2,
17,112,1,,"February 15, 2011,  02:46 PM",On the Amendment S.Amdt. 14 to S. 223 (FAA Air Transportation Modernization and Safety Improvement Act),Wicker Amdt. No. 14 As Modified,To exclude employees of the Transportation Security Administration from the collective bargaining rights of Federal employees and provide employment rights and an employee engagement mechanism for passenger and property screeners.,"Amendment Rejected (47-51, 3/5 majority required)",'3/5',47,0,0,0,0,49,0,2,0,2,0,0,47,51,0,2,
18,112,1,,"February 15, 2011,  05:09 PM",On the Motion to Table S.Amdt. 21 to S. 223 (FAA Air Transportation Modernization and Safety Improvement Act),Motion to Table Paul Amdt. No. 21,To reduce the total amount authorized to be appropriated for the Federal Aviation Administration for fiscal year 2011 to the total amount authorized to be appropriated for the Administration for fiscal year 2008.,Motion to Table Agreed to (51-47),'1/2',0,47,0,0,49,0,0,2,2,0,0,0,51,47,0,2,
19,112,1,H.R. 514,"February 15, 2011,  06:08 PM",On Passage of the Bill H.R. 514,H.R. 514 As Amended,"A bill to extend expiring provisions of the USA PATRIOT Improvement and Reauthorization Act of 2005 and Intelligence Reform and Terrorism Prevention Act of 2004 relating to access to business records, individual terrorists as agents of foreign powers, and roving wiretaps until December 8, 2011.",Bill Passed (86-12),'1/2',45,2,0,0,40,9,0,2,1,1,0,0,86,12,0,2,
20,112,1,S. 223,"February 17, 2011,  02:02 PM",On the Cloture Motion S. 223,Motion to Invoke Cloture on S. 223,"A bill to modernize the air traffic control system, improve the safety, reliability, and availability of transportation by air in the United States, provide modernization of the air traffic control system, reauthorize the Federal Aviation Administration, and for other purposes.","Cloture Motion Agreed to (96-2, 3/5 majority required)",'3/5',44,2,0,1,50,0,0,1,2,0,0,0,96,2,0,2,
21,112,1,,"February 17, 2011,  04:31 PM",On the Motion to Table S.Amdt. 4 to S. 223 (FAA Air Transportation Modernization and Safety Improvement Act),Motion to Table McCain Amdt. No. 4,To repeal the essential air service program.,Motion to Table Agreed to (61-38),'1/2',15,32,0,0,44,6,0,1,2,0,0,0,61,38,0,1,
22,112,1,,"February 17, 2011,  05:02 PM",On the Motion to Table S.Amdt. 18 to S. 223 (FAA Air Transportation Modernization and Safety Improvement Act),Motion to Table Paul Amdt. No. 18,To strike the provisions relating to clarifying a memorandum of understanding between the Federal Aviation Administration and the Occupational Safety and Health Administration.,Motion to Table Agreed to (52-47),'1/2',0,47,0,0,50,0,0,1,2,0,0,0,52,47,0,1,
23,112,1,,"February 17, 2011,  07:15 PM",On the Motion to Table S.Amdt. 80 to S. 223 (FAA Air Transportation Modernization and Safety Improvement Act),Motion to Table Coburn Amdt. No. 80 As Modified,To limit essential air service to locations that are 100 or more miles away from the nearest medium or large hub airport.,Motion to Table Failed (34-65),'1/2',3,44,0,0,30,20,0,1,1,1,0,0,34,65,0,1,
24,112,1,,"February 17, 2011,  07:42 PM",On the Motion to Table S.Amdt. 91 to S. 223 (FAA Air Transportation Modernization and Safety Improvement Act),Motion to Table Coburn Amdt. No. 91,To decrease the Federal share of project costs under the airport improvement program for non-primary airports.,Motion to Table Agreed to (59-40),'1/2',9,38,0,0,48,2,0,1,2,0,0,0,59,40,0,1,
25,112,1,S. 223,"February 17, 2011,  08:16 PM",On Passage of the Bill S. 223,S. 223 As Amended,"A bill to modernize the air traffic control system, improve the safety, reliability, and availability of transportation by air in the United States, provide modernization of the air traffic control system, reauthorize the Federal Aviation Administration, and for other purposes.",Bill Passed (87-8),'1/2',37,8,0,2,49,0,0,2,1,0,0,1,87,8,0,5,
26,112,1,PN28,"February 28, 2011,  05:31 PM",On the Nomination PN28,"Confirmation Steve C. Jones, of Georgia, to be United States District Judge for the Northern District of Georgia","Steve C. Jones, of Georgia, to be United States District Judge for the Northern District of Georgia",Nomination Confirmed (90-0),'1/2',41,0,0,6,48,0,0,3,1,0,0,1,90,0,0,10,
27,112,1,,"March 1, 2011,  05:01 PM",On the Amendment S.Amdt. 121 to S. 23 (Patent Reform Act of 2011),Leahy-Grassley Amdt. No. 121 As Modified,To improve the bill.,Amendment Agreed to (97-2),'1/2',46,1,0,0,49,1,0,1,2,0,0,0,97,2,0,1,
28,112,1,,"March 1, 2011,  05:29 PM",On the Motion to Table S.Amdt. 112 to S. 23 (Patent Reform Act of 2011),Motion to Table Toomey-Vitter Amdt. No. 112 As Modified,To require that the Government prioritize all obligations on the debt held by the public in the event that the debt limit is reached.,Motion to Table Agreed to (52-47),'1/2',0,47,0,0,50,0,0,1,2,0,0,0,52,47,0,1,
29,112,1,H.J.Res. 44,"March 2, 2011,  11:02 AM",On the Joint Resolution H.J.Res. 44,H. J. Res. 44,"A joint resolution making further continuing appropriations for fiscal year 2011, and for other purposes.",Joint Resolution Passed (91-9),'1/2',42,5,0,0,48,3,0,0,1,1,0,0,91,9,0,0,
30,112,1,,"March 2, 2011,  05:16 PM",On the Amendment S.Amdt. 115 to S. 23 (Patent Reform Act of 2011),Lee Amdt. No. 115,To express the sense of the Senate in support of a balanced budget amendment to the Constitution.,"Amendment Rejected (58-40, 3/5 majority required)",'3/5',47,0,0,0,10,39,0,2,1,1,0,0,58,40,0,2,
31,112,1,,"March 3, 2011,  12:32 PM",On the Motion to Table S.Amdt. 133 to S. 23 (Patent Reform Act of 2011),Motion to Table Feinstein Amdt. No. 133 As Modified,To strike the first inventor to file requirement.,Motion to Table Agreed to (87-13),'1/2',44,3,0,0,41,10,0,0,2,0,0,0,87,13,0,0,
32,112,1,PN37,"March 7, 2011,  05:31 PM",On the Nomination PN37,"Confirmation James E. Shadid, of Illinois, to be U.S. District Judge for the Central District of Illinois","James E. Shadid, of Illinois, to be United States District Judge for the Central District of Illinois",Nomination Confirmed (89-0),'1/2',40,0,0,7,48,0,0,3,1,0,0,1,89,0,0,11,
33,112,1,PN10,"March 7, 2011,  05:58 PM",On the Nomination PN10,"Confirmation Anthony J. Battaglia, of California, to the be United States District Judge for the Southern District of California","Anthony J. Battaglia, of California, to be United States District Judge for the Southern District of California",Nomination Confirmed (89-0),'1/2',41,0,0,6,47,0,0,4,1,0,0,1,89,0,0,11,
34,112,1,S. 23,"March 7, 2011,  06:14 PM",On the Cloture Motion S. 23,Motion to Invoke Cloture on S. 23,"A bill to amend title 35, United States Code, to provide for patent reform.","Cloture Motion Agreed to (87-3, 3/5 majority required)",'3/5',39,2,0,6,47,1,0,3,1,0,0,1,87,3,0,10,
35,112,1,S. 23,"March 8, 2011,  05:55 PM",On Passage of the Bill S. 23,S. 23 as Amended,"A bill to amend title 35, United States Code, to provide for patent reform.",Bill Passed (95-5),'1/2',44,3,0,0,49,2,0,0,2,0,0,0,95,5,0,0,
36,112,1,H.R. 1,"March 9, 2011,  03:00 PM",On Passage of the Bill H.R. 1,H.R. 1,"A bill making appropriations for the Department of Defense and the other departments and agencies of the Government for the fiscal year ending September 30, 2011, and for other purposes.","Bill Defeated (44-56, 3/5 majority required)",'3/5',44,3,0,0,0,51,0,0,0,2,0,0,44,56,0,0,
37,112,1,,"March 9, 2011,  03:26 PM","On the Amendment S.Amdt. 149 to H.R. 1 (Full-Year Continuing Appropriations Act, 2011)",Inouye Amdt. No. 149,In the nature of a substitute.,"Amendment Rejected (42-58, 3/5 majority required)",'3/5',0,47,0,0,41,10,0,0,1,1,0,0,42,58,0,0,
38,112,1,PN17,"March 10, 2011,  02:55 PM",On the Nomination PN17,"Confirmation Max Oliver Cogburn, Jr., of North Carolina, to be U.S. District Judge","Max Oliver Cogburn, Jr., of North Carolina, to be United States District Judge for the Western District of North Carolina",Nomination Confirmed (96-0),'1/2',45,0,0,2,49,0,0,2,2,0,0,0,96,0,0,4,
39,112,1,PN12,"March 14, 2011,  05:32 PM",On the Nomination PN12,"Confirmation James Emanuel Boasberg, of the District of Columbia, to be U.S. District Judge","James Emanuel Boasberg, of the District of Columbia, to be United States District Judge for the District of Columbia",Nomination Confirmed (96-0),'1/2',44,0,0,3,50,0,0,1,2,0,0,0,96,0,0,4,
40,112,1,S. 493,"March 14, 2011,  05:58 PM",On the Motion to Proceed S. 493,Motion to Invoke Cloture on the Motion to Proceed to S. 493,"A bill to reauthorize and improve the SBIR and STTR programs, and for other purposes.","Motion to Proceed Agreed to (84-12, 3/5 majority required)",'3/5',32,12,0,3,50,0,0,1,2,0,0,0,84,12,0,4,
41,112,1,,"March 16, 2011,  10:34 AM",On the Amendment S.Amdt. 182 to S. 493 (SBIR/STTR Reauthorization Act of 2011),Nelson (NE) Amdt. No. 182,Of a perfecting nature.,Amendment Agreed to (98-1),'1/2',46,1,0,0,50,0,0,1,2,0,0,0,98,1,0,1,
42,112,1,,"March 16, 2011,  11:02 AM",On the Amendment S.Amdt. 193 to S. 493 (SBIR/STTR Reauthorization Act of 2011),Snowe Amdt. No. 193,To strike the Federal authorization of the National Veterans Business Development Corporation.,Amendment Agreed to (99-0),'1/2',47,0,0,0,50,0,0,1,2,0,0,0,99,0,0,1,
43,112,1,,"March 16, 2011,  05:25 PM",On the Amendment S.Amdt. 216 to S. 493 (SBIR/STTR Reauthorization Act of 2011),Casey Amdt. No. 216,To require contractors to notify small business concerns that have been included in offers relating to contracts let by Federal agencies.,Amendment Agreed to (99-0),'1/2',47,0,0,0,50,0,0,1,2,0,0,0,99,0,0,1,
44,112,1,H.J.Res. 48,"March 17, 2011,  02:45 PM",On the Joint Resolution H.J.Res. 48,H.J.Res. 48,"A joint resolution making further continuing appropriations for fiscal year 2011, and for other purposes.",Joint Resolution Passed (87-13),'1/2',38,9,0,0,48,3,0,0,1,1,0,0,87,13,0,0,
45,112,1,PN26,"March 17, 2011,  03:12 PM",On the Nomination PN26,"Confirmation Amy Berman Jackson, of the District of Columbia, to be U.S. District Judge","Amy Berman Jackson, of the District of Columbia, to be United States District Judge for the District of Columbia",Nomination Confirmed (97-0),'1/2',45,0,0,2,50,0,0,1,2,0,0,0,97,0,0,3,
46,112,1,PN18,"March 28, 2011,  05:35 PM",On the Nomination PN18,"Confirmation Mae A. D'Agostino, of New York, to be U.S. District Judge","Mae A. D'Agostino, of New York, to be United States District Judge for the Northern District of New York",Nomination Confirmed (88-0),'1/2',39,0,0,8,47,0,0,4,2,0,0,0,88,0,0,12,
47,112,1,PN1,"April 4, 2011,  05:32 PM",On the Nomination PN1,"Confirmation Jimmie V. Reyna, of Maryland, to be United States Circuit Judge for the Federal Circuit","Jimmie V. Reyna, of Maryland, to be United States Circuit Judge for the Federal Circuit",Nomination Confirmed (86-0),'1/2',39,0,0,8,45,0,0,6,2,0,0,0,86,0,0,14,
48,112,1,,"April 5, 2011,  12:11 PM",On the Amendment S.Amdt. 284 to H.R. 4 (Comprehensive 1099 Taxpayer Protection and Repayment of Exchange Subsidy Overpayments Act of 2011),Menendez Amdt. No. 284,To protect small businesses from health insurance premium increases or losses of health insurance coverage.,"Amendment Rejected (41-58, 3/5 majority required)",'3/5',0,46,0,1,40,11,0,0,1,1,0,0,41,58,0,1,
49,112,1,H.R. 4,"April 5, 2011,  12:37 PM",On Passage of the Bill H.R. 4,H.R. 4,"A bill to repeal the expansion of information reporting requirements for payments of $600 or more to corporations, and for other purposes.","Bill Passed (87-12, 3/5 majority required)",'3/5',46,0,0,1,40,11,0,0,1,1,0,0,87,12,0,1,
50,112,1,S. 493,"April 5, 2011,  02:55 PM",On the Motion to Table S. 493,"Motion to Table Paul Motion to Commit S. 493, to Committee on Foreign Relations, with Instructions","A bill to reauthorize and improve the SBIR and STTR programs, and for other purposes.",Motion to Table Agreed to (90-10),'1/2',37,10,0,0,51,0,0,0,2,0,0,0,90,10,0,0,
51,112,1,,"April 6, 2011,  04:05 PM",On the Amendment S.Amdt. 236 to S. 493 (SBIR/STTR Reauthorization Act of 2011),Baucus Amdt. No. 236,To prohibit the regulation of greenhouse gases from certain sources.,"Amendment Rejected (7-93, 3/5 majority required)",'3/5',0,47,0,0,7,44,0,0,0,2,0,0,7,93,0,0,
52,112,1,,"April 6, 2011,  04:33 PM",On the Amendment S.Amdt. 277 to S. 493 (SBIR/STTR Reauthorization Act of 2011),Stabenow Amdt. No. 277,"To suspend, for 2 years, any Environmental Protection Agency enforcement of greenhouse gas regulations, to exempt American agriculture from greenhouse gas regulations, and to increase the number of companies eligible to participate in the successful Advanced Energy Manufacturing Tax Credit Program.","Amendment Rejected (7-93, 3/5 majority required)",'3/5',0,47,0,0,7,44,0,0,0,2,0,0,7,93,0,0,
53,112,1,,"April 6, 2011,  04:50 PM",On the Amendment S.Amdt. 215 to S. 493 (SBIR/STTR Reauthorization Act of 2011),Rockefeller Amdt. No. 215,"To suspend, until the end of the 2-year period beginning on the date of enactment of this Act, any Environmental Protection Agency action under the Clean Air Act with respect to carbon dioxide or methane pursuant to certain proceedings, other than with respect to motor vehicle emissions.","Amendment Rejected (12-88, 3/5 majority required)",'3/5',3,44,0,0,9,42,0,0,0,2,0,0,12,88,0,0,
54,112,1,,"April 6, 2011,  05:10 PM",On the Amendment S.Amdt. 183 to S. 493 (SBIR/STTR Reauthorization Act of 2011),McConnell Amdt. No. 183,"To prohibit the Administrator of the Environmental Protection Agency from promulgating any regulation concerning, taking action relating to, or taking into consideration the emission of a greenhouse gas to address climate change.","Amendment Rejected (50-50, 3/5 majority required)",'3/5',46,1,0,0,4,47,0,0,0,2,0,0,50,50,0,0,
55,112,1,,"April 6, 2011,  05:26 PM",On the Amendment S.Amdt. 281 to S. 493 (SBIR/STTR Reauthorization Act of 2011),Coburn Amdt. No. 281,To save at least $20 million annually by ending federal unemployment payments to jobless millionaires and billionaires.,"Amendment Agreed to (100-0, 3/5 majority required)",'3/5',47,0,0,0,51,0,0,0,2,0,0,0,100,0,0,0,
56,112,1,,"April 6, 2011,  05:42 PM",On the Amendment S.Amdt. 286 to S. 493 (SBIR/STTR Reauthorization Act of 2011),Inouye Amdt. No. 286,To provide for the Director of the Office of Management and Budget to submit recommended rescissions in accordance with the Congressional Budget and Impoundment Control Act of 1974 for Government programs and agencies with duplicative and overlapping missions.,"Amendment Rejected (57-43, 3/5 majority required)",'3/5',6,41,0,0,49,2,0,0,2,0,0,0,57,43,0,0,
57,112,1,,"April 6, 2011,  06:01 PM",On the Amendment S.Amdt. 273 to S. 493 (SBIR/STTR Reauthorization Act of 2011),Coburn Amdt. No. 273,To save at least $5 billion by consolidating some duplicative and overlapping government programs.,"Amendment Agreed to (64-36, 3/5 majority required)",'3/5',46,1,0,0,18,33,0,0,0,2,0,0,64,36,0,0,
58,112,1,PN29,"April 12, 2011,  12:03 PM",On the Nomination PN29,"Confirmation John A. Kronstadt, of California, to be United States District Judge","John A. Kronstadt, of California, to be United States District Judge for the Central District of California",Nomination Confirmed (96-0),'1/2',43,0,0,4,51,0,0,0,2,0,0,0,96,0,0,4,
59,112,1,H.Con.Res. 35,"April 14, 2011,  04:50 PM",On the Concurrent Resolution H.Con.Res. 35,H. Con. Res. 35,A concurrent resolution directing the Clerk of the House of Representatives to make a correction in the enrollment of H.R. 1473.,"Concurrent Resolution Rejected (47-53, 3/5 majority required)",'3/5',47,0,0,0,0,51,0,0,0,2,0,0,47,53,0,0,
60,112,1,H.Con.Res. 36,"April 14, 2011,  05:14 PM",On the Concurrent Resolution H.Con.Res. 36,H. Con. Res. 36,A concurrent resolution directing the Clerk of the House of Representatives to make a correction in the enrollment of H.R. 1473.,"Concurrent Resolution Rejected (42-58, 3/5 majority required)",'3/5',42,5,0,0,0,51,0,0,0,2,0,0,42,58,0,0,
61,112,1,H.R. 1473,"April 14, 2011,  05:28 PM",On Passage of the Bill H.R. 1473,H.R. 1473,"A bill making appropriations for the Department of Defense and the other departments and agencies of the Government for the fiscal year ending September 30, 2011, and for other purposes.","Bill Passed (81-19, 3/5 majority required)",'3/5',32,15,0,0,48,3,0,0,1,1,0,0,81,19,0,0,
62,112,1,PN38,"May 2, 2011,  05:32 PM",On the Nomination PN38,"Confirmation Kevin Hunter Sharp, of Tennessee, to be United States District Judge","Kevin Hunter Sharp, of Tennessee, to be United States District Judge for the Middle District of Tennessee",Nomination Confirmed (89-0),'1/2',40,0,0,7,48,0,0,3,1,0,0,1,89,0,0,11,
63,112,1,S.Res. 159,"May 3, 2011,  03:49 PM",On the Resolution S.Res. 159,S. Res. 159,"A resolution honoring the members of the military and intelligence community who carried out the mission that killed Osama bin Laden, and for other purposes.",Resolution Agreed to (97-0),'1/2',45,0,0,2,50,0,0,1,2,0,0,0,97,0,0,3,
64,112,1,S. 493,"May 4, 2011,  12:21 PM",On the Cloture Motion S. 493,Motion to Invoke Cloture on S. 493,"A bill to reauthorize and improve the SBIR and STTR programs, and for other purposes.","Cloture Motion Rejected (52-44, 3/5 majority required)",'3/5',0,44,0,2,50,0,0,1,2,0,0,0,52,44,0,3,
65,112,1,PN32,"May 4, 2011,  12:49 PM",On the Cloture Motion PN32,"Motion to Invoke Cloture on the Nomination of John J. McConnell, Jr. of Rhode Island to be U.S. District Judge","John J. McConnell, Jr., of Rhode Island, to be United States District Judge for the District of Rhode Island","Cloture Motion Agreed to (63-33, 3/5 majority required)",'3/5',11,33,0,2,50,0,0,1,2,0,0,0,63,33,1,2,
66,112,1,PN32,"May 4, 2011,  05:35 PM",On the Nomination PN32,"Confirmation John J. McConnell, Jr. of Rhode Island, to be U.S. District Judge","John J. McConnell, Jr., of Rhode Island, to be United States District Judge for the District of Rhode Island",Nomination Confirmed (50-44),'1/2',0,44,0,2,48,0,0,3,2,0,0,0,50,44,0,5,
67,112,1,PN49,"May 9, 2011,  05:32 PM",On the Cloture Motion PN49,"Motion to Invoke Cloture on the Nomination of James Michael Cole, of the District of Columbia, to be Deputy Attorney General","James Michael Cole, of the District of Columbia, to be Deputy Attorney General (Recess Appointment)","Cloture Motion Rejected (50-40, 3/5 majority required)",'3/5',1,39,0,7,48,1,0,2,1,0,0,1,50,40,0,10,
68,112,1,PN16,"May 10, 2011,  05:16 PM",On the Nomination PN16,"Confirmation Edward Milton Chen, of California, to be U.S. District Judge for the Northern District of California","Edward Milton Chen, of California, to be United States District Judge for the Northern District of California",Nomination Confirmed (56-42),'1/2',4,42,0,1,50,0,0,1,2,0,0,0,56,42,0,2,
69,112,1,PN9,"May 11, 2011,  03:01 PM",On the Nomination PN9,"Confirmation Arenda L. Wright Allen, of Virginia, to be United States District Judge","Arenda L. Wright Allen, of Virginia, to be United States District Judge for the Eastern District of Virginia",Nomination Confirmed (96-0),'1/2',44,0,0,3,50,0,0,1,2,0,0,0,96,0,0,4,
70,112,1,PN41,"May 12, 2011,  02:00 PM",On the Nomination PN41,"Confirmation Michael Francis Urbanski, of Virginia, to be U.S. District Judge for the Western District of Virginia","Michael Francis Urbanski, of Virginia, to be United States District Judge for the Western District of Virginia",Nomination Confirmed (94-0),'1/2',41,0,0,6,51,0,0,0,2,0,0,0,94,0,0,6,
71,112,1,PN8,"May 17, 2011,  12:15 PM",On the Nomination PN8,"Confirmation Susan L. Carney, of Connecticut, to be U.S. Circuit Judge","Susan L. Carney, of Connecticut, to be United States Circuit Judge for the Second Circuit",Nomination Confirmed (71-28),'1/2',19,28,0,0,51,0,0,0,1,0,0,1,71,28,0,1,
72,112,1,S. 940,"May 17, 2011,  06:17 PM",On the Motion to Proceed S. 940,Motion to Proceed to the Consideration of S. 940,"A bill to reduce the Federal budget deficit by closing big oil tax loopholes, and for other purposes.","Motion to Proceed Rejected (52-48, 3/5 majority required)",'3/5',2,45,0,0,48,3,0,0,2,0,0,0,52,48,0,0,
73,112,1,S. 953,"May 18, 2011,  02:30 PM",On the Motion to Proceed S. 953,Motion to Proceed to the Consideration of S. 953,"A bill to authorize the conduct of certain lease sales in the Outer Continental Shelf, to amend the Outer Continental Shelf Lands Act to modify the requirements for exploration, and for other purposes.",Motion to Proceed Rejected (42-57),'1/2',42,5,0,0,0,50,0,1,0,2,0,0,42,57,0,1,
74,112,1,PN3,"May 19, 2011,  02:06 PM",On the Cloture Motion PN3,"Motion to Invoke Cloture on the Nomination of Goodwin Liu, of California, to be U.S. Circuit Judge for the Ninth Circuit","Goodwin Liu, of California, to be United States Circuit Judge for the Ninth Circuit","Cloture Motion Rejected (52-43, 3/5 majority required)",'3/5',1,42,0,4,49,1,0,1,2,0,0,0,52,43,1,4,
75,112,1,S. 1038,"May 23, 2011,  05:01 PM",On Cloture on the Motion to Proceed S. 1038,Motion to Invoke Cloture on the Motion to Proceed to Consider S. 1038,"A bill to extend the expiring provisions of the USA PATRIOT Improvement and Reauthorization Act of 2005 and the Intelligence Reform and Terrorism Prevention Act of 2004 until June 1, 2015, and for other purposes.","Cloture on the Motion to Proceed Agreed to (74-8, 3/5 majority required)",'3/5',32,3,0,12,41,4,0,6,1,1,0,0,74,8,0,18,
76,112,1,S. 1038,"May 24, 2011,  06:13 PM",On the Motion to Table S. 1038,Motion to Table the Motion to Proceed to S. 1038,"A bill to extend the expiring provisions of the USA PATRIOT Improvement and Reauthorization Act of 2005 and the Intelligence Reform and Terrorism Prevention Act of 2004 until June 1, 2015, and for other purposes.",Motion to Table Agreed to (74-13),'1/2',40,3,0,4,34,9,0,8,0,1,0,1,74,13,1,12,
77,112,1,H.Con.Res. 34,"May 25, 2011,  05:22 PM",On the Motion to Proceed H.Con.Res. 34,Motion to Proceed to Consider H. Con. Res. 34,A concurrent resolution establishing the budget for the United States Government for fiscal year 2012 and setting forth appropriate budgetary levels for fiscal years 2013 through 2021.,Motion to Proceed Rejected (40-57),'1/2',40,5,0,2,0,50,0,1,0,2,0,0,40,57,0,3,
78,112,1,S.Con.Res. 18,"May 25, 2011,  05:44 PM",On the Motion to Proceed S.Con.Res. 18,Motion to Proceed to Consider S. Con. Res. 18,"A concurrent resolution setting forth the President's budget request for the United States Government for fiscal year 2012, and setting forth the appropriate budgetary levels for fiscal years 2013 through 2021.",Motion to Proceed Rejected (0-97),'1/2',0,45,0,2,0,50,0,1,0,2,0,0,0,97,0,3,
79,112,1,S.Con.Res. 21,"May 25, 2011,  06:08 PM",On the Motion to Proceed S.Con.Res. 21,Motion to Proceed to Consider S. Con. Res. 21,A concurrent resolution setting forth the congressional budget for the United States Government for fiscal year 2012 and setting forth the appropriate budgetary levels for fiscal years 2013 through 2021.,Motion to Proceed Rejected (42-55),'1/2',42,3,0,2,0,50,0,1,0,2,0,0,42,55,0,3,
80,112,1,S.Con.Res. 20,"May 25, 2011,  06:23 PM",On the Motion to Proceed S.Con.Res. 20,Motion to Proceed to Consider S. Con. Res. 20,A concurrent resolution setting forth the congressional budget for the United States Government for fiscal year 2012 and setting forth the appropriate budgetary levels for fiscal years 2013 through 2016.,Motion to Proceed Rejected (7-90),'1/2',7,38,0,2,0,50,0,1,0,2,0,0,7,90,0,3,
81,112,1,S. 990,"May 26, 2011,  10:01 AM",On the Cloture Motion S. 990,Motion to Invoke Cloture on the Motion to Concur in the House Amendment to S. 990 with Amdt. No. 347,"A bill to provide for an additional temporary extension of programs under the Small Business Act and the Small Business Investment Act of 1958, and for other purposes.","Cloture Motion Agreed to (79-18, 3/5 majority required)",'3/5',42,4,0,1,36,13,0,2,1,1,0,0,79,18,0,3,
82,112,1,,"May 26, 2011,  04:34 PM",On the Motion to Table S.Amdt. 363 to S.Amdt. 347 to S. 990 (PATRIOT Sunsets Extension Act of 2011),Motion to Table Paul Amdt. No. 363,To clarify that the authority to obtain information under the USA PATRIOT Act and subsequent reauthorizations does not include authority to obtain certain firearms records.,Motion to Table Agreed to (85-10),'1/2',37,8,0,2,46,2,0,3,2,0,0,0,85,10,0,5,
83,112,1,,"May 26, 2011,  05:00 PM",On the Motion to Table S.Amdt. 365 to S.Amdt. 347 to S. 990 (PATRIOT Sunsets Extension Act of 2011),Motion to Table Paul Amdt. No. 365,"To limit suspicious activity reporting requirements to requests from law enforcement agencies, and for other purposes.",Motion to Table Agreed to (91-4),'1/2',41,4,0,2,48,0,0,3,2,0,0,0,91,4,0,5,
84,112,1,S. 990,"May 26, 2011,  05:16 PM",On the Motion (Motion to Concur in the House Amendment to S. 990 with Amdt. No. 347),Motion to Concur in the House Amendment to S. 990 with Amdt. No. 347,"A bill to provide for an additional temporary extension of programs under the Small Business Act and the Small Business Investment Act of 1958, and for other purposes.",Motion Agreed to (72-23),'1/2',41,4,0,2,30,18,0,3,1,1,0,0,72,23,0,5,
85,112,1,PN97,"June 6, 2011,  05:31 PM",On the Nomination PN97,"Confirmation Donald B. Verrilli, Jr. to be Solicitor General of the U.S.","Donald B. Verrilli, Jr., of the District of Columbia, to be Solicitor General of the United States",Nomination Confirmed (72-16),'1/2',26,16,0,5,44,0,0,7,2,0,0,0,72,16,0,12,
86,112,1,,"June 8, 2011,  02:04 PM",On the Amendment S.Amdt. 392 to S. 782 (Economic Development Revitalization Act of 2011),Tester Amdt. No. 392,"To improve the regulatory structure for electronic debit card transactions, and for other purposes.","Amendment Rejected (54-45, 3/5 majority required)",'3/5',35,12,0,0,19,32,0,0,0,1,0,1,54,45,0,1,
87,112,1,,"June 9, 2011,  02:14 PM",On the Amendment S.Amdt. 390 to S. 782 (Economic Development Revitalization Act of 2011),Snowe Amdt. No. 390,"To reform the regulatory process to ensure that small businesses are free to compete and to create jobs, and for other purposes.","Amendment Rejected (53-46, 3/5 majority required)",'3/5',47,0,0,0,6,44,0,1,0,2,0,0,53,46,0,1,
88,112,1,PN15,"June 14, 2011,  12:09 PM",On the Nomination PN15,"Confirmation Claire C. Cecchi, of New Jersey, to be U.S. District Judge","Claire C. Cecchi, of New Jersey, to be United States District Judge for the District of New Jersey",Nomination Confirmed (98-0),'1/2',47,0,0,0,49,0,0,2,2,0,0,0,98,0,0,2,
89,112,1,,"June 14, 2011,  02:24 PM",On the Cloture Motion S.Amdt. 436 to S. 782 (Economic Development Revitalization Act of 2011),Motion to Invoke Cloture on the Coburn Amdt. No. 436,To repeal the Volumetric Ethanol Excise Tax Credit.,"Cloture Motion Rejected (40-59, 3/5 majority required)",'3/5',34,13,0,0,5,45,0,1,1,1,0,0,40,59,0,1,
90,112,1,,"June 16, 2011,  02:02 PM",On the Amendment S.Amdt. 476 to S. 782 (Economic Development Revitalization Act of 2011),Feinstein Amdt. No. 476 As Modified,To repeal the Volumetric Ethanol Excise Tax Credit.,"Amendment Agreed to (73-27, 3/5 majority required)",'3/5',33,14,0,0,38,13,0,0,2,0,0,0,73,27,0,0,
91,112,1,,"June 16, 2011,  02:25 PM",On the Amendment S.Amdt. 411 to S. 782 (Economic Development Revitalization Act of 2011),McCain Amdt. 411,To prohibit the use of Federal funds to construct ethanol blender pumps or ethanol storage facilities.,"Amendment Rejected (41-59, 3/5 majority required)",'3/5',36,11,0,0,4,47,0,0,1,1,0,0,41,59,0,0,
92,112,1,PN39,"June 21, 2011,  12:10 PM",On the Nomination PN39,"Confirmation Michael H. Simon, of Oregon, to be U.S. District Judge","Michael H. Simon, of Oregon, to be United States District Judge for the District of Oregon",Nomination Confirmed (64-35),'1/2',11,35,0,1,51,0,0,0,2,0,0,0,64,35,0,1,
93,112,1,PN598,"June 21, 2011,  04:18 PM",On the Nomination PN598,"Confirmation Leon E. Panetta, of California, to be Secretary of Defense","Leon E. Panetta, of California, to be Secretary of Defense",Nomination Confirmed (100-0),'1/2',47,0,0,0,51,0,0,0,2,0,0,0,100,0,0,0,
94,112,1,S. 782,"June 21, 2011,  04:52 PM",On the Cloture Motion S. 782,Motion to Invoke Cloture on S. 782,"A bill to amend the Public Works and Economic Development Act of 1965 to reauthorize that Act, and for other purposes.","Cloture Motion Rejected (49-51, 3/5 majority required)",'3/5',0,47,0,0,47,4,0,0,2,0,0,0,49,51,0,0,
95,112,1,,"June 23, 2011,  12:31 PM",On the Amendment S.Amdt. 499 to S. 679 (Presidential Appointment Efficiency and Streamlining Act of 2011),Vitter Amdt. No. 499,To end the appointments of presidential Czars who have not been subject to the advice and consent of the Senate and to prohibit funds for any salaries and expenses for appointed Czars.,"Amendment Rejected (47-51, 3/5 majority required)",'3/5',45,0,0,2,2,49,0,0,0,2,0,0,47,51,0,2,
96,112,1,,"June 23, 2011,  02:02 PM",On the Amendment S.Amdt. 510 to S. 679 (Presidential Appointment Efficiency and Streamlining Act of 2011),DeMint Amdt. No. 510,"To strike the provision relating to the Director, Bureau of Justice Statistics.",Amendment Rejected (41-57),'1/2',41,4,0,2,0,51,0,0,0,2,0,0,41,57,0,2,
97,112,1,PN49,"June 28, 2011,  12:08 PM",On the Nomination PN49,"Confirmation James Michael Cole, of the District of Columbia, to be Deputy Attorney General","James Michael Cole, of the District of Columbia, to be Deputy Attorney General (Recess Appointment)",Nomination Confirmed (55-42),'1/2',5,42,0,0,48,0,0,3,2,0,0,0,55,42,0,3,
98,112,1,S. 679,"June 28, 2011,  06:02 PM",On the Motion (Motion to Instruct the Sgt At Arms to Request the Presence of Absentee Senators),Motion to Instruct the Sgt At Arms to Request the Presence of Absentee Senators,A bill to reduce the number of executive positions subject to Senate confirmation.,Motion Agreed to (44-40),'1/2',2,40,0,5,40,0,0,11,2,0,0,0,44,40,0,16,
99,112,1,,"June 29, 2011,  11:08 AM",On the Amendment S.Amdt. 501 to S. 679 (Presidential Appointment Efficiency and Streamlining Act of 2011),DeMint Amdt. No. 501,"To repeal the authority to provide certain loans to the International Monetary Fund, the increase in the United States quota to the Fund, and certain other related authorities, and to rescind related appropriated amounts.","Amendment Rejected (44-55, 3/5 majority required)",'3/5',43,4,0,0,1,49,0,1,0,2,0,0,44,55,0,1,
100,112,1,,"June 29, 2011,  11:35 AM",On the Amendment S.Amdt. 511 to S. 679 (Presidential Appointment Efficiency and Streamlining Act of 2011),DeMint Amdt. No. 511,To enhance accountability and transparency among various Executive agencies.,Amendment Rejected (25-74),'1/2',23,24,0,0,2,48,0,1,0,2,0,0,25,74,0,1,
101,112,1,S. 679,"June 29, 2011,  11:53 AM",On Passage of the Bill S. 679,S. 679 as Amended,A bill to reduce the number of executive positions subject to Senate confirmation.,"Bill Passed (79-20, 3/5 majority required)",'3/5',27,20,0,0,50,0,0,1,2,0,0,0,79,20,0,1,
102,112,1,,"June 29, 2011,  06:11 PM",On the Amendment S.Amdt. 521 to S.Res. 116 (No short title on file),Coburn Amdt. No. 521,To prevent the creation of duplicative and overlapping Federal programs.,"Amendment Rejected (63-34, 2/3 majority required)",'2/3',46,0,0,1,17,32,0,2,0,2,0,0,63,34,0,3,
103,112,1,S.Res. 116,"June 29, 2011,  06:36 PM",On the Resolution S.Res. 116,S. Res. 116 as Amended,A resolution to provide for expedited Senate consideration of certain nominations subject to advice and consent.,Resolution Agreed to (89-8),'1/2',38,8,0,1,49,0,0,2,2,0,0,0,89,8,0,3,
104,112,1,PN604,"June 30, 2011,  02:00 PM",On the Nomination PN604,"Confirmation David H. Petraeus, of New Hampshire, to be Director of the Central Intelligence Agency","David H. Petraeus, of New Hampshire, to be Director of the Central Intelligence Agency",Nomination Confirmed (94-0),'1/2',44,0,0,3,48,0,0,3,2,0,0,0,94,0,0,6,
105,112,1,S. 1323,"July 5, 2011,  05:03 PM",On the Motion (Motion to Instruct the Sergeant at Arms to Request Absent Senators),Motion to Instruct the Sergeant at Arms to Request Absent Senators,A bill to express the sense of the Senate on shared sacrifice in resolving the budget deficit.,Motion Agreed to (83-8),'1/2',32,8,0,7,50,0,0,1,1,0,0,1,83,8,0,9,
106,112,1,S. 1323,"July 7, 2011,  09:59 AM",On Cloture on the Motion to Proceed S. 1323,Motion to Invoke Cloture on the Motion to Proceed to Consider S. 1323,A bill to express the sense of the Senate on shared sacrifice in resolving the budget deficit.,"Cloture on the Motion to Proceed Agreed to (74-22, 3/5 majority required)",'3/5',25,21,0,1,47,1,0,3,2,0,0,0,74,22,0,4,
107,112,1,S. 1323,"July 11, 2011,  05:36 PM",On the Motion to Proceed S. 1323,Motion to Proceed to Consider S. 1323,A bill to express the sense of the Senate on shared sacrifice in resolving the budget deficit.,Motion to Proceed Agreed to (69-27),'1/2',18,26,0,3,49,1,0,1,2,0,0,0,69,27,0,4,
108,112,1,S. 1323,"July 13, 2011,  10:44 AM",On the Cloture Motion S. 1323,Motion to Invoke Cloture on S. 1323,A bill to express the sense of the Senate on shared sacrifice in resolving the budget deficit.,"Cloture Motion Rejected (51-49, 3/5 majority required)",'3/5',0,47,0,0,49,2,0,0,2,0,0,0,51,49,0,0,
109,112,1,H.R. 2055,"July 13, 2011,  11:10 AM",On Cloture on the Motion to Proceed H.R. 2055,Motion to Invoke Cloture on the Motion to Proceed to H.R. 2055,"A bill making appropriations for military construction, the Department of Veterans Affairs, and related agencies for the fiscal year ending September 30, 2012, and for other purposes.","Cloture on the Motion to Proceed Agreed to (89-11, 3/5 majority required)",'3/5',36,11,0,0,51,0,0,0,2,0,0,0,89,11,0,0,
110,112,1,H.R. 2055,"July 14, 2011,  03:38 PM",On the Cloture Motion H.R. 2055,Motion to Invoke Cloture on the Motion to Waive Section 303 of the Congressional Budget Act on H.R. 2055,"A bill making appropriations for military construction, the Department of Veterans Affairs, and related agencies for the fiscal year ending September 30, 2012, and for other purposes.","Cloture Motion Agreed to (71-26, 3/5 majority required)",'3/5',18,26,0,3,51,0,0,0,2,0,0,0,71,26,0,3,
111,112,1,H.R. 2055,"July 14, 2011,  04:02 PM","On the Motion (Motion to Waive Section 303 of the Congressional Budget Act on H.R. 2055, any amendments thereto and motions thereon)","Motion to Waive Section 303 of the Congressional Budget Act on H.R. 2055, any amendments thereto and motions thereon","A bill making appropriations for military construction, the Department of Veterans Affairs, and related agencies for the fiscal year ending September 30, 2012, and for other purposes.",Motion Agreed to (56-40),'1/2',3,40,0,4,51,0,0,0,2,0,0,0,56,40,0,4,
112,112,1,PN93,"July 18, 2011,  05:32 PM",On the Nomination PN93,"Confirmation J. Paul Oetken, of New York, to be U.S. District Judge for the Southern District of New York","J. Paul Oetken, of New York, to be United States District Judge for the Southern District of New York",Nomination Confirmed (80-13),'1/2',28,13,0,6,50,0,0,1,2,0,0,0,80,13,0,7,
113,112,1,,"July 20, 2011,  12:04 PM","On the Motion to Table S.Amdt. 568 to H.R. 2055 (Military Construction and Veterans Affairs and Related Agencies Appropriations Act, 2012)",Motion to Table Vitter Amdt. No. 568,To provide that none of the funds appropriated or otherwise made available by this Act may be obligated or expended at a rate higher than the level of the Senate and House of Representative concurrent budget resolution for fiscal year 2012.,Motion to Table Agreed to (69-30),'1/2',16,30,0,1,51,0,0,0,2,0,0,0,69,30,0,1,
114,112,1,,"July 20, 2011,  04:53 PM","On the Motion to Table S.Amdt. 564 to H.R. 2055 (Military Construction and Veterans Affairs and Related Agencies Appropriations Act, 2012)",Motion to Table Coburn Amdt. No. 564,To require evidence of causal relationships for presumptions by the Secretary of Veterans Affairs of service connection for diseases associated with exposure to certain herbicide agents.,Motion to Table Agreed to (69-30),'1/2',16,30,0,1,51,0,0,0,2,0,0,0,69,30,0,1,
115,112,1,H.R. 2055,"July 20, 2011,  05:23 PM",On Passage of the Bill H.R. 2055,H.R. 2055 as Amended,"A bill making appropriations for military construction, the Department of Veterans Affairs, and related agencies for the fiscal year ending September 30, 2012, and for other purposes.",Bill Passed (97-2),'1/2',44,2,0,1,51,0,0,0,2,0,0,0,97,2,0,1,
116,112,1,H.R. 2560,"July 22, 2011,  10:05 AM",On the Motion to Table H.R. 2560,Motion to Table the Motion to Proceed to Consider H.R. 2560,"A bill to cut, cap, and balance the Federal budget.",Motion to Table Agreed to (51-46),'1/2',0,46,0,1,49,0,0,2,2,0,0,0,51,46,0,3,
117,112,1,PN157,"July 26, 2011,  12:17 PM",On the Nomination PN157,"Confirmation Paul A. Engelmayer of New York, to be United States District Judge","Paul A. Engelmayer, of New York, to be United States District Judge for the Southern District of New York",Nomination Confirmed (98-0),'1/2',46,0,0,1,50,0,0,1,2,0,0,0,98,0,0,2,
118,112,1,PN847,"July 27, 2011,  04:04 PM",On the Nomination PN847,"Confirmation Robert S. Mueller, III, of California, to be Director of the Federal Bureau of Investigation","Robert S. Mueller, III, of California, to be Director of the Federal Bureau of Investigation for a term expiring September 4, 2013",Nomination Confirmed (100-0),'1/2',47,0,0,0,51,0,0,0,2,0,0,0,100,0,0,0,
119,112,1,S. 1323,"July 29, 2011,  07:10 PM",On the Motion (Motion to Instruct the Sergeant at Arms to Request Absent Senators),Motion to Instruct the Sergeant at Arms to Request Absent Senators,A bill to express the sense of the Senate on shared sacrifice in resolving the budget deficit.,Motion Agreed to (76-23),'1/2',23,23,0,1,51,0,0,0,2,0,0,0,76,23,0,1,
120,112,1,S. 627,"July 29, 2011,  08:00 PM",On the Motion to Table S. 627,Motion to Table the Motion to Concur in the House Amendment to S. 627,A bill to establish the Commission on Freedom of Information Act Processing Delays.,Motion to Table Agreed to (59-41),'1/2',6,41,0,0,51,0,0,0,2,0,0,0,59,41,0,0,
121,112,1,S. 627,"July 30, 2011,  05:39 PM",On the Motion (Motion to Instruct the Sgt. At Arms to Request Absent Senators),Motion to Instruct the Sgt. At Arms to Request Absent Senators,A bill to establish the Commission on Freedom of Information Act Processing Delays.,Motion Agreed to (75-20),'1/2',24,20,0,3,50,0,0,1,1,0,0,1,75,20,0,5,
122,112,1,S. 627,"July 31, 2011,  01:01 PM",On the Cloture Motion S. 627,"Motion to Invoke Cloture on the Motion to Concur in the House Amendment to S. 627, with Amdt. No. 589",A bill to establish the Commission on Freedom of Information Act Processing Delays.,"Cloture Motion Rejected (50-49, 3/5 majority required)",'3/5',1,45,0,1,48,3,0,0,1,1,0,0,50,49,0,1,
123,112,1,S. 365,"August 2, 2011,  12:16 PM",On the Motion (Motion to Concur in the House Amendment to S. 365),Motion to Concur in the House Amendment to S. 365,An act to provide for budget control.,"Motion Agreed to (74-26, 3/5 majority required)",'3/5',28,19,0,0,45,6,0,0,1,1,0,0,74,26,0,0,
124,112,1,PN7,"September 6, 2011,  05:36 PM",On the Nomination PN7,"Confirmation Bernice Bouie Donald, of Tennessee, to be U.S. Circuit Judge for the Sixth Circuit","Bernice Bouie Donald, of Tennessee, to be United States Circuit Judge for the Sixth Circuit",Nomination Confirmed (96-2),'1/2',44,2,0,1,50,0,0,1,2,0,0,0,96,2,0,2,
125,112,1,H.R. 1249,"September 6, 2011,  06:05 PM",On the Cloture Motion H.R. 1249,Motion to Invoke Cloture on the Motion to Proceed to H.R. 1249,"A bill to amend title 35, United States Code, to provide for patent reform.","Cloture Motion Agreed to (93-5, 3/5 majority required)",'3/5',41,5,0,1,50,0,0,1,2,0,0,0,93,5,0,2,
126,112,1,,"September 8, 2011,  04:05 PM",On the Amendment S.Amdt. 600 to H.R. 1249 (Leahy-Smith America Invents Act),Sessions Amdt. No. 600,To strike the provision relating to the calculation of the 60-day period for application of patent term extension.,Amendment Rejected (47-51),'1/2',36,10,0,1,11,39,0,1,0,2,0,0,47,51,0,2,
127,112,1,,"September 8, 2011,  04:37 PM",On the Amendment S.Amdt. 595 to H.R. 1249 (Leahy-Smith America Invents Act),Cantwell Amdt. No. 595,To establish a transitional program for covered business method patents.,Amendment Rejected (13-85),'1/2',7,39,0,1,6,44,0,1,0,2,0,0,13,85,1,1,
128,112,1,,"September 8, 2011,  04:51 PM",On the Motion to Table S.Amdt. 599 to H.R. 1249 (Leahy-Smith America Invents Act),Motion to Table Coburn Amdt. No. 599 as Modified,"To amend the provision relating to funding the Patent and Trademark Office by establishing a United States Patent and Trademark Office Public Enterprise Fund, and for other purposes.",Motion to Table Agreed to (50-48),'1/2',9,37,0,1,39,11,0,1,2,0,0,0,50,48,0,2,
129,112,1,H.R. 1249,"September 8, 2011,  05:30 PM",On Passage of the Bill H.R. 1249,H.R. 1249,"A bill to amend title 35, United States Code, to provide for patent reform.",Bill Passed (89-9),'1/2',40,6,0,1,47,3,0,1,2,0,0,0,89,9,0,2,
130,112,1,S.J.Res. 25,"September 8, 2011,  07:50 PM",On the Motion to Proceed S.J.Res. 25,Motion to Proceed to the Consideration of S.J.Res. 25,"A joint resolution relating to the disapproval of the President's exercise of authority to increase the debt limit, as submitted under section 3101A of title 31, United States Code, on August 2, 2011.",Motion to Proceed Rejected (45-52),'1/2',44,2,0,1,1,48,0,2,0,2,0,0,45,52,0,3,
131,112,1,H.J.Res. 66,"September 12, 2011,  05:31 PM",On the Cloture Motion H.J.Res. 66,Motion to Invoke Cloture on the Motion to Proceed to Consider H. J. Res. 66,A joint resolution approving the renewal of import restrictions contained in the Burmese Freedom and Democracy Act of 2003.,"Cloture Motion Rejected (53-33, 3/5 majority required)",'3/5',6,33,0,8,46,0,0,5,1,0,0,1,53,33,0,14,
132,112,1,H.J.Res. 66,"September 13, 2011,  04:18 PM",On Cloture on the Motion to Proceed H.J.Res. 66,Upon Reconsideration Cloture on the Motion to Proceed to Consider H.J.Res. 66,A joint resolution approving the renewal of import restrictions contained in the Burmese Freedom and Democracy Act of 2003.,"Cloture on the Motion to Proceed Agreed to (61-38, 3/5 majority required)",'3/5',8,38,0,1,51,0,0,0,2,0,0,0,61,38,0,1,
133,112,1,,"September 15, 2011,  04:04 PM",On the Amendment S.Amdt. 610 to S.Amdt. 602 to H.J.Res. 66 (No short title on file),Coburn Amdt. No. 610,"To save at least $7,000,000,000 by consolidating some duplicative and overlapping Government programs.","Amendment Rejected (54-45, 3/5 majority required)",'3/5',47,0,0,0,7,43,0,1,0,2,0,0,54,45,0,1,
134,112,1,,"September 15, 2011,  04:34 PM",On the Amendment S.Amdt. 613 to S.Amdt. 602 to H.J.Res. 66 (No short title on file),Paul Amdt. No. 613,To offset the disaster relief appropriations by rescinding amounts for foreign assistance programs.,"Amendment Rejected (20-78, 3/5 majority required)",'3/5',19,27,0,1,1,49,0,1,0,2,0,0,20,78,0,2,
135,112,1,,"September 15, 2011,  05:01 PM",On the Amendment S.Amdt. 602 to H.J.Res. 66 (No short title on file),Reid Amdt. No. 602,In the nature of a substitute.,"Amendment Agreed to (62-37, 3/5 majority required)",'3/5',10,37,0,0,50,0,0,1,2,0,0,0,62,37,0,1,
136,112,1,,"September 15, 2011,  05:31 PM",On the Amendment S.Amdt. 621 to H.R. 2887 (Surface and Air Transportation Programs Extension Act of 2011),Paul Amdt. No. 621,To limit the amount authorized to be expended from the Highway Trust Fund in any fiscal year to the amount anticipated to be deposited into the Highway Trust Fund in that fiscal year.,"Amendment Rejected (14-84, 3/5 majority required)",'3/5',14,32,0,1,0,50,0,1,0,2,0,0,14,84,0,2,
137,112,1,,"September 15, 2011,  05:51 PM",On the Amendment S.Amdt. 622 to H.R. 2887 (Surface and Air Transportation Programs Extension Act of 2011),Paul Amdt. No. 622,To decrease the authorizations of appropriations for the Federal Aviation Administration to fiscal year 2008 levels.,"Amendment Rejected (36-61, 3/5 majority required)",'3/5',36,10,0,1,0,49,0,2,0,2,0,0,36,61,0,3,
138,112,1,H.R. 2887,"September 15, 2011,  06:08 PM",On Passage of the Bill H.R. 2887,H.R. 2887,"A bill to provide an extension of surface and air transportation programs, and for other purposes.",Bill Passed (92-6),'1/2',40,6,0,1,50,0,0,1,2,0,0,0,92,6,0,2,
139,112,1,H.R. 2832,"September 19, 2011,  05:31 PM",On the Cloture Motion H.R. 2832,Motion to Invoke Cloture on the Motion to Proceed to Consider H.R. 2832,"A bill to extend the Generalized System of Preferences, and for other purposes.","Cloture Motion Agreed to (84-8, 3/5 majority required)",'3/5',34,8,0,5,48,0,0,3,2,0,0,0,84,8,0,8,
140,112,1,PN260,"September 20, 2011,  05:20 PM",On the Nomination PN260,"Confirmation Timothy M. Cain, of South Carolina, to be U.S. District Judge for the District of South Carolina","Timothy M. Cain, of South Carolina, to be United States District Judge for the District of South Carolina",Nomination Confirmed (99-0),'1/2',47,0,0,0,50,0,0,1,2,0,0,0,99,0,0,1,
141,112,1,,"September 20, 2011,  05:49 PM",On the Amendment S.Amdt. 626 to S.Amdt. 633 to H.R. 2832 (No short title on file),McConnell Amdt. No. 626 as Modified,To provide trade promotion authority for the Trans-Pacific Partnership Agreement and for other trade agreements.,"Amendment Rejected (45-55, 3/5 majority required)",'3/5',43,4,0,0,1,50,0,0,1,1,0,0,45,55,0,0,
142,112,1,,"September 21, 2011,  12:33 PM",On the Amendment S.Amdt. 641 to S.Amdt. 633 to H.R. 2832 (No short title on file),Hatch Amdt. No. 641,"To make the effective date of the amendments expanding the trade adjustment assistance program contingent on the enactment of the United States-Korea Free Trade Agreement Implementation Act, the United States-Columbia Trade Promotion Agreement Implementation Act, and the United States-Panama Trade Promotion Agreement Implementation Act.","Amendment Rejected (44-54, 3/5 majority required)",'3/5',44,2,0,1,0,50,0,1,0,2,0,0,44,54,0,2,
143,112,1,,"September 21, 2011,  01:06 PM",On the Amendment S.Amdt. 625 to S.Amdt. 633 to H.R. 2832 (No short title on file),McCain Amdt. No. 625,To extend the trade adjustment assistance as in effect before the enactment of the Trade and Globalization Adjustment Assistance of 2009.,"Amendment Rejected (46-53, 3/5 majority required)",'3/5',46,1,0,0,0,50,0,1,0,2,0,0,46,53,0,1,
144,112,1,,"September 21, 2011,  05:05 PM",On the Amendment S.Amdt. 642 to S.Amdt. 633 to H.R. 2832 (No short title on file),Hatch Amdt. No. 642,To modify the eligibility requirements for trade adjustment assistance.,"Amendment Rejected (40-57, 3/5 majority required)",'3/5',40,5,0,2,0,50,0,1,0,2,0,0,40,57,0,3,
145,112,1,,"September 21, 2011,  05:31 PM",On the Amendment S.Amdt. 645 to S.Amdt. 633 to H.R. 2832 (No short title on file),Kyl Amdt. No. 645,To repeal trade adjustment assistance for firms.,"Amendment Rejected (43-54, 3/5 majority required)",'3/5',41,4,0,2,1,49,0,1,1,1,0,0,43,54,0,3,
146,112,1,,"September 22, 2011,  04:34 PM",On the Amendment S.Amdt. 651 to S.Amdt. 633 to H.R. 2832 (Trade Adjustment Assistance Extension Act of 2011),Rubio Amdt. No. 651,"To limit eligibility for trade adjustment assistance to workers who are laid off because of an increase in imports from, or a shift in production to, a country with which the United States has a free trade agreement in effect.","Amendment Rejected (34-62, 3/5 majority required)",'3/5',34,9,0,4,0,51,0,0,0,2,0,0,34,62,0,4,
147,112,1,,"September 22, 2011,  05:02 PM",On the Amendment S.Amdt. 650 to H.R. 2832 (Trade Adjustment Assistance Extension Act of 2011),Thune Amdt. No. 650,To require a report on the consequences of failing to act on trade agreements.,"Amendment Rejected (44-52, 3/5 majority required)",'3/5',43,0,0,4,0,51,0,0,1,1,0,0,44,52,0,4,
148,112,1,,"September 22, 2011,  05:33 PM",On the Amendment S.Amdt. 634 to H.R. 2832 (Trade Adjustment Assistance Extension Act of 2011),Cornyn Amdt. No. 634,To provide Taiwan with critically needed United States-built multirole fighter aircraft to strengthen its self-defense capability against the increasing military threat from China.,"Amendment Rejected (48-48, 3/5 majority required)",'3/5',43,0,0,4,4,47,0,0,1,1,0,0,48,48,0,4,
149,112,1,,"September 22, 2011,  05:53 PM",On the Amendment S.Amdt. 633 to H.R. 2832 (Trade Adjustment Assistance Extension Act of 2011),Casey Amdt. No. 633,To extend and modify trade adjustment assistance.,"Amendment Agreed to (69-28, 3/5 majority required)",'3/5',16,28,0,3,51,0,0,0,2,0,0,0,69,28,0,3,
150,112,1,H.R. 2832,"September 22, 2011,  06:26 PM",On Passage of the Bill H.R. 2832,H.R. 2832 as Amended,"A bill to extend the Generalized System of Preferences, and for other purposes.","Bill Passed (70-27, 3/5 majority required)",'3/5',17,27,0,3,51,0,0,0,2,0,0,0,70,27,0,3,
151,112,1,,"September 23, 2011,  11:16 AM","On the Motion to Table S.Amdt. 655 to H.R. 2608 (Continuing Appropriations Act, 2012)",Motion to Table the Motion to Concur in the House Amendment to the Senate Amendment to H.R. 2608 with an Amendment No. 655,To provide continuing appropriations in fiscal year 2011 and additional appropriations for disaster relief in fiscal years 2011 and 2012.,Motion to Table Agreed to (59-36),'1/2',7,35,0,5,50,1,0,0,2,0,0,0,59,36,0,5,
152,112,1,H.R. 2608,"September 26, 2011,  06:17 PM",On the Cloture Motion H.R. 2608,Motion to Invoke Cloture on the Motion to Concur in the House Amdt. to the Senate Amdt. with an Amdt. No. 656,"Making continuing appropriations for fiscal year 2012, and for other purposes.","Cloture Motion Rejected (54-35, 3/5 majority required)",'3/5',3,35,0,9,49,0,0,2,2,0,0,0,54,35,0,11,
153,112,1,H.R. 2608,"September 26, 2011,  06:55 PM",On the Motion (Motion to Concur in the House Amdt. to the Senate Amdt. with an Amdt. No. 665),Motion to Concur in the House Amdt. to the Senate Amdt. with an Amdt. No. 665,"Making continuing appropriations for fiscal year 2012, and for other purposes.","Motion Agreed to (79-12, 3/5 majority required)",'3/5',26,12,0,9,51,0,0,0,2,0,0,0,79,12,0,9,
154,112,1,PN90,"October 3, 2011,  05:33 PM",On the Nomination PN90,"Confirmation Henry F. Floyd, of South Carolina, to be United States Circuit Judge for the Fourth Circuit","Henry F. Floyd, of South Carolina, to be United States Circuit Judge for the Fourth Circuit",Nomination Confirmed (96-0),'1/2',46,0,0,1,49,0,0,2,1,0,0,1,96,0,0,4,
155,112,1,S. 1619,"October 3, 2011,  05:59 PM",On the Cloture Motion S. 1619,Motion to Invoke Cloture on the Motion to Proceed to Consider S. 1619.,"A bill to provide for identification of misaligned currency, require action to correct the misalignment, and for other purposes.","Cloture Motion Agreed to (79-19, 3/5 majority required)",'3/5',31,16,0,0,47,3,0,1,1,0,0,1,79,19,0,2,
156,112,1,S. 1619,"October 6, 2011,  10:32 AM",On the Cloture Motion S. 1619,Motion to Invoke Cloture on S. 1619,"A bill to provide for identification of misaligned currency, require action to correct the misalignment, and for other purposes.","Cloture Motion Agreed to (62-38, 3/5 majority required)",'3/5',12,35,0,0,48,3,0,0,2,0,0,0,62,38,0,0,
157,112,1,S. 1619,"October 6, 2011,  06:41 PM",On the Decision of the Chair S. 1619,Shall the Decision of the Chair Stand as the Judgment of the Senate,"A bill to provide for identification of misaligned currency, require action to correct the misalignment, and for other purposes.",Decision of Chair Not Sustained (48-51),'1/2',47,0,0,0,1,49,0,1,0,2,0,0,48,51,0,1,
158,112,1,PN350,"October 11, 2011,  05:36 PM",On the Nomination PN350,"Confirmation Jane Margaret Triche-Milazzo, of Louisiana, to be U.S. District Judge.","Jane Margaret Triche-Milazzo, of Louisiana, to be United States District Judge for the Eastern District of Louisiana",Nomination Confirmed (98-0),'1/2',46,0,0,1,50,0,0,1,2,0,0,0,98,0,0,2,
159,112,1,S. 1619,"October 11, 2011,  06:05 PM",On Passage of the Bill S. 1619,S.1619,"A bill to provide for identification of misaligned currency, require action to correct the misalignment, and for other purposes.",Bill Passed (63-35),'1/2',16,30,0,1,46,4,0,1,1,1,0,0,63,35,0,2,
160,112,1,S. 1660,"October 11, 2011,  06:34 PM",On the Cloture Motion S. 1660,Motion to Invoke Cloture on the Motion to Proceed to S. 1660,"A bill to provide tax relief for American workers and businesses, to put workers back on the job while rebuilding and modernizing America, and to provide pathways back to work for Americans looking for jobs.","Cloture Motion Rejected (50-49, 3/5 majority required)",'3/5',0,46,0,1,48,3,0,0,2,0,0,0,50,49,0,1,
161,112,1,H.R. 3080,"October 12, 2011,  07:17 PM",On Passage of the Bill H.R. 3080,H.R. 3080,A bill to implement the United States-Korea Free Trade Agreement.,Bill Passed (83-15),'1/2',45,1,0,1,37,14,0,0,1,0,0,1,83,15,0,2,
162,112,1,H.R. 3079,"October 12, 2011,  07:46 PM",On Passage of the Bill H.R. 3079,H.R. 3079,A bill to implement the United States-Panama Trade Promotion Agreement.,Bill Passed (77-22),'1/2',46,0,0,1,30,21,0,0,1,1,0,0,77,22,0,1,
163,112,1,H.R. 3078,"October 12, 2011,  08:05 PM",On Passage of the Bill H.R. 3078,H.R. 3078,A bill to implement the United States-Colombia Trade Promotion Agreement.,Bill Passed (66-33),'1/2',44,2,0,1,21,30,0,0,1,1,0,0,66,33,0,1,
164,112,1,PN375,"October 13, 2011,  02:00 PM",On the Nomination PN375,"Alison J. Nathan, of New York, to be United States District Judge","Alison J. Nathan, of New York, to be United States District Judge for the Southern District of New York",Nomination Confirmed (48-44),'1/2',0,44,0,3,47,0,0,4,1,0,0,1,48,44,0,8,
165,112,1,PN399,"October 13, 2011,  02:25 PM",On the Nomination PN399,"Susan Owens Hickey, of Arkansas, to be United States District Judge","Susan Owens Hickey, of Arkansas, to be United States District Judge for the Western District of Arkansas",Nomination Confirmed (83-8),'1/2',36,8,0,3,46,0,0,5,1,0,0,1,83,8,0,9,
166,112,1,PN11,"October 17, 2011,  05:31 PM",On the Nomination PN11,"Confirmation Cathy Bissoon, of Pennsylvania, to be United States District Judge","Cathy Bissoon, of Pennsylvania, to be United States District Judge for the Western District of Pennsylvania",Nomination Confirmed (82-3),'1/2',35,3,0,9,45,0,0,6,2,0,0,0,82,3,0,15,
167,112,1,,"October 18, 2011,  04:37 PM","On the Amendment S.Amdt. 775 to S.Amdt. 738 to H.R. 2112 (Agriculture, Rural Development, Food and Drug Administration, and Related Agencies Appropriations Act, 2012)","Cornyn Amendment No. 775, As Modified","To prohibit funding for Operation Fast and Furious or similar ""gun walking"" programs.",Amendment Agreed to (99-0),'1/2',47,0,0,0,50,0,0,1,2,0,0,0,99,0,0,1,
168,112,1,,"October 18, 2011,  05:03 PM","On the Amendment S.Amdt. 740 to S.Amdt. 738 to H.R. 2112 (Agriculture, Rural Development, Food and Drug Administration, and Related Agencies Appropriations Act, 2012)",McCain Amendment No. 740,To eliminate funding for the trade adjustment assistance for firms program.,Amendment Rejected (44-55),'1/2',43,4,0,0,1,49,0,1,0,2,0,0,44,55,0,1,
169,112,1,PN30,"October 19, 2011,  12:10 PM",On the Nomination PN30,"Confirmation Robert David Mariani, of Pennsylvania, to be United States District Judge","Robert David Mariani, of Pennsylvania, to be United States District Judge for the Middle District of Pennsylvania",Nomination Confirmed (82-17),'1/2',30,17,0,0,50,0,0,1,2,0,0,0,82,17,0,1,
170,112,1,,"October 19, 2011,  12:37 PM","On the Motion to Table S.Amdt. 739 to S.Amdt. 738 to H.R. 2112 (Agriculture, Rural Development, Food and Drug Administration, and Related Agencies Appropriations Act, 2012)",Motion to Table McCain Amdt. No. 739,"To ensure that the critical surface transportation needs of the United States are made a priority by prohibiting funds from being used on lower-priority projects, such as transportation museums and landscaping.",Motion to Table Agreed to (59-39),'1/2',10,36,0,1,47,3,0,1,2,0,0,0,59,39,0,2,
171,112,1,PN154,"October 20, 2011,  12:04 PM",On the Nomination PN154,"Confirmation Heather A. Higginbottom, of D.C., to be Deputy Director of the Office of Management and Budget","Heather A. Higginbottom, of the District of Columbia, to be Deputy Director of the Office of Management and Budget",Nomination Confirmed (64-36),'1/2',11,36,0,0,51,0,0,0,2,0,0,0,64,36,0,0,
172,112,1,,"October 20, 2011,  12:31 PM","On the Amendment S.Amdt. 769 to S.Amdt. 738 to H.R. 2112 (Agriculture, Rural Development, Food and Drug Administration, and Related Agencies Appropriations Act, 2012)",Vitter Amdt. No. 769 As Modified,To prohibit the Food and Drug Administration from preventing an individual not in the business of importing a prescription drug from importing an FDA-approved prescription drug from Canada.,"Amendment Rejected (45-55, 3/5 majority required)",'3/5',16,31,0,0,28,23,0,0,1,1,0,0,45,55,0,0,
173,112,1,,"October 20, 2011,  12:53 PM","On the Amendment S.Amdt. 750 to S.Amdt. 738 to H.R. 2112 (Agriculture, Rural Development, Food and Drug Administration, and Related Agencies Appropriations Act, 2012)",Webb Amdt. No. 750 As Modified,To establish the National Criminal Justice Commission.,"Amendment Rejected (57-43, 3/5 majority required)",'3/5',4,43,0,0,51,0,0,0,2,0,0,0,57,43,0,0,
174,112,1,,"October 20, 2011,  02:02 PM","On the Amendment S.Amdt. 879 to S.Amdt. 738 to H.R. 2112 (Agriculture, Rural Development, Food and Drug Administration, and Related Agencies Appropriations Act, 2012)",Merkley Amdt. No. 879 As Modified,"To prohibit amounts appropriated under this Act to carry out parts A and B of subtitle V of title 49, United States Code, from being expended unless all the steel, iron, and manufactured products used in the project are produced in the United States.","Amendment Rejected (55-44, 3/5 majority required)",'3/5',5,42,0,0,49,1,0,1,1,1,0,0,55,44,0,1,
175,112,1,,"October 20, 2011,  02:34 PM","On the Amendment S.Amdt. 860 to S.Amdt. 738 to H.R. 2112 (Agriculture, Rural Development, Food and Drug Administration, and Related Agencies Appropriations Act, 2012)",Grassley Amdt. No. 860,To ensure accountability in Federal grant programs administered by the Department of Justice.,"Amendment Rejected (46-54, 3/5 majority required)",'3/5',45,2,0,0,1,50,0,0,0,2,0,0,46,54,0,0,
176,112,1,PN677,"October 20, 2011,  07:23 PM",On the Nomination PN677,"Confirmation John Edgar Bryson, of California, to be Secretary of Commerce","John Edgar Bryson, of California, to be Secretary of Commerce","Nomination Confirmed (74-26, 3/5 majority required)",'3/5',21,26,0,0,51,0,0,0,2,0,0,0,74,26,0,0,
177,112,1,S. 1723,"October 20, 2011,  09:55 PM",On Cloture on the Motion to Proceed S. 1723,Motion to Invoke Cloture on the Motion to Proceed to S. 1723,A bill to provide for teacher and first responder stabilization.,"Cloture on the Motion to Proceed Rejected (50-50, 3/5 majority required)",'3/5',0,47,0,0,49,2,0,0,1,1,0,0,50,50,0,0,
178,112,1,S. 1726,"October 20, 2011,  10:24 PM",On Cloture on the Motion to Proceed S. 1726,Motion to Invoke Cloture on the Motion to Proceed to S. 1726,A bill to repeal the imposition of withholding on certain payments made to vendors by government entities.,"Cloture on the Motion to Proceed Rejected (57-43, 3/5 majority required)",'3/5',47,0,0,0,10,41,0,0,0,2,0,0,57,43,0,0,
179,112,1,,"October 20, 2011,  10:48 PM",On the Amendment S.Amdt. 917 to S.Amdt. 857 to S.Amdt. 738 to H.R. 2112,Vitter Amdt. No. 917,To reestablish the maximum aggregate amount permitted to be provided by the taxpayers to Fannie Mae and Freddie Mac.,"Amendment Rejected (41-57, 3/5 majority required)",'3/5',41,5,0,1,0,50,0,1,0,2,0,0,41,57,1,1,
180,112,1,,"October 20, 2011,  11:06 PM","On the Amendment S.Amdt. 857 to S.Amdt. 738 to H.R. 2112 (Agriculture, Rural Development, Food and Drug Administration, and Related Agencies Appropriations Act, 2012)",Menendez Amdt. No. 857,"To extend loan limits for programs of the government-sponsored enterprises, the Federal Housing Administration, and the Veterans Affairs Administration, and for other purposes.","Amendment Agreed to (60-38, 3/5 majority required)",'3/5',8,38,0,1,50,0,0,1,2,0,0,0,60,38,1,1,
181,112,1,,"October 20, 2011,  11:35 PM","On the Amendment S.Amdt. 869 to S.Amdt. 738 to H.R. 2112 (Agriculture, Rural Development, Food and Drug Administration, and Related Agencies Appropriations Act, 2012)",Gillibrand Amdt. No. 869,To increase funding for the emergency conservation program and the emergency watershed protection program.,Amendment Agreed to (58-41),'1/2',7,40,0,0,49,1,0,1,2,0,0,0,58,41,0,1,
182,112,1,,"October 20, 2011,  11:59 PM","On the Amendment S.Amdt. 810 to S.Amdt. 738 to H.R. 2112 (Agriculture, Rural Development, Food and Drug Administration, and Related Agencies Appropriations Act, 2012)",Sessions Amdt. No. 810,To prohibit the use of funds to allow categorical eligibility for the supplemental nutrition assistance program.,"Amendment Rejected (41-58, 3/5 majority required)",'3/5',40,7,0,0,1,49,0,1,0,2,0,0,41,58,0,1,
183,112,1,,"October 21, 2011,  12:14 AM","On the Amendment S.Amdt. 791 to S.Amdt. 738 to H.R. 2112 (Agriculture, Rural Development, Food and Drug Administration, and Related Agencies Appropriations Act, 2012)",Coburn Amdt. No. 791,"To prohibit the use of funds to provide direct payments to persons or legal entities with an average adjusted gross income in excess of $1,000,000.",Amendment Agreed to (84-15),'1/2',36,11,0,0,46,4,0,1,2,0,0,0,84,15,0,1,
184,112,1,,"October 21, 2011,  12:30 AM","On the Amendment S.Amdt. 792 to S.Amdt. 738 to H.R. 2112 (Agriculture, Rural Development, Food and Drug Administration, and Related Agencies Appropriations Act, 2012)","Coburn Amdt. No. 792, As Modified",To end payments to landlords who are endangering the lives of children and needy families.,"Amendment Rejected (59-40, 3/5 majority required)",'3/5',46,1,0,0,12,38,0,1,1,1,0,0,59,40,0,1,
185,112,1,,"October 21, 2011,  12:46 AM","On the Amendment S.Amdt. 796 to S.Amdt. 738 to H.R. 2112 (Agriculture, Rural Development, Food and Drug Administration, and Related Agencies Appropriations Act, 2012)",Coburn Amdt. No. 796,To end lending schemes that force taxpayers to repay the loans of delinquent developers and bailout failed or poorly planned local projects.,"Amendment Agreed to (73-26, 3/5 majority required)",'3/5',47,0,0,0,25,25,0,1,1,1,0,0,73,26,0,1,
186,112,1,,"October 21, 2011,  01:04 AM","On the Amendment S.Amdt. 753 to S.Amdt. 738 to H.R. 2112 (Agriculture, Rural Development, Food and Drug Administration, and Related Agencies Appropriations Act, 2012)",Ayotte Amdt. No. 753,To prohibit the use of funds for the prosecution of enemy combatants in Article III courts of the United States.,"Amendment Rejected (47-52, 3/5 majority required)",'3/5',45,2,0,0,1,49,0,1,1,1,0,0,47,52,0,1,
187,112,1,,"October 21, 2011,  01:16 AM","On the Cloture Motion S.Amdt. 738 to H.R. 2112 (Agriculture, Rural Development, Food and Drug Administration, and Related Agencies Appropriations Act, 2012)",Motion to Invoke Cloture on the Inouye Amdt. No. 738,In the nature of a substitute.,"Cloture Motion Agreed to (82-16, 3/5 majority required)",'3/5',30,16,0,1,50,0,0,1,2,0,0,0,82,16,0,2,
188,112,1,PN511,"October 31, 2011,  05:34 PM",On the Nomination PN511,"Confirmation Stephen A. Higginson, of Louisiana, to be U.S. Circuit Judge","Stephen A. Higginson, of Louisiana, to be United States Circuit Judge for the Fifth Circuit",Nomination Confirmed (88-0),'1/2',37,0,0,10,49,0,0,2,2,0,0,0,88,0,0,12,
189,112,1,,"November 1, 2011,  10:16 AM","On the Amendment S.Amdt. 800 to S.Amdt. 738 to H.R. 2112 (Agriculture, Rural Development, Food and Drug Administration, and Related Agencies Appropriations Act, 2012)",Coburn Amdt. No. 800,To reduce funding for the Rural Development Agency.,Amendment Rejected (13-85),'1/2',13,32,0,2,0,51,0,0,0,2,0,0,13,85,0,2,
190,112,1,,"November 1, 2011,  10:46 AM","On the Amendment S.Amdt. 821 to H.R. 2112 (Agriculture, Rural Development, Food and Drug Administration, and Related Agencies Appropriations Act, 2012)",Paul Amdt. No. 821,To reallocate 10 percent of the amounts appropriated for capital investments in surface transportation infrastructure from transportation enhancement activities to the highway bridge program.,"Amendment Rejected (38-60, 3/5 majority required)",'3/5',38,7,0,2,0,51,0,0,0,2,0,0,38,60,0,2,
191,112,1,,"November 1, 2011,  11:05 AM","On the Amendment S.Amdt. 763 to S.Amdt. 738 to H.R. 2112 (Agriculture, Rural Development, Food and Drug Administration, and Related Agencies Appropriations Act, 2012)",DeMint Amdt. No. 763,To prohibit the use of funds to implement regulations regarding the removal of essential-use designation for epinephrine used in oral pressurized metered-dose inhalers.,Amendment Rejected (44-54),'1/2',43,2,0,2,1,50,0,0,0,2,0,0,44,54,0,2,
192,112,1,,"November 1, 2011,  11:28 AM","On the Amendment S.Amdt. 801 to S.Amdt. 738 to H.R. 2112 (Agriculture, Rural Development, Food and Drug Administration, and Related Agencies Appropriations Act, 2012)",Coburn Amdt No.801,To eliminate funding for the Small Community Air Service Development Program.,Amendment Rejected (41-57),'1/2',34,11,0,2,6,45,0,0,1,1,0,0,41,57,0,2,
193,112,1,H.R. 2112,"November 1, 2011,  11:45 AM",On the Motion to Recommit H.R. 2112,Lee Motion to Recommit H.R. 2112 to the Committee on Appropriations,"An act making consolidated appropriations for the Departments of Agriculture, Commerce, Justice, Transportation, and Housing and Urban Development, and related programs for the fiscal year ending September 30, 2012, and for other purposes.",Motion to Recommit Rejected (39-60),'1/2',39,7,0,1,0,51,0,0,0,2,0,0,39,60,0,1,
194,112,1,H.R. 2112,"November 1, 2011,  12:01 PM",On Passage of the Bill H.R. 2112,H.R. 2112 as Amended,"An act making consolidated appropriations for the Departments of Agriculture, Commerce, Justice, Transportation, and Housing and Urban Development, and related programs for the fiscal year ending September 30, 2012, and for other purposes.",Bill Passed (69-30),'1/2',16,30,0,1,51,0,0,0,2,0,0,0,69,30,0,1,
195,112,1,S. 1769,"November 3, 2011,  02:59 PM",On the Motion to Proceed S. 1769,Motion to Proceed to Consider S. 1769,A bill to put workers back on the job while rebuilding and modernizing America.,"Motion to Proceed Rejected (51-49, 3/5 majority required)",'3/5',0,47,0,0,50,1,0,0,1,1,0,0,51,49,0,0,
196,112,1,S. 1786,"November 3, 2011,  03:27 PM",On the Motion to Proceed S. 1786,Motion to Proceed to Consider S. 1786,"A bill to facilitate job creation by reducing regulatory uncertainty, providing for rational evaluation of regulations, providing flexibilities to States and localities, providing for infrastructure spending, and for other purposes.","Motion to Proceed Rejected (47-53, 3/5 majority required)",'3/5',46,1,0,0,1,50,0,0,0,2,0,0,47,53,0,0,
197,112,1,PN261,"November 3, 2011,  03:43 PM",On the Nomination PN261,"Scott Wesley Skavdahl, of Wyoming, to be U.S. District Judge","Scott Wesley Skavdahl, of Wyoming, to be United States District Judge for the District of Wyoming",Nomination Confirmed (96-0),'1/2',45,0,0,2,49,0,0,2,2,0,0,0,96,0,0,4,
198,112,1,H.R. 674,"November 7, 2011,  05:33 PM",On Cloture on the Motion to Proceed H.R. 674,Motion to Invoke Cloture on the Motion to Proceed to H.R. 674,"To amend the Internal Revenue Code of 1986 to repeal the imposition of 3 percent withholding on certain payments made to vendors by government entities, to modify the calculation of modified adjusted gross income for purposes of determining eligibility for certain healthcare-related programs, and for other purposes.","Cloture on the Motion to Proceed Agreed to (94-1, 3/5 majority required)",'3/5',43,0,0,4,49,1,0,1,2,0,0,0,94,1,0,5,
199,112,1,PN856,"November 8, 2011,  12:16 PM",On the Nomination PN856,"Evan Jonathan Wallach, of New York, to be United States Circuit Judge","Evan Jonathan Wallach, of New York, to be United States Circuit Judge for the Federal Circuit",Nomination Confirmed (99-0),'1/2',46,0,0,1,51,0,0,0,2,0,0,0,99,0,0,1,
200,112,1,S.J.Res. 6,"November 10, 2011,  12:08 PM",On the Motion to Proceed S.J.Res. 6,Motion to Proceed to S. J. Res. 6,A joint resolution disapproving the rule submitted by the Federal Communications Commission with respect to regulating the Internet and broadband industry practices.,Motion to Proceed Rejected (46-52),'1/2',46,0,0,1,0,50,0,1,0,2,0,0,46,52,0,2,
201,112,1,S.J.Res. 27,"November 10, 2011,  12:37 PM",On the Motion to Proceed S.J.Res. 27,Motion to Proceed to S.J.Res. 27,A joint resolution disapproving a rule submitted by the Environmental Protection Agency relating to the mitigation by States of cross-border air pollution under the Clean Air Act.,Motion to Proceed Rejected (41-56),'1/2',39,6,0,2,2,48,0,1,0,2,0,0,41,56,0,3,
202,112,1,,"November 10, 2011,  01:49 PM",On the Amendment S.Amdt. 928 to S.Amdt. 927 to H.R. 674 (No short title on file),McCain Amdt. No. 928,To provide American jobs through economic growth.,"Amendment Rejected (40-56, 3/5 majority required)",'3/5',40,4,0,3,0,50,0,1,0,2,0,0,40,56,1,3,
203,112,1,,"November 10, 2011,  02:14 PM",On the Amendment S.Amdt. 927 to H.R. 674 (No short title on file),"Tester Amdt. No. 927, As Modified","To amend the Internal Revenue Code of 1986 to permit a 100 percent levy for payments to Federal vendors relating to property, to require a study on how to reduce the amount of Federal taxes owed but not paid by Federal contractors, and to make certain improvements in the laws relating to the employment and training of veterans.","Amendment Agreed to (94-1, 3/5 majority required)",'3/5',42,1,0,4,50,0,0,1,2,0,0,0,94,1,1,4,
204,112,1,H.R. 674,"November 10, 2011,  02:33 PM",On Passage of the Bill H.R. 674,H.R. 674 As Amended,"To amend the Internal Revenue Code of 1986 to repeal the imposition of 3 percent withholding on certain payments made to vendors by government entities, to modify the calculation of modified adjusted gross income for purposes of determining eligibility for certain healthcare-related programs, and for other purposes.",Bill Passed (95-0),'1/2',44,0,0,3,49,0,0,2,2,0,0,0,95,0,1,4,
205,112,1,H.R. 2354,"November 10, 2011,  02:52 PM",On the Cloture Motion H.R. 2354,Motion to Invoke Cloture on the Motion to Proceed to Consider H.R. 2354,"A bill making appropriations for energy and water development and related agencies for the fiscal year ending September 30, 2012, and for other purposes.","Cloture Motion Agreed to (81-14, 3/5 majority required)",'3/5',30,14,0,3,49,0,0,2,2,0,0,0,81,14,0,5,
206,112,1,PN398,"November 15, 2011,  12:02 PM",On the Nomination PN398,"Confirmation Sharon L. Gleason, of Alaska, to be U.S. District Judge","Sharon L. Gleason, of Alaska, to be United States District Judge for the District of Alaska",Nomination Confirmed (87-8),'1/2',36,8,0,3,49,0,0,2,2,0,0,0,87,8,0,5,
207,112,1,PN469,"November 15, 2011,  12:28 PM",On the Nomination PN469,"Confirmation Yvonne Gonzalez Rogers, of California, to be U.S. District Judge","Yvonne Gonzalez Rogers, of California, to be United States District Judge for the Northern District of California",Nomination Confirmed (89-6),'1/2',38,6,0,3,49,0,0,2,2,0,0,0,89,6,0,5,
208,112,1,H.R. 2112,"November 17, 2011,  06:41 PM",On the Conference Report H.R. 2112,Conference Report to Accompany H.R. 2112,"An act making consolidated appropriations for the Departments of Agriculture, Commerce, Justice, Transportation, and Housing and Urban Development, and related programs for the fiscal year ending September 30, 2012, and for other purposes.","Conference Report Agreed to (70-30, 3/5 majority required)",'3/5',17,30,0,0,51,0,0,0,2,0,0,0,70,30,0,0,
209,112,1,PN465,"November 28, 2011,  05:33 PM",On the Nomination PN465,"Confirmation Christopher Droney, of Connecticut, to be United States Circuit Judge for the Second Circuit","Christopher Droney, of Connecticut, to be United States Circuit Judge for the Second Circuit",Nomination Confirmed (88-0),'1/2',39,0,0,8,47,0,0,4,2,0,0,0,88,0,0,12,
210,112,1,,"November 29, 2011,  02:35 PM",On the Amendment S.Amdt. 1107 to S. 1867 (National Defense Authorization Act for Fiscal Year 2012),Udall (CO) Amdt. No. 1107,To revise the provisions relating to detainee matters.,Amendment Rejected (38-60),'1/2',2,44,0,1,35,15,0,1,1,1,0,0,38,60,0,2,
211,112,1,,"November 29, 2011,  06:10 PM",On the Amendment S.Amdt. 1064 to S. 1867 (National Defense Authorization Act for Fiscal Year 2012),Paul Amdt. No. 1064,To repeal the Authorization for the Use of Military Force Against Iraq Resolution of 2002.,"Amendment Rejected (30-67, 3/5 majority required)",'3/5',4,42,0,1,25,24,0,2,1,1,0,0,30,67,0,3,
212,112,1,S. 1867,"November 30, 2011,  11:15 AM",On the Cloture Motion S. 1867,Motion to Invoke Cloture on S. 1867,"An original bill to authorize appropriations for fiscal year 2012 for military activities of the Department of Defense, for military construction, and for defense activities of the Department of Energy, to prescribe military personnel strengths for such fiscal year, and for other purposes.","Cloture Motion Agreed to (88-12, 3/5 majority required)",'3/5',37,10,0,0,49,2,0,0,2,0,0,0,88,12,0,0,
213,112,1,,"December 1, 2011,  02:02 PM",On the Amendment S.Amdt. 1125 to S. 1867 (National Defense Authorization Act for Fiscal Year 2012),Feinstein Amdt. No. 1125,To clarify the applicability of requirements for military custody with respect to detainees.,Amendment Rejected (45-55),'1/2',3,44,0,0,41,10,0,0,1,1,0,0,45,55,0,0,
214,112,1,,"December 1, 2011,  06:08 PM",On the Amendment S.Amdt. 1126 to S. 1867 (National Defense Authorization Act for Fiscal Year 2012),Feinstein Amdt. No. 1126,To limit the authority of the Armed Forces to detain citizens of the United States under section 1031.,Amendment Rejected (45-55),'1/2',5,42,0,0,39,12,0,0,1,1,0,0,45,55,0,0,
215,112,1,,"December 1, 2011,  06:36 PM",On the Amendment S.Amdt. 1456 to S. 1867 (National Defense Authorization Act for Fiscal Year 2012),Feinstein Amdt. No. 1456,Of a perfecting nature.,Amendment Agreed to (99-1),'1/2',46,1,0,0,51,0,0,0,2,0,0,0,99,1,0,0,
216,112,1,,"December 1, 2011,  06:54 PM",On the Amendment S.Amdt. 1414 to S. 1867 (National Defense Authorization Act for Fiscal Year 2012),Menendez Amdt. No. 1414,"To require the imposition of sanctions with respect to the financial sector of Iran, including the Central Bank of Iran.",Amendment Agreed to (100-0),'1/2',47,0,0,0,51,0,0,0,2,0,0,0,100,0,0,0,
217,112,1,,"December 1, 2011,  07:24 PM",On the Amendment S.Amdt. 1274 to S. 1867 (National Defense Authorization Act for Fiscal Year 2012),Sessions Amdt. No. 1274,To clarify the disposition under the law of war of persons detained by the Armed Forces of the United States pursuant to the Authorization for Use of Military Force.,Amendment Rejected (41-59),'1/2',38,9,0,0,2,49,0,0,1,1,0,0,41,59,0,0,
218,112,1,S. 1867,"December 1, 2011,  08:02 PM",On Passage of the Bill S. 1867,S. 1867 As Amended,"An original bill to authorize appropriations for fiscal year 2012 for military activities of the Department of Defense, for military construction, and for defense activities of the Department of Energy, to prescribe military personnel strengths for such fiscal year, and for other purposes.",Bill Passed (93-7),'1/2',44,3,0,0,48,3,0,0,1,1,0,0,93,7,0,0,
219,112,1,S. 1917,"December 1, 2011,  08:27 PM",On the Motion to Proceed S. 1917,Motion to Proceed to Consider S. 1917,"A bill to create jobs by providing payroll tax relief for middle class families and businesses, and for other purposes.","Motion to Proceed Rejected (51-49, 3/5 majority required)",'3/5',1,46,0,0,49,2,0,0,1,1,0,0,51,49,0,0,
220,112,1,S. 1931,"December 1, 2011,  08:46 PM",On the Motion to Proceed S. 1931,Motion to Proceed to Consider S. 1931,"A bill to provide civilian payroll tax relief, to reduce the Federal budget deficit, and for other purposes.","Motion to Proceed Rejected (20-78, 3/5 majority required)",'3/5',20,26,0,1,0,50,0,1,0,2,0,0,20,78,0,2,
221,112,1,PN470,"December 5, 2011,  05:31 PM",On the Nomination PN470,"Confirmation Edgardo Ramos, of Connecticut, to be U.S. District Judge for the Southern District of New York","Edgardo Ramos, of Connecticut, to be United States District Judge for the Southern District of New York",Nomination Confirmed (89-0),'1/2',40,0,0,7,47,0,0,4,2,0,0,0,89,0,0,11,
222,112,1,PN5,"December 6, 2011,  12:03 PM",On the Cloture Motion PN5,"Cloture on the Nomination of Caitlin Joan Halligan, of New York, to be U.S. Circuit Judge","Caitlin Joan Halligan, of New York, to be United States Circuit Judge for the District of Columbia Circuit","Cloture Motion Rejected (54-45, 3/5 majority required)",'3/5',1,45,0,1,51,0,0,0,2,0,0,0,54,45,1,0,
223,112,1,PN784,"December 8, 2011,  10:30 AM",On the Cloture Motion PN784,"Cloture on the Nomination of Richard Cordray, of Ohio, to be Director, Bureau of Consumer Financial Protection","Richard Cordray, of Ohio, to be Director, Bureau of Consumer Financial Protection for a term of five years","Cloture Motion Rejected (53-45, 3/5 majority required)",'3/5',1,45,0,1,50,0,0,1,2,0,0,0,53,45,1,1,
224,112,1,S. 1944,"December 8, 2011,  02:31 PM",On the Motion to Proceed S. 1944,Motion to Proceed to S. 1944,"A bill to create jobs by providing payroll tax relief for middle class families and businesses, and for other purposes.","Motion to Proceed Rejected (50-48, 3/5 majority required)",'3/5',1,46,0,0,48,1,0,2,1,1,0,0,50,48,0,2,
225,112,1,S. 1931,"December 8, 2011,  02:59 PM",On the Motion to Proceed S. 1931,Motion to Proceed to S. 1931,"A bill to provide civilian payroll tax relief, to reduce the Federal budget deficit, and for other purposes.","Motion to Proceed Rejected (22-76, 3/5 majority required)",'3/5',22,25,0,0,0,49,0,2,0,2,0,0,22,76,0,2,
226,112,1,PN113,"December 12, 2011,  05:32 PM",On the Cloture Motion PN113,"Cloture on the Nomination of Norman L. Eisen, of the District of Columbia, to be Ambassador to the Czech Republic","Norman L. Eisen, of the District of Columbia, to be Ambassador to the Czech Republic (Recess Appointment)","Cloture Motion Agreed to (70-16, 3/5 majority required)",'3/5',21,16,0,10,47,0,0,4,2,0,0,0,70,16,0,14,
227,112,1,PN267,"December 12, 2011,  06:10 PM",On the Cloture Motion PN267,"Cloture on the Nomination of Mari Carmen Aponte, of the District of Columbia, to be Ambassador to the Republic of El Salvador","Mari Carmen Aponte, of the District of Columbia, to be Ambassador to the Republic of El Salvador","Cloture Motion Rejected (49-37, 3/5 majority required)",'3/5',2,35,0,10,45,2,0,4,2,0,0,0,49,37,0,14,
228,112,1,S.J.Res. 24,"December 14, 2011,  11:09 AM",On the Joint Resolution S.J.Res. 24,S.J.Res. 24,Joint resolution proposing a balanced budget amendment to the Constitution of the United States.,"Joint Resolution Defeated (21-79, 2/3 majority required)",'2/3',1,46,0,0,20,31,0,0,0,2,0,0,21,79,0,0,
229,112,1,S.J.Res. 10,"December 14, 2011,  11:39 AM",On the Joint Resolution S.J.Res. 10,S.J.Res. 10,Joint resolution proposing a balanced budget amendment to the Constitution of the United States.,"Joint Resolution Defeated (47-53, 2/3 majority required)",'2/3',47,0,0,0,0,51,0,0,0,2,0,0,47,53,0,0,
230,112,1,H.R. 1540,"December 15, 2011,  04:02 PM",On the Conference Report H.R. 1540,Conference Report To Accompany H.R. 1540,"To authorize appropriations for fiscal year 2012 for military activities of the Department of Defense, for military construction, and for defense activities of the Department of Energy, to prescribe military personnel strengths for such fiscal year, and for other purposes.",Conference Report Agreed to (86-13),'1/2',40,6,0,1,45,6,0,0,1,1,0,0,86,13,0,1,
231,112,1,PN555,"December 15, 2011,  04:32 PM",On the Nomination PN555,"Confirmation Morgan Christen, of Alaska, to be U.S. Circuit Judge","Morgan Christen, of Alaska, to be United States Circuit Judge for the Ninth Circuit",Nomination Confirmed (95-3),'1/2',43,3,0,1,50,0,0,1,2,0,0,0,95,3,0,2,
232,112,1,,"December 17, 2011,  09:21 AM",On the Amendment S.Amdt. 1465 to H.R. 3630 (Middle Class Tax Relief and Job Creation Act of 2011),Reid-McConnell Amdt. No. 1465,In the nature of a substitute.,"Amendment Agreed to (89-10, 3/5 majority required)",'3/5',39,7,0,1,49,2,0,0,1,1,0,0,89,10,0,1,
233,112,1,H.R. 3672,"December 17, 2011,  10:03 AM",On Passage of the Bill H.R. 3672,H.R. 3672,"A bill making appropriations for disaster relief requirements for the fiscal year ending September 30, 2012, and for other purposes.","Bill Passed (72-27, 3/5 majority required)",'3/5',19,27,0,1,51,0,0,0,2,0,0,0,72,27,0,1,
234,112,1,H.Con.Res. 94,"December 17, 2011,  10:22 AM",On the Concurrent Resolution H.Con.Res. 94,H. Con. Res. 94,A concurrent resolution directing the Clerk of the House of Representatives to make corrections in the enrollment of H.R. 3672.,"Concurrent Resolution Rejected (43-56, 3/5 majority required)",'3/5',42,4,0,1,1,50,0,0,0,2,0,0,43,56,0,1,
235,112,1,H.R. 2055,"December 17, 2011,  10:44 AM",On the Conference Report H.R. 2055,Conference Report to Accompany H.R. 2055,"A bill making appropriations for military construction, the Department of Veterans Affairs, and related agencies for the fiscal year ending September 30, 2012, and for other purposes.","Conference Report Agreed to (67-32, 3/5 majority required)",'3/5',16,30,0,1,50,1,0,0,1,1,0,0,67,32,0,1,
