Vote Number,Congress Num,Session,Legislation Number,Date,Question,Vote Title,Document Text,Result,Majority Requirement,Republican Yes,Republican No,Republican Present,Republican Absent,Democrat Yes,Democrat No,Democrat Present,Democrat Absent,Independent Yes,Independent No,Independent Present,Independent Absent,Total Yes,Total No,Total Present,Total Absent,Tie Breaker
1,114,2,PN11,"January 11, 2016,  05:32 PM",On the Nomination PN11,"Nomination Luis Felipe Restrepo, of Pennsylvania, to be U.S. Circuit Judge for the Third Circuit","Luis Felipe Restrepo, of Pennsylvania, to be United States Circuit Judge for the Third Circuit",Nomination Confirmed (82-6),'1/2',39,6,0,9,42,0,0,2,1,0,0,1,82,6,0,12,
2,114,2,S. 2232,"January 12, 2016,  02:31 PM",On Cloture on the Motion to Proceed S. 2232,Motion to Invoke Cloture on the Motion to Proceed to S. 2232,"A bill to require a full audit of the Board of Governors of the Federal Reserve System and the Federal reserve banks by the Comptroller General of the United States, and for other purposes.","Cloture on the Motion to Proceed Rejected (53-44, 3/5 majority required)",'3/5',51,1,0,2,1,42,0,1,1,1,0,0,53,44,0,3,
3,114,2,PN367,"January 19, 2016,  05:29 PM",On the Nomination PN367,"Confirmation Wilhelmina Marie Wright, of Minnesota, to be U.S. District Judge","Wilhelmina Marie Wright, of Minnesota, to be United States District Judge for the District of Minnesota",Nomination Confirmed (58-36),'1/2',13,36,0,5,44,0,0,0,1,0,0,1,58,36,0,6,
4,114,2,H.R. 4038,"January 20, 2016,  02:54 PM",On the Cloture Motion H.R. 4038,Motion to Invoke Cloture on the Motion to Proceed to H.R. 4038 ,"A bill to require that supplemental certifications and background investigations be completed prior to the admission of certain aliens as refugees, and for other purposes.","Cloture Motion Rejected (55-43, 3/5 majority required)",'3/5',53,0,0,1,2,42,0,0,0,1,0,1,55,43,0,2,
5,114,2,S.J.Res. 22,"January 21, 2016,  10:29 AM",On the Cloture Motion S.J.Res. 22,Motion to Invoke Cloture on the Veto Message to Accompany S.J. Res. 22,"A joint resolution providing for congressional disapproval under chapter 8 of title 5, United States Code, of the rule submitted by the Corps of Engineers and the Environmental Protection Agency relating to the definition of ""waters of the United States"" under the Federal Water Pollution Control Act.","Cloture Motion Rejected (52-40, 3/5 majority required)",'3/5',49,1,0,4,3,38,0,3,0,1,0,1,52,40,0,8,
6,114,2,PN326,"January 27, 2016,  05:30 PM",On the Nomination PN326,"Confirmation John Michael Vazquez, of New Jersey, to be U.S. District Judge for the District of New Jersey","John Michael Vazquez, of New Jersey, to be United States District Judge for the District of New Jersey",Nomination Confirmed (84-2),'1/2',44,2,0,8,39,0,0,5,1,0,0,1,84,2,0,14,
7,114,2,,"January 28, 2016,  11:59 PM",On the Amendment S.Amdt. 3021 to S.Amdt. 2953 to S. 2012 (Energy Policy Modernization Act of 2015),Crapo Amdt. No. 3021,"To enable civilian research and development of advanced nuclear energy technologies by private and public institutions, to expand theoretical and practical knowledge of nuclear physics, chemistry, and materials science.",Amendment Agreed to (87-4),'1/2',49,1,0,4,37,3,0,4,1,0,0,1,87,4,0,9,
8,114,2,,"January 28, 2016,  12:28 PM",On the Amendment S.Amdt. 2982 to S.Amdt. 2953 to S. 2012 (Energy Policy Modernization Act of 2015),Markey Amdt. No. 2982,To require the Comptroller General of the United States to conduct a review and submit a report on energy production in the United States and the effects of crude oil exports.,Amendment Agreed to (62-29),'1/2',20,29,0,5,41,0,0,3,1,0,0,1,62,29,0,9,
9,114,2,,"January 28, 2016,  01:46 PM",On the Amendment S.Amdt. 2965 to S.Amdt. 2953 to S. 2012 (Energy Policy Modernization Act of 2015),Schatz Amdt. No. 2965,To modify the funding provided for the Advanced Research Projects Agency-Energy.,Amendment Agreed to (55-37),'1/2',12,37,0,5,42,0,0,2,1,0,0,1,55,37,0,8,
10,114,2,,"February 2, 2016,  02:33 PM",On the Amendment S.Amdt. 3023 to S.Amdt. 2953 to S. 2012 (Energy Policy Modernization Act of 2015),Lee Amdt. No. 3023,To modify the authority of the President of the United States to declare national monuments.,"Amendment Rejected (47-48, 3/5 majority required)",'3/5',46,4,0,4,1,43,0,0,0,1,0,1,47,48,0,5,
11,114,2,,"February 2, 2016,  02:59 PM",On the Amendment S.Amdt. 3115 to S.Amdt. 2953 to S. 2012 (Energy Policy Modernization Act of 2015),Franken Amdt. No. 3115,To establish a Federal energy efficiency resource standard for electricity and natural gas suppliers.,"Amendment Rejected (43-52, 3/5 majority required)",'3/5',1,49,0,4,41,3,0,0,1,0,0,1,43,52,0,5,
12,114,2,,"February 2, 2016,  03:21 PM",On the Amendment S.Amdt. 3030 to S.Amdt. 2953 to S. 2012 (Energy Policy Modernization Act of 2015),Barrasso Amdt. No. 3030,To establish deadlines and expedite permits for certain natural gas gathering lines on Federal land and Indian land.,"Amendment Rejected (52-43, 3/5 majority required)",'3/5',50,0,0,4,2,42,0,0,0,1,0,1,52,43,0,5,
13,114,2,,"February 2, 2016,  03:41 PM",On the Amendment S.Amdt. 2996 to S.Amdt. 2953 to S. 2012 (Energy Policy Modernization Act of 2015),Sullivan Amdt. No. 2996,To require each agency to repeal or amend 1 or more rules before issuing or amending a rule.,"Amendment Rejected (49-46, 3/5 majority required)",'3/5',49,1,0,4,0,44,0,0,0,1,0,1,49,46,0,5,
14,114,2,,"February 2, 2016,  04:01 PM",On the Amendment S.Amdt. 3176 to S.Amdt. 2953 to S. 2012 (Energy Policy Modernization Act of 2015),Schatz Amdt. No. 3176,To amend the Internal Revenue Code of 1986 to phase out tax preferences for fossil fuels on the same schedule as the phase out of the tax credits for wind facilities.,"Amendment Rejected (45-50, 3/5 majority required)",'3/5',3,47,0,4,41,3,0,0,1,0,0,1,45,50,0,5,
15,114,2,,"February 2, 2016,  04:23 PM",On the Amendment S.Amdt. 3125 to S.Amdt. 2953 to S. 2012 (Energy Policy Modernization Act of 2015),Whitehouse Amdt. No. 3125,To require campaign finance disclosures for certain persons benefitting from fossil fuel activities.,"Amendment Rejected (43-52, 3/5 majority required)",'3/5',0,50,0,4,42,2,0,0,1,0,0,1,43,52,0,5,
16,114,2,,"February 4, 2016,  11:32 AM",On the Cloture Motion S.Amdt. 2953 to S. 2012 (Energy Policy Modernization Act of 2015),Motion to Invoke Cloture on Murkowski Amdt No. 2953,In the nature of a substitute.,"Cloture Motion Rejected (46-50, 3/5 majority required)",'3/5',40,12,0,2,5,38,0,1,1,0,0,1,46,50,1,3,
17,114,2,S. 2012,"February 4, 2016,  12:05 PM",On the Cloture Motion S. 2012,Motion to Invoke Cloture on S. 2012,"An original bill to provide for the modernization of the energy policy of the United States, and for other purposes.","Cloture Motion Rejected (43-54, 3/5 majority required)",'3/5',37,15,0,2,5,39,0,0,1,0,0,1,43,54,0,3,
18,114,2,PN831,"February 8, 2016,  05:31 PM",On the Nomination PN831,"Confirmation Rebecca Goodgame Ebinger, of Iowa, to be U.S. District Judge for the Southern District of Iowa","Rebecca Goodgame Ebinger, of Iowa, to be United States District Judge for the Southern District of Iowa",Nomination Confirmed (83-0),'1/2',41,0,0,13,41,0,0,3,1,0,0,1,83,0,0,17,
19,114,2,PN915,"February 9, 2016,  02:18 PM",On the Nomination PN915,"Confirmation Scot Alan Marciel, of California, to be Ambassador to the Union of Burma","Scot Alan Marciel, of California, to be Ambassador to the Union of Burma",Nomination Confirmed (90-0),'1/2',47,0,0,7,42,0,0,2,1,0,0,1,90,0,0,10,
20,114,2,H.R. 757,"February 10, 2016,  05:11 PM",On Passage of the Bill H.R. 757,H.R. 757 As Amended,"A bill to improve the enforcement of sanctions against the Government of North Korea, and for other purposes.",Bill Passed (96-0),'1/2',52,0,0,2,43,0,0,1,1,0,0,1,96,0,0,4,
21,114,2,H.R. 644,"February 11, 2016,  10:35 AM",On the Cloture Motion H.R. 644,Motion to Invoke Cloture on the Conference Report to Accompany H.R. 644,"An act to reauthorize trade facilitation and trade enforcement functions and activities, and for other purposes.","Cloture Motion Agreed to (73-22, 3/5 majority required)",'3/5',47,3,0,4,25,19,0,0,1,0,0,1,73,22,0,5,
22,114,2,H.R. 644,"February 11, 2016,  12:04 PM",On the Conference Report H.R. 644,Conference Report to Accompany H.R. 644,"An act to reauthorize trade facilitation and trade enforcement functions and activities, and for other purposes.",Conference Report Agreed to (75-20),'1/2',47,3,0,4,27,17,0,0,1,0,0,1,75,20,0,5,
23,114,2,PN675,"February 11, 2016,  01:43 PM",On the Nomination PN675,"Confirmation Leonard Terry Strand, of South Dakota, to be U.S. District Judge for the Northern District of Iowa","Leonard Terry Strand, of South Dakota, to be United States District Judge for the Northern District of Iowa",Nomination Confirmed (93-0),'1/2',49,0,0,5,43,0,0,1,1,0,0,1,93,0,0,7,
24,114,2,PN849,"February 22, 2016,  05:41 PM",On the Cloture Motion PN849,Motion to Invoke Cloture on the Nomination of Robert McKinnon Califf to be Commissioner of Food and Drugs,"Robert McKinnon Califf, of South Carolina, to be Commissioner of Food and Drugs, Department of Health and Human Services",Cloture Motion Agreed to (80-6),'1/2',43,2,0,9,36,4,0,4,1,0,0,1,80,6,0,14,
25,114,2,PN849,"February 24, 2016,  12:03 PM",On the Nomination PN849,"Confirmation Robert McKinnon Califf, of South Carolina, to be Commissioner of Food and Drugs","Robert McKinnon Califf, of South Carolina, to be Commissioner of Food and Drugs, Department of Health and Human Services",Nomination Confirmed (89-4),'1/2',49,1,0,4,39,3,0,2,1,0,0,1,89,4,0,7,
26,114,2,S.Res. 374,"February 25, 2016,  01:45 PM",On the Resolution S.Res. 374,S. Res. 374,"A resolution relating to the death of Antonin Scalia, Associate Justice of the Supreme Court of the United States.",Resolution Agreed to (93-0),'1/2',50,0,0,4,42,0,0,2,1,0,0,1,93,0,0,7,
27,114,2,S. 524,"February 29, 2016,  05:31 PM",On Cloture on the Motion to Proceed S. 524,Motion to Invoke Cloture on the Motion to Proceed to S. 524,A bill to authorize the Attorney General to award grants to address the national epidemics of prescription opioid abuse and heroin use.,"Cloture on the Motion to Proceed Agreed to (89-0, 3/5 majority required)",'3/5',45,0,0,9,43,0,0,1,1,0,0,1,89,0,0,11,
28,114,2,,"March 2, 2016,  02:34 PM",On the Amendment S.Amdt. 3362 to S.Amdt. 3378 to S. 524 (Comprehensive Addiction and Recovery Act of 2016),Feinstein Amdt. No. 3362,"To provide the Department of Justice with additional tools to target extraterritorial drug trafficking activity, and for other purposes.","Amendment Agreed to (94-0, 3/5 majority required)",'3/5',50,0,0,4,43,0,0,1,1,0,0,1,94,0,1,5,
29,114,2,,"March 2, 2016,  03:05 PM",On the Motion (Motion to Waive All Applicable Budgetary Discipline Re: Wyden Amdt. No. 3395),Motion to Waive All Applicable Budgetary Discipline Re: Wyden Amdt. No. 3395,To provide for comprehensive provisions for the prevention and enforcement of opioid abuse and treatment of opioid addiction.,"Motion Rejected (46-50, 3/5 majority required)",'3/5',2,50,0,2,43,0,0,1,1,0,0,1,46,50,0,4,
30,114,2,,"March 2, 2016,  03:26 PM",On the Motion (Motion to Waive All Applicable Budgetary Discipline Re: Shaheen Amdt. No. 3345),Motion to Waive All Applicable Budgetary Discipline Re: Shaheen Amdt. No. 3345,"To make appropriations to address the heroin and opioid drug abuse epidemic for the fiscal year ending September 30, 2016.","Motion Rejected (48-47, 3/5 majority required)",'3/5',5,47,0,2,42,0,0,2,1,0,0,1,48,47,0,5,
31,114,2,,"March 3, 2016,  01:46 PM",On the Amendment S.Amdt. 3420 to S.Amdt. 3378 to S. 524 (Comprehensive Addiction and Recovery Act of 2016),Manchin Amdt. No. 3420,To strengthen consumer education about the risks of opioid abuse and addiction.,Amendment Agreed to (90-0),'1/2',48,0,0,6,41,0,0,3,1,0,0,1,90,0,0,10,
32,114,2,,"March 7, 2016,  05:35 PM",On the Cloture Motion S.Amdt. 3378 to S. 524 (Comprehensive Addiction and Recovery Act of 2016),Motion to Invoke Cloture on Amdt. No. 3378 to S. 524,In the nature of a substitute.,"Cloture Motion Agreed to (86-3, 3/5 majority required)",'3/5',47,2,0,5,38,1,0,5,1,0,0,1,86,3,0,11,
33,114,2,S. 524,"March 9, 2016,  12:02 PM",On the Cloture Motion S. 524,Motion to Invoke Cloture on S. 524,A bill to authorize the Attorney General to award grants to address the national epidemics of prescription opioid abuse and heroin use.,"Cloture Motion Agreed to (93-3, 3/5 majority required)",'3/5',50,2,0,2,42,1,0,1,1,0,0,1,93,3,0,4,
34,114,2,S. 524,"March 10, 2016,  11:30 AM",On Passage of the Bill S. 524,S. 524 As Amended,A bill to authorize the Attorney General to award grants to address the national epidemics of prescription opioid abuse and heroin use.,Bill Passed (94-1),'1/2',50,1,0,3,43,0,0,1,1,0,0,1,94,1,0,5,
35,114,2,S.J.Res. 31,"March 10, 2016,  01:41 PM",On the Motion to Table S.J.Res. 31,Motion to Table the Motion to Discharge S.J. Res. 31,A joint resolution relating to the disapproval of the proposed foreign military sale to the Government of Pakistan of F-16 Block 52 aircraft.,Motion to Table Agreed to (71-24),'1/2',39,12,0,3,31,12,0,1,1,0,0,1,71,24,0,5,
36,114,2,PN1152,"March 14, 2016,  05:34 PM",On the Nomination PN1152,"Confirmation John B. King, of New York, to be Secretary of Education","John B. King, of New York, to be Secretary of Education",Nomination Confirmed (49-40),'1/2',7,39,0,8,41,1,0,2,1,0,0,1,49,40,0,11,
37,114,2,S. 764,"March 16, 2016,  11:50 AM",On the Cloture Motion S. 764,Motion to Invoke Cloture on the Motion to Concur in the House Amendment with an Amendment,"A bill to reauthorize and amend the National Sea Grant College Program Act, and for other purposes.","Cloture Motion Rejected (48-49, 3/5 majority required)",'3/5',45,7,0,2,3,41,0,0,0,1,0,1,48,49,0,3,
38,114,2,S.Res. 377,"March 17, 2016,  01:43 PM",On the Resolution S.Res. 377,S. Res. 377,An original resolution directing the Senate Legal Counsel to bring a civil action to enforce a subpoena of the Permanent Subcommittee on Investigations.,Resolution Agreed to (96-0),'1/2',52,0,0,2,43,0,0,1,1,0,0,1,96,0,0,4,
39,114,2,S. 1890,"April 4, 2016,  05:34 PM",On Passage of the Bill S. 1890,S. 1890 As Amended,"A bill to amend chapter 90 of title 18, United States Code, to provide Federal jurisdiction for the theft of trade secrets, and for other purposes.",Bill Passed (87-0),'1/2',46,0,0,8,40,0,0,4,1,0,0,1,87,0,0,13,
40,114,2,H.R. 636,"April 6, 2016,  11:01 AM",On Cloture on the Motion to Proceed H.R. 636,Motion to Invoke Cloture on the Motion to Proceed to H.R. 636,"A bill to amend the Internal Revenue Code of 1986 to permanently extend increased expensing limitations, and for other purposes.","Cloture on the Motion to Proceed Agreed to (98-0, 3/5 majority required)",'3/5',53,0,0,1,44,0,0,0,1,0,0,1,98,0,0,2,
41,114,2,,"April 7, 2016,  12:07 PM",On the Amendment S.Amdt. 3512 to S.Amdt. 3464 to H.R. 636 (America's Small Business Tax Relief Act of 2015),Thune Amdt. No. 3512 As Modified,"To enhance airport security, and for other purposes.",Amendment Agreed to (85-10),'1/2',52,0,0,2,32,10,0,2,1,0,0,1,85,10,0,5,
42,114,2,,"April 7, 2016,  12:38 PM",On the Amendment S.Amdt. 3482 to S.Amdt. 3464 to H.R. 636 (America's Small Business Tax Relief Act of 2015),Heinrich Amdt. No. 3482 As Modified,To expand and enhance visible deterrents at major transportation hubs and to increase the resources to protect and secure the United States.,Amendment Agreed to (91-5),'1/2',47,5,0,2,43,0,0,1,1,0,0,1,91,5,0,4,
43,114,2,,"April 7, 2016,  01:44 PM",On the Amendment S.Amdt. 3483 to S.Amdt. 3464 to H.R. 636 (America's Small Business Tax Relief Act of 2015),Schumer Amdt. No. 3483,To require the Federal Aviation Administration to establish minimum standards for space for passengers on passenger aircraft.,Amendment Rejected (42-54),'1/2',1,51,0,2,40,3,0,1,1,0,0,1,42,54,0,4,
44,114,2,PN153,"April 11, 2016,  05:31 PM",On the Nomination PN153,"Confirmation Waverly D. Crenshaw, Jr., of Tennessee, to be U.S. District Judge for the Middle District of Tennessee","Waverly D. Crenshaw, Jr., of Tennessee, to be United States District Judge for the Middle District of Tennessee",Nomination Confirmed (92-0),'1/2',47,0,0,7,44,0,0,0,1,0,0,1,92,0,0,8,
45,114,2,,"April 14, 2016,  10:31 AM",On the Cloture Motion S.Amdt. 3679 to H.R. 636 (America's Small Business Tax Relief Act of 2015),Motion to Invoke Cloture on Amdt. No. 3679,In the nature of a substitute.,"Cloture Motion Agreed to (94-4, 3/5 majority required)",'3/5',50,3,0,1,43,1,0,0,1,0,0,1,94,4,0,2,
46,114,2,H.R. 636,"April 18, 2016,  05:30 PM",On the Cloture Motion H.R. 636,Motion to Invoke Cloture on H.R. 636,"A bill to amend the Internal Revenue Code of 1986 to permanently extend increased expensing limitations, and for other purposes.","Cloture Motion Agreed to (89-5, 3/5 majority required)",'3/5',45,4,0,5,43,1,0,0,1,0,0,1,89,5,0,6,
47,114,2,H.R. 636,"April 19, 2016,  12:12 PM",On Passage of the Bill H.R. 636,H.R. 636 As Amended,"An act to amend title 49, United States Code, to authorize appropriations for the Federal Aviation Administration for fiscal years 2016 through 2017, and for other purposes.",Bill Passed (95-3),'1/2',51,2,0,1,43,1,0,0,1,0,0,1,95,3,0,2,
48,114,2,,"April 19, 2016,  04:17 PM",On the Amendment S.Amdt. 3234 to S.Amdt. 2953 to S. 2012 (Energy Policy Modernization Act of 2015),Murkowski Amdt. No. 3234 As Modified,To add certain provisions relating to natural resources.,"Amendment Agreed to (97-0, 3/5 majority required)",'3/5',52,0,0,2,44,0,0,0,1,0,0,1,97,0,0,3,
49,114,2,,"April 19, 2016,  04:48 PM",On the Amendment S.Amdt. 3202 to S.Amdt. 2953 to S. 2012 (Energy Policy Modernization Act of 2015),Isakson Amdt. No. 3202,"To improve the accuracy of mortgage underwriting used by the Federal Housing Administration by ensuring that energy costs are included in the underwriting process, to reduce the amount of energy consumed by homes, to facilitate the creation of energy efficiency retrofit and construction jobs, and for other purposes.","Amendment Agreed to (66-31, 3/5 majority required)",'3/5',21,31,0,2,44,0,0,0,1,0,0,1,66,31,0,3,
50,114,2,,"April 19, 2016,  05:12 PM",On the Amendment S.Amdt. 3210 to S.Amdt. 2953 to S. 2012 (Energy Policy Modernization Act of 2015),Lankford Amdt. No. 3210,To add provisions relating to acquisition of Federal land under the Land and Water Conservation Fund.,"Amendment Rejected (34-63, 3/5 majority required)",'3/5',34,18,0,2,0,44,0,0,0,1,0,1,34,63,0,3,
51,114,2,,"April 19, 2016,  05:31 PM",On the Amendment S.Amdt. 3311 to S.Amdt. 2953 to S. 2012 (Energy Policy Modernization Act of 2015),Boozman Amdt. No. 3311,To require a report relating to certain transmission infrastructure projects.,"Amendment Rejected (42-55, 3/5 majority required)",'3/5',42,10,0,2,0,44,0,0,0,1,0,1,42,55,0,3,
52,114,2,,"April 19, 2016,  05:48 PM",On the Amendment S.Amdt. 3312 to S.Amdt. 2953 to S. 2012 (Energy Policy Modernization Act of 2015),Udall Amdt. No. 3312,To require the Secretary of the Treasury to develop a plan for issuance of Clean Energy Victory Bonds.,"Amendment Rejected (50-47, 3/5 majority required)",'3/5',6,46,0,2,43,1,0,0,1,0,0,1,50,47,0,3,
53,114,2,,"April 19, 2016,  06:07 PM",On the Motion (Motion to Waive All Applicable Budgetary Discipline Re: Paul Amdt. No. 3787),Motion to Waive All Applicable Budgetary Discipline Re: Paul Amdt. No. 3787,"To provide for the establishment of free market enterprise zones in order to help facilitate the creation of new jobs, entrepreneurial opportunities, enhanced and renewed educational opprotunities, and increased community involvement in bankrupt or economically distressed areas.","Motion Rejected (33-64, 3/5 majority required)",'3/5',33,19,0,2,0,44,0,0,0,1,0,1,33,64,0,3,
54,114,2,S. 2012,"April 20, 2016,  10:01 AM",On Passage of the Bill S. 2012,"S. 2012, As Amended","An original bill to provide for the modernization of the energy policy of the United States, and for other purposes.",Bill Passed (85-12),'1/2',41,12,0,1,43,0,0,1,1,0,0,1,85,12,0,3,
55,114,2,,"April 20, 2016,  04:54 PM","On the Amendment S.Amdt. 3802 to S.Amdt. 3801 to H.R. 2028 (Energy and Water Development and Related Agencies Appropriations Act, 2016)",Schatz Amdt. No. 3802,To modify funding for certain projects of the Department of Energy.,Amendment Agreed to (70-26),'1/2',27,26,0,1,42,0,0,2,1,0,0,1,70,26,0,4,
56,114,2,,"April 20, 2016,  05:26 PM","On the Amendment S.Amdt. 3803 to S.Amdt. 3801 to H.R. 2028 (Energy and Water Development and Related Agencies Appropriations Act, 2016)",Ernst Amdt. No. 3803,"To eliminate funding for the Appalachian Regional Commission, the Delta Regional Authority, the Denali Commission, and the Northern Border Regional Commission.",Amendment Rejected (25-71),'1/2',25,28,0,1,0,42,0,2,0,1,0,1,25,71,0,4,
57,114,2,,"April 21, 2016,  11:50 AM","On the Amendment S.Amdt. 3811 to S.Amdt. 3801 to H.R. 2028 (Energy and Water Development and Related Agencies Appropriations Act, 2016)",Hoeven Amdt. No. 3811,To prohibit the use of funds relating to a certain definition.,"Amendment Rejected (56-42, 3/5 majority required)",'3/5',52,1,0,1,4,40,0,0,0,1,0,1,56,42,0,2,
58,114,2,,"April 21, 2016,  12:18 PM","On the Amendment S.Amdt. 3814 to S.Amdt. 3801 to H.R. 2028 (Energy and Water Development and Related Agencies Appropriations Act, 2016)",Coats Amdt. No. 3814,To limit the use of funds made available for the Advanced Technology Vehicles Manufacturing Loan Program.,"Amendment Rejected (48-49, 3/5 majority required)",'3/5',47,5,0,2,1,43,0,0,0,1,0,1,48,49,0,3,
59,114,2,,"April 21, 2016,  01:44 PM","On the Amendment S.Amdt. 3833 to S.Amdt. 3801 to H.R. 2028 (Energy and Water Development and Related Agencies Appropriations Act, 2016)",Franken Amdt. No. 3833,To provide funding for the Tribal Energy Loan Guarantee Program.,Amendment Agreed to (76-19),'1/2',33,19,0,2,42,0,0,2,1,0,0,1,76,19,0,5,
60,114,2,,"April 25, 2016,  05:30 PM","On the Amendment S.Amdt. 3813 to S.Amdt. 3801 to H.R. 2028 (Energy and Water Development and Related Agencies Appropriations Act, 2016)",Murray Amdt. No. 3813,To add a provision relating to certain requirements in the acquisition of welded shipboard anchor and mooring chain.,Amendment Agreed to (55-38),'1/2',12,38,0,4,42,0,0,2,1,0,0,1,55,38,0,7,
61,114,2,,"April 26, 2016,  11:04 AM","On the Amendment S.Amdt. 3812 to S.Amdt. 3801 to H.R. 2028 (Energy and Water Development and Related Agencies Appropriations Act, 2016)",Merkley Amdt. No. 3812,To provide for funding for wind energy.,Amendment Agreed to (54-42),'1/2',12,40,0,2,41,2,0,1,1,0,0,1,54,42,0,4,
62,114,2,,"April 26, 2016,  11:33 AM","On the Amendment S.Amdt. 3805 to S.Amdt. 3801 to H.R. 2028 (Energy and Water Development and Related Agencies Appropriations Act, 2016)",Reid Amdt. No. 3805,To make funding for water management improvement subject to a condition.,Amendment Agreed to (73-23),'1/2',29,23,0,2,43,0,0,1,1,0,0,1,73,23,0,4,
63,114,2,,"April 26, 2016,  11:56 AM","On the Amendment S.Amdt. 3820 to S.Amdt. 3801 to H.R. 2028 (Energy and Water Development and Related Agencies Appropriations Act, 2016)",Flake Amdt. No. 3820,To withhold certain funds for the construction of environmental infrastructure.,Amendment Rejected (12-84),'1/2',12,40,0,2,0,43,0,1,0,1,0,1,12,84,0,4,
64,114,2,,"April 27, 2016,  12:11 PM","On the Cloture Motion S.Amdt. 3801 to H.R. 2028 (Energy and Water Development and Related Agencies Appropriations Act, 2016)",Motion to Invoke Cloture Re: Alexander Amdt. No. 3801,In the nature of a substitute.,"Cloture Motion Rejected (50-46, 3/5 majority required)",'3/5',46,5,0,3,4,40,0,0,0,1,0,1,50,46,0,4,
65,114,2,,"April 28, 2016,  01:47 PM","On the Cloture Motion S.Amdt. 3801 to H.R. 2028 (Energy and Water Development and Related Agencies Appropriations Act, 2016)"," Motion to Invoke Cloture Re: Alexander Amdt. No. 3801, Upon Reconsideration",In the nature of a substitute.,"Cloture Motion Rejected (52-43, 3/5 majority required)",'3/5',48,4,0,2,4,38,0,2,0,1,0,1,52,43,0,5,
66,114,2,,"May 9, 2016,  05:31 PM","On the Cloture Motion S.Amdt. 3801 to H.R. 2028 (Energy and Water Development and Related Agencies Appropriations Act, 2016)",Motion to Invoke Cloture on Amdt. No. 3801 to H.R. 2028,In the nature of a substitute.,"Cloture Motion Rejected (50-42, 3/5 majority required)",'3/5',46,3,0,5,4,38,0,2,0,1,0,1,50,42,0,8,
67,114,2,,"May 11, 2016,  10:36 AM","On the Cloture Motion S.Amdt. 3878 to S.Amdt. 3801 to H.R. 2028 (Energy and Water Development and Related Agencies Appropriations Act, 2016)",Motion to Invoke Cloture on Amdt. No. 3878 to Amdt. No. 3801 to H.R. 2028,Of a perfecting nature.,"Cloture Motion Rejected (57-42, 3/5 majority required)",'3/5',52,2,0,0,5,39,0,0,0,1,0,1,57,42,0,1,
68,114,2,,"May 11, 2016,  12:07 PM","On the Cloture Motion S.Amdt. 3801 to H.R. 2028 (Energy and Water Development and Related Agencies Appropriations Act, 2016)",Motion to Invoke Cloture on Amdt. No. 3801 to H.R. 2028,In the nature of a substitute.,"Cloture Motion Agreed to (97-2, 3/5 majority required)",'3/5',52,2,0,0,44,0,0,0,1,0,0,1,97,2,0,1,
69,114,2,,"May 11, 2016,  04:30 PM","On the Amendment S.Amdt. 3871 to S.Amdt. 3801 to H.R. 2028 (Energy and Water Development and Related Agencies Appropriations Act, 2016)",Cardin Amdt. No. 3871,To use Federal and State expertise to mitigate fish and wildlife impacts at Corps of Engineers projects.,"Amendment Rejected (39-60, 3/5 majority required)",'3/5',0,54,0,0,39,5,0,0,0,1,0,1,39,60,0,1,
70,114,2,,"May 11, 2016,  05:00 PM","On the Amendment S.Amdt. 3888 to S.Amdt. 3801 to H.R. 2028 (Energy and Water Development and Related Agencies Appropriations Act, 2016)",Fischer Amdt. No. 3888,To provide for the operation of reservoir projects by the Bureau of Reclamation.,"Amendment Rejected (51-48, 3/5 majority required)",'3/5',49,5,0,0,2,42,0,0,0,1,0,1,51,48,0,1,
71,114,2,H.R. 2028,"May 12, 2016,  01:46 PM",On Passage of the Bill H.R. 2028,H.R. 2028 As Amended,"A bill making appropriations for energy and water development and related agencies for the fiscal year ending September 30, 2016, and for other purposes.",Bill Passed (90-8),'1/2',46,8,0,0,43,0,0,1,1,0,0,1,90,8,0,2,
72,114,2,PN327,"May 16, 2016,  05:30 PM",On the Nomination PN327,"Confirmation Paula Xinis, of Maryland, to be U.S. District Judge","Paula Xinis, of Maryland, to be United States District Judge for the District of Maryland",Nomination Confirmed (53-34),'1/2',10,34,0,10,43,0,0,1,0,0,0,2,53,34,0,13,
73,114,2,,"May 17, 2016,  02:29 PM","On the Cloture Motion S.Amdt. 3898 to S.Amdt. 3896 to H.R. 2577 (Transportation, Housing and Urban Development, and Related Agencies Appropriations Act, 2016)",Motion to Invoke Cloture on Nelson Amdt. No. 3898,Making supplemental appropriations for fiscal year 2016 to respond to Zika virus.,"Cloture Motion Rejected (50-47, 3/5 majority required)",'3/5',5,47,0,2,44,0,0,0,1,0,0,1,50,47,0,3,
74,114,2,,"May 17, 2016,  02:55 PM","On the Cloture Motion S.Amdt. 3899 to S.Amdt. 3896 to H.R. 2577 (Transportation, Housing and Urban Development, and Related Agencies Appropriations Act, 2016)",Motion to Invoke Cloture on Cornyn Amdt. No. 3899,"Making emergency supplemental appropriations for the fiscal year ending September 30, 2016, and for other purposes.","Cloture Motion Rejected (52-45, 3/5 majority required)",'3/5',52,0,0,2,0,44,0,0,0,1,0,1,52,45,0,3,
75,114,2,,"May 17, 2016,  03:18 PM","On the Cloture Motion S.Amdt. 3900 to S.Amdt. 3896 to H.R. 2577 (Transportation, Housing and Urban Development, and Related Agencies Appropriations Act, 2016)",Motion to Invoke Cloture on Blunt Amdt. No. 3900,Zika response and preparedness.,"Cloture Motion Agreed to (68-29, 3/5 majority required)",'3/5',23,29,0,2,44,0,0,0,1,0,0,1,68,29,0,3,
76,114,2,,"May 19, 2016,  11:17 AM",On the Motion (Motion to Waive All Applicable Budgetary Discipline Re: Amdt. No. 3900 As Modified),Motion to Waive All Applicable Budgetary Discipline Re: Amdt. No. 3900 As Modified,Zika response and preparedness.,"Motion Agreed to (70-28, 3/5 majority required)",'3/5',25,28,0,1,44,0,0,0,1,0,0,1,70,28,0,2,
77,114,2,,"May 19, 2016,  11:50 AM","On the Amendment S.Amdt. 3900 to S.Amdt. 3896 to H.R. 2577 (Transportation, Housing and Urban Development, and Related Agencies Appropriations Act, 2016)",Blunt Amdt. No. 3900 As Modified and Amended,Zika response and preparedness.,Amendment Agreed to (68-30),'1/2',23,30,0,1,44,0,0,0,1,0,0,1,68,30,0,2,
78,114,2,,"May 19, 2016,  12:13 PM","On the Cloture Motion S.Amdt. 3896 to H.R. 2577 (Transportation, Housing and Urban Development, and Related Agencies Appropriations Act, 2016)",Motion to Invoke Cloture on Amdt. No. 3896 to H.R. 2577,In the nature of a substitute.,"Cloture Motion Agreed to (88-10, 3/5 majority required)",'3/5',43,10,0,1,44,0,0,0,1,0,0,1,88,10,0,2,
79,114,2,,"May 19, 2016,  12:38 PM",On the Motion (Motion to Waive All Applicable Budgetary Discipline Re: McCain Amdt. No. 4039),Motion to Waive All Applicable Budgetary Discipline Re: McCain Amdt. No. 4039,To extend and expand eligibility for the Veterans Choice Program of the Department of Veterans Affairs and to establish consistent criteria and standards relating to the use of amounts under the Medical Community Care account of the Department of Veterans Affairs.,"Motion Agreed to (84-14, 3/5 majority required)",'3/5',40,13,0,1,43,1,0,0,1,0,0,1,84,14,0,2,
80,114,2,,"May 19, 2016,  01:50 PM","On the Amendment S.Amdt. 3970 to S.Amdt. 3896 to H.R. 2577 (Transportation, Housing and Urban Development, and Related Agencies Appropriations Act, 2016)",Collins Amdt. No. 3970,To prohibit the use of funds to carry out a final rule and notice of the Department of Housing and Urban Development.,Amendment Agreed to (87-9),'1/2',53,0,0,1,33,9,0,2,1,0,0,1,87,9,0,4,
81,114,2,,"May 19, 2016,  02:21 PM","On the Motion to Table S.Amdt. 3897 to S.Amdt. 3896 to H.R. 2577 (Transportation, Housing and Urban Development, and Related Agencies Appropriations Act, 2016)",Motion to Table Lee Amdt. No. 3897,To prohibit the use of funds to carry out a rule and notice of the Department of Housing and Urban Development.,Motion to Table Agreed to (60-37),'1/2',16,37,0,1,43,0,0,1,1,0,0,1,60,37,0,3,
82,114,2,H.R. 2577,"May 19, 2016,  02:41 PM",On Passage of the Bill H.R. 2577,H.R. 2577 As Amended,"A bill making appropriations for the Departments of Transportation, and Housing and Urban Development, and related agencies for the fiscal year ending September 30, 2016, and for other purposes.",Bill Passed (89-8),'1/2',45,8,0,1,43,0,0,1,1,0,0,1,89,8,0,3,
83,114,2,S. 2613,"May 23, 2016,  05:40 PM",On Passage of the Bill S. 2613,S. 2613 As Amended,A bill to reauthorize certain programs established by the Adam Walsh Child Protection and Safety Act of 2006.,Bill Passed (89-0),'1/2',49,0,0,5,39,0,0,5,1,0,0,1,89,0,0,11,
84,114,2,H.J.Res. 88,"May 24, 2016,  04:47 PM",On the Joint Resolution H.J.Res. 88,H.J. Res. 88,"A joint resolution disapproving the rule submitted by the Department of Labor relating to the definition of the term ""Fiduciary"".",Joint Resolution Passed (56-41),'1/2',53,0,0,1,3,40,0,1,0,1,0,1,56,41,0,3,
85,114,2,S.J.Res. 28,"May 24, 2016,  05:16 PM",On the Motion to Proceed S.J.Res. 28,Motion to Proceed Re: S.J. Res. 28,"A joint resolution providing for congressional disapproval under chapter 8 of title 5, United States Code, of the rule submitted by the Secretary of Agriculture relating to inspection of fish of the order Siluriformes.",Motion to Proceed Agreed to (57-40),'1/2',27,26,0,1,29,14,0,1,1,0,0,1,57,40,0,3,
86,114,2,S.J.Res. 28,"May 25, 2016,  11:01 AM",On the Joint Resolution S.J.Res. 28,S.J. Res. 28,"A joint resolution providing for congressional disapproval under chapter 8 of title 5, United States Code, of the rule submitted by the Secretary of Agriculture relating to inspection of fish of the order Siluriformes.",Joint Resolution Passed (55-43),'1/2',27,26,0,1,27,17,0,0,1,0,0,1,55,43,0,2,
87,114,2,S. 2943,"May 25, 2016,  11:30 AM",On Cloture on the Motion to Proceed S. 2943,Motion to Invoke Cloture on the Motion to Proceed to S. 2943,"An original bill to authorize appropriations for fiscal year 2017 for military activities of the Department of Defense, for military construction, and for defense activities of the Department of Energy, to prescribe military personnel strengths for such fiscal year, and for other purposes.","Cloture on the Motion to Proceed Agreed to (98-0, 3/5 majority required)",'3/5',53,0,0,1,44,0,0,0,1,0,0,1,98,0,0,2,
88,114,2,PN771,"May 26, 2016,  01:46 PM",On the Nomination PN771,"Confirmation Laura S. H. Holgate, of Virginia, to be Representative to the International Atomic Energy Agency","Laura S. H. Holgate, of Virginia, to be the Representative of the United States of America to the International Atomic Energy Agency, with the rank of Ambassador",Nomination Confirmed (67-29),'1/2',24,29,0,1,42,0,0,2,1,0,0,1,67,29,0,4,
89,114,2,,"June 6, 2016,  05:30 PM",On the Amendment S.Amdt. 4206 to S. 2943 (National Defense Authorization Act for Fiscal Year 2017),Fischer Amdt. No. 4206,To modify the requirement that the Secretary of Defense implement measures to maintain the critical wartime medical readiness skills and core competencies of health care providers within the Armed Forces.,Amendment Agreed to (91-0),'1/2',48,0,0,6,42,0,0,2,1,0,0,1,91,0,0,9,
90,114,2,,"June 7, 2016,  03:59 PM",On the Amendment S.Amdt. 4369 to S. 2943 (National Defense Authorization Act for Fiscal Year 2017),Durbin Amdt. No. 4369,"To provide that certain provisions in this Act relating to limitations, transparency, and oversight regarding medical research conducted by the Department of Defense shall have mo force or effect.",Amendment Agreed to (66-32),'1/2',22,32,0,0,43,0,0,1,1,0,0,1,66,32,0,2,
91,114,2,,"June 7, 2016,  04:36 PM",On the Amendment S.Amdt. 4204 to S. 2943 (National Defense Authorization Act for Fiscal Year 2017),Inhofe Amdt. No. 4204,To strike the provision relating to the pilot program on privatization of the Defense Commissary System.,Amendment Agreed to (70-28),'1/2',30,24,0,0,40,3,0,1,0,1,0,1,70,28,0,2,
92,114,2,H.R. 2577,"June 8, 2016,  07:37 PM",On the Cloture Motion H.R. 2577,"Motion to Invoke Cloture Re: Compound Motion to Disagree to the House Amdt. to Senate Amdt., Agree to Request to Conference, and Authorize Presiding Officer to Appoint Conferees to H.R. 2577","A bill making appropriations for the Departments of Transportation, and Housing and Urban Development, and related agencies for the fiscal year ending September 30, 2016, and for other purposes.","Cloture Motion Agreed to (93-2, 3/5 majority required)",'3/5',51,2,0,1,41,0,0,3,1,0,0,1,93,2,0,5,
93,114,2,H.R. 2577,"June 8, 2016,  08:13 PM",On the Motion (Nelson Motion to Instruct Conferees (Ebola/Zika Funding) Re: H.R. 2577),Nelson Motion to Instruct Conferees (Ebola/Zika Funding) Re: H.R. 2577,"A bill making appropriations for the Departments of Transportation, and Housing and Urban Development, and related agencies for the fiscal year ending September 30, 2016, and for other purposes.","Motion Rejected (46-49, 3/5 majority required)",'3/5',4,49,0,1,41,0,0,3,1,0,0,1,46,49,0,5,
94,114,2,H.R. 2577,"June 8, 2016,  08:38 PM",On the Motion (Sullivan Motion to Instruct Conferees Re: H.R. 2577),Sullivan Motion to Instruct Conferees Re: H.R. 2577,"A bill making appropriations for the Departments of Transportation, and Housing and Urban Development, and related agencies for the fiscal year ending September 30, 2016, and for other purposes.","Motion Rejected (56-38, 3/5 majority required)",'3/5',52,0,0,2,3,38,0,3,1,0,0,1,56,38,0,6,
95,114,2,,"June 9, 2016,  11:16 AM",On the Cloture Motion S.Amdt. 4549 to S.Amdt. 4229 to S. 2943 (National Defense Authorization Act for Fiscal Year 2017),Motion to Invoke Cloture on Reed Amdt. No. 4549,To authorize parity for defense and nondefense spending pursuant to the Bipartisan Budget Act of 2015.,"Cloture Motion Rejected (43-55, 3/5 majority required)",'3/5',2,52,0,0,40,3,0,1,1,0,0,1,43,55,0,2,
96,114,2,,"June 9, 2016,  11:53 AM",On the Cloture Motion S.Amdt. 4229 to S. 2943 (National Defense Authorization Act for Fiscal Year 2017),Motion to Invoke Cloture on McCain Amdt. No. 4229,To address unfunded priorities of the Armed Forces.,"Cloture Motion Rejected (56-42, 3/5 majority required)",'3/5',43,11,0,0,12,31,0,1,1,0,0,1,56,42,0,2,
97,114,2,S. 2943,"June 10, 2016,  09:02 AM",On the Cloture Motion S. 2943,Motion to Invoke Cloture on S. 2943,"An original bill to authorize appropriations for fiscal year 2017 for military activities of the Department of Defense, for military construction, and for defense activities of the Department of Energy, to prescribe military personnel strengths for such fiscal year, and for other purposes.","Cloture Motion Agreed to (68-23, 3/5 majority required)",'3/5',50,3,0,1,17,20,0,7,1,0,0,1,68,23,0,9,
98,114,2,S. 2943,"June 14, 2016,  11:04 AM",On Passage of the Bill S. 2943,S. 2943 As Amended,"An original bill to authorize appropriations for fiscal year 2017 for military activities of the Department of Defense, for military construction, and for defense activities of the Department of Energy, to prescribe military personnel strengths for such fiscal year, and for other purposes.",Bill Passed (85-13),'1/2',48,6,0,0,36,7,0,1,1,0,0,1,85,13,0,2,
99,114,2,H.R. 2578,"June 14, 2016,  02:41 PM",On Cloture on the Motion to Proceed H.R. 2578,Motion to Invoke Cloture on the Motion to Proceed to H.R. 2578,"A bill making appropriations for the Departments of Commerce and Justice, Science, and Related Agencies for the fiscal year ending September 30, 2016, and for other purposes.","Cloture on the Motion to Proceed Agreed to (94-3, 3/5 majority required)",'3/5',50,3,0,1,43,0,0,1,1,0,0,1,94,3,0,3,
100,114,2,S. 524,"June 16, 2016,  01:49 PM",On the Cloture Motion S. 524,"Motion to Invoke Cloture on the Motion to Disagree to the House Amendments, Agree to the Request for Conference, and the Presiding Officer Appoint Conferees to S. 524","To authorize the Attorney General and Secretary of Health and Human Services to award grants to address the national epidemics of prescription opioid abuse and heroin use, and to provide for the establishment of an inter-agency task force to review, modify, and update best practices for pain management and prescribing pain medication, and for other purposes.","Cloture Motion Agreed to (95-1, 3/5 majority required)",'3/5',52,1,0,1,42,0,0,2,1,0,0,1,95,1,0,4,
101,114,2,S. 524,"June 16, 2016,  02:19 PM",On the Motion (Shaheen Motion to Instruct Conferees to S. 524),Shaheen Motion to Instruct Conferees to S. 524,"To authorize the Attorney General and Secretary of Health and Human Services to award grants to address the national epidemics of prescription opioid abuse and heroin use, and to provide for the establishment of an inter-agency task force to review, modify, and update best practices for pain management and prescribing pain medication, and for other purposes.",Motion Agreed to (66-29),'1/2',24,29,0,1,41,0,0,3,1,0,0,1,66,29,0,5,
102,114,2,S. 524,"June 16, 2016,  02:39 PM",On the Motion (Whitehouse Motion to Instruct Conferees to S. 524),Whitehouse Motion to Instruct Conferees to S. 524,"To authorize the Attorney General and Secretary of Health and Human Services to award grants to address the national epidemics of prescription opioid abuse and heroin use, and to provide for the establishment of an inter-agency task force to review, modify, and update best practices for pain management and prescribing pain medication, and for other purposes.",Motion Agreed to (70-24),'1/2',28,24,0,2,41,0,0,3,1,0,0,1,70,24,0,6,
103,114,2,,"June 20, 2016,  05:36 PM","On the Cloture Motion S.Amdt. 4751 to S.Amdt. 4750 to H.R. 2578 (Commerce, Justice, Science, and Related Agencies Appropriations Act, 2016)",Motion to Invoke Cloture on Amdt. No. 4751,To address gun violence and improve the availability of records to the National Instant Criminal Background Check System.,"Cloture Motion Rejected (53-47, 3/5 majority required)",'3/5',52,2,0,0,1,43,0,0,0,2,0,0,53,47,0,0,
104,114,2,H.R. 2578,"June 20, 2016,  06:03 PM",On the Cloture Motion H.R. 2578,Motion to Invoke Cloture on the Motion to Commit H.R. 2578 with instructions (Amdt. No. 4750),"A bill making appropriations for the Departments of Commerce and Justice, Science, and Related Agencies for the fiscal year ending September 30, 2016, and for other purposes.","Cloture Motion Rejected (44-56, 3/5 majority required)",'3/5',1,53,0,0,41,3,0,0,2,0,0,0,44,56,0,0,
105,114,2,,"June 20, 2016,  06:21 PM",On the Cloture Motion S.Amdt. 4749 to S.Amdt. 4720 to S.Amdt. 4685 to H.R. 2578,Motion to Invoke Cloture on Amdt. No. 4749,"To Secure our Homeland from radical Islamists by Enhancing Law enforcement Detection (""SHIELD"").","Cloture Motion Rejected (53-47, 3/5 majority required)",'3/5',51,3,0,0,2,42,0,0,0,2,0,0,53,47,0,0,
106,114,2,,"June 20, 2016,  06:37 PM","On the Cloture Motion S.Amdt. 4720 to S.Amdt. 4685 to H.R. 2578 (Commerce, Justice, Science, and Related Agencies Appropriations Act, 2016)",Motion to Invoke Cloture on Amdt. No. 4720,To authorize the Attorney General to deny requests to transfer a firearm to known or suspected terrorists.,"Cloture Motion Rejected (47-53, 3/5 majority required)",'3/5',2,52,0,0,43,1,0,0,2,0,0,0,47,53,0,0,
107,114,2,H.R. 2578,"June 20, 2016,  06:53 PM",On the Motion to Table H.R. 2578,Motion to Table the Motion to Commit with Instructions,"A bill making appropriations for the Departments of Commerce and Justice, Science, and Related Agencies for the fiscal year ending September 30, 2016, and for other purposes.",Motion to Table Agreed to (56-42),'1/2',53,0,0,1,3,40,0,1,0,2,0,0,56,42,0,2,
108,114,2,,"June 22, 2016,  10:31 AM","On the Cloture Motion S.Amdt. 4787 to S.Amdt. 4685 to H.R. 2578 (Commerce, Justice, Science, and Related Agencies Appropriations Act, 2016)",Motion to Invoke Cloture on Amdt. No. 4787,"To amend section 2709 of title 18, United States Code, to clarify that the Government may obtain a specified set of electronic communication transactional records under that section, and to make permanent the authority for individual terrorists to be treated as agents of foreign powers under the Foreign Intelligence Surveillance Act of 1978.","Cloture Motion Rejected (58-38, 3/5 majority required)",'3/5',46,7,0,1,11,30,0,3,1,1,0,0,58,38,0,4,
109,114,2,H.R. 2578,"June 23, 2016,  02:01 PM",On the Motion to Table H.R. 2578,Motion to Table the Motion to Commit H.R. 2578 with Instructions (Amdt. No. 4858),"A bill making appropriations for the Departments of Commerce and Justice, Science, and Related Agencies for the fiscal year ending September 30, 2016, and for other purposes.",Motion to Table Failed (46-52),'1/2',46,8,0,0,0,43,0,1,0,1,0,1,46,52,0,2,
110,114,2,,"June 23, 2016,  02:27 PM","On the Motion to Table S.Amdt. 4859 to S.Amdt. 4858 to H.R. 2578 (Commerce, Justice, Science, and Related Agencies Appropriations Act, 2016)",Motion to Table Johnson Amdt. No. 4859,To authorize the Attorney General to delay or deny the transfer of firearms and explosives and issuance of Federal firearms and explosives licenses and permits to known or suspected terrorists.,Motion to Table Agreed to (67-31),'1/2',24,30,0,0,42,1,0,1,1,0,0,1,67,31,0,2,
111,114,2,PN576,"June 27, 2016,  05:32 PM",On the Nomination PN576,"Confirmation Robert F. Rossiter, Jr., of Nebraska, to be U.S. District Judge for the District of Nebraska","Robert F. Rossiter, Jr., of Nebraska, to be United States District Judge for the District of Nebraska",Nomination Confirmed (90-0),'1/2',47,0,0,7,42,0,0,2,1,0,0,1,90,0,0,10,
112,114,2,H.R. 2577,"June 28, 2016,  11:03 AM",On the Cloture Motion H.R. 2577,Motion to Invoke Cloture on the Conference Report to Accompany H.R. 2577,"A bill making appropriations for the Departments of Transportation, and Housing and Urban Development, and related agencies for the fiscal year ending September 30, 2016, and for other purposes.","Cloture Motion Rejected (52-48, 3/5 majority required)",'3/5',51,3,0,0,1,43,0,0,0,2,0,0,52,48,0,0,
113,114,2,S. 2328,"June 29, 2016,  10:31 AM",On the Cloture Motion S. 2328,Motion to Invoke Cloture on the Motion to Concur in the House Amendment to S. 2328,"A bill to reauthorize and amend the National Sea Grant College Program Act, and for other purposes.","Cloture Motion Agreed to (68-32, 3/5 majority required)",'3/5',36,18,0,0,31,13,0,0,1,1,0,0,68,32,0,0,
114,114,2,S. 2328,"June 29, 2016,  06:12 PM",On the Motion to Table S. 2328,Motion to Table the Motion to Concur in the House Amendment with Amendment No. 4865 to S. 2328,"A bill to reauthorize and amend the National Sea Grant College Program Act, and for other purposes.",Motion to Table Failed (44-54),'1/2',3,51,0,0,40,2,0,2,1,1,0,0,44,54,0,2,
115,114,2,S. 2328,"June 29, 2016,  06:43 PM",On the Motion (Motion to Waive All Applicable Budgetary Discipline Re: the Motion to Concur in the House Amdt. to S. 2328),Motion to Waive All Applicable Budgetary Discipline Re: the Motion to Concur in the House Amdt. to S. 2328,"A bill to reauthorize and amend the National Sea Grant College Program Act, and for other purposes.","Motion Agreed to (85-13, 3/5 majority required)",'3/5',53,1,0,0,31,11,0,2,1,1,0,0,85,13,0,2,
116,114,2,S. 2328,"June 29, 2016,  07:03 PM",On the Motion (Motion to Concur in the House Amendment to S. 2328),Motion to Concur in the House Amendment to S. 2328,"A bill to reauthorize and amend the National Sea Grant College Program Act, and for other purposes.",Motion Agreed to (68-30),'1/2',36,18,0,0,31,11,0,2,1,1,0,0,68,30,0,2,
117,114,2,S. 764,"June 29, 2016,  07:35 PM",On the Motion (Motion to Lay Before the Senate a Message From the House to Accompany S. 764),Motion to Lay Before the Senate a Message From the House to Accompany S. 764,"A bill to reauthorize and amend the National Sea Grant College Program Act, and for other purposes.",Motion Agreed to (68-29),'1/2',51,3,0,0,16,25,0,3,1,1,0,0,68,29,0,3,
118,114,2,PN575,"July 6, 2016,  02:48 PM",On the Nomination PN575,"Confirmation Brian R. Martinotti, of New Jersey, to be United States District Judge","Brian R. Martinotti, of New Jersey, to be United States District Judge for the District of New Jersey",Nomination Confirmed (92-5),'1/2',47,5,0,2,43,0,0,1,2,0,0,0,92,5,0,3,
119,114,2,S. 3100,"July 6, 2016,  03:17 PM",On Cloture on the Motion to Proceed S. 3100,Motion to Invoke Cloture on the Motion to Proceed to S. 3100,A bill to ensure that State and local law enforcement may cooperate with Federal officials to protect our communities from violent criminals and suspected terrorists who are illegally present in the United States.,"Cloture on the Motion to Proceed Rejected (53-44, 3/5 majority required)",'3/5',51,1,0,2,2,41,0,1,0,2,0,0,53,44,0,3,
120,114,2,S. 2193,"July 6, 2016,  03:36 PM",On Cloture on the Motion to Proceed S. 2193,Motion to Invoke Cloture on the Motion to Proceed to S. 2193,A bill to amend the Immigration and Nationality Act to increase penalties for individuals who illegally reenter the United States after being removed and for other purposes.,"Cloture on the Motion to Proceed Rejected (55-42, 3/5 majority required)",'3/5',52,0,0,2,3,40,0,1,0,2,0,0,55,42,0,3,
121,114,2,S. 764,"July 6, 2016,  04:00 PM",On the Cloture Motion S. 764,Motion to Invoke Cloture on the Motion to Concur in the House Amendment with an Amendment to S. 764,"A bill to reauthorize and amend the National Sea Grant College Program Act, and for other purposes.","Cloture Motion Agreed to (65-32, 3/5 majority required)",'3/5',47,5,0,2,18,25,0,1,0,2,0,0,65,32,0,3,
122,114,2,,"July 7, 2016,  10:21 PM",On the Motion to Table S.Amdt. 4936 to S.Amdt. 4935 to S. 764 (Defund Planned Parenthood Act of 2015),Motion to Table McConnell Amdt. No. 4936,To change the enactment date.,Motion to Table Failed (31-62),'1/2',3,46,0,5,26,16,0,2,2,0,0,0,31,62,0,7,
123,114,2,S. 764,"July 7, 2016,  10:45 PM",On the Motion (Motion to Concur in the House Amendment to S. 764 with Further Amendment (Amdt. No. 4935)),Motion to Concur in the House Amendment to S. 764 with Further Amendment (Amdt. No. 4935),"A bill to reauthorize and amend the National Sea Grant College Program Act, and for other purposes.",Motion Agreed to (63-30),'1/2',42,7,0,5,21,21,0,2,0,2,0,0,63,30,0,7,
124,114,2,H.R. 5293,"July 7, 2016,  11:02 PM",On Cloture on the Motion to Proceed H.R. 5293,Motion to Invoke Cloture on the Motion to Proceed to H.R. 5293,"A bill making appropriations for the Department of Defense for the fiscal year ending September 30, 2017, and for other purposes.","Cloture on the Motion to Proceed Rejected (50-44, 3/5 majority required)",'3/5',48,1,0,5,2,41,0,1,0,2,0,0,50,44,0,6,
125,114,2,S. 2012,"July 12, 2016,  03:32 PM",On the Cloture Motion S. 2012,"Motion to Invoke Cloture on the Motion to Disagree to the House Amdt., Agree to the Request for Conference, and Appoint Conferees to S. 2012","An original bill to provide for the modernization of the energy policy of the United States, and for other purposes.","Cloture Motion Agreed to (84-3, 3/5 majority required)",'3/5',39,3,0,12,44,0,0,0,1,0,0,1,84,3,0,13,
126,114,2,S. 524,"July 13, 2016,  11:02 AM",On the Cloture Motion S. 524,Motion to Invoke Cloture on the Conference Report to Accompany S. 524,"To authorize the Attorney General and Secretary of Health and Human Services to award grants to address the national epidemics of prescription opioid abuse and heroin use, and to provide for the establishment of an inter-agency task force to review, modify, and update best practices for pain management and prescribing pain medication, and for other purposes.","Cloture Motion Agreed to (90-2, 3/5 majority required)",'3/5',44,2,0,8,44,0,0,0,2,0,0,0,90,2,0,8,
127,114,2,H.R. 636,"July 13, 2016,  01:54 PM",On the Motion (Motion to Concur in the House Amendments to the Senate Amendments Re: H.R. 636),Motion to Concur in the House Amendments to the Senate Amendments Re: H.R. 636,"An act to amend title 49, United States Code, to extend authorizations for the airport improvement program, to amend the Internal Revenue Code of 1986 to extend the funding and expenditure authority of the Airport and Airway Trust Fund, and for other purposes.",Motion Agreed to (89-4),'1/2',44,3,0,7,43,1,0,0,2,0,0,0,89,4,0,7,
128,114,2,PN1180,"July 13, 2016,  02:29 PM",On the Nomination PN1180,"Confirmation: Carla D. Hayden, of Maryland, to be Librarian of Congress","Carla D. Hayden, of Maryland, to be Librarian of Congress for a term of ten years",Nomination Confirmed (74-18),'1/2',29,18,0,7,44,0,0,0,1,0,0,1,74,18,0,8,
129,114,2,S. 524,"July 13, 2016,  06:20 PM",On the Conference Report S. 524,Conference Report to Accompany S. 524,"To authorize the Attorney General and Secretary of Health and Human Services to award grants to address the national epidemics of prescription opioid abuse and heroin use, and to provide for the establishment of an inter-agency task force to review, modify, and update best practices for pain management and prescribing pain medication, and for other purposes.",Conference Report Agreed to (92-2),'1/2',46,2,0,6,44,0,0,0,2,0,0,0,92,2,0,6,
130,114,2,S. 2943,"July 14, 2016,  11:33 AM",On the Cloture Motion S. 2943,"Motion to Invoke Cloture on the Motion to Disagree in the House Amendment, Agree to the Request for a Conference, and Appoint Conferees","An original bill to authorize appropriations for fiscal year 2017 for military activities of the Department of Defense, for military construction, and for defense activities of the Department of Energy, to prescribe military personnel strengths for such fiscal year, and for other purposes.","Cloture Motion Agreed to (90-7, 3/5 majority required)",'3/5',52,1,0,1,37,5,0,2,1,1,0,0,90,7,0,3,
131,114,2,S. 2943,"July 14, 2016,  12:07 PM",On the Motion (Shaheen Motion to Instruct Conferees Re: S. 2943),Shaheen Motion to Instruct Conferees Re: S. 2943,"An original bill to authorize appropriations for fiscal year 2017 for military activities of the Department of Defense, for military construction, and for defense activities of the Department of Energy, to prescribe military personnel strengths for such fiscal year, and for other purposes.",Motion Agreed to (84-12),'1/2',40,12,0,2,42,0,0,2,2,0,0,0,84,12,0,4,
132,114,2,S. 2943,"July 14, 2016,  12:28 PM",On the Motion (Sullivan Motion to Instruct Conferees Re: S. 2943),Sullivan Motion to Instruct Conferees Re: S. 2943,"An original bill to authorize appropriations for fiscal year 2017 for military activities of the Department of Defense, for military construction, and for defense activities of the Department of Energy, to prescribe military personnel strengths for such fiscal year, and for other purposes.",Motion Agreed to (85-12),'1/2',51,2,0,1,33,9,0,2,1,1,0,0,85,12,0,3,
133,114,2,H.R. 5293,"July 14, 2016,  12:46 PM",On Cloture on the Motion to Proceed H.R. 5293,Upon Reconsideration Motion to Invoke Cloture on the Motion to Proceed to H.R. 5293,"A bill making appropriations for the Department of Defense for the fiscal year ending September 30, 2017, and for other purposes.","Cloture on the Motion to Proceed Rejected (55-42, 3/5 majority required)",'3/5',53,0,0,1,2,40,0,2,0,2,0,0,55,42,0,3,
134,114,2,H.R. 2577,"July 14, 2016,  01:59 PM",On the Cloture Motion H.R. 2577,Upon Reconsideration Motion to Invoke Cloture on the Conference Report to Accompany H.R. 2577,"A bill making appropriations for the Departments of Transportation, and Housing and Urban Development, and related agencies for the fiscal year ending September 30, 2016, and for other purposes.","Cloture Motion Rejected (52-44, 3/5 majority required)",'3/5',51,1,0,2,1,41,0,2,0,2,0,0,52,44,0,4,
135,114,2,H.R. 2577,"September 6, 2016,  05:32 PM",On the Cloture Motion H.R. 2577,Motion to Invoke Cloture on the Conference Report to Accompany H.R. 2577,"A bill making appropriations for the Departments of Transportation, and Housing and Urban Development, and related agencies for the fiscal year ending September 30, 2016, and for other purposes.","Cloture Motion Rejected (52-46, 3/5 majority required)",'3/5',51,2,0,1,1,42,0,1,0,2,0,0,52,46,0,2,
136,114,2,H.R. 5293,"September 6, 2016,  06:09 PM",On Cloture on the Motion to Proceed H.R. 5293,Motion to Invoke Cloture on the Motion to Proceed to H.R. 5293,"A bill making appropriations for the Department of Defense for the fiscal year ending September 30, 2017, and for other purposes.","Cloture on the Motion to Proceed Rejected (55-43, 3/5 majority required)",'3/5',53,0,0,1,2,41,0,1,0,2,0,0,55,43,0,2,
137,114,2,PN1500,"September 8, 2016,  01:46 PM",On the Nomination PN1500,"Confirmation Peter Michael McKinley, of Virginia, to be Ambassador to the Federative Republic of Brazil","Peter Michael McKinley, of Virginia, to be Ambassador to the Federative Republic of Brazil",Nomination Confirmed (92-0),'1/2',50,0,0,4,40,0,0,4,2,0,0,0,92,0,0,8,
138,114,2,,"September 12, 2016,  05:31 PM",On the Cloture Motion S.Amdt. 4979 to S. 2848 (Water Resources Development Act of 2016),Motion to Invoke Cloture on Amdt. No. 4979,In the nature of a substitute.,"Cloture Motion Agreed to (90-1, 3/5 majority required)",'3/5',47,1,0,6,42,0,0,2,1,0,0,1,90,1,0,9,
139,114,2,,"September 14, 2016,  02:40 PM",On the Motion (Motion to Waive All Applicable Budgetary Discipline Re: Amdt. No. 4979),Motion to Waive All Applicable Budgetary Discipline Re: Amdt. No. 4979,In the nature of a substitute.,"Motion Agreed to (85-12, 3/5 majority required)",'3/5',40,12,0,2,43,0,0,1,2,0,0,0,85,12,0,3,
140,114,2,S. 2848,"September 14, 2016,  03:11 PM",On the Cloture Motion S. 2848,Motion to Invoke Cloture on S. 2848,"A bill to provide for the conservation and development of water and related resources, to authorize the Secretary of the Army to construct various projects for improvements to rivers and harbors of the United States, and for other purposes.","Cloture Motion Agreed to (94-3, 3/5 majority required)",'3/5',49,3,0,2,43,0,0,1,2,0,0,0,94,3,0,3,
141,114,2,S. 2848,"September 15, 2016,  11:42 PM",On Passage of the Bill S. 2848,S. 2848 As Amended,"A bill to provide for the conservation and development of water and related resources, to authorize the Secretary of the Army to construct various projects for improvements to rivers and harbors of the United States, and for other purposes.",Bill Passed (95-3),'1/2',50,3,0,1,43,0,0,1,2,0,0,0,95,3,0,2,
142,114,2,PN1375,"September 15, 2016,  01:48 PM",On the Nomination PN1375,"Confirmation Susan S. Gibson, of Virginia, to be Inspector General of the National Reconnaissance Office","Susan S. Gibson, of Virginia, to be Inspector General of the National Reconnaissance Office",Nomination Confirmed (93-0),'1/2',50,0,0,4,42,0,0,2,1,0,0,1,93,0,0,7,
143,114,2,H.R. 5985,"September 19, 2016,  05:31 PM",On Passage of the Bill H.R. 5985,H.R. 5985,"A bill to amend title 38, United States Code, to extend certain expiring provisions of law administered by the Secretary of Veterans Affairs, and for other purposes.",Bill Passed (89-0),'1/2',48,0,0,6,40,0,0,4,1,0,0,1,89,0,0,11,
144,114,2,H.R. 5325,"September 20, 2016,  05:41 PM",On Cloture on the Motion to Proceed H.R. 5325,Motion to Invoke Cloture on the Motion to Proceed to H.R. 5325,"A bill making appropriations for the Legislative Branch for the fiscal year ending September 30, 2017, and for other purposes.","Cloture on the Motion to Proceed Agreed to (89-7, 3/5 majority required)",'3/5',45,7,0,2,42,0,0,2,2,0,0,0,89,7,0,4,
145,114,2,S.J.Res. 39,"September 21, 2016,  02:45 PM",On the Motion to Table S.J.Res. 39,Motion to Table the Motion to Discharge S.J.Res. 39,A joint resolution relating to the disapproval of the proposed foreign military sale to the Government of the Kingdom of Saudi Arabia of M1A1/A2 Abrams Tank structures and other major defense equipment.,Motion to Table Agreed to (71-27),'1/2',49,4,0,1,21,22,0,1,1,1,0,0,71,27,0,2,
146,114,2,,"September 27, 2016,  02:16 PM","On the Cloture Motion S.Amdt. 5082 to H.R. 5325 (Legislative Branch Appropriations Act, 2017)",Motion to Invoke Cloture on Amdt. No. 5082,In the nature of a substitute.,"Cloture Motion Rejected (45-55, 3/5 majority required)",'3/5',41,13,0,0,4,40,0,0,0,2,0,0,45,55,0,0,
147,114,2,H.R. 5325,"September 27, 2016,  02:41 PM",On the Cloture Motion H.R. 5325,Motion to Invoke Cloture on H.R. 5325,"A bill making appropriations for the Legislative Branch for the fiscal year ending September 30, 2017, and for other purposes.","Cloture Motion Rejected (40-59, 3/5 majority required)",'3/5',40,13,0,1,0,44,0,0,0,2,0,0,40,59,0,1,
148,114,2,S. 2040,"September 28, 2016,  12:02 PM",On Overriding the Veto S. 2040,"Shall the Bill S. 2040 Pass, the Objections of the President of the United States to the Contrary Notwithstanding?","A bill to deter terrorism, provide justice for victims, and for other purposes.","Veto Overridden (97-1, 2/3 majority required)",'2/3',54,0,0,0,42,1,0,1,1,0,0,1,97,1,0,2,
149,114,2,,"September 28, 2016,  02:09 PM","On the Cloture Motion S.Amdt. 5082 to H.R. 5325 (Legislative Branch Appropriations Act, 2017)",Upon Reconsideration Motion to Invoke Cloture on Amdt. No. 5082,In the nature of a substitute.,"Cloture Motion Agreed to (77-21, 3/5 majority required)",'3/5',42,12,0,0,34,9,0,1,1,0,0,1,77,21,0,2,
150,114,2,H.R. 5325,"September 28, 2016,  02:39 PM",On the Cloture Motion H.R. 5325,"Motion to Invoke Cloture on H.R. 5325, Upon Reconsideration","A bill making appropriations for the Legislative Branch for the fiscal year ending September 30, 2017, and for other purposes.","Cloture Motion Agreed to (77-21, 3/5 majority required)",'3/5',42,12,0,0,34,9,0,1,1,0,0,1,77,21,0,2,
151,114,2,H.R. 5325,"September 28, 2016,  03:00 PM",On Passage of the Bill H.R. 5325,H.R. 5325 As Amended,"A bill making appropriations for the Legislative Branch for the fiscal year ending September 30, 2017, and for other purposes.",Bill Passed (72-26),'1/2',40,14,0,0,31,12,0,1,1,0,0,1,72,26,0,2,
152,114,2,H.R. 4511,"November 15, 2016,  05:31 PM",On Passage of the Bill H.R. 4511,H.R. 4511,A bill to amend the Veterans' Oral History Project Act to allow the collection of video and audio recordings of biographical histories by immediate family members of members of the Armed Forces who died as a result of their service during a period of war.,Bill Passed (97-0),'1/2',51,0,0,3,44,0,0,0,2,0,0,0,97,0,0,3,
153,114,2,S. 3110,"November 17, 2016,  12:05 PM",On Cloture on the Motion to Proceed S. 3110,Motion to Invoke Cloture on the Motion to Proceed to S. 3110,"A bill to provide for reforms of the administration of the outer Continental Shelf of the United States, to provide for the development of geothermal, solar, and wind energy on public land, and for other purposes.","Cloture on the Motion to Proceed Rejected (51-47, 3/5 majority required)",'3/5',49,4,0,1,2,41,0,1,0,2,0,0,51,47,0,2,
154,114,2,S. 2873,"November 29, 2016,  11:31 PM",On Passage of the Bill S. 2873,S. 2873 As Amended,"A bill to require studies and reports examining the use of, and opportunities to use, technology-enabled collaborative learning and capacity building models to improve programs of the Department of Health and Human Services, and for other purposes.",Bill Passed (97-0),'1/2',52,0,0,2,44,0,0,0,1,0,0,1,97,0,0,3,
155,114,2,H.R. 6297,"December 1, 2016,  01:47 PM",On Passage of the Bill H.R. 6297,H.R. 6297,A bill to reauthorize the Iran Sanctions Act of 1996.,Bill Passed (99-0),'1/2',54,0,0,0,44,0,0,0,1,0,0,1,99,0,0,1,
156,114,2,H.R. 34,"December 5, 2016,  05:44 PM",On the Cloture Motion H.R. 34,Motion to Invoke Cloture on the Motion to Concur in the House Amendment to the Senate Amendment to H.R. 34,"A bill to authorize and strengthen the tsunami detection, forecast, warning, research, and mitigation program of the National Oceanic and Atmospheric Administration, and for other purposes.","Cloture Motion Agreed to (85-13, 3/5 majority required)",'3/5',50,4,0,0,34,8,0,2,1,1,0,0,85,13,0,2,
157,114,2,H.R. 34,"December 7, 2016,  02:00 PM",On the Motion (Motion to Concur in the House Amendment to the Senate Amendment to H.R. 34),Motion to Concur in the House Amendment to the Senate Amendment to H.R. 34,"A bill to authorize and strengthen the tsunami detection, forecast, warning, research, and mitigation program of the National Oceanic and Atmospheric Administration, and for other purposes.",Motion Agreed to (94-5),'1/2',52,1,0,1,41,3,0,0,1,1,0,0,94,5,0,1,
158,114,2,S. 2943,"December 7, 2016,  02:29 PM",On the Cloture Motion S. 2943,Motion to Invoke Cloture on the Conference Report to Accompany S. 2943,"An original bill to authorize appropriations for fiscal year 2017 for military activities of the Department of Defense, for military construction, and for defense activities of the Department of Energy, to prescribe military personnel strengths for such fiscal year, and for other purposes.","Cloture Motion Agreed to (92-7, 3/5 majority required)",'3/5',51,2,0,1,40,4,0,0,1,1,0,0,92,7,0,1,
159,114,2,S. 2943,"December 8, 2016,  12:31 PM",On the Conference Report S. 2943,Conference Report to Accompany S. 2943,"An original bill to authorize appropriations for fiscal year 2017 for military activities of the Department of Defense, for military construction, and for defense activities of the Department of Energy, to prescribe military personnel strengths for such fiscal year, and for other purposes.",Conference Report Agreed to (92-7),'1/2',51,2,0,1,40,4,0,0,1,1,0,0,92,7,0,1,
160,114,2,H.R. 2028,"December 9, 2016,  10:00 PM",On the Cloture Motion H.R. 2028,Motion to Invoke Cloture on the Motion to Concur in the House Amendment to the Senate Amendment to H.R. 2028,"A bill making appropriations for energy and water development and related agencies for the fiscal year ending September 30, 2016, and for other purposes.","Cloture Motion Agreed to (61-38, 3/5 majority required)",'3/5',43,10,0,1,17,27,0,0,1,1,0,0,61,38,0,1,
161,114,2,H.R. 2028,"December 9, 2016,  10:53 PM",On the Motion (Motion to Concur in the House Amendment to the Senate Amendment to H.R. 2028),Motion to Concur in the House Amendment to the Senate Amendment to H.R. 2028,"A bill making appropriations for energy and water development and related agencies for the fiscal year ending September 30, 2016, and for other purposes.",Motion Agreed to (63-36),'1/2',40,13,0,1,22,22,0,0,1,1,0,0,63,36,0,1,
162,114,2,S. 612,"December 10, 2016,  12:35 AM",On the Cloture Motion S. 612,Motion to Invoke Cloture on the Motion to Concur in the House Amendment to S. 612,"A bill to designate the Federal building and United States courthouse located at 1300 Victoria Street in Laredo, Texas, as the ""George P. Kazen Federal Building and United States Courthouse"".","Cloture Motion Agreed to (69-30, 3/5 majority required)",'3/5',45,8,0,1,24,20,0,0,0,2,0,0,69,30,0,1,
163,114,2,S. 612,"December 10, 2016,  12:57 AM",On the Motion (Motion to Concur in the House Amendment to S. 612),Motion to Concur in the House Amendment to S. 612,"A bill to designate the Federal building and United States courthouse located at 1300 Victoria Street in Laredo, Texas, as the ""George P. Kazen Federal Building and United States Courthouse"".",Motion Agreed to (78-21),'1/2',46,7,0,1,31,13,0,0,1,1,0,0,78,21,0,1,
