Roll Call,Majority,Congress Num,Legislation Number,Date,Time,Question,Description,Result,Republican Yes,Republican No,Republican Present,Republican Not Voting,Democrat Yes,Democrat No,Democrat Present,Democrat Not Voting,Independent Yes,Independent No,Independent Present,Independent Not Voting,Total Yes,Total No,Total Present,Total Not Voting
1,D,102,QUORUM 1,3-Jan-1991,12:02 PM,Call of the House,None,Passed,0,0,165,0,0,0,261,0,0,0,1,0,0,0,427,0
2
3,D,102,H RES 5,3-Jan-1991,3:42 PM,On Ordering the Previous Question,RULES FOR THE 102ND CONGRESS,Passed,0,161,0,5,249,1,0,13,1,0,0,0,250,162,0,18
4,D,102,H RES 5,3-Jan-1991,4:02 PM,COMMIT WITH INSTRUCTIONS,RULES FOR THE 102ND CONGRESS,Failed,160,0,0,6,0,255,0,8,0,1,0,0,160,256,0,14
5,D,102,H RES 5,3-Jan-1991,4:21 PM,On Agreeing to the Resolution,RULES FOR THE 102ND CONGRESS,Passed,0,160,0,6,241,0,0,22,1,0,0,0,242,160,0,28
6,D,102,MOTION,12-Jan-1991,9:33 AM,On Approving the Journal,None,Passed,73,87,0,7,212,5,0,49,1,0,0,0,286,92,0,56
7,D,102,H CON RES 32,12-Jan-1991,11:15 AM,ON AGREEING TO THE RESOLUTION (BENNETT/DURBIN),TO EXPRESS THE SENSE OF CONGRESS THAT CONGRESS MUST APPROVE ANY OFFENSIVE MILITARY ACTION AGAINST IRAQ,Passed,41,126,0,0,260,5,0,2,1,0,0,0,302,131,0,2
8,D,102,H CON RES 33,12-Jan-1991,1:29 PM,ON AGREEING TO THE RESOLUTION (GEPHARDT/HAMILTON),REGARDING UNITED STATES POLICY TO REVERSE IRAQ’S OCCUPATION OF KUWAIT,Failed,3,164,0,0,179,86,0,2,1,0,0,0,183,250,0,2
9,D,102,H J RES 77,12-Jan-1991,3:51 PM,ON PASSAGE (MICHEL/SOLARZ),TO AUTHORIZE THE USE OF UNITED STATES ARMED FORCES PURSUANT TO UNITED NATIONS SECURITY COUNCIL RESOLUTION 678,Passed,164,3,0,0,86,179,0,2,0,1,0,0,250,183,0,2
10,D,102,S CON RES 2,18-Jan-1991,4:22 PM,SUSPEND THE RULES AND AGREE,SUPPORTING THE UNITED STATES PRESENCE IN THE PERSIAN GULF,Passed,156,0,0,11,243,5,6,13,0,1,0,0,399,6,6,24
11,D,102,H CON RES 41,23-Jan-1991,3:46 PM,SUSPEND THE RULES AND AGREE,CONDEMNING THE IRAQI ATTACK AGAINST ISRAEL,Passed,164,0,0,3,251,0,0,15,1,0,0,0,416,0,0,18
12,D,102,H CON RES 48,23-Jan-1991,3:55 PM,SUSPEND THE RULES AND AGREE,CONDEMNING THE TREATMENT BY THE GOVERNMENT OF IRAQ OF CAPTURED SERVICE MEMBERS OF THE U.S. AND ITS ALLIES IN THE PERSIAN GULF CONFLICT,Passed,164,0,0,3,253,0,0,13,1,0,0,0,418,0,0,16
13,D,102,H R 4,23-Jan-1991,4:02 PM,On Motion to Suspend the Rules and Pass,EXTENSION OF TIME UNDER THE INTERNAL REVENUE LAWS FOR INDIVIDUALS PERFORMING SERVICES AS PART OF THE DESERT SHIELD OPERATION,Passed,164,0,0,3,250,0,0,16,1,0,0,0,415,0,0,19
14,D,102,H R 3,23-Jan-1991,4:10 PM,On Motion to Suspend the Rules and Pass,VETERANS’ COMPENSATION AMENDMENTS OF 1991,Passed,165,0,0,2,255,0,0,11,1,0,0,0,421,0,0,13
15,D,102,H CON RES 40,23-Jan-1991,4:16 PM,SUSPEND THE RULES AND AGREE,CONDEMNING THE RECENT USE OF SOVIET MILITARY FORCE IN THE BALTIC STATES,Passed,165,0,0,2,251,0,0,15,1,0,0,0,417,0,0,17
16,D,102,H R 556,29-Jan-1991,2:26 PM,On Motion to Suspend the Rules and Pass,AGENT ORANGE ACT OF 1991,Passed,160,0,0,7,251,0,0,15,1,0,0,0,412,0,0,22
17,D,102,H R 555,29-Jan-1991,2:35 PM,On Motion to Suspend the Rules and Pass,SOLDIERS AND SAILORS CIVIL RELIEF ACT AMENDMENTS OF 1991,Passed,161,0,0,6,252,0,0,14,1,0,0,0,414,0,0,20
18,D,102,H R 598,30-Jan-1991,3:36 PM,On Motion to Suspend the Rules and Pass,DEPARTMENT OF VETERANS AFFAIRS PHYSICIANS’ AND DENTISTS’ COMPENSATION AND LABOR RELATIONS ACT OF 1991,Passed,163,0,0,4,235,0,0,31,1,0,0,0,399,0,0,35
19,D,102,H R 180,5-Feb-1991,1:35 PM,On Motion to Suspend the Rules and Pass,VETERANS EDUCATION AND EMPLOYMENT AMENDMENTS OF 1991,Passed,157,0,0,10,244,0,0,22,1,0,0,0,402,0,0,32
20,D,102,H R 154,5-Feb-1991,1:44 PM,On Motion to Suspend the Rules and Pass,"TRANSFER OF AN EXISTING U.S. MEMORIAL, PERSHING HALL, TO THE DEPARTMENT OF VETERANS AFFAIRS",Passed,160,0,0,7,244,0,0,22,1,0,0,0,405,0,0,29
21,D,102,H R 232,6-Feb-1991,3:32 PM,SUSPEND RULES AND PASSAS AMENDED,VETERANS’ HOUSING AND MEMORIAL AFFAIRS AMENDMENTS OF 1991,Passed,162,0,0,5,248,0,0,18,1,0,0,0,411,0,0,23
22,D,102,H CON RES 44,20-Feb-1991,3:13 PM,SUSPEND THE RULES AND AGREE,DISPLAY OF AMERICAN FLAG IN SHOW OF SUPPORT FOR U.S. TROOPS IN THE PERSIAN GULF,Passed,158,0,0,8,250,0,0,16,1,0,0,0,409,0,0,24
23,D,102,H R 586,21-Feb-1991,1:15 PM,On Motion to Suspend the Rules and Pass,REPORTS ON THE COST OF THE PERSIAN GULF OPERATIONS,Passed,149,1,0,16,243,0,0,23,1,0,0,0,393,1,0,39
24,D,102,H RES 19,21-Feb-1991,1:37 PM,MOTION TO TABLE,RESOLUTION OF INQUIRY ON THE PERSIAN GULF CRISIS,Passed,150,0,0,16,239,0,0,27,1,0,0,0,390,0,0,43
25,D,102,S J RES 55,27-Feb-1991,3:56 PM,On Motion to Suspend the Rules and Pass,COMMEMORATING THE 200TH ANNIVERSARY OF U.S./PORTUGESE DIPLOMATIC RELATIONS,Passed,158,0,0,8,252,0,0,14,1,0,0,0,411,0,0,22
26,D,102,H RES 88,28-Feb-1991,12:32 PM,On Agreeing to the Resolution,CONDEMNING CUBA’S HUMAN RIGHTS VIOLATIONS AND COMMENDING THE UN FOR ITS ATTENTION TO THE HUMAN RIGHTS SITUATION IN CUBA,Passed,156,0,0,10,247,1,0,18,1,0,0,0,404,1,0,28
27,D,102,H R 707,5-Mar-1991,4:11 PM,SUSPEND THE RULES AND PASS AS AMENDED,COMMODITY FUTURES IMPROVEMENTS ACT OF 1991,Passed,154,10,0,2,240,17,1,8,1,0,0,0,395,27,1,10
28,D,102,H RES 95,5-Mar-1991,4:21 PM,SUSPEND THE RULES AND AGREE,COMMEND PRESIDENT AND U.S. AND ALLIED TROOPS IN PERSIAN GULF,Passed,164,0,0,2,246,7,4,9,0,1,0,0,410,8,4,11
29,D,102,H R 991,6-Mar-1991,1:58 PM,SUSPEND THE RULES AND PASS AS AMENDED,DEFENSE PRODUCTION ACT EXTENSION AND AMENDMENTS OF 1991,Passed,161,0,0,5,254,0,0,12,1,0,0,0,416,0,0,17
30,D,102,H R 1281,7-Mar-1991,1:54 PM,On Agreeing to the Amendment,None,Failed,11,151,0,4,13,245,0,8,0,1,0,0,24,397,0,12
31,D,102,QUORUM 31,7-Mar-1991,3:21 PM,Call of the House,None,Passed,0,0,161,5,0,0,250,16,0,0,0,1,0,0,411,22
32,D,102,H R 1281,7-Mar-1991,3:30 PM,On Agreeing to the Amendment,None,Failed,91,71,0,4,14,243,0,9,0,1,0,0,105,315,0,13
33,D,102,H R 1281,7-Mar-1991,5:23 PM,On Agreeing to the Amendment,None,Failed,154,6,0,6,23,233,0,10,0,1,0,0,177,240,0,16
34,D,102,H R 1281,7-Mar-1991,6:26 PM,On Agreeing to the Amendment,None,Failed,135,25,0,6,38,218,0,10,0,1,0,0,173,244,0,16
35,D,102,H R 1281,7-Mar-1991,7:42 PM,On Passage,DIRE EMERGENCY SUPPLEMENTAL APPROPRIATIONS,Passed,121,34,0,11,243,9,0,14,1,0,0,0,365,43,0,25
36,D,102,H R 1282,7-Mar-1991,8:13 PM,On Passage,SUPPLEMENTAL APPROPRIATIONS FOR OPERATION DESERT SHIELD/DESERT STORM,Passed,149,1,0,16,230,18,0,18,1,0,0,0,380,19,0,34
37,D,102,H CON RES 45,12-Mar-1991,1:13 PM,SUSPEND THE RULES AND AGREE AS AMENDED,PERMITTING USE OF THE ROTUNDA OF THE CAPITOL FOR A CEREMONY TO COMMEMORATE THE DAYS OF REMEMBRANCE OF VICTIMS OF THE HOLOCAUST,Passed,151,0,0,13,238,0,0,28,0,0,0,1,389,0,0,42
38,D,102,H RES 105,12-Mar-1991,2:34 PM,On Agreeing to the Resolution,PROVIDING FOR THE CONSIDERATION OF H.R. 1315; TO PROVIDE ADDITIONAL FUNDING FOR THE RESOLUTION TRUST CORPORATION,Passed,109,52,0,3,163,93,0,10,0,1,0,0,272,146,0,13
39,D,102,H R 1315,12-Mar-1991,5:26 PM,ON AGREEING TO THE AMENDMENT,None,Failed,6,155,0,3,179,82,0,5,1,0,0,0,186,237,0,8
40,D,102,H R 1315,12-Mar-1991,7:04 PM,On Agreeing to the Amendment,None,Failed,151,11,0,2,39,223,0,4,0,1,0,0,190,235,0,6
41,D,102,H R 1315,12-Mar-1991,8:37 PM,ON AGREEING TO THE AMENDMENT,None,Failed,2,160,0,2,118,143,0,5,1,0,0,0,121,303,0,7
42,D,102,H R 1315,12-Mar-1991,8:56 PM,On Passage,RESOLUTION TRUST CORPORATION FUNDING ACT OF 1991,Failed,120,42,0,2,81,177,1,7,0,1,0,0,201,220,1,9
43,D,102,MOTION,13-Mar-1991,11:26 AM,On Approving the Journal,None,Passed,58,93,0,13,234,5,0,27,0,0,0,1,292,98,0,41
44,D,102,H RES 111,13-Mar-1991,1:33 PM,On Agreeing to the Resolution,PROVIDING FOR THE CONSIDERATION OF H.R. 1175; DESERT STORM EMERGENCY AUTHORIZATION,Passed,0,159,0,5,246,12,0,8,1,0,0,0,247,171,0,13
45,D,102,H R 1175,13-Mar-1991,3:22 PM,On Agreeing to the Amendment,None,Failed,115,47,0,2,60,200,0,6,0,1,0,0,175,248,0,8
46,D,102,H R 1175,13-Mar-1991,4:04 PM,On Agreeing to the Amendment,None,Failed,156,6,0,2,9,253,0,4,0,1,0,0,165,260,0,6
47,D,102,H R 1175,13-Mar-1991,5:17 PM,On Motion to Recommit with Instructions,NATIONAL DEFENSE SUPPLEMENTAL AUTHORIZATION ACT FOR FISCAL YEAR 1991,Failed,138,24,0,2,7,256,0,3,0,1,0,0,145,281,0,5
48,D,102,H R 1175,13-Mar-1991,5:29 PM,On Passage,NATIONAL DEFENSE SUPPLEMENTAL AUTHORIZATION ACT FOR FISCAL YEAR 1991,Passed,145,17,0,2,252,8,0,6,1,0,0,0,398,25,0,8
49,D,102,H RES 112,13-Mar-1991,6:51 PM,MOTION TO CONSIDER,PROVIDING FOR THE CONSIDERATION OF S. 419; TO AMEND THE FEDERAL HOME LOAN BANK ACT TO ENABLE THE RTC TO MEET ITS OBLIGATIONS,Passed,140,13,0,11,187,64,0,15,0,1,0,0,327,78,0,26
50,D,102,S 419,13-Mar-1991,8:44 PM,On Agreeing to the Amendment,None,Agreed to,118,39,0,7,95,157,0,14,0,1,0,0,213,197,0,21
51,D,102,S 419,13-Mar-1991,9:00 PM,On Passage,RESOLUTION TRUST CORPORATION FUNDING ACT OF 1991,Passed,103,39,0,22,89,141,0,37,0,1,0,0,192,181,0,59
52,D,102,H RES 92,20-Mar-1991,4:23 PM,On Ordering the Previous Question,COMMITTEE FUNDING RESOLUTION FOR 1991,Passed,86,76,0,2,259,0,0,7,0,0,0,1,345,76,0,10
53,D,102,H RES 92,20-Mar-1991,4:45 PM,ON AGREEING TO THE RESOLUTION AS AMENDED,COMMITTEE FUNDING RESOLUTION FOR 1991,Passed,106,56,0,2,256,2,0,8,1,0,0,0,363,58,0,10
54,D,102,MOTION,21-Mar-1991,10:22 AM,On Approving the Journal,None,Passed,53,98,0,13,227,3,0,36,0,0,0,1,280,101,0,50
55,D,102,H R 355,21-Mar-1991,1:29 PM,On Passage,TO AMEND THE RECLAMATION STATES DROUGHT ASSISTANCE ACT OF 1988,Passed,139,20,0,5,247,3,0,16,1,0,0,0,387,23,0,21
56,D,102,S 419,21-Mar-1991,2:24 PM,On Agreeing to the Conference Report,RESOLUTION TRUST CORPORATION FUNDING ACT OF 1991,Passed,119,40,0,5,106,147,0,13,0,1,0,0,225,188,0,18
57,D,102,H R 1282,21-Mar-1991,2:58 PM,CLOSING PORTIONS OF CONFERENCE,SUPPLEMENTAL APPROPRIATIONS FOR OPERATION DESERT SHIELD/DESERT STORM,Passed,159,0,0,5,243,0,0,23,0,0,0,1,402,0,0,29
58,D,102,S 725,21-Mar-1991,4:27 PM,On Passage,PERSIAN GULF CONFLICT SUPPLEMENTAL AUTHORIZATION AND PERSONNEL BENEFITS ACT OF 1991,Passed,157,1,0,6,238,3,0,25,1,0,0,0,396,4,0,31
59,D,102,H R 1281,21-Mar-1991,4:56 PM,MOTION TO INSTRUCT CONFEREES,DIRE EMERGENCY SUPPLEMENTAL APPROPRIATIONS,Passed,156,0,0,8,241,2,0,23,1,0,0,0,398,2,0,31
60,D,102,H R 1281,22-Mar-1991,11:25 AM,RECOMMIT THE CONFERENCE REPORT WITHINSTRUCTIONS,None,Failed,85,67,0,12,6,227,0,33,0,1,0,0,91,295,0,45
61,D,102,H R 1281,22-Mar-1991,11:35 AM,On Agreeing to the Conference Report,MAKING DIRE EMERGENCY SUPPLEMENTAL APPROPRIATIONS FOR FY 1991,Passed,124,28,0,12,215,20,0,31,1,0,0,0,340,48,0,43
62,D,102,H R 1282,22-Mar-1991,12:13 PM,On Agreeing to the Conference Report,SUPPLEMENTAL APPROPRIATIONS FOR OPERATION DESERT SHIELD/DESERT STORM,Passed,152,1,0,11,226,10,0,30,1,0,0,0,379,11,0,41
63,D,102,S 534,11-Apr-1991,2:00 PM,On Motion to Suspend the Rules and Pass,TO AWARD A GOLD MEDAL TO GENERAL H. NORMAN SCHWARZKOPF,Passed,154,0,0,10,250,0,1,15,1,0,0,0,405,0,1,25
64,D,102,S 565,11-Apr-1991,2:10 PM,On Motion to Suspend the Rules and Pass,TO AWARD A GOLD MEDAL FOR GENERAL COLIN L. POWELL,Passed,153,0,0,11,247,0,1,18,0,0,0,1,400,0,1,30
65,D,102,H R 1047,11-Apr-1991,2:19 PM,SUSPEND THE RULES AND PASS AS AMENDED,VETERANS BENEFITS IMPROVEMENT ACT,Passed,150,3,0,11,248,0,0,18,1,0,0,0,399,3,0,29
66,D,102,H RES 123,16-Apr-1991,1:40 PM,On Agreeing to the Resolution,PROVIDING FOR THE CONSIDERATION OF H. CON. RES 121; REVISING THE CONGRESSIONAL BUDGET FOR THE U.S. GOVERNMENT FOR FY 1991 AND SETTING FORTH THE BUDGET FOR FY 1992 THRU 1996,Passed,149,8,0,7,243,0,0,23,0,1,0,0,392,9,0,30
67,D,102,H CON RES 121,17-Apr-1991,11:54 AM,On Agreeing to the Amendment,None,Agreed to,39,122,0,3,221,36,0,9,1,0,0,0,261,158,0,12
68,D,102,H CON RES 121,17-Apr-1991,1:13 PM,On Agreeing to the Amendment,None,Failed,78,83,0,3,1,248,0,17,0,1,0,0,79,332,0,20
69,D,102,H CON RES 121,17-Apr-1991,2:33 PM,On Agreeing to the Amendment,None,Failed,105,56,0,3,9,246,0,11,0,1,0,0,114,303,0,14
70,D,102,H CON RES 121,17-Apr-1991,5:16 PM,On Agreeing to the Amendment,None,Failed,89,74,0,1,0,260,0,6,0,1,0,0,89,335,0,7
71,D,102,H CON RES 121,17-Apr-1991,5:55 PM,On Agreeing to the Resolution,REVISING THE CONGRESSIONAL BUDGET FOR THE U.S. GOVERNMENT FOR FY 1991 AND SETTING FORTH THE BUDGET FOR FY 1992 THRU 1996,Passed,18,145,0,1,243,17,0,6,0,1,0,0,261,163,0,7
72,D,102,H J RES 222,17-Apr-1991,10:35 PM,On Passage,RAILROAD LABOR/MANAGEMENT DISPUTES,Passed,156,0,0,8,243,5,0,18,1,0,0,0,400,5,0,26
73,D,102,MOTION,1-May-1991,1:22 PM,On Approving the Journal,None,Passed,51,102,0,11,236,4,1,25,1,0,0,0,288,106,1,36
74,D,102,H R 1236,1-May-1991,5:57 PM,On Agreeing to the Amendment,None,Failed,157,0,0,7,3,247,0,16,0,1,0,0,160,248,0,23
75,D,102,H R 1236,1-May-1991,6:15 PM,On Passage,"NATIONAL FLOOD INSURANCE, MITIGATION, AND EROSION MANAGEMENT ACT OF 1991",Passed,139,18,0,7,248,0,0,18,1,0,0,0,388,18,0,25
76,D,102,H R 1988,2-May-1991,2:59 PM,On Passage,NATIONAL AERONAUTICS AND SPACE ADMINISTRATION MULTIYEAR AUTHORIZATION ACT OF 1991,Passed,143,6,0,15,217,30,0,19,1,0,0,0,361,36,0,34
77,D,102,MOTION,8-May-1991,11:23 AM,On Approving the Journal,None,Passed,60,99,0,5,235,4,0,26,0,0,0,1,295,103,0,32
78,D,102,H R 479,8-May-1991,1:08 PM,SUSPEND THE RULES AND PASS AS AMENDED,DESIGNATING THE CALIFORNIA NATIONAL HISTORIC TRAIL AND PONY EXPRESS NATIONAL HISTORIC TRAIL AS COMPONENTS OF THE NATIONAL TRAILS SYSTEM,Passed,156,0,0,8,252,0,0,13,1,0,0,0,409,0,0,21
79,D,102,H RES 144,8-May-1991,2:44 PM,On Agreeing to the Resolution,"PROVIDING FOR THE CONSIDERATION OF H.R. 7, BRADY HANDGUN VIOLENCE PREVENTION ACT",Passed,152,11,0,1,252,5,0,8,1,0,0,0,405,16,0,9
80,D,102,QUORUM 80,8-May-1991,5:21 PM,Call of the House,None,Passed,0,0,160,4,0,0,249,16,0,0,1,0,0,0,410,20
81,D,102,H R 7,8-May-1991,6:20 PM,On Agreeing to the Amendment,None,Failed,107,56,0,1,85,178,0,2,1,0,0,0,193,234,0,3
82,D,102,H R 7,8-May-1991,6:54 PM,On Motion to Recommit with Instructions,BRADY HANDGUN PREVENTION ACT,Failed,115,48,0,1,46,217,0,2,1,0,0,0,162,265,0,3
83,D,102,H R 7,8-May-1991,7:12 PM,On Passage,BRADY HANDGUN PREVENTION ACT,Passed,60,102,0,2,179,83,0,3,0,1,0,0,239,186,0,5
84,D,102,H R 2251,9-May-1991,12:34 PM,On Passage,DIRE EMERGENCY SUPPLEMENTAL APPROPRIATIONS FOR HUMANITARIAN ASSISTANCE TO REFUGEES AND DISPLACED PERSONS IN AND AROUND IRAQ FOR FY 1991,Passed,138,15,0,11,245,10,0,10,1,0,0,0,384,25,0,21
85,D,102,H CON RES 121,9-May-1991,2:05 PM,PREVIOUS QUESTION ON MOTION TO INSTRUCT CONFEREES,"CONGRESSIONAL BUDGET FOR THE UNITED STATES GOVERNMENT FOR FISCAL YEARS 1992, 1993, 1994, 1995 AND 1996",Failed,131,29,0,4,1,254,0,10,0,1,0,0,132,284,0,14
86,D,102,QUORUM 86,14-May-1991,4:07 PM,Call of the House,None,Passed,0,0,155,9,0,0,239,26,0,0,1,0,0,0,395,35
87,D,102,S 248,14-May-1991,4:16 PM,On Agreeing to the Amendment,None,Failed,93,63,0,8,16,229,0,20,0,1,0,0,109,293,0,28
88,D,102,S 248,14-May-1991,5:14 PM,On Agreeing to the Amendment,None,Failed,100,59,0,5,24,223,0,18,0,1,0,0,124,283,0,23
89,D,102,S 248,14-May-1991,5:36 PM,On Passage,NIOBRARA SCENIC RIVER DESIGNATION ACT OF 1991,Passed,91,66,0,7,241,5,0,19,1,0,0,0,333,71,0,26
90,D,102,H R 1415,15-May-1991,2:04 PM,On Agreeing to the Amendment,None,Agreed to,6,155,0,3,216,30,0,19,1,0,0,0,223,185,0,22
91,D,102,H R 1415,15-May-1991,2:29 PM,On Agreeing to the Amendment,None,Failed,153,5,0,6,43,201,0,21,0,1,0,0,196,207,0,27
92,D,102,H R 1415,15-May-1991,2:52 PM,On Agreeing to the Amendment,None,Agreed to,160,0,0,4,253,0,0,12,1,0,0,0,414,0,0,16
93,D,102,H R 1415,15-May-1991,4:55 PM,On Agreeing to the Amendment,None,Failed,118,42,0,4,27,222,0,16,0,1,0,0,145,265,0,20
94,D,102,H R 1415,15-May-1991,6:46 PM,On Agreeing to the Amendment,None,Failed,55,106,0,3,133,118,0,14,1,0,0,0,189,224,0,17
95,D,102,H R 1415,15-May-1991,7:43 PM,On Agreeing to the Amendment,None,Failed,110,50,0,4,45,197,0,23,0,1,0,0,155,248,0,27
96,D,102,H RES 156,20-May-1991,2:20 PM,On Agreeing to the Resolution,PROVIDING FOR THE CONSIDERATION OF H.R. 2100; DEPARTMENT OF DEFENSE AUTHORIZATION ACT FOR FY 1992 AND 1993,Passed,82,51,0,31,177,5,0,83,1,0,0,0,260,56,0,114
97,D,102,H R 2100,20-May-1991,5:29 PM,On Agreeing to the Amendment,None,Failed,2,149,0,13,115,117,0,33,1,0,0,0,118,266,0,46
98,D,102,H R 2100,20-May-1991,6:33 PM,On Agreeing to the Amendment,None,Agreed to,88,65,0,11,146,92,0,27,1,0,0,0,235,157,0,38
99,D,102,H R 2100,21-May-1991,12:13 PM,On Agreeing to the Amendment,None,Failed,122,37,0,5,5,249,0,11,0,1,0,0,127,287,0,16
100,D,102,H R 2100,21-May-1991,2:36 PM,On Agreeing to the Amendment,None,Agreed to,37,124,0,3,222,39,0,4,1,0,0,0,260,163,0,7
101,D,102,H R 2100,21-May-1991,3:43 PM,On Agreeing to the Amendment,None,Failed,9,151,0,4,157,104,0,4,1,0,0,0,167,255,0,8
102,D,102,H R 2100,21-May-1991,4:48 PM,On Agreeing to the Amendment,None,Agreed to,103,56,0,5,253,2,0,10,1,0,0,0,357,58,0,15
103,D,102,H R 2100,21-May-1991,5:45 PM,On Agreeing to the Amendment,None,Failed,8,151,0,5,134,124,0,7,1,0,0,0,143,275,0,12
104,D,102,MOTION,22-May-1991,10:24 AM,On Approving the Journal,None,Passed,49,100,0,15,235,5,2,23,0,0,0,1,284,105,2,39
105,D,102,H R 2100,22-May-1991,1:33 PM,On Agreeing to the Amendment,None,Failed,150,14,0,1,11,250,0,4,0,1,0,0,161,265,0,5
106,D,102,H R 2100,22-May-1991,1:42 PM,On Agreeing to the Amendment,None,Failed,28,136,0,1,80,181,0,4,1,0,0,0,109,317,0,5
107,D,102,H R 2100,22-May-1991,1:50 PM,On Agreeing to the Amendment,None,Failed,124,40,0,1,33,228,0,4,0,1,0,0,157,269,0,5
108,D,102,H R 2100,22-May-1991,2:01 PM,On Agreeing to the Amendment,None,Failed,137,27,0,1,60,203,0,2,0,1,0,0,197,231,0,3
109,D,102,H R 2100,22-May-1991,2:10 PM,On Agreeing to the Amendment,None,Agreed to,35,129,0,1,184,79,0,2,1,0,0,0,220,208,0,3
110,D,102,H R 2100,22-May-1991,3:25 PM,On Passage,NATIONAL DEFENSE AUTHORIZATION ACT FOR FISCAL YEARS 1992 AND 1993,Passed,26,138,0,1,242,22,0,1,0,1,0,0,268,161,0,2
111,D,102,H RES 157,22-May-1991,4:30 PM,On Agreeing to the Resolution,"WAIVING ALL POINTS OF ORDER AGAINST THE CONFERENCE REPORT ON H. CON. RES. 121, CONGRESSIONAL BUDGET FOR U.S. GOVERNMENT FOR FY 92/96",Passed,0,164,0,1,256,0,0,9,1,0,0,0,257,164,0,10
112,D,102,H CON RES 121,22-May-1991,5:47 PM,On Agreeing to the Conference Report,"CONGRESSIONAL BUDGET FOR THE UNITED STATES GOVERNMENT FOR FISCAL YEARS 1992, 1993, 1994, 1995 AND 1996",Passed,8,155,0,2,231,25,0,9,0,1,0,0,239,181,0,11
113,D,102,H R 2251,22-May-1991,6:18 PM,On Agreeing to the Conference Report,DIRE EMERGENCY SUPPLEMENTAL APPROPRIATIONS FOR HUMANITARIAN ASSISTANCE TO REFUGEES AND DISPLACED PERSONS IN AND AROUND IRAQ FOR FY 1991,Passed,143,18,0,4,243,15,0,7,1,0,0,0,387,33,0,11
114,D,102,H RES 158,23-May-1991,11:36 AM,On Agreeing to the Resolution,"PROVIDING FOR CONSIDERATION OF TWO RESOLUTIONS, H. RES. 101 AND H. RES. 146, ON THE SUBJECT OF FAST TRACK PROCEDURES FOR CONSIDERATION OF BILLS TO IMPLEMENT TRADE AGREEMENTS",Passed,144,17,0,4,129,131,0,5,1,0,0,0,274,148,0,9
115,D,102,H RES 101,23-May-1991,2:46 PM,On Agreeing to the Resolution,DISAPPROVING THE EXTENSION OF FAST TRACK PROCEDURES TO BILLS TO IMPLEMENT TRADE AGREEMENTS,Failed,21,140,0,4,170,91,0,4,1,0,0,0,192,231,0,8
116,D,102,H RES 146,23-May-1991,4:29 PM,On Agreeing to the Resolution,EXPRESSING THE SENSE OF THE HOUSE WITH RESPECT TO THE UNITED STATES OBJECTIVES ACHIEVED IN THE NEGOTIATION OF FUTURE TRADE AGREEMENTS,Passed,156,4,0,5,173,80,0,12,0,1,0,0,329,85,0,17
117,D,102,H R 2427,29-May-1991,5:54 PM,On Agreeing to the Amendment,None,Failed,58,101,0,6,106,150,0,9,1,0,0,0,165,251,0,15
118,D,102,H R 2427,29-May-1991,6:45 PM,On Agreeing to the Amendment,None,Failed,76,83,0,6,16,236,0,13,0,1,0,0,92,320,0,19
119,D,102,H R 2427,29-May-1991,7:08 PM,On Passage,ENERGY AND WATER DEVELOPMENT APPROPRIATIONS FOR FY 1992,Passed,140,19,0,6,252,4,0,9,0,1,0,0,392,24,0,15
120,D,102,H RES 159,30-May-1991,10:34 AM,On Agreeing to the Resolution,WAIVING CERTAIN POINTS OF ORDER DURING CONSIDERATION OF H.R. 2426; MILITARY CONSTRUCTION APPROPRIATIONS FOR FY 1992,Passed,143,4,0,18,247,0,0,18,0,0,0,1,390,4,0,37
121,D,102,H R 2426,30-May-1991,11:35 AM,On Passage,MILITARY CONSTRUCTION APPROPRIATIONS FOR FY 1992,Passed,143,15,0,7,248,3,0,14,1,0,0,0,392,18,0,21
122,D,102,H R 1642,3-Jun-1991,4:43 PM,SUSPEND THE RULES AND PASS AS AMENDED,PALO ALTO BATTLEFIELD NATIONAL HISTORIC SITE,Passed,123,8,0,34,200,0,0,65,0,0,0,1,323,8,0,100
123,D,102,H R 2042,3-Jun-1991,4:51 PM,SUSPEND THE RULES AND PASS,FEDERAL FIRE PREVENTION AND CONTROL,Passed,126,5,0,34,200,0,0,65,0,0,0,1,326,5,0,100
124,D,102,S 483,3-Jun-1991,5:01 PM,SUSPEND THE RULES AND PASS,TACONIC MOUNTAINS PROTECTION ACT OF 1991,Passed,116,15,0,34,200,0,0,65,0,0,0,1,316,15,0,100
125,D,102,H RES 162,4-Jun-1991,2:03 PM,On Ordering the Previous Question,PROVIDING FOR THE CONSIDERATION OF H.R. 1; CIVIL RIGHTS ACT OF 1991,Passed,0,164,0,1,258,1,0,6,1,0,0,0,259,165,0,7
126,D,102,H RES 162,4-Jun-1991,2:21 PM,On Agreeing to the Resolution,PROVIDING FOR THE CONSIDERATION OF H.R. 1; CIVIL RIGHTS ACT OF 1991,Passed,6,159,0,0,240,16,0,9,1,0,0,0,247,175,0,9
127,D,102,H R 1,4-Jun-1991,7:46 PM,On Agreeing to the Amendment,None,Failed,6,159,0,0,145,118,0,2,1,0,0,0,152,277,0,2
128,D,102,H R 1,4-Jun-1991,9:28 PM,On Agreeing to the Amendment,None,Failed,146,19,0,0,16,246,0,3,0,1,0,0,162,266,0,3
129,D,102,MOTION,5-Jun-1991,10:25 AM,On Approving the Journal,None,Passed,46,109,1,9,236,7,0,22,0,0,0,1,282,116,1,32
130,D,102,H R 1,5-Jun-1991,12:30 PM,On Agreeing to the Amendment,None,Agreed to,22,143,0,0,241,23,0,1,1,0,0,0,264,166,0,1
131,D,102,H R 1,5-Jun-1991,12:55 PM,On Passage,CIVIL RIGHTS ACT OF 1991,Passed,22,143,0,0,250,15,0,1,1,0,0,0,273,158,0,1
132,D,102,H R 2506,5-Jun-1991,2:08 PM,ON AGREEING TO THE AMENDMENTS,None,Failed,127,38,0,0,23,237,0,5,0,1,0,0,150,276,0,5
133,D,102,H R 2506,5-Jun-1991,2:51 PM,On Agreeing to the Amendment,None,Failed,142,22,0,1,55,205,0,5,1,0,0,0,198,227,0,6
134,D,102,QUORUM 134,5-Jun-1991,3:45 PM,Call of the House,None,Passed,0,0,164,1,0,0,254,11,0,0,1,0,0,0,419,12
135,D,102,H R 2506,5-Jun-1991,3:53 PM,On Agreeing to the Amendment,None,Failed,138,26,0,1,33,228,0,4,0,1,0,0,171,255,0,5
136,D,102,H R 2506,5-Jun-1991,5:29 PM,On Agreeing to the Amendment,None,Failed,128,37,0,0,2,256,0,7,0,1,0,0,130,294,0,7
137,D,102,H R 2506,5-Jun-1991,6:15 PM,On Passage,"LEGISLATIVE BRANCH APPROPRIATION, FY 1992",Passed,59,104,0,2,248,6,0,11,1,0,0,0,308,110,0,13
138,D,102,H RES 166,6-Jun-1991,11:01 AM,On Agreeing to the Resolution,"WAIVING CERTAIN POINTS OF ORDER DURING CONSIDERATION OF H.R. 2519; VA, HUD APPROPRIATIONS FOR FISCAL YEAR 1992",Passed,150,14,0,1,253,0,0,12,1,0,0,0,404,14,0,13
139,D,102,QUORUM 139,6-Jun-1991,4:51 PM,Call of the House,None,Passed,0,0,165,0,0,0,247,18,0,0,1,0,0,0,413,18
140,D,102,H R 2519,6-Jun-1991,5:00 PM,On Agreeing to the Amendment,None,Failed,12,153,0,0,109,143,0,13,1,0,0,0,122,296,0,13
141,D,102,H R 2519,6-Jun-1991,7:25 PM,ON AGREEING TO THE AMENDMENTS,None,Agreed to,133,27,0,5,107,145,0,13,0,1,0,0,240,173,0,18
142,D,102,H R 2519,6-Jun-1991,9:02 PM,ON AGREEING TO THE AMENDMENTS,None,Agreed to,151,5,0,9,65,177,0,23,0,1,0,0,216,183,0,32
143,D,102,H R 2519,6-Jun-1991,9:56 PM,On Passage,"VA, HUD APPROPRIATIONS FOR FISCAL YEAR 1992",Passed,142,16,0,7,220,23,0,22,1,0,0,0,363,39,0,29
144,D,102,H R 2521,7-Jun-1991,11:56 AM,On Agreeing to the Amendment,None,Failed,14,138,0,13,140,91,0,34,1,0,0,0,155,229,0,47
145,D,102,H R 2521,7-Jun-1991,12:51 PM,On Passage,DEPARTMENT OF DEFENSE APPROPRIATIONS FOR FY 1992,Passed,76,74,0,15,197,30,0,38,0,1,0,0,273,105,0,53
146,D,102,H R 2038,11-Jun-1991,4:40 PM,On Agreeing to the Amendment,None,Failed,128,21,0,16,41,212,0,12,0,1,0,0,169,234,0,28
147,D,102,H R 26,11-Jun-1991,5:18 PM,On Motion to Suspend the Rules and Pass,MONEY LAUNDERING ENFORCEMENT AMENDMENTS OF 1991,Passed,152,0,0,13,253,0,0,12,1,0,0,0,406,0,0,25
148,D,102,H R 2508,12-Jun-1991,1:39 PM,On Agreeing to the Amendment,None,Agreed to,40,121,0,4,193,67,0,5,1,0,0,0,234,188,0,9
149,D,102,H R 2508,12-Jun-1991,2:51 PM,On Agreeing to the Amendment,None,Agreed to,35,126,0,4,186,74,0,5,1,0,0,0,222,200,0,9
150,D,102,H R 2508,12-Jun-1991,4:07 PM,On Agreeing to the Amendment,None,Failed,96,64,0,5,79,181,0,5,0,1,0,0,175,246,0,10
151,D,102,H R 2508,12-Jun-1991,7:21 PM,On Agreeing to the Amendment,None,Failed,116,37,0,12,35,214,0,16,0,1,0,0,151,252,0,28
152,D,102,H R 2608,13-Jun-1991,3:13 PM,On Agreeing to the Amendment,None,Failed,106,55,0,4,16,239,0,10,0,1,0,0,122,295,0,14
153,D,102,H R 2608,13-Jun-1991,3:42 PM,On Motion to Recommit with Instructions,"DEPARTMENTS OF COMMERCE, JUSTICE, AND STATE, JUDICIARY APPROPRIATIONS FOR FY 1992",Failed,138,23,0,4,13,243,0,9,0,1,0,0,151,267,0,13
154,D,102,H R 2608,13-Jun-1991,3:50 PM,On Passage,"DEPARTMENTS OF COMMERCE, JUSTICE, AND STATE, JUDICIARY APPROPRIATIONS FOR FY 1992",Passed,90,70,0,5,247,10,0,8,1,0,0,0,338,80,0,13
155,D,102,H R 2508,13-Jun-1991,5:21 PM,ON AGREEING TO THE AMENDMENT,None,Agreed to,115,35,0,15,126,106,0,33,1,0,0,0,242,141,0,48
156,D,102,MOTION,18-Jun-1991,12:26 PM,On Approving the Journal,None,Passed,46,95,1,23,235,7,0,23,0,0,0,1,281,102,1,47
157,D,102,H RES 176,18-Jun-1991,2:40 PM,On Ordering the Previous Question,"WAIVING CERTAIN POINTS OF ORDER DURING CONSIDERATION OF H.R. 2622; TREASURY, POSTAL SERVICE, EXECUTIVE AND INDEPENDENT AGENCIES APPROPRIATIONS FOR FISCAL YEAR 1992",Passed,0,157,0,8,251,5,0,10,1,0,0,0,252,162,0,18
158,D,102,H RES 176,18-Jun-1991,2:57 PM,On Agreeing to the Resolution,"WAIVING CERTAIN POINTS OF ORDER DURING CONSIDERATION OF H.R. 2622; TREASURY, POSTAL SERVICE, EXECUTIVE AND INDEPENDENT AGENCIES APPROPRIATIONS FOR FISCAL YEAR 1992",Passed,0,158,0,7,252,5,0,9,1,0,0,0,253,163,0,16
159,D,102,H R 2622,18-Jun-1991,4:53 PM,On Agreeing to the Amendment,None,Agreed to,157,1,0,7,253,0,0,13,1,0,0,0,411,1,0,20
160,D,102,H R 2622,18-Jun-1991,5:26 PM,On Agreeing to the Amendment,None,Agreed to,158,0,0,7,252,0,0,14,1,0,0,0,411,0,0,21
161,D,102,H R 2622,18-Jun-1991,5:52 PM,On Agreeing to the Amendment,None,Agreed to,160,0,0,5,251,0,0,15,1,0,0,0,412,0,0,20
162,D,102,H R 2622,18-Jun-1991,6:38 PM,On Agreeing to the Amendment,None,Agreed to,160,0,0,5,236,15,0,15,1,0,0,0,397,15,0,20
163,D,102,H R 2622,18-Jun-1991,10:02 PM,On Agreeing to the Amendment,None,Agreed to,153,0,0,12,187,52,0,27,1,0,0,0,341,52,0,39
164,D,102,H R 2622,18-Jun-1991,10:23 PM,On Passage,"TREASURY, POSTAL SERVICE, EXECUTIVE AND INDEPENDENT AGENCIES APPROPRIATIONS FOR FISCAL YEAR 1992",Passed,109,44,0,12,239,4,0,23,1,0,0,0,349,48,0,35
165,D,102,MOTION,19-Jun-1991,10:26 AM,On Approving the Journal,None,Passed,47,104,1,13,243,6,0,17,1,0,0,0,291,110,1,30
166,D,102,H R 2508,19-Jun-1991,11:26 AM,On Agreeing to the Amendment,None,Failed,145,15,0,5,5,251,0,10,0,1,0,0,150,267,0,15
167,D,102,H R 2508,19-Jun-1991,11:43 AM,On Agreeing to the Amendment,None,Agreed to,134,27,0,4,82,175,0,9,0,1,0,0,216,203,0,13
168,D,102,H R 2508,19-Jun-1991,12:42 PM,On Agreeing to the Amendment,None,Agreed to,100,61,0,4,215,44,0,7,0,0,0,1,315,105,0,12
169,D,102,H R 2508,19-Jun-1991,1:08 PM,On Agreeing to the Amendment,None,Agreed to,78,84,0,3,210,51,0,5,1,0,0,0,289,135,0,8
170,D,102,H R 2508,19-Jun-1991,1:33 PM,On Agreeing to the Amendment,None,Agreed to,158,1,0,6,251,7,0,8,1,0,0,0,410,8,0,14
171,D,102,H R 2508,19-Jun-1991,1:55 PM,On Agreeing to the Amendment,None,Agreed to,160,0,0,5,249,4,2,11,1,0,0,0,410,4,2,16
172,D,102,H R 2508,19-Jun-1991,2:50 PM,On Agreeing to the Amendment,None,Agreed to,162,0,0,3,258,1,1,6,1,0,0,0,421,1,1,9
173,D,102,H R 2508,19-Jun-1991,3:01 PM,On Agreeing to the Amendment,None,Failed,10,151,1,3,33,227,0,6,1,0,0,0,44,378,1,9
174,D,102,H R 2508,19-Jun-1991,3:40 PM,On Agreeing to the Amendment,None,Agreed to,73,88,1,3,215,39,0,12,1,0,0,0,289,127,1,15
175,D,102,H R 2508,19-Jun-1991,4:34 PM,On Agreeing to the Amendment,None,Failed,2,157,0,6,127,129,0,10,1,0,0,0,130,286,0,16
176,D,102,H R 2508,19-Jun-1991,5:07 PM,On Agreeing to the Amendment,None,Agreed to,159,1,0,5,215,39,0,12,0,1,0,0,374,41,0,17
177,D,102,H R 2508,19-Jun-1991,5:15 PM,On Agreeing to the Amendment,None,Agreed to,158,1,0,6,228,27,0,11,0,1,0,0,386,29,0,17
178,D,102,H R 2508,19-Jun-1991,6:03 PM,On Agreeing to the Amendment,None,Agreed to,70,87,1,7,201,56,0,9,0,1,0,0,271,144,1,16
179,D,102,H R 2508,19-Jun-1991,6:37 PM,On Agreeing to the Amendment,None,Failed,110,46,1,8,72,182,0,12,0,1,0,0,182,229,1,20
180,D,102,H RES 177,19-Jun-1991,7:56 PM,On Agreeing to the Resolution,"WAIVING CERTAIN POINTS OF ORDER DURING CONSIDERATION OF H.R. 2621; FOREIGN OPERATIONS, EXPORT FINANCING, AND RELATED PROGRAMS APPROPRIATIONS ACT, 1992",Passed,24,127,0,14,239,8,0,19,1,0,0,0,264,135,0,33
181,D,102,H R 2621,19-Jun-1991,9:36 PM,On Passage,"FOREIGN OPERATIONS, EXPORT FINANCING, AND RELATED PROGRAMS APPROPRIATIONS ACT, 1992",Passed,103,52,0,10,197,50,0,19,1,0,0,0,301,102,0,29
182,D,102,H R 2508,20-Jun-1991,12:05 PM,On Agreeing to the Amendment,None,Failed,0,158,0,7,16,240,0,10,0,1,0,0,16,399,0,17
183,D,102,H R 2508,20-Jun-1991,12:45 PM,ON AGREEING TO THE AMENDMENT,None,Agreed to,152,5,0,8,127,128,0,11,0,1,0,0,279,134,0,19
184,D,102,H R 2508,20-Jun-1991,1:04 PM,On Agreeing to the Amendment,None,Agreed to,156,0,0,9,253,0,0,13,1,0,0,0,410,0,0,22
185,D,102,H R 2508,20-Jun-1991,1:41 PM,On Passage,FOREIGN ASSISTANCE AUTHORIZATION FOR FY 1992 AND 1993,Passed,77,80,0,8,196,58,0,12,1,0,0,0,274,138,0,20
186,D,102,H R 429,20-Jun-1991,3:32 PM,On Agreeing to the Amendment,None,Agreed to,77,74,0,14,222,21,0,23,1,0,0,0,300,95,0,37
187,D,102,H R 429,20-Jun-1991,4:42 PM,On Passage,RECLAMATION PROJECTS AUTHORIZATION AND ADJUSTMENT ACT OF 1991,Passed,123,21,0,21,236,3,0,27,1,0,0,0,360,24,0,48
188,D,102,H RES 179,24-Jun-1991,4:06 PM,On Agreeing to the Resolution,"WAIVING CERTAIN POINTS OF ORDER DURING CONSIDERATION OF H.R. 2686; DEPARTMENT OF THE INTERIOR AND RELATED AGENCIES APPROPRIATIONS ACT, 1992",Passed,2,141,0,22,197,27,1,41,1,0,0,0,200,168,1,63
189,D,102,QUORUM 189,25-Jun-1991,1:22 PM,Call of the House,None,Passed,0,0,161,4,0,0,253,13,0,0,1,0,0,0,415,17
190,D,102,H R 2686,25-Jun-1991,1:33 PM,On Agreeing to the Amendment,None,Failed,95,67,0,3,9,250,0,7,0,1,0,0,104,318,0,10
191,D,102,H R 2686,25-Jun-1991,2:43 PM,On Agreeing to the Amendment,None,Failed,83,81,0,1,9,241,0,16,0,1,0,0,92,323,0,17
192,D,102,H R 2686,25-Jun-1991,3:46 PM,On Agreeing to the Amendment,None,Failed,54,110,0,1,12,250,0,4,0,1,0,0,66,361,0,5
193,D,102,H R 2686,25-Jun-1991,4:43 PM,On Agreeing to the Amendment,None,Failed,124,38,0,3,72,189,0,5,0,1,0,0,196,228,0,8
194,D,102,H R 2686,25-Jun-1991,6:30 PM,On Agreeing to the Amendment,None,Agreed to,47,114,0,4,184,78,0,4,1,0,0,0,232,192,0,8
195,D,102,H R 2686,25-Jun-1991,7:06 PM,On Agreeing to the Amendment,None,Failed,127,31,0,7,42,217,0,7,0,1,0,0,169,249,0,14
196,D,102,H R 2686,25-Jun-1991,7:28 PM,On Passage,"DEPARTMENT OF THE INTERIOR AND RELATED AGENCIES APPROPRIATIONS ACT, 1992",Passed,92,66,0,7,252,10,0,4,1,0,0,0,345,76,0,11
197,D,102,H R 2699,26-Jun-1991,11:46 AM,On Agreeing to the Amendment,None,Failed,114,45,0,6,39,224,0,3,0,1,0,0,153,270,0,9
198,D,102,H R 2699,26-Jun-1991,12:32 PM,On Passage,"DISTRICT OF COLUMBIA APPROPRIATIONS ACT, 1992",Passed,54,105,0,6,245,18,0,3,1,0,0,0,300,123,0,9
199,D,102,H R 2707,26-Jun-1991,2:19 PM,On Agreeing to the Amendment,None,Failed,54,104,0,7,1,261,0,4,0,1,0,0,55,366,0,11
200,D,102,H R 2707,26-Jun-1991,4:46 PM,On Passage,"DEPARTMENT OF LABOR, HEALTH AND HUMAN SERVICES, AND EDUCATION, AND RELATED AGENCIES APPROPRIATIONS ACT, 1992",Passed,95,66,0,4,257,8,0,1,1,0,0,0,353,74,0,5
201,D,102,H R 2698,26-Jun-1991,7:33 PM,On Passage,AGRICULTURE APPROPRIATIONS FOR FY 1992,Passed,120,41,0,4,247,7,0,12,1,0,0,0,368,48,0,16
202,D,102,MOTION,10-Jul-1991,12:23 PM,On Approving the Journal,None,Passed,52,100,0,13,240,3,0,23,0,0,0,1,292,103,0,37
203,D,102,H J RES 263,10-Jul-1991,4:33 PM,On Passage,DISAPPROVING THE EXTENTION OF MOST FAVORED NATION TREATMENT TO THE PRODUCTS OF CHINA,Passed,51,112,0,3,171,92,0,3,1,0,0,0,223,204,0,6
204,D,102,H R 2212,10-Jul-1991,7:36 PM,On Motion to Recommit with Instructions,REGARDING THE EXTENTION OF MOST FAVORED NATION TREATMENT TO THE PRODUCTS OF CHINA,Failed,94,69,0,3,24,238,0,4,0,1,0,0,118,308,0,7
205,D,102,H R 2212,10-Jul-1991,7:46 PM,On Passage,REGARDING THE EXTENTION OF MOST FAVORED NATION TREATMENT TO THE PRODUCTS OF CHINA,Passed,82,81,0,3,230,31,0,5,1,0,0,0,313,112,0,8
206,D,102,H R 1989,16-Jul-1991,3:26 PM,On Agreeing to the Amendment,None,Failed,160,2,0,4,12,243,0,11,0,1,0,0,172,246,0,15
207,D,102,H R 1989,16-Jul-1991,4:24 PM,On Passage,AMERICAN TECHNOLOGY PREEMINENCE ACT OF 1991,Passed,42,120,0,4,253,2,0,11,1,0,0,0,296,122,0,15
208,D,102,ADJOURN,16-Jul-1991,7:30 PM,,None,Passed,23,74,0,69,163,1,0,102,0,0,0,1,186,75,0,172
209,D,102,H RES 195,17-Jul-1991,11:38 AM,On Ordering the Previous Question,"PROVIDING FOR THE CONSIDERATION OF H.R. 5, TO AMEND THE NATIONAL LABOR RELATIONS ACT AND THE RAILWAY ACT TO PREVENT DISCRIMINATION BASED ON PARTICIPATION IN LABOR DISPUTES",Passed,6,156,0,4,255,1,0,10,1,0,0,0,262,157,0,14
210,D,102,H RES 195,17-Jul-1991,11:57 AM,On Agreeing to the Resolution,"PROVIDING FOR THE CONSIDERATION OF H.R. 5, TO AMEND THE NATIONAL LABOR RELATIONS ACT AND THE RAILWAY ACT TO PREVENT DISCRIMINATION BASED ON PARTICIPATION IN LABOR DISPUTES",Passed,13,149,0,4,251,4,0,11,1,0,0,0,265,153,0,15
211,D,102,H R 5,17-Jul-1991,4:01 PM,On Agreeing to the Amendment,None,Failed,27,138,0,1,1,260,0,5,0,1,0,0,28,399,0,6
212,D,102,H R 5,17-Jul-1991,5:37 PM,On Agreeing to the Amendment,None,Agreed to,17,148,0,1,234,26,0,6,1,0,0,0,252,174,0,7
213,D,102,H R 5,17-Jul-1991,6:10 PM,On Passage,TO AMEND THE NATIONAL LABOR RELATIONS ACT AND THE RAILWAY LABOR ACT TO PREVENT DISCRIMINATION BASED ON PARTICIPATION IN LABOR DISPUTES,Passed,16,149,0,1,230,33,0,4,1,0,0,0,247,182,0,5
214,D,102,H R 1776,18-Jul-1991,12:29 PM,On Agreeing to the Amendment,None,Agreed to,160,2,0,4,251,4,0,11,1,0,0,0,412,6,0,15
215,D,102,H R 1776,18-Jul-1991,1:33 PM,On Agreeing to the Amendment,None,Failed,131,31,0,4,46,208,0,12,0,1,0,0,177,240,0,16
216,D,102,H R 1776,18-Jul-1991,1:42 PM,On Agreeing to the Amendment,None,Failed,136,26,0,4,68,186,0,12,0,1,0,0,204,213,0,16
217,D,102,MOTION,23-Jul-1991,12:25 PM,On Approving the Journal,None,Passed,48,99,0,19,225,5,0,36,1,0,0,0,274,104,0,55
218,D,102,H R 1096,23-Jul-1991,4:39 PM,On Agreeing to the Amendment,None,Agreed to,63,98,0,5,190,67,0,9,1,0,0,0,254,165,0,14
219,D,102,QUORUM 219,24-Jul-1991,2:57 PM,Call of the House,None,Passed,0,0,162,4,0,0,252,14,0,0,1,0,0,0,415,18
220,D,102,H R 2942,24-Jul-1991,3:05 PM,On Agreeing to the Amendment,None,Failed,37,127,0,2,46,212,0,8,1,0,0,0,84,339,0,10
221,D,102,H R 2942,24-Jul-1991,4:30 PM,On Agreeing to the Amendment,None,Failed,58,105,0,3,2,260,0,4,1,0,0,0,61,365,0,7
222,D,102,QUORUM 222,24-Jul-1991,5:35 PM,Call of the House,None,Passed,0,0,161,5,0,0,252,14,0,0,1,0,0,0,414,19
223,D,102,H R 2942,24-Jul-1991,5:43 PM,On Agreeing to the Amendment,None,Failed,59,105,0,2,5,256,0,5,0,1,0,0,64,362,0,7
224,D,102,H R 2942,24-Jul-1991,6:10 PM,On Passage,"DEPARTMENT OF TRANSPORTATION AND RELATED AGENCIES APPROPRIATIONS ACT, 1992",Passed,120,42,0,4,258,5,0,3,1,0,0,0,379,47,0,7
225,D,102,H R 2893,25-Jul-1991,10:28 AM,On Motion to Suspend the Rules and Pass,AGRICULTURAL DISASTER ASSISTANCE ACT,Passed,90,63,0,13,237,4,0,25,1,0,0,0,328,67,0,38
226,D,102,H R 2507,25-Jul-1991,1:26 PM,On Agreeing to the Amendment,None,Agreed to,33,123,0,10,237,19,0,10,1,0,0,0,271,142,0,20
227,D,102,H R 2507,25-Jul-1991,3:02 PM,On Agreeing to the Amendment,None,Agreed to,45,115,0,6,237,22,0,7,1,0,0,0,283,137,0,13
228,D,102,H R 2507,25-Jul-1991,3:30 PM,On Agreeing to the Amendment,None,Failed,108,52,0,6,24,230,0,12,0,1,0,0,132,283,0,18
229,D,102,H R 2507,25-Jul-1991,3:52 PM,On Passage,NATIONAL INSTITUTES OF HEALTH REVITALIZATION AMENDMENTS OF 1991,Passed,40,119,0,7,233,25,0,8,1,0,0,0,274,144,0,15
230,D,102,H RES 206,30-Jul-1991,2:21 PM,On Agreeing to the Resolution,PROVIDING FOR THE CONSIDERATION OF H.J. RES. 313; OVERSEAS DEFENSE BASE CLOSURE AND REALIGNMENT,Passed,2,160,0,4,259,1,0,6,1,0,0,0,262,161,0,10
231,D,102,H J RES 313,30-Jul-1991,3:59 PM,On Passage,OVERSEAS DEFENSE BASE CLOSURE AND REALIGNMENT,Passed,150,14,0,2,261,0,0,5,1,0,0,0,412,14,0,7
232,D,102,H J RES 308,30-Jul-1991,6:36 PM,On Passage,DISAPPROVING THE RECOMMENDATIONS OF THE DEFENSE BASE CLOSURE AND REALIGNMENT COMMISSION,Failed,14,150,0,2,46,213,0,7,0,1,0,0,60,364,0,9
233,D,102,ADJOURN,30-Jul-1991,8:30 PM,,None,Passed,1,72,0,93,108,0,0,158,0,0,0,1,109,72,0,252
234,D,102,MOTION,31-Jul-1991,11:29 AM,On Approving the Journal,None,Passed,36,126,1,3,243,6,0,17,1,0,0,0,280,132,1,20
235,D,102,ADJOURN,31-Jul-1991,1:11 PM,,None,Failed,129,33,0,4,0,261,0,5,0,1,0,0,129,295,0,9
236,D,102,H R 1455,31-Jul-1991,2:19 PM,On Ordering the Previous Question,"INTELLIGENCE AUTHORIZATION ACT, FY 1991",Passed,164,0,0,2,258,0,0,8,0,0,0,1,422,0,0,11
237,D,102,H R 1455,31-Jul-1991,2:38 PM,On Agreeing to the Conference Report,"INTELLIGENCE AUTHORIZATION ACT, FY 1991",Passed,163,0,0,3,256,3,0,7,0,1,0,0,419,4,0,10
238,D,102,H R 1455,31-Jul-1991,3:01 PM,TABLE MOTION TO RECONSIDER CONFERENCE REPORT,"INTELLIGENCE AUTHORIZATION ACT, FY 1991",Passed,162,3,0,1,262,0,0,4,1,0,0,0,425,3,0,5
239,D,102,H R 3029,31-Jul-1991,3:23 PM,On Motion to Suspend the Rules and Pass,"FOOD, AGRICULTURE, CONSERVATION, AND TRADE ACT AMENDMENTS OF1991",Passed,159,4,0,3,257,1,0,8,1,0,0,0,417,5,0,11
240,D,102,H R 3029,31-Jul-1991,3:43 PM,TABLE MOTION TO RECONSIDER,"FOOD, AGRICULTURE, CONSERVATION, AND TRADE ACT AMENDMENTS OF1991",Passed,161,4,0,1,260,0,0,6,1,0,0,0,422,4,0,7
241,D,102,H R 1107,31-Jul-1991,4:01 PM,On Motion to Suspend the Rules and Pass,OPERATION DESERT STORM SILVER CONGRESSIONAL COMMEMORATIVE MEDAL,Passed,131,33,0,2,249,4,1,12,1,0,0,0,381,37,1,14
242,D,102,H R 1107,31-Jul-1991,4:31 PM,TABLE MOTION TO RECONSIDER,OPERATION DESERT STORM SILVER CONGRESSIONAL COMMEMORATIVE MEDAL,Passed,149,15,0,2,258,0,0,8,1,0,0,0,408,15,0,10
243,D,102,H R 500,31-Jul-1991,4:42 PM,On Motion to Suspend the Rules and Pass,CHRISTOPHER COLUMBUS COIN AND FELLOWSHIP ACT,Passed,160,2,0,4,248,0,0,18,0,0,0,1,408,2,0,23
244,D,102,H R 500,31-Jul-1991,4:58 PM,TABLE MOTION TO RECONSIDER,CHRISTOPHER COLUMBUS COIN AND FELLOWSHIP ACT,Passed,163,0,0,3,255,0,0,11,0,0,0,1,418,0,0,15
245,D,102,H R 2427,31-Jul-1991,6:07 PM,On Agreeing to the Conference Report,ENERGY AND WATER DEVELOPMENT APPROPRIATIONS FOR FY 1992,Passed,142,23,0,1,251,8,0,7,0,1,0,0,393,32,0,8
246,D,102,H CON RES 191,31-Jul-1991,6:26 PM,ON AGREEING TO THE RESOLUTION,PROVIDING FOR AN ADJOURNMENT OF THE HOUSE,Passed,150,14,0,2,255,2,0,9,1,0,0,0,406,16,0,11
247,D,102,H CON RES 191,31-Jul-1991,6:47 PM,TABLE MOTION TO RECONSIDER,PROVIDING FOR AN ADJOURNMENT OF THE HOUSE,Passed,143,22,0,1,247,0,0,19,1,0,0,0,391,22,0,20
248,D,102,ADJOURN,31-Jul-1991,7:09 PM,,None,Passed,94,68,0,4,247,2,0,17,1,0,0,0,342,70,0,21
249,D,102,H R 2427,1-Aug-1991,11:57 AM,RECEDE AND CONCUR WITHAMENDMENT IN SENATE AMENDMENT #9,ENERGY AND WATER DEVELOPMENT APPROPRIATIONS FOR FY 1992,Passed,96,67,0,3,241,13,0,12,1,0,0,0,338,80,0,15
250,D,102,H R 14,1-Aug-1991,2:26 PM,On Passage,FLIGHT ATTENDANT DUTY TIME ACT,Passed,29,134,0,3,198,61,0,7,1,0,0,0,228,195,0,10
251,D,102,H R 2699,1-Aug-1991,3:23 PM,On Agreeing to the Conference Report,"DISTRICT OF COLUMBIA APPROPRIATIONS ACT, 1992",Passed,39,122,0,5,199,58,0,9,1,0,0,0,239,180,0,14
252,D,102,QUORUM 252,2-Aug-1991,11:28 AM,Call of the House,None,Passed,0,0,162,4,0,0,237,29,0,0,0,1,0,0,399,34
253,D,102,H R 3201,2-Aug-1991,1:54 PM,On Passage,EMERGENCY UNEMPLOYMENT COMPENSATION,Passed,118,44,0,4,256,1,0,9,1,0,0,0,375,45,0,13
254,D,102,MOTION,12-Sep-1991,12:26 PM,On Approving the Journal,None,Passed,56,90,0,20,220,4,1,40,1,0,0,0,277,94,1,60
255,D,102,QUORUM 255,12-Sep-1991,3:12 PM,Call of the House,None,Passed,0,0,146,20,0,0,229,36,0,0,0,1,0,0,375,57
256,D,102,H R 2967,12-Sep-1991,3:23 PM,On Agreeing to the Amendment,None,Agreed to,147,0,0,19,235,0,0,30,1,0,0,0,383,0,0,49
257,D,102,H R 2967,12-Sep-1991,3:55 PM,On Passage,OLDER AMERICANS ACT AMENDMENTS OF 1991,Passed,148,0,0,18,236,0,0,29,1,0,0,0,385,0,0,47
258,D,102,MOTION,16-Sep-1991,12:33 PM,ON APPROVING THE JOURNAL,None,Passed,33,84,0,49,178,3,0,84,0,0,0,1,211,87,0,134
259,D,102,H RES 221,16-Sep-1991,3:02 PM,On Ordering the Previous Question,PROVIDING FOR THE CONSIDERATION OF THE BILL H.R. 3040; UNEMPLOYMENT INSURANCE REFORM ACT,Passed,0,137,0,29,213,4,0,48,1,0,0,0,214,141,0,77
260,D,102,H RES 221,16-Sep-1991,3:21 PM,On Agreeing to the Resolution,PROVIDING FOR THE CONSIDERATION OF THE BILL H.R. 3040; UNEMPLOYMENT INSURANCE REFORM ACT,Passed,13,124,0,29,216,4,0,45,1,0,0,0,230,128,0,74
261,D,102,H R 2100,16-Sep-1991,5:55 PM,PREVIOUS QUESTION ON MOTION TO INSTRUCT CONFEREES,DEPARTMENT OF DEFENSE AUTHORIZATION FOR FISCAL YEARS 1992 AND 1993,Passed,136,4,0,26,84,140,0,41,0,1,0,0,220,145,0,67
262,D,102,H R 2100,16-Sep-1991,6:13 PM,CLOSING PORTIONS OF CONFERENCE,DEPARTMENT OF DEFENSE AUTHORIZATION FOR FISCAL YEARS 1992 AND 1993,Passed,139,0,0,27,223,0,0,42,1,0,0,0,363,0,0,69
263,D,102,QUORUM 263,17-Sep-1991,10:35 AM,Call of the House,None,Passed,0,0,154,12,0,0,238,27,0,0,1,0,0,0,393,39
264,D,102,H R 3040,17-Sep-1991,10:48 AM,On Agreeing to the Amendment,None,Failed,5,151,0,10,59,190,1,15,1,0,0,0,65,341,1,25
265,D,102,H R 3040,17-Sep-1991,11:16 AM,On Agreeing to the Amendment,None,Failed,31,125,0,10,53,198,0,14,0,1,0,0,84,324,0,24
266,D,102,H R 3040,17-Sep-1991,11:48 AM,On Motion to Recommit with Instructions,UNEMPLOYMENT INSURANCE REFORM ACT,Failed,122,34,0,10,7,244,0,14,0,1,0,0,129,279,0,24
267,D,102,H R 3040,17-Sep-1991,11:58 AM,On Passage,UNEMPLOYMENT INSURANCE REFORM ACT,Passed,48,107,0,11,234,18,0,13,1,0,0,0,283,125,0,24
268,D,102,H R 3291,17-Sep-1991,12:37 PM,DISAGREE TO SENATE AMENDMENTS,DISTRICT OF COLUMBIA APPROPRIATIONS F.Y. 1992,Passed,152,0,0,14,252,0,0,13,1,0,0,0,405,0,0,27
269,D,102,MOTION,24-Sep-1991,12:26 PM,On Approving the Journal,None,Passed,49,102,0,15,238,5,0,22,0,0,0,1,287,107,0,38
270,D,102,H R 2707,24-Sep-1991,1:59 PM,PREVIOUS QUESTION ON MOTION TO INSTRUCT,"DEPARTMENTS OF LABOR, HEALTH AND HUMAN SERVICES, AND EDUCATION APPROPRIATIONS, F.Y. 1992",Passed,26,135,0,5,235,19,0,11,1,0,0,0,262,154,0,16
271,D,102,H R 2622,24-Sep-1991,2:33 PM,MOTION TO INSTRUCT CONFEREES,"DEPARTMENT OF THE TREASURY APPROPRIATIONS, F.Y. 1992",Passed,159,0,0,7,254,0,0,11,1,0,0,0,414,0,0,18
272,D,102,H R 2686,24-Sep-1991,3:46 PM,PREVIOUS QUESTION ON MOTION TO INSTRUCT,"DEPARTMENT OF THE INTERIOR AND RELATED AGENCIES APPROPRIATIONS, F.Y. 1992",Passed,20,141,0,5,192,63,0,10,1,0,0,0,213,204,0,15
273,D,102,H R 2942,24-Sep-1991,4:25 PM,MOTION TO INSTRUCT CONFEREES,"DEPARTMENT OF TRANSPORTATION AND RELATED AGENCIES APPROPRIATIONS, F.Y. 1992",Passed,161,0,0,5,251,5,0,9,1,0,0,0,413,5,0,14
274,D,102,H CON RES 199,24-Sep-1991,5:48 PM,SUSPEND THE RULES AND AGREE,COMMENDING THE PEOPLE OF THE SOVIET UNION,Passed,160,0,0,6,249,0,0,16,0,0,0,1,409,0,0,23
275,D,102,H RES 226,25-Sep-1991,11:15 AM,On Agreeing to the Resolution,PROVIDING FOR THE CONSIDERATION OF H.R. 2900; GOVERNMENT SPONSORED HOUSING ENTERPRISES FINANCIAL SAFETY AND SOUNDNESS ACT,Passed,152,0,0,14,252,0,0,13,1,0,0,0,405,0,0,27
276,D,102,QUORUM 276,25-Sep-1991,1:13 PM,Call of the House,None,Passed,0,0,160,6,0,0,252,13,0,0,1,0,0,0,413,19
277,D,102,H R 2900,25-Sep-1991,1:21 PM,On Agreeing to the Amendment,None,Failed,69,91,0,6,50,206,0,9,0,1,0,0,119,298,0,15
278,D,102,H R 2900,25-Sep-1991,3:05 PM,On Passage,GOVERNMENT SPONSORED HOUSING ENTERPRISES FINANCIAL SAFETY AND SOUNDNESS ACT OF 1991,Passed,156,4,0,6,255,4,0,6,1,0,0,0,412,8,0,12
279,D,102,H RES 227,25-Sep-1991,5:07 PM,On Ordering the Previous Question,"PROVIDING FOR THE CONSIDERATION OF S. 1722, EMERGENCY UNEMPLOYMENT COMPENSATION ACT",Passed,0,160,0,6,256,3,0,6,1,0,0,0,257,163,0,12
280,D,102,S 1722,25-Sep-1991,5:43 PM,On Passage,EMERGENCY UNEMPLOYMENT COMPENSATION ACT,Passed,50,109,0,7,243,18,0,4,1,0,0,0,294,127,0,11
281,D,102,H R 1426,26-Sep-1991,12:44 PM,ON AGREEING TO THE AMENDMENT,None,Failed,146,11,0,9,13,239,0,13,0,1,0,0,159,251,0,22
282,D,102,H R 1426,26-Sep-1991,1:08 PM,On Passage,LUMBEE RECOGNITION ACT,Passed,24,136,0,6,238,18,0,9,1,0,0,0,263,154,0,15
283,D,102,MOTION,1-Oct-1991,12:25 PM,On Approving the Journal,None,Passed,47,105,0,14,235,3,0,27,0,0,0,1,282,108,0,42
284,D,102,H RES 230,1-Oct-1991,3:21 PM,On Agreeing to the Resolution,WAIVING ALL POINTS OF ORDER AGAINST THE CONFERENCE REPORT ON S. 1722; EMERGENCY UNEMPLOYMENT COMPENSATION ACT,Passed,14,147,0,5,255,0,0,10,1,0,0,0,270,147,0,15
285,D,102,S 1722,1-Oct-1991,4:18 PM,On Agreeing to the Conference Report,EMERGENCY UNEMPLOYMENT COMPENSATION ACT,Passed,55,107,0,4,244,11,0,10,1,0,0,0,300,118,0,14
286,D,102,H R 2519,2-Oct-1991,12:26 PM,On Agreeing to the Conference Report,"DEPARTMENTS OF VETERANS AFFAIRS AND HOUSING AND URBAN DEVELOPMENT APPROPRIATIONS, F.Y. 1992",Passed,141,19,0,6,248,11,0,6,1,0,0,0,390,30,0,12
287,D,102,H R 2519,2-Oct-1991,1:18 PM,CONCUR IN SENATE AMENDMENT NUMBERED 21 WITH AMENDMENT,"DEPARTMENTS OF VETERANS AFFAIRS AND HOUSING AND URBAN DEVELOPMENT APPROPRIATIONS, F.Y. 1992",Passed,152,4,0,10,237,20,0,8,1,0,0,0,390,24,0,18
288,D,102,H R 3039,2-Oct-1991,3:46 PM,On Passage,DEFENSE PRODUCTION ACT AMENDMENTS,Passed,159,2,0,5,259,1,0,5,1,0,0,0,419,3,0,10
289,D,102,MOTION,3-Oct-1991,10:25 AM,On Approving the Journal,None,Passed,47,110,1,8,235,5,0,25,0,0,0,1,282,115,1,34
290,D,102,H R 2608,3-Oct-1991,12:58 PM,RECEDE AND CONCUR IN SENATE AMENDMENT 30 WITH AMENDMENT,"DEPARTMENTS OF COMMERCE, JUSTICE, AND STATE AND THE JUDICIARY APPROPRIATIONS, F.Y. 1992",Passed,49,111,0,6,203,51,0,12,0,0,0,1,252,162,0,19
291,D,102,H R 2608,3-Oct-1991,1:45 PM,RECEDE AND CONCUR IN SENATE AMENDMENT 78 WITH AMENDMENT,"DEPARTMENTS OF COMMERCE, JUSTICE, AND STATE AND THE JUDICIARY APPROPRIATIONS, F.Y. 1992",Passed,66,96,0,4,234,15,0,17,0,0,0,1,300,111,0,22
292,D,102,H R 2608,3-Oct-1991,2:30 PM,RECEDE AND CONCUR IN SENATE AMENDMENT 122 WITH AMENDMENT,"DEPARTMENTS OF COMMERCE, JUSTICE, AND STATE AND THE JUDICIARY APPROPRIATIONS, F.Y. 1992",Passed,80,82,0,4,230,24,0,12,0,0,0,1,310,106,0,17
293,D,102,H R 2608,3-Oct-1991,3:45 PM,RECEDE AND CONCUR IN SENATE AMENDMENT 140 WITH AMENDMENT,"DEPARTMENTS OF COMMERCE, JUSTICE, AND STATE AND THE JUDICIARY APPROPRIATIONS, F.Y. 1992",Failed,13,148,0,5,162,83,0,21,0,0,0,1,175,231,0,27
294,D,102,H RES 236,3-Oct-1991,6:17 PM,On Agreeing to the Resolution,CLOSURE OF THE BANK UNDER THE SERGEANT AT ARMS,Passed,155,2,0,9,235,6,0,26,0,0,0,1,390,8,0,36
295,D,102,MOTION,8-Oct-1991,1:19 PM,MOTION TO TABLE,None,Failed,142,10,1,13,0,246,0,20,0,1,0,0,142,257,1,33
296,D,102,MOTION,8-Oct-1991,1:50 PM,MOTION TO PROCEED IN ORDER,None,Passed,12,144,2,8,247,1,0,18,1,0,0,0,260,145,2,26
297,D,102,H RES 239,8-Oct-1991,2:19 PM,MOTION TO TABLE,None,Passed,0,156,0,10,252,0,0,14,1,0,0,0,253,156,0,24
298,D,102,H R 3033,9-Oct-1991,1:52 PM,On Motion to Suspend the Rules and Pass,JOB TRAINING REFORM AMENDMENTS,Passed,157,6,0,3,262,0,0,4,1,0,0,0,420,6,0,7
299,D,102,H R 2942,9-Oct-1991,2:54 PM,On Agreeing to the Conference Report,"DEPARTMENT OF TRANSPORTATION AND RELATED AGENCIES APPROPRIATIONS, F.Y. 1992",Passed,121,41,0,4,252,8,0,6,1,0,0,0,374,49,0,10
300,D,102,H R 2942,9-Oct-1991,4:05 PM,RECEDE AND CONCUR IN SENATE AMENDMENT 64 WITH AMENDMENT,"DEPARTMENT OF TRANSPORTATION AND RELATED AGENCIES APPROPRIATIONS, F.Y. 1992",Passed,89,75,0,2,241,20,0,5,0,1,0,0,330,96,0,7
301,D,102,H R 2942,9-Oct-1991,5:13 PM,RECEDE AND CONCUR IN SENATE AMENDMENT 68 WITH AMENDMENT,"DEPARTMENT OF TRANSPORTATION AND RELATED AGENCIES APPROPRIATIONS, F.Y. 1992",Passed,27,136,0,3,211,49,0,6,0,1,0,0,238,186,0,9
302,D,102,H RES 241,10-Oct-1991,11:21 AM,On Agreeing to the Resolution,PROVIDING FOR THE CONSIDERATION OF H.R 1470; PRICE FIXING PREVENTION ACT OF 1991,Passed,161,0,0,5,251,0,0,15,0,0,0,1,412,0,0,21
303,D,102,H R 1470,10-Oct-1991,1:33 PM,On Agreeing to the Amendment,None,Failed,148,13,0,5,48,204,0,14,0,1,0,0,196,218,0,19
304,D,102,H R 1470,10-Oct-1991,2:39 PM,On Agreeing to the Amendment,None,Agreed to,156,6,0,4,62,188,0,16,0,1,0,0,218,195,0,20
305,D,102,H R 2369,15-Oct-1991,3:43 PM,On Agreeing to the Amendment,None,Failed,135,20,0,11,18,228,0,20,0,1,0,0,153,249,0,31
306,D,102,H R 2369,15-Oct-1991,4:03 PM,On Passage,FLINT HILLS PRAIRIE NATIONAL MONUMENT,Passed,46,110,0,10,237,11,0,18,1,0,0,0,284,121,0,28
307,D,102,H R 2521,16-Oct-1991,11:28 AM,CLOSING PORTIONS OF CONFERENCE,"DEPARTMENT OF DEFENSE APPROPRIATIONS, F.Y. 1992",Passed,159,0,0,7,262,0,0,4,1,0,0,0,422,0,0,11
308,D,102,H R 2686,16-Oct-1991,11:52 AM,TABLE MOTION TO INSTRUCT,"DEPARTMENT OF THE INTERIOR AND RELATED AGENCIES APPROPRIATIONS, F.Y. 1992",Failed,15,145,0,6,165,98,0,3,1,0,0,0,181,243,0,9
309,D,102,H R 2686,16-Oct-1991,1:19 PM,MOTION TO INSTRUCT CONFEREES,"DEPARTMENT OF THE INTERIOR AND RELATED AGENCIES APPROPRIATIONS, F.Y. 1992",Passed,146,13,0,7,140,121,0,5,0,1,0,0,286,135,0,12
310,D,102,H RES 247,16-Oct-1991,2:52 PM,On Agreeing to the Resolution,PROVIDING FOR THE CONSIDERATION OF H.R. 3371; OMNIBUS CRIME CONTROL ACT OF 1991,Passed,0,160,0,6,232,33,0,1,1,0,0,0,233,193,0,7
311,D,102,H R 3371,16-Oct-1991,5:33 PM,On Agreeing to the Amendment,None,Failed,5,156,0,5,95,166,0,5,1,0,0,0,101,322,0,10
312,D,102,H R 3371,16-Oct-1991,6:32 PM,On Agreeing to the Amendment,None,Failed,4,157,1,4,101,160,0,5,1,0,0,0,106,317,1,9
313,D,102,H R 3371,16-Oct-1991,7:22 PM,On Agreeing to the Amendment,None,Agreed to,150,10,1,5,63,195,0,8,0,1,0,0,213,206,1,13
314,D,102,H R 2686,17-Oct-1991,11:36 AM,MOTION TO INSTRUCT CONFEREES,"DEPARTMENT OF THE INTERIOR AND RELATED AGENCIES APPROPRIATIONS, F.Y. 1992",Passed,149,13,0,4,138,119,0,9,0,1,0,0,287,133,0,13
315,D,102,H R 2686,17-Oct-1991,11:59 AM,TABLE MOTION TO DISCHARGE AND APPOINT CONFEREES,"DEPARTMENT OF THE INTERIOR AND RELATED AGENCIES APPROPRIATIONS, F.Y. 1992",Passed,33,129,0,4,253,7,0,6,0,0,0,1,286,136,0,11
316,D,102,H R 3371,17-Oct-1991,1:11 PM,On Agreeing to the Amendment,None,Failed,153,9,1,3,55,208,0,3,0,1,0,0,208,218,1,6
317,D,102,H R 3371,17-Oct-1991,2:10 PM,ON AGREEING TO THE AMENDMENTS EN BLOC,None,Agreed to,0,161,0,5,215,46,0,5,1,0,0,0,216,207,0,10
318,D,102,H R 3371,17-Oct-1991,3:50 PM,On Agreeing to the Amendment,None,Agreed to,133,29,0,4,114,147,0,5,0,1,0,0,247,177,0,9
319,D,102,H R 3371,17-Oct-1991,4:28 PM,On Agreeing to the Amendment,None,Agreed to,158,2,0,6,123,134,0,9,0,1,0,0,281,137,0,15
320,D,102,H R 3371,17-Oct-1991,5:15 PM,On Agreeing to the Amendment,None,Agreed to,156,3,1,6,91,161,0,14,0,1,0,0,247,165,1,20
321,D,102,H R 3371,22-Oct-1991,1:46 PM,On Agreeing to the Amendment,None,Failed,125,33,0,8,4,252,0,10,0,1,0,0,129,286,0,18
322,D,102,H R 3371,22-Oct-1991,2:50 PM,On Agreeing to the Amendment,None,Agreed to,150,6,1,9,73,184,0,9,0,1,0,0,223,191,1,18
323,D,102,H R 3371,22-Oct-1991,3:25 PM,On Agreeing to the Amendment,None,Agreed to,158,0,0,8,213,47,0,6,0,1,0,0,371,48,0,14
324,D,102,H R 3371,22-Oct-1991,4:08 PM,On Agreeing to the Amendment,None,Agreed to,151,8,1,6,87,171,1,7,0,1,0,0,238,180,2,13
325,D,102,H R 3371,22-Oct-1991,4:47 PM,On Agreeing to the Amendment,None,Agreed to,129,32,0,5,239,19,0,8,1,0,0,0,369,51,0,13
326,D,102,H R 3371,22-Oct-1991,5:47 PM,On Motion to Recommit with Instructions,OMNIBUS CRIME CONTROL ACT OF 1991,Failed,158,5,0,3,43,215,0,8,0,1,0,0,201,221,0,11
327,D,102,H R 3371,22-Oct-1991,6:00 PM,On Passage,OMNIBUS CRIME CONTROL ACT OF 1991,Passed,94,68,1,3,211,49,0,6,0,1,0,0,305,118,1,9
328,D,102,H R 2032,22-Oct-1991,6:09 PM,On Motion to Suspend the Rules and Pass,NEZ PERCE NATIONAL HISTORIC PARK,Passed,141,21,0,4,260,0,0,6,1,0,0,0,402,21,0,10
329,D,102,H CON RES 197,22-Oct-1991,6:15 PM,SUSPEND THE RULES AND AGREE,UNITED NATIONS DISASTER AND HUMANITARIAN EMERGENCIES,Passed,162,0,0,4,259,1,0,6,1,0,0,0,422,1,0,10
330,D,102,H RES 116,22-Oct-1991,6:23 PM,SUSPEND THE RULES AND AGREE,CONVENTION ON DISCRIMINATION AGAINST WOMEN,Passed,114,48,0,4,259,0,0,7,1,0,0,0,374,48,0,11
331,D,102,H RES 252,23-Oct-1991,12:20 PM,On Ordering the Previous Question,PROVIDING FOR THE CONSIDERATION OF H.R. 2950; INTERMODAL SURFACE TRANSPORTATION INFRASTRUCTURE ACT OF 1991,Passed,61,100,0,5,257,4,0,5,1,0,0,0,319,104,0,10
332,D,102,H RES 252,23-Oct-1991,12:40 PM,On Agreeing to the Resolution,PROVIDING FOR THE CONSIDERATION OF H.R. 2950; INTERMODAL SURFACE TRANSPORTATION INFRASTRUCTURE ACT OF 1991,Passed,66,97,0,3,257,4,0,5,0,1,0,0,323,102,0,8
333,D,102,H RES 252,23-Oct-1991,1:01 PM,TABLE MOTION TO RECONSIDER,PROVIDING FOR THE CONSIDERATION OF H.R. 2950; INTERMODAL SURFACE TRANSPORTATION INFRASTRUCTURE ACT OF 1991,Passed,69,88,0,9,249,1,0,16,1,0,0,0,319,89,0,25
334,D,102,ADJOURN,23-Oct-1991,1:23 PM,,None,Failed,29,131,0,6,1,253,0,12,0,1,0,0,30,385,0,18
335,D,102,H R 2950,23-Oct-1991,5:57 PM,On Agreeing to the Amendment,None,Failed,2,161,0,3,130,134,0,2,1,0,0,0,133,295,0,5
336,D,102,H R 2950,23-Oct-1991,7:13 PM,On Agreeing to the Amendment,None,Agreed to,145,18,0,3,254,8,0,4,1,0,0,0,400,26,0,7
337,D,102,H R 2950,23-Oct-1991,8:10 PM,On Agreeing to the Amendment,None,Failed,67,93,0,6,2,254,0,10,0,1,0,0,69,348,0,16
338,D,102,H R 2950,23-Oct-1991,8:39 PM,On Passage,INTERMODAL SURFACE TRANSPORTATION INFRASTRUCTURE ACT OF 1991,Passed,101,61,0,4,241,22,0,3,1,0,0,0,343,83,0,7
339,D,102,H R 2038,24-Oct-1991,12:29 PM,MOTION TO INSTRUCT CONFEREES,INTELLIGENCE AUTHORIZATION ACT FOR FY 1992,Passed,157,2,0,7,230,30,0,6,1,0,0,0,388,32,0,13
340,D,102,H J RES 360,24-Oct-1991,1:03 PM,On Passage,MAKING FURTHER CONTINUING APPROPRIATIONS FOR FY 1992,Passed,55,102,0,9,232,24,0,10,1,0,0,0,288,126,0,19
341,D,102,H R 2686,24-Oct-1991,2:34 PM,RECOMMIT CONFERENCE REPORT WITH INSTRUCTIONS,"DEPARTMENT OF THE INTERIOR AND RELATED AGENCIES APPROPRIATIONS, F.Y. 1992",Failed,128,32,0,6,77,181,0,8,0,1,0,0,205,214,0,14
342,D,102,H R 2686,24-Oct-1991,2:57 PM,On Agreeing to the Conference Report,"DEPARTMENT OF THE INTERIOR AND RELATED AGENCIES APPROPRIATIONS, F.Y. 1992",Passed,85,71,0,10,224,33,0,9,1,0,0,0,310,104,0,19
343,D,102,H R 2686,24-Oct-1991,3:52 PM,RECEDE AND CONCUR IN SENATE ADT #43,"DEPARTMENT OF THE INTERIOR AND RELATED AGENCIES APPROPRIATIONS, F.Y. 1992",Passed,53,104,0,9,189,60,0,17,1,0,0,0,243,164,0,26
344,D,102,H R 2686,24-Oct-1991,4:39 PM,RECEDE AND CONCUR IN SENATE ADT #130,"DEPARTMENT OF THE INTERIOR AND RELATED AGENCIES APPROPRIATIONS, F.Y. 1992",Failed,20,136,0,10,158,87,0,21,0,1,0,0,178,224,0,31
345,D,102,H R 2686,24-Oct-1991,6:05 PM,RECEDE AND CONCUR IN SENATE ADT #226 WITH AN ADT,"DEPARTMENT OF THE INTERIOR AND RELATED AGENCIES APPROPRIATIONS, F.Y. 1992",Passed,149,2,0,15,64,132,0,70,0,1,0,0,213,135,0,85
346,D,102,H RES 256,29-Oct-1991,2:08 PM,On Ordering the Previous Question,PROVIDING FOR THE CONSIDERATION OF H.R. 3543; MAKING DIRE EMERGENCY SUPPLEMENTAL APPROPRIATIONS FOR FY 1992,Passed,0,162,0,4,253,2,0,11,1,0,0,0,254,164,0,15
347,D,102,H R 3543,29-Oct-1991,5:25 PM,On Agreeing to the Amendment,None,Agreed to,30,134,0,2,212,46,1,7,1,0,0,0,243,180,1,9
348,D,102,H R 3543,29-Oct-1991,6:35 PM,On Agreeing to the Amendment,None,Failed,34,129,0,3,146,112,0,8,1,0,0,0,181,241,0,11
349,D,102,H R 3543,29-Oct-1991,7:54 PM,On Agreeing to the Amendment,None,Agreed to,145,17,0,4,81,172,0,13,0,1,0,0,226,190,0,17
350,D,102,H R 3543,29-Oct-1991,8:37 PM,On Agreeing to the Amendment,None,Failed,155,4,0,7,27,226,0,13,0,1,0,0,182,231,0,20
351,D,102,H R 3543,29-Oct-1991,9:09 PM,On Motion to Recommit with Instructions,DIRE EMERGENCY SUPPLEMENTAL APPROPRIATIONS FOR FY 1992,Failed,159,0,0,7,21,231,0,14,0,1,0,0,180,232,0,21
352,D,102,H R 3543,29-Oct-1991,9:26 PM,On Passage,DIRE EMERGENCY SUPPLEMENTAL APPROPRIATIONS FOR FY 1992,Passed,29,131,0,6,222,31,0,13,1,0,0,0,252,162,0,19
353,D,102,H RES 232,30-Oct-1991,2:31 PM,On Agreeing to the Resolution,WAIVING ALL POINTS OF ORDER AGAINST THE CONFERENCE REPORT ON H.R. 2508; FOREIGN ASSISTANCE AUTHORIZATION FOR FY 1992 AND 1993,Passed,12,148,1,5,215,42,0,9,0,1,0,0,227,191,1,14
354,D,102,H R 2508,30-Oct-1991,4:07 PM,On Agreeing to the Conference Report,INTERNATIONAL COOPERATION ACT,Failed,28,134,0,4,131,127,0,8,0,1,0,0,159,262,0,12
355,D,102,H R 3489,30-Oct-1991,7:00 PM,On Agreeing to the Amendment,None,Failed,131,27,0,8,58,189,0,19,0,1,0,0,189,217,0,27
356,D,102,H R 3489,30-Oct-1991,7:46 PM,On Agreeing to the Amendment,None,Agreed to,144,13,0,9,79,166,0,21,0,1,0,0,223,180,0,30
357,D,102,H R 3489,30-Oct-1991,9:27 PM,On Agreeing to the Amendment,None,Failed,99,59,0,8,36,210,0,20,0,1,0,0,135,270,0,28
358,D,102,H RES 266,31-Oct-1991,12:21 PM,On Agreeing to the Resolution,PROVIDING FOR THE FURTHER CONSIDERATION OF H.R. 6; DEPOSIT INSURANCE AND REGULATORY REFORM ACT OF 1991,Passed,8,153,0,5,202,54,0,10,0,1,0,0,210,208,0,15
359,D,102,H R 2454,31-Oct-1991,12:34 PM,SUSPEND RULES AND PASSAS AMENDED,GENERIC DRUG ENFORCEMENT ACT OF 1991,Passed,159,0,0,7,253,0,0,13,1,0,0,0,413,0,0,20
360,D,102,QUORUM 360,31-Oct-1991,2:58 PM,Call of the House,None,Passed,0,0,156,10,0,0,243,23,0,0,1,0,0,0,400,33
361,D,102,H R 6,31-Oct-1991,3:40 PM,On Agreeing to the Amendment,None,Failed,4,157,0,5,101,155,1,9,1,0,0,0,106,312,1,14
362,D,102,H R 6,31-Oct-1991,4:54 PM,On Agreeing to the Amendment,None,Failed,130,28,1,7,70,187,1,8,0,1,0,0,200,216,2,15
363,D,102,H R 6,31-Oct-1991,6:07 PM,On Agreeing to the Amendment,None,Failed,105,51,0,10,32,220,1,13,0,1,0,0,137,272,1,23
364,D,102,H R 6,1-Nov-1991,12:40 PM,ON MOTION TO RISE AND REPORT WITH ENACTING CLAUSE STRICKEN,FINANCIAL INSTITUTIONS SAFETY AND CONSUMER CHOICE ACT OF 1991,Failed,156,0,0,10,2,242,1,21,0,1,0,0,158,243,1,31
365,D,102,H R 6,1-Nov-1991,1:26 PM,On Agreeing to the Amendment,None,Failed,55,95,1,15,49,194,1,22,0,1,0,0,104,290,2,37
366,D,102,H R 6,1-Nov-1991,2:27 PM,On Agreeing to the Amendment,None,Failed,18,135,0,13,133,106,1,26,1,0,0,0,152,241,1,39
367,D,102,H R 6,4-Nov-1991,1:11 PM,On Agreeing to the Amendment,None,Agreed to,144,1,0,21,221,3,1,41,1,0,0,0,366,4,1,62
368,D,102,H R 6,4-Nov-1991,2:08 PM,On Agreeing to the Amendment,None,Failed,41,112,0,13,100,138,1,27,1,0,0,0,142,250,1,40
369,D,102,H R 6,4-Nov-1991,2:53 PM,On Agreeing to the Amendment,None,Failed,4,151,0,11,15,223,1,27,1,0,0,0,20,374,1,38
370,D,102,H R 6,4-Nov-1991,3:28 PM,On Agreeing to the Amendment,None,Failed,0,157,0,9,69,179,1,17,1,0,0,0,70,336,1,26
371,D,102,H R 6,4-Nov-1991,4:00 PM,On Agreeing to the Amendment,None,Failed,113,45,0,8,91,159,2,14,0,1,0,0,204,205,2,22
372,D,102,H R 6,4-Nov-1991,5:01 PM,On Agreeing to the Amendment,None,Failed,56,103,0,7,97,160,2,7,0,1,0,0,153,264,2,14
373,D,102,H R 6,4-Nov-1991,6:12 PM,On Agreeing to the Amendment,None,Failed,0,159,0,7,63,190,2,11,0,1,0,0,63,350,2,18
374,D,102,H R 6,4-Nov-1991,7:01 PM,On Motion to Recommit with Instructions,FINANCIAL INSTITUTIONS SAFETY AND CONSUMER CHOICE ACT OF 1991,Failed,149,10,0,7,11,242,1,12,0,1,0,0,160,253,1,19
375,D,102,H R 6,4-Nov-1991,7:18 PM,On Passage,FINANCIAL INSTITUTIONS SAFETY AND CONSUMER CHOICE ACT OF 1991,Failed,6,153,0,7,83,170,2,11,0,1,0,0,89,324,2,18
376,D,102,MOTION,6-Nov-1991,10:24 AM,On Approving the Journal,None,Passed,45,102,0,18,232,5,0,29,1,0,0,0,278,107,0,47
377,D,102,H RES 268,6-Nov-1991,1:18 PM,ON MOTION TO TABLE THERESOLUTION,PRESENTING A QUESTION OF THE PRIVILEGES OF THE HOUSE,Passed,6,157,0,2,258,3,0,5,1,0,0,0,265,160,0,7
378,D,102,H R 3350,6-Nov-1991,1:39 PM,SUSPEND THE RULES AND AGREE TO SENATE AMENDMENT,CIVIL RIGHTS COMMISSION REAUTHORIZATION ACT OF 1991,Passed,157,7,0,1,262,0,0,4,1,0,0,0,420,7,0,5
379,D,102,H R 3298,6-Nov-1991,1:52 PM,SUSPEND THE RULES AND PASS AS AMENDED,FARM CREDIT BANKS AND ASSOCIATIONS SAFETY AND SOUNDNESS ACT OF 1991,Failed,74,89,0,2,146,114,0,6,1,0,0,0,221,203,0,8
380,D,102,H R 2707,6-Nov-1991,3:37 PM,On Agreeing to the Conference Report,"DEPARTMENTS OF LABOR, HEALTH AND HUMAN SERVICES, AND EDUCATION APPROPRIATIONS, F.Y. 1992",Passed,51,113,0,1,220,43,0,3,1,0,0,0,272,156,0,4
381,D,102,H R 2707,6-Nov-1991,4:23 PM,RECEDE AND CONCUR WITHAMENDMENT IN SENATE AMENDMENT NO. 7,"DEPARTMENTS OF LABOR, HEALTH AND HUMAN SERVICES, AND EDUCATION APPROPRIATIONS, F.Y. 1992",Passed,26,138,0,1,223,37,0,6,1,0,0,0,250,175,0,7
382,D,102,H R 2707,6-Nov-1991,5:09 PM,RECEDE AND CONCUR WITHAMENDMENT IN SENATE ADT. NO. 29,"DEPARTMENTS OF LABOR, HEALTH AND HUMAN SERVICES, AND EDUCATION APPROPRIATIONS, F.Y. 1992",Passed,29,132,0,4,223,36,0,7,1,0,0,0,253,168,0,11
383,D,102,H R 2707,6-Nov-1991,5:39 PM,RECEDE AND CONCUR WITHAMENDMENT IN SENATE ADTS. EN BLOC,"DEPARTMENTS OF LABOR, HEALTH AND HUMAN SERVICES, AND EDUCATION APPROPRIATIONS, F.Y. 1992",Passed,31,132,0,2,202,56,0,8,1,0,0,0,234,188,0,10
384,D,102,H R 2950,6-Nov-1991,7:03 PM,MOTION TO INSTRUCT CONFEREES,INTERMODAL SURFACE TRANSPORTATION INFRASTRUCTURE ACT OF 1991,Passed,157,2,0,6,236,1,0,29,1,0,0,0,394,3,0,35
385,D,102,H RES 270,7-Nov-1991,2:43 PM,On Agreeing to the Resolution,PROVIDING FOR THE CONSIDERATION OF S. 1745; CIVIL RIGHTS ACT OF 1991,Passed,100,62,0,3,226,31,0,9,1,0,0,0,327,93,0,12
386,D,102,S 1745,7-Nov-1991,4:25 PM,On Passage,CIVIL RIGHTS ACT OF 1991,Passed,128,33,0,4,252,5,0,9,1,0,0,0,381,38,0,13
387,D,102,MOTION,12-Nov-1991,12:24 PM,On Approving the Journal,None,Passed,43,94,0,28,204,4,0,58,0,0,0,1,247,98,0,87
388,D,102,MOTION,13-Nov-1991,11:23 AM,On Approving the Journal,None,Passed,45,115,0,6,250,6,0,10,1,0,0,0,296,121,0,16
389,D,102,H RES 275,13-Nov-1991,1:54 PM,On Agreeing to the Resolution,PROVIDING FOR THE CONSIDERATION OF H.R. 2; FAMILY AND MEDICAL LEAVE ACT OF 1991,Passed,11,151,0,4,257,5,0,5,1,0,0,0,269,156,0,9
390,D,102,H R 2,13-Nov-1991,4:37 PM,On Agreeing to the Amendment,None,Failed,107,56,0,3,31,234,0,2,0,1,0,0,138,291,0,5
391,D,102,H R 2,13-Nov-1991,5:36 PM,On Agreeing to the Amendment,None,Agreed to,48,115,0,3,238,28,0,1,1,0,0,0,287,143,0,4
392,D,102,H R 2,13-Nov-1991,6:04 PM,On Motion to Recommit with Instructions,FAMILY AND MEDICAL LEAVE ACT OF 1991,Failed,103,61,0,2,16,250,0,1,0,1,0,0,119,312,0,3
393,D,102,H R 2,13-Nov-1991,6:15 PM,On Passage,FAMILY AND MEDICAL LEAVE ACT OF 1991,Passed,35,129,0,2,217,48,0,2,1,0,0,0,253,177,0,4
394,D,102,H RES 277,13-Nov-1991,7:26 PM,On Agreeing to the Resolution,PROVIDING FOR THE CONSIDERATION OF H.R. 2094; FEDERAL DEPOSIT INSURANCE CORPORATION IMPROVEMENT ACT OF 1991,Passed,111,48,0,7,194,63,1,9,0,1,0,0,305,112,1,16
395,D,102,H RES 280,14-Nov-1991,2:30 PM,On Agreeing to the Resolution,PROVIDING FOR THE CONSIDERATION OF H.R. 3575; FEDERAL SUPPLEMENTAL COMPENSATION ACT OF 1991,Passed,126,37,0,3,264,0,0,3,1,0,0,0,391,37,0,6
396,D,102,H R 3575,14-Nov-1991,4:10 PM,On Passage,FEDERAL SUPPLEMENTAL COMPENSATION ACT OF 1991,Passed,135,26,0,5,260,4,0,3,1,0,0,0,396,30,0,8
397,D,102,QUORUM 397,14-Nov-1991,5:05 PM,Call of the House,None,Passed,0,0,158,8,0,0,237,30,0,0,0,1,0,0,395,39
398,D,102,H R 2094,14-Nov-1991,6:09 PM,On Agreeing to the Amendment,None,Agreed to,111,47,0,8,99,160,2,6,0,1,0,0,210,208,2,14
399,D,102,H R 2094,14-Nov-1991,6:37 PM,On Passage,FEDERAL DEPOSIT INSURANCE CORPORATION IMPROVEMENT ACT OF 1991,Failed,114,45,0,7,77,181,2,7,0,1,0,0,191,227,2,14
400,D,102,H R 2100,18-Nov-1991,5:49 PM,On Agreeing to the Conference Report,DEPARTMENT OF DEFENSE AUTHORIZATION FOR FISCAL YEARS 1992 AND 1993,Passed,122,35,0,9,207,46,0,14,0,1,0,0,329,82,0,23
401,D,102,H RES 282,18-Nov-1991,6:10 PM,SUSPEND THE RULES AND AGREE,AGREE IN SENATE AMENDMENT WITH AN AMENDMENT TO H.R. 355; BUREAU OF RECLAMATION DROUGHT ASSISTANCE,Failed,57,100,1,8,187,64,0,16,1,0,0,0,245,164,1,24
402,D,102,QUORUM 402,19-Nov-1991,2:32 PM,Call of the House,None,Passed,0,0,161,5,0,0,247,20,0,0,1,0,0,0,409,25
403,D,102,H R 2707,19-Nov-1991,4:18 PM,"ON PASSAGE, OBJECTIONSOF PRESIDENT NOTWITHSTANDING","DEPARTMENTS OF LABOR, HEALTH AND HUMAN SERVICES, AND EDUCATION APPROPRIATIONS, F.Y. 1992",Failed,53,113,0,0,222,43,0,3,1,0,0,0,276,156,0,3
404,D,102,H RES 283,19-Nov-1991,5:41 PM,On Agreeing to the Resolution,PROVIDING FOR THE CONSIDERATION OF H.R. 3595; MEDICAID MORATORIUM AMENDMENTS OF 1991,Passed,127,38,0,1,254,3,0,10,1,0,0,0,382,41,0,11
405,D,102,H R 3595,19-Nov-1991,8:01 PM,On Agreeing to the Amendment,None,Failed,148,15,0,3,8,246,0,13,0,1,0,0,156,262,0,16
406,D,102,H R 3595,19-Nov-1991,8:25 PM,On Motion to Recommit with Instructions,MEDICAID MORATORIUM AMENDMENTS OF 1991,Failed,112,52,0,2,5,249,0,13,0,1,0,0,117,302,0,15
407,D,102,H R 3595,19-Nov-1991,8:33 PM,On Passage,MEDICAID MORATORIUM AMENDMENTS OF 1991,Passed,101,63,0,2,246,8,0,13,1,0,0,0,348,71,0,15
408,D,102,H RES 286,20-Nov-1991,11:23 AM,On Agreeing to the Resolution,WAIVING ALL POINTS OF ORDER AGAINST CONFERENCE REPORT ON H.R. 2521; DEPARTMENT OF DEFENSE APPROPRIATIONS F.Y. 1992,Passed,102,58,0,6,256,1,0,10,1,0,0,0,359,59,0,16
409,D,102,H CON RES 226,20-Nov-1991,1:33 PM,SUSPEND THE RULES AND AGREE,COMMENDING THE PARTICIPANTS IN THE MIDDLE EAST PEACE PROCESS,Passed,163,0,0,3,262,0,0,5,1,0,0,0,426,0,0,8
410,D,102,H J RES 346,20-Nov-1991,3:25 PM,On Motion to Suspend the Rules and Pass,NONDISCRIMINATORY TREATMENT OF PRODUCTS OF SOVIET UNION,Passed,113,53,0,0,236,25,0,6,1,0,0,0,350,78,0,6
411,D,102,H RES 287,20-Nov-1991,3:34 PM,SUSPEND RULES AND AGREE,RELATING TO THE CONSIDERATION OF THE SENATE AMENDMENT TO H.R. 1724,Passed,146,20,0,0,260,1,0,6,1,0,0,0,407,21,0,6
412,D,102,H R 1724,21-Nov-1991,1:35 PM,MOTION TO INSTRUCT CONFEREES,LIFTING RESTRICTIONS ON THE IMPORTATION OF GOODS FROM CZECHOSLOVAKIA AND HUNGARY,Passed,157,0,0,9,258,0,0,9,1,0,0,0,416,0,0,18
413,D,102,H R 3371,21-Nov-1991,3:08 PM,MOTION TO INSTRUCT CONFEREES,OMNIBUS CRIME CONTROL ACT OF 1991,Failed,127,38,0,1,28,232,0,7,0,1,0,0,155,271,0,8
414,D,102,H R 3768,21-Nov-1991,5:41 PM,On Motion to Recommit with Instructions,FEDERAL DEPOSIT INSURANCE CORPORATION IMPROVEMENT ACT OF 1991,Failed,49,116,0,1,25,238,1,3,0,1,0,0,74,355,1,4
415,D,102,H R 3768,21-Nov-1991,6:04 PM,On Passage,FEDERAL DEPOSIT INSURANCE CORPORATION IMPROVEMENT ACT OF 1991,Passed,135,29,0,2,209,54,1,3,0,1,0,0,344,84,1,5
416,D,102,H R 3839,22-Nov-1991,3:11 PM,MOTION TO COMMIT WITH INSTRUCTIONS,"LABOR, HEALTH AND HUMAN SERVICES, AND EDUCATION APPROPRIATIONS FOR FISCAL YEAR 1992",Failed,120,42,0,4,28,233,0,6,0,1,0,0,148,276,0,10
417,D,102,H R 3839,22-Nov-1991,3:32 PM,On Passage,"LABOR, HEALTH AND HUMAN SERVICES, AND EDUCATION APPROPRIATIONS FOR FISCAL YEAR 1992",Passed,105,56,0,5,258,2,0,7,1,0,0,0,364,58,0,12
418,D,102,H RES 279,22-Nov-1991,5:16 PM,On Ordering the Previous Question,PROVIDING FOR THE CONSIDERATION OF H.R. 2929; CALIFORNIA DESERT PROTECTION ACT OF 1991,Passed,2,159,0,5,253,1,0,13,1,0,0,0,256,160,0,18
419,D,102,H RES 279,22-Nov-1991,5:44 PM,On Agreeing to the Resolution,PROVIDING FOR THE CONSIDERATION OF H.R. 2929; CALIFORNIA DESERT PROTECTION ACT OF 1991,Passed,19,135,0,12,249,0,0,18,1,0,0,0,269,135,0,30
420,D,102,H R 2929,22-Nov-1991,8:36 PM,On Agreeing to the Amendment,None,Failed,121,30,0,15,29,210,0,28,0,1,0,0,150,241,0,43
421,D,102,H RES 294,23-Nov-1991,11:24 AM,On Agreeing to the Resolution,"WAIVING THE REQUIREMENT OF CLAUSE 4(b) OF RULE XI, AGAINST CERTAIN RESOLUTIONS REPORTED FROM THE COMMITTEE ON RULES",Passed,0,127,0,39,213,0,0,54,1,0,0,0,214,127,0,93
422,D,102,H RES 298,23-Nov-1991,1:42 PM,On Agreeing to the Resolution,TO EXPEDITE A CONFERENCE WITH THE SENATE ON A BANKING BILL,Passed,25,90,0,51,189,1,1,76,1,0,0,0,215,91,1,127
423,D,102,S 543,25-Nov-1991,12:41 PM,MOTION TO INSTRUCT CONFEREES,FDIC IMPROVEMENT ACT OF 1991,Passed,155,3,0,8,242,0,1,24,1,0,0,0,398,3,1,32
424,D,102,H RES 299,25-Nov-1991,2:50 PM,On Agreeing to the Resolution,PROVIDING FOR THE CONSIDERATION OF H.R. 3750; HOUSE CAMPAIGN SPENDING LIMIT AND ELECTION REFORM ACT,Passed,0,164,0,2,245,16,0,6,1,0,0,0,246,180,0,8
425,D,102,H R 3750,25-Nov-1991,5:42 PM,ON AGREEING TO THE AMENDMENT,None,Failed,163,3,0,0,2,261,0,4,0,1,0,0,165,265,0,4
426,D,102,H R 3750,25-Nov-1991,6:02 PM,On Motion to Recommit,HOUSE OF REPRESENTATIVES CAMPAIGN SPENDING LIMIT AND ELECTION REFORM ACT OF 1991,Failed,155,6,0,5,0,263,0,4,0,1,0,0,155,270,0,9
427,D,102,H R 3750,25-Nov-1991,6:20 PM,On Passage,HOUSE OF REPRESENTATIVES CAMPAIGN SPENDING LIMIT AND ELECTION REFORM ACT OF 1991,Passed,21,144,0,1,251,12,0,4,1,0,0,0,273,156,0,5
428,D,102,MOTION,26-Nov-1991,10:28 AM,On Approving the Journal,None,Passed,44,106,0,16,239,6,0,22,0,0,0,1,283,112,0,39
429,D,102,H R 2929,26-Nov-1991,2:20 PM,On Agreeing to the Amendment,None,Agreed to,136,28,0,2,99,164,0,4,0,1,0,0,235,193,0,6
430,D,102,H R 2929,26-Nov-1991,3:12 PM,ON AGREEING TO THE AMENDMENTS EN BLOC,None,Failed,119,46,0,1,24,242,0,1,0,1,0,0,143,289,0,2
431,D,102,H R 2929,26-Nov-1991,3:54 PM,On Agreeing to the Amendment,None,Failed,135,30,0,1,20,243,0,4,0,1,0,0,155,274,0,5
432,D,102,H R 2929,26-Nov-1991,4:38 PM,On Agreeing to the Amendment,None,Failed,103,60,0,3,7,255,0,5,0,1,0,0,110,316,0,8
433,D,102,H R 2929,26-Nov-1991,5:13 PM,On Agreeing to the Amendment,None,Failed,117,47,0,2,16,244,0,7,0,1,0,0,133,292,0,9
434,D,102,H R 2929,26-Nov-1991,6:01 PM,On Agreeing to the Amendment,None,Failed,45,120,0,1,4,258,0,5,0,1,0,0,49,379,0,6
435,D,102,H R 2929,26-Nov-1991,6:45 PM,On Passage,CALIFORNIA DESERT PROTECTION ACT,Passed,45,120,0,1,251,16,0,0,1,0,0,0,297,136,0,1
436,D,102,H R 2212,26-Nov-1991,9:20 PM,On Agreeing to the Conference Report,REGARDING THE EXTENSION OF MOST FAVORED NATION TREATMENT TO THE PRODUCTS OF CHINA,Passed,151,14,0,1,257,7,1,2,1,0,0,0,409,21,1,3
437,D,102,H RES 309,26-Nov-1991,11:59 PM,On Agreeing to the Resolution,"WAIVING ALL POINTS OF ORDER AGAINST CONFERENCE REPORT ON H.J. RES. 157; DIRE EMERGENCY SUPPLEMENTAL APPROPRIATIONS, 1992",Passed,66,95,0,5,176,79,0,12,0,1,0,0,242,175,0,17
438,D,102,H J RES 157,26-Nov-1991,11:59 PM,On Agreeing to the Conference Report,"DIRE EMERGENCY SUPPLEMENTAL, 1992",Passed,100,62,0,4,202,52,0,13,1,0,0,0,303,114,0,17
439,D,102,H R 3909,26-Nov-1991,11:59 PM,SUSPEND THE RULES AND PASS,TAX EXTENSION ACT OF 1991,Passed,163,0,0,3,256,0,0,11,1,0,0,0,420,0,0,14
440,D,102,H R 2950,26-Nov-1991,11:59 PM,On Agreeing to the Conference Report,INTERMODAL SURFACE TRANSPORTATION INFRASTRUCTURE ACT OF 1991,Passed,130,33,0,3,241,14,0,12,1,0,0,0,372,47,0,15
441,D,102,H RES 301,26-Nov-1991,11:59 PM,On Agreeing to the Resolution,WAIVING ALL POINTS OF ORDER AGAINST THE CONFERENCE REPORT ON H.R. 3371; TO CONTROL AND PREVENT CRIME,Passed,5,148,1,12,227,11,0,29,0,1,0,0,232,160,1,41
442,D,102,H R 3371,26-Nov-1991,11:59 PM,RECOMMIT CONFERENCE REPORT WITH INSTRUCTIONS,OMNIBUS CRIME CONTROL ACT OF 1991,Failed,152,4,1,9,22,232,0,13,0,1,0,0,174,237,1,22
443,D,102,H R 3371,26-Nov-1991,11:59 PM,On Agreeing to the Conference Report,OMNIBUS CRIME CONTROL ACT OF 1991,Passed,6,149,1,10,199,53,0,16,0,1,0,0,205,203,1,26
444,D,102,H RES 320,26-Nov-1991,11:59 PM,On Ordering the Previous Question,"PROVIDING FOR THE CONSIDERATION OF THE BILL H.R. 3435; RESOLUTION TRUST CORPORATION REFINANCING, RESTRUCTURING, AND IMPROVEMENT ACT OF 1991",Passed,4,143,0,19,243,1,0,23,1,0,0,0,248,144,0,42
