Roll Call,Majority,Congress Num,Legislation Number,Date,Time,Question,Description,Result,Republican Yes,Republican No,Republican Present,Republican Not Voting,Democrat Yes,Democrat No,Democrat Present,Democrat Not Voting,Independent Yes,Independent No,Independent Present,Independent Not Voting,Total Yes,Total No,Total Present,Total Not Voting
1,D,102,QUORUM 1,28-Jan-1992,12:24 PM,Call of the House,None,Passed,0,0,148,18,0,0,226,42,0,0,0,1,0,0,374,61
2,D,102,H CON RES 268,28-Jan-1992,2:54 PM,SUSPEND THE RULES AND AGREE,TECHNICAL CORRECTIONS TO H.R. 3866,Passed,154,0,0,12,235,0,0,32,1,0,0,0,390,0,0,44
3,D,102,H R 1989,28-Jan-1992,3:08 PM,SUSPEND THE RULES AND AGREE TO SENATE AMENDMENT,AMERICAN TECHNOLOGY PREEMINENCE ACT OF 1991,Passed,155,0,0,11,236,1,0,30,1,0,0,0,392,1,0,41
4,D,102,H R 4095,4-Feb-1992,3:06 PM,SUSPEND RULES AND PASSAS AMENDED,EMERGENCY EXTENSION OF UNEMPLOYMENT BENEFITS,Passed,151,8,0,7,252,0,0,15,1,0,0,0,404,8,0,22
5,D,102,H RES 340,5-Feb-1992,3:00 PM,On Ordering the Previous Question,REGARDING THE POST OFFICE OF THE HOUSE OF REPRESENTATIVES,Passed,0,161,0,5,252,1,0,14,1,0,0,0,253,162,0,19
6,D,102,H RES 340,5-Feb-1992,3:17 PM,On Agreeing to the Resolution,REGARDING THE POST OFFICE OF THE HOUSE OF REPRESENTATIVES,Passed,1,160,0,5,252,0,0,15,1,0,0,0,254,160,0,20
7,D,102,H RES 341,5-Feb-1992,3:41 PM,ON MOTION TO TABLE THERESOLUTION,None,Passed,0,160,0,6,249,1,0,17,1,0,0,0,250,161,0,23
8,D,102,H RES 342,5-Feb-1992,5:01 PM,ON MOTION TO TABLE THERESOLUTION,REGARDING ACTIONS BY THE FOREIGN AFFAIRS COMMITTEE,Passed,0,160,0,6,248,0,0,19,1,0,0,0,249,160,0,25
9,D,102,H RES 303,5-Feb-1992,6:39 PM,On Ordering the Previous Question,PROVIDING FOR THE CONISDERATION OF H. RES 258.,Passed,0,160,0,6,250,1,0,16,1,0,0,0,251,161,0,22
10,D,102,H RES 303,5-Feb-1992,7:02 PM,On Agreeing to the Resolution,PROVIDING FOR THE CONISDERATION OF H. RES 258.,Passed,0,158,0,8,246,0,0,21,1,0,0,0,247,158,0,29
11,D,102,H RES 258,5-Feb-1992,7:36 PM,TABLE THE APPEAL OF THE RULING OF THE CHAIR,CREATING A TASK FORCE OF MEMBERS OF THE FOREIGN AFFAIRS COMMITTEE TO INVESTIGATE CERTAIN ALLEGATIONS CONCERNING THE HOLDING OF AMERICANS AS HOSTAGES BY IRAN IN 1980,Passed,0,150,0,16,226,0,0,41,1,0,0,0,227,150,0,57
12,D,102,H RES 258,5-Feb-1992,9:47 PM,On Agreeing to the Amendment,None,Failed,158,0,0,8,0,248,0,19,0,1,0,0,158,249,0,27
13,D,102,H RES 258,5-Feb-1992,10:04 PM,On Agreeing to the Resolution,CREATING A TASK FORCE OF MEMBERS OF THE FOREIGN AFFAIRS COMMITTEE TO INVESTIGATE CERTAIN ALLEGATIONS CONCERNING THE HOLDING OF AMERICANS AS HOSTAGES BY IRAN IN 1980,Passed,0,158,0,8,216,34,0,17,1,0,0,0,217,192,0,25
14,D,102,S 606,19-Feb-1992,3:13 PM,SUSPEND THE RULES AND PASS AS AMENDED,ALLEGHENY WILD AND SCENIC RIVER SYSTEMS,Passed,156,3,0,7,252,0,0,15,1,0,0,0,409,3,0,22
15,D,102,H R 543,19-Feb-1992,3:24 PM,SUSPEND THE RULES AND AGREE TO SENATE AMENDMENTS,MANZANAR NATIONAL HISTORIC SITE,Passed,147,13,0,6,252,0,0,15,1,0,0,0,400,13,0,21
16,D,102,H R 3337,19-Feb-1992,3:33 PM,SUSPEND THE RULES AND AGREE TO SENATE AMENDMENT,WHITE HOUSE COMMEMORATIVE COIN,Failed,45,114,0,7,126,127,0,14,1,0,0,0,172,241,0,21
17,D,102,H R 3490,25-Feb-1992,3:45 PM,SUSPEND THE RULES AND PASS AS AMENDED,TELEPHONE DISCLOSURE AND DISPUTE RESOLUTION ACT,Passed,127,30,0,9,253,1,0,13,1,0,0,0,381,31,0,22
18,D,102,H R 4113,25-Feb-1992,3:55 PM,SUSPEND THE RULES AND PASS AS AMENDED,"TRANSFER THE U.S.S. LEXINGTON TO THE CITY OF CORPUS CHRISTI, TEXAS",Passed,157,0,0,9,256,0,0,11,1,0,0,0,414,0,0,20
19,D,102,H R 2152,25-Feb-1992,4:05 PM,SUSPEND THE RULES AND PASS AS AMENDED,INTERNATIONAL DRIFTNET FISHERY CONSERVATION PROGRAM ENHANCEMENT,Passed,157,0,0,9,254,0,1,12,1,0,0,0,412,0,1,21
20,D,102,H CON RES 239,25-Feb-1992,4:13 PM,SUSPEND THE RULES AND AGREE,COMMENDING THE PEOPLE OF LITHUANIA,Passed,157,0,0,9,253,0,0,14,1,0,0,0,411,0,0,23
21,D,102,H J RES 414,25-Feb-1992,4:20 PM,SUSPEND THE RULES AND PASS AS AMENDED,HONORING THOSE WHO LOST THEIR LIVES FIGHTING DRUG=RELATED CRIMES,Passed,155,0,0,11,254,0,0,13,1,0,0,0,410,0,0,24
22,D,102,MOTION,26-Feb-1992,12:27 PM,On Approving the Journal,None,Passed,44,108,1,13,238,7,0,22,0,0,0,1,282,115,1,36
23,D,102,H RES 374,26-Feb-1992,2:01 PM,TABLE THE APPEAL OF THE RULING OF THE CHAIR,PROVIDING FOR THE CONSIDERATION OF H.R. 4210; ECONOMIC GROWTH ACCELERATION ACT OF 1992,Passed,0,157,0,9,255,0,0,12,1,0,0,0,256,157,0,21
24,D,102,H RES 374,26-Feb-1992,3:34 PM,On Agreeing to the Resolution,PROVIDING FOR THE CONSIDERATION OF H.R. 4210; ECONOMIC GROWTH ACCELERATION ACT OF 1992,Passed,0,161,0,5,244,16,0,7,0,1,0,0,244,178,0,12
25,D,102,H R 4210,26-Feb-1992,6:07 PM,On Agreeing to the Amendment,None,Failed,0,163,0,3,1,263,0,3,0,1,0,0,1,427,0,6
26,D,102,MOTION,27-Feb-1992,10:22 AM,On Approving the Journal,None,Passed,45,110,1,10,240,5,0,22,0,0,0,1,285,115,1,33
27,D,102,QUORUM 27,27-Feb-1992,12:17 PM,Call of the House,None,Passed,0,0,159,7,0,0,254,13,0,0,1,0,0,0,414,20
28,D,102,H R 4210,27-Feb-1992,12:54 PM,On Agreeing to the Amendment,None,Failed,152,13,0,1,14,250,0,3,0,1,0,0,166,264,0,4
29,D,102,QUORUM 29,27-Feb-1992,2:10 PM,Call of the House,None,Passed,0,0,161,5,0,0,247,20,0,0,1,0,0,0,409,25
30,D,102,H R 4210,27-Feb-1992,2:54 PM,On Agreeing to the Amendment,None,Agreed to,1,164,0,1,219,46,0,3,1,0,0,0,221,210,0,4
31,D,102,H R 4210,27-Feb-1992,3:33 PM,On Passage,ECONOMIC GROWTH ACCELERATION ACT OF 1992,Passed,1,163,0,2,219,46,0,3,1,0,0,0,221,209,0,5
32,D,102,H R 3844,27-Feb-1992,5:14 PM,On Agreeing to the Amendment,None,Failed,1,154,0,11,94,150,0,23,1,0,0,0,96,304,0,34
33,D,102,H R 3844,27-Feb-1992,5:50 PM,On Agreeing to the Amendment,None,Agreed to,138,11,0,17,103,132,0,32,0,1,0,0,241,144,0,49
34,D,102,H R 3844,27-Feb-1992,6:29 PM,On Passage,HAITIAN REFUGEE PROTECTION ACT OF 1991,Passed,18,131,0,17,198,34,0,35,1,0,0,0,217,165,0,52
35,D,102,H R 2321,4-Mar-1992,2:27 PM,ON MOTION TO SUSPEND THE RULES AND PASS AS AMENDED,DAYTON AVIATION HERITAGE PARK,Passed,63,93,0,10,214,40,0,13,1,0,0,0,278,133,0,23
36,D,102,H RES 386,4-Mar-1992,4:08 PM,On Ordering the Previous Question,PROVIDING FOR THE CONSIDERATION OF H.CON.RES. 287; BUDGET FOR THE U.S. GOVERNMENT FOR FY 1993,Passed,0,161,0,5,247,11,0,9,1,0,0,0,248,172,0,14
37,D,102,H RES 386,4-Mar-1992,4:26 PM,On Agreeing to the Resolution,PROVIDING FOR THE CONSIDERATION OF H.CON.RES. 287; BUDGET FOR THE U.S. GOVERNMENT FOR FY 1993,Passed,0,161,0,5,238,21,0,8,1,0,0,0,239,182,0,13
38,D,102,H CON RES 287,4-Mar-1992,8:16 PM,On Agreeing to the Amendment,None,Failed,57,99,0,10,3,244,0,20,0,1,0,0,60,344,0,30
39,D,102,H CON RES 287,4-Mar-1992,9:47 PM,ON AGREEING TO THE AMENDMENT,None,Failed,42,119,0,5,0,250,0,17,0,1,0,0,42,370,0,22
40,D,102,H CON RES 287,5-Mar-1992,5:53 PM,On Agreeing to the Amendment,None,Failed,0,160,0,6,76,182,0,9,1,0,0,0,77,342,0,15
41,D,102,H CON RES 287,5-Mar-1992,7:09 PM,"ON AGREEING TO SECTIONS 1, 2 AND 4",CONGRESSIONAL BUDGET FOR THE UNITED STATES GOVERNMENT FOR FISCAL YEAR 1993,Passed,0,157,0,9,214,44,0,10,1,0,0,0,215,201,0,19
42,D,102,H CON RES 287,5-Mar-1992,7:27 PM,ON AGREEING TO SECTION3,CONGRESSIONAL BUDGET FOR THE UNITED STATES GOVERNMENT FOR FISCAL YEAR 1993,Passed,5,151,0,10,219,39,0,10,0,1,0,0,224,191,0,20
43,D,102,H R 2212,11-Mar-1992,4:29 PM,"PASSAGE, OBJECTIONS OFTHE PRESIDENT NOTWITHSTANDING",MOST FAVORED NATION STATUS FOR THE PEOPLE’S REPUBLIC OF CHINA,Passed,110,51,0,5,246,10,0,11,1,0,0,0,357,61,0,16
44,D,102,H RES 393,12-Mar-1992,11:01 PM,On Agreeing to the Resolution,RESOLUTION REGARDING THE HOUSE BANK,Passed,135,30,0,1,255,6,0,7,1,0,0,0,391,36,0,8
45,D,102,H RES 396,12-Mar-1992,11:59 PM,On Agreeing to the Resolution,FURTHER DISCLOSURES REGARDING THE HOUSE BANK,Passed,165,0,0,1,260,0,0,8,1,0,0,0,426,0,0,9
46,D,102,H RES 397,12-Mar-1992,11:59 PM,ON MOTION TO REFER TO COMMITTEE,FURTHER DISCLOSURE REGARDING THE HOUSE BANK,Failed,43,122,0,1,107,152,0,9,0,1,0,0,150,275,0,10
47,D,102,H RES 397,12-Mar-1992,11:59 PM,MOTION TO COMMIT,FURTHER DISCLOSURE REGARDING THE HOUSE BANK,Passed,83,58,0,25,160,75,0,33,1,0,0,0,244,133,0,58
48,D,102,MOTION,18-Mar-1992,2:29 PM,On Approving the Journal,None,Passed,48,100,0,18,240,6,0,21,1,0,0,0,289,106,0,39
49,D,102,H R 4210,18-Mar-1992,4:22 PM,TABLE MOTION TO INSTRUCT,ECONOMIC GROWTH ACCELERATION ACT OF 1992,Failed,0,154,0,12,0,254,0,13,0,1,0,0,0,409,0,25
50,D,102,H R 4210,18-Mar-1992,4:48 PM,AGREEING TO THE AMENDMENT TO THE MOTION TO INSTRUCT,ECONOMIC GROWTH ACCELERATION ACT OF 1992,Passed,1,154,0,11,204,46,0,17,1,0,0,0,206,200,0,28
51,D,102,H R 3209,18-Mar-1992,5:13 PM,SUSPEND THE RULES AND PASS AS AMENDED,FEDERAL EMPLOYEE RESERVIST BENEFIT EXTENSION ACT OF 1992,Passed,104,52,0,10,249,5,0,13,1,0,0,0,354,57,0,23
52,D,102,MOTION,20-Mar-1992,11:29 AM,On Approving the Journal,None,Passed,40,104,0,22,223,6,0,38,0,0,0,1,263,110,0,61
53,D,102,H RES 402,20-Mar-1992,1:05 PM,On Agreeing to the Resolution,"WAIVING ALL POINTS OF ORDER AGAINST THE CONFERENCE REPORT ON H.R. 4210, TAX FAIRNESS AND ECONOMIC GROWTH ACT OF 1992",Passed,0,150,0,16,243,1,0,23,1,0,0,0,244,151,0,39
54,D,102,H R 4210,20-Mar-1992,2:37 PM,On Agreeing to the Conference Report,TAX FAIRNESS AND ECONOMIC GROWTH ACT OF 1992,Passed,1,149,0,16,209,40,0,19,1,0,0,0,211,189,0,35
55,D,102,H R 4210,25-Mar-1992,4:10 PM,"PASSAGE, OBJECTIONS OFTHE PRESIDENT NOTWITHSTANDING",TAX FAIRNESS AND ECONOMIC GROWTH ACT OF 1992,Failed,1,163,0,2,209,52,0,7,1,0,0,0,211,215,0,9
56,D,102,H R 3553,26-Mar-1992,1:08 PM,On Agreeing to the Amendment,None,Failed,28,133,0,5,0,251,0,16,0,1,0,0,28,385,0,21
57,D,102,H R 3553,26-Mar-1992,3:36 PM,On Agreeing to the Amendment,None,Failed,102,56,0,8,79,175,0,13,0,1,0,0,181,232,0,21
58,D,102,H R 3553,26-Mar-1992,4:44 PM,ON AGREEING TO THE SUBSTITUTE AMENDMENT,None,Failed,12,139,0,15,72,175,0,20,1,0,0,0,85,314,0,35
59,D,102,H R 3553,26-Mar-1992,4:58 PM,On Agreeing to the Amendment,None,Agreed to,142,6,0,18,209,32,0,26,0,1,0,0,351,39,0,44
60,D,102,QUORUM 60,26-Mar-1992,7:42 PM,Call of the House,None,Passed,0,0,136,30,0,0,230,37,0,0,1,0,0,0,367,67
61,D,102,H R 3553,26-Mar-1992,7:49 PM,On Agreeing to the Amendment,None,Failed,88,47,0,31,6,228,0,33,0,1,0,0,94,276,0,64
62,D,102,H R 3553,26-Mar-1992,8:10 PM,On Passage,HIGHER EDUCATION REAUTHORIZATION,Passed,129,3,0,34,235,0,0,32,1,0,0,0,365,3,0,66
63,D,102,H J RES 456,31-Mar-1992,1:09 PM,On Passage,FURTHER CONTINUING APPROPRIATIONS FOR FY 1992,Passed,87,70,0,9,188,60,2,17,0,1,0,0,275,131,2,26
64,D,102,H RES 410,31-Mar-1992,2:43 PM,ORDERING THE PREVIOUS QUESTION,PROVIDING FOR FURTHER CONSIDERATION OF H.R. 3732; TO AMEND THE CONGRESSIONAL BUDGET ACT,Passed,0,161,0,5,241,16,0,10,1,0,0,0,242,177,0,15
65,D,102,H R 3732,31-Mar-1992,4:32 PM,On Motion to Recommit with Instructions,BUDGET PROCESS REFORM ACT OF 1992,Failed,162,0,0,4,0,261,0,6,0,1,0,0,162,262,0,10
66,D,102,H R 3732,31-Mar-1992,4:50 PM,On Passage,BUDGET PROCESS REFORM ACT OF 1992,Failed,0,162,0,4,186,76,0,5,1,0,0,0,187,238,0,9
67,D,102,H RES 412,1-Apr-1992,4:09 PM,On Agreeing to the Resolution,PROVIDING FOR THE CONSIDERATION OF H.R. 4704; RESOLUTION TRUST CORPORATION FUNDING,Passed,29,135,0,2,199,57,0,11,0,1,0,0,228,193,0,13
68,D,102,H R 4704,1-Apr-1992,5:42 PM,On Motion to Recommit,RESOLUTION TRUST CORPORATION FUNDING AVAILABILITY,Failed,128,33,0,5,45,213,0,9,0,1,0,0,173,247,0,14
69,D,102,H R 4704,1-Apr-1992,6:00 PM,On Passage,RESOLUTION TRUST CORPORATION FUNDING AVAILABILITY,Failed,45,117,0,4,80,180,0,7,0,1,0,0,125,298,0,11
70,D,102,H R 3337,1-Apr-1992,7:25 PM,RECOMMIT CONFERENCE REPORT WITH INSTRUCTIONS,WHITE HOUSE COMMEMORATIVE COIN,Passed,137,19,0,10,69,179,0,19,0,1,0,0,206,199,0,29
71,D,102,H RES 413,2-Apr-1992,1:23 PM,On Agreeing to the Resolution,PROVIDING FOR THE CONSIDERATION OF H.R. 2039; LEGAL SERVICES AUTHORIZATION,Passed,14,146,1,5,248,0,0,19,1,0,0,0,263,146,1,24
72,D,102,H R 4276,7-Apr-1992,2:56 PM,On Motion to Suspend the Rules and Pass,HISTORIC SITES SELECTION REFORM ACT OF 1992,Passed,145,0,0,21,235,0,0,32,1,0,0,0,381,0,0,53
73,D,102,MOTION,8-Apr-1992,11:26 AM,ON APPROVING THE JOURNAL,None,Passed,45,115,0,6,236,5,1,25,1,0,0,0,282,120,1,31
74,D,102,H R 3337,8-Apr-1992,12:34 PM,On Agreeing to the Conference Report,WHITE HOUSE COMMEMORATIVE COIN,Passed,159,0,0,7,254,0,0,13,1,0,0,0,414,0,0,20
75,D,102,S 3,8-Apr-1992,1:22 PM,RECOMMIT CONFERENCE REPORT WITH INSTRUCTIONS,CAMPAIGN FINANCE REFORM ACT,Passed,161,0,0,5,246,8,0,13,1,0,0,0,408,8,0,18
76,D,102,MOTION,9-Apr-1992,11:27 AM,On Approving the Journal,None,Passed,46,115,0,5,236,6,0,25,1,0,0,0,283,121,0,30
77,D,102,S 3,9-Apr-1992,1:54 PM,ORDERING THE PREVIOUS QUESTION ON CONFERENCEREPORT,CAMPAIGN FINANCE REFORM ACT,Passed,6,158,0,2,253,3,0,11,1,0,0,0,260,161,0,13
78,D,102,S 3,9-Apr-1992,2:20 PM,RECOMMIT CONFERENCE REPORT WITH INSTRUCTIONS,CAMPAIGN FINANCE REFORM ACT,Failed,154,10,0,2,25,232,0,10,0,1,0,0,179,243,0,12
79,D,102,S 3,9-Apr-1992,2:39 PM,On Agreeing to the Conference Report,CAMPAIGN FINANCE REFORM ACT,Passed,19,145,0,2,239,20,0,8,1,0,0,0,259,165,0,10
80,D,102,H RES 430,9-Apr-1992,3:32 PM,On Agreeing to the Resolution,QUESTION OF THE PRIVILEDGE OF THE HOUSE,Passed,160,0,0,6,256,1,0,10,1,0,0,0,417,1,0,16
81,D,102,H RES 431,9-Apr-1992,3:53 PM,ON MOTION TO TABLE,PRIVILEDGE OF THE HOUSE,Passed,1,158,0,7,229,23,0,15,1,0,0,0,231,181,0,22
82,D,102,H RES 427,9-Apr-1992,5:30 PM,On Agreeing to the Resolution,"PROVIDING FOR THE CONSIDERATION OF H. RES. 423, AMENDING THE RULES OF THE HOUSE TO PROVIDE FOR CERTAIN CHANGES IN THE ADMINISTRATIVE OPERATIONS OF THE HOUSE",Passed,0,159,0,7,256,0,0,11,1,0,0,0,257,159,0,18
83,D,102,H RES 423,9-Apr-1992,8:17 PM,On Agreeing to the Amendment,None,Failed,159,0,0,7,0,253,0,14,0,1,0,0,159,254,0,21
84,D,102,H RES 423,9-Apr-1992,8:38 PM,On Agreeing to the Resolution,AMENDING THE RULES OF THE HOUSE OF REPRESENTATIVES TO PROVIDE FOR CERTAIN CHANGES IN THE ADMINISTRATIVE OPERATIONS OF THE HOUSE,Passed,16,78,64,8,252,3,0,13,1,0,0,0,269,81,64,21
85,D,102,H RES 434,9-Apr-1992,8:59 PM,ON MOTION TO TABLE,PRIVILEDGE OF THE HOUSE,Passed,0,159,0,7,238,11,0,18,1,0,0,0,239,170,0,25
86,D,102,H RES 425,9-Apr-1992,10:34 PM,On Agreeing to the Resolution,ENTERTAIN MOTION TO SUSPEND THE RULES,Passed,105,52,0,9,164,86,0,17,0,1,0,0,269,139,0,26
87,D,102,H RES 433,9-Apr-1992,11:39 PM,SUSPEND THE RULES AND AGREE,RELATING TO THE CONSIDERATION OF THE SENATE AMENDMENT TO H.R. 2967,Passed,127,30,0,9,212,38,0,17,1,0,0,0,340,68,0,26
88,D,102,MOTION,29-Apr-1992,2:26 PM,On Approving the Journal,None,Passed,46,110,0,10,244,3,0,20,1,0,0,0,291,113,0,30
89,D,102,H RES 432,29-Apr-1992,3:39 PM,On Agreeing to the Resolution,PROVIDING FOR THE CONSIDERATION OF H.R. 4364; NATIONAL AERONAUTICS AND SPACE ADMINISTRATION MULTIYEAR AUTHORIZATION ACT OF 1992,Passed,159,0,0,7,259,0,0,8,1,0,0,0,419,0,0,15
90,D,102,H R 4364,29-Apr-1992,7:59 PM,On Agreeing to the Amendment,None,Failed,30,128,0,8,128,126,0,13,1,0,0,0,159,254,0,21
91,D,102,H RES 440,29-Apr-1992,9:45 PM,On Agreeing to the Resolution,RELEASING HOUSE BANK RECORDS PURSUANT TO U.S. DISTRICT COURT DETERMINATION,Failed,0,160,0,6,131,123,1,13,0,1,0,0,131,284,1,19
92,D,102,H RES 441,29-Apr-1992,11:20 PM,On Agreeing to the Resolution,A RESOLUTION CONCERNING PRIVILEDGES OF THE HOUSE,Passed,160,0,0,6,186,64,2,15,1,0,0,0,347,64,2,21
93,D,102,H RES 429,30-Apr-1992,12:39 PM,On Agreeing to the Resolution,COMMITTEE FUNDING,Passed,71,80,0,15,240,6,0,21,1,0,0,0,312,86,0,36
94,D,102,H RES 442,30-Apr-1992,1:44 PM,On Agreeing to the Resolution,PROVIDING FOR THE CONSIDERATION OF H.R. 3090; FAMILY PLANNING AMENDMENTS ACT OF 1991,Passed,28,128,0,10,244,18,0,5,1,0,0,0,273,146,0,15
95,D,102,H R 3090,30-Apr-1992,4:28 PM,On Passage,FAMILY PLANNING AMENDMENTS ACT OF 1991,Passed,55,105,0,6,212,45,0,10,1,0,0,0,268,150,0,16
96,D,102,MOTION,6-May-1992,10:26 AM,On Approving the Journal,None,Passed,44,102,0,20,215,4,0,48,0,0,0,1,259,106,0,69
97,D,102,H R 3247,6-May-1992,10:48 AM,SUSPEND RULES AND PASSAS AMENDED,NATIONAL UNDERSEA RESEARCH PROGRAM ACT OF 1992,Failed,43,108,0,15,212,25,0,30,0,0,0,1,255,133,0,46
98,D,102,H RES 444,6-May-1992,12:02 PM,On Agreeing to the Resolution,PROVIDING FOR THE CONSIDERATION OF H.R. 2039; LEGAL SERVICES REAUTHORIZATION ACT OF 1991,Passed,0,161,1,4,238,6,0,23,0,0,0,1,238,167,1,28
99,D,102,H R 2039,6-May-1992,1:10 PM,ON AGREEING TO THE AMENDMENTS,None,Agreed to,158,3,1,4,252,0,0,15,0,0,0,1,410,3,1,20
100,D,102,H R 2039,6-May-1992,1:39 PM,On Agreeing to the Amendment,None,Agreed to,33,127,1,5,230,23,0,14,0,0,0,1,263,150,1,20
101,D,102,H R 2039,6-May-1992,2:30 PM,On Agreeing to the Amendment,None,Failed,149,14,1,2,21,236,0,10,0,1,0,0,170,251,1,12
102,D,102,H R 2039,6-May-1992,3:19 PM,ON AGREEING TO THE AMENDMENTS,None,Failed,142,21,1,2,36,218,0,13,0,1,0,0,178,240,1,15
103,D,102,H R 2039,6-May-1992,4:57 PM,On Agreeing to the Amendment,None,Agreed to,12,149,1,4,209,47,0,11,1,0,0,0,222,196,1,15
104,D,102,H R 2039,6-May-1992,5:09 PM,ON AGREEING TO THE AMENDMENT AS AMENDED,None,Agreed to,25,136,1,4,196,59,0,12,0,1,0,0,221,196,1,16
105,D,102,H R 2039,6-May-1992,5:42 PM,On Agreeing to the Amendment,None,Agreed to,160,0,1,5,249,2,0,16,1,0,0,0,410,2,1,21
106,D,102,H R 2039,6-May-1992,6:42 PM,On Agreeing to the Amendment,None,Failed,133,28,1,4,23,228,0,16,0,1,0,0,156,257,1,20
107,D,102,H CON RES 287,6-May-1992,7:16 PM,ON MOTION TO INSTRUCT CONFEREES,CONGRESSIONAL BUDGET FOR THE UNITED STATES GOVERNMENT FOR FISCAL YEAR 1993,Passed,150,1,0,15,172,64,1,30,0,1,0,0,322,66,1,45
108,D,102,MOTION,7-May-1992,10:24 AM,On Approving the Journal,None,Passed,34,116,1,15,228,6,0,33,0,0,0,1,262,122,1,49
109,D,102,H RES 447,7-May-1992,11:23 AM,TABLE THE APPEAL OF THE RULING OF THE CHAIR,"PROVIDING FOR THE CONSIDERATION OF H.R. 4990, RESCINDING CERTAIN BUDGET AUTHORITY",Passed,0,161,0,5,252,0,0,15,1,0,0,0,253,161,0,20
110,D,102,H RES 447,7-May-1992,12:58 PM,On Ordering the Previous Question,"PROVIDING FOR THE CONSIDERATION OF H.R. 4990, RESCINDING CERTAIN BUDGET AUTHORITY",Passed,4,159,0,3,252,1,0,14,1,0,0,0,257,160,0,17
111,D,102,H RES 447,7-May-1992,1:19 PM,On Agreeing to the Resolution,"PROVIDING FOR THE CONSIDERATION OF H.R. 4990, RESCINDING CERTAIN BUDGET AUTHORITY",Passed,8,154,0,4,231,24,0,12,1,0,0,0,240,178,0,16
112,D,102,H R 4990,7-May-1992,2:52 PM,On Agreeing to the Amendment,None,Failed,133,29,0,4,17,236,0,14,0,1,0,0,150,266,0,18
113,D,102,H R 4990,7-May-1992,3:14 PM,On Passage,RESCINDING CERTAIN BUDGET AUTHORITY,Passed,159,1,0,6,252,1,0,14,1,0,0,0,412,2,0,20
114,D,102,MOTION,12-May-1992,12:30 PM,On Approving the Journal,None,Passed,42,113,0,11,210,3,0,54,0,0,0,1,252,116,0,66
115,D,102,H R 2039,12-May-1992,2:43 PM,ON AGEEING TO THE AMENDMENTS,None,Failed,124,35,1,6,64,180,0,23,0,1,0,0,188,216,1,29
116,D,102,H R 2039,12-May-1992,3:34 PM,On Agreeing to the Amendment,None,Agreed to,154,5,1,6,132,117,0,18,0,1,0,0,286,123,1,24
117,D,102,H R 2039,12-May-1992,4:20 PM,On Motion to Recommit with Instructions,LEGAL SERVICES REAUTHORIZATION ACT OF 1991,Failed,137,22,1,6,36,213,0,18,0,1,0,0,173,236,1,24
118,D,102,H R 2039,12-May-1992,4:32 PM,On Passage,LEGAL SERVICES REAUTHORIZATION ACT OF 1991,Passed,27,130,1,8,225,24,0,18,1,0,0,0,253,154,1,26
119,D,102,H RES 443,13-May-1992,4:12 PM,On Agreeing to the Resolution,PROVIDING FOR THE CONSIDERATION OF H.R. 2056; SHIPBUILDING TRADE REFORM ACT OF 1992,Passed,39,122,0,5,250,3,0,14,1,0,0,0,290,125,0,19
120,D,102,H R 2056,13-May-1992,6:07 PM,On Motion to Recommit with Instructions,SHIPBUILDING TRADE REFORM ACT OF 1992,Failed,118,42,0,6,61,194,0,12,0,1,0,0,179,237,0,18
121,D,102,H R 2056,13-May-1992,6:25 PM,On Passage,SHIPBUILDING TRADE REFORM ACT OF 1992,Passed,103,57,0,6,235,21,0,11,1,0,0,0,339,78,0,17
122,D,102,H R 4111,14-May-1992,11:08 AM,On Passage,SMALL BUSINESS LOAN ASSISTANCE,Passed,153,2,0,11,245,0,0,22,1,0,0,0,399,2,0,33
123,D,102,H RES 454,14-May-1992,1:37 PM,On Ordering the Previous Question,PROVIDING FOR THE CONSIDERATION OF H.R. 5132; DISASTER EMERGENCY SUPPLEMENTAL RELIEF ACT,Passed,20,136,0,10,241,3,0,23,1,0,0,0,262,139,0,33
124,D,102,H RES 454,14-May-1992,1:56 PM,On Agreeing to the Resolution,PROVIDING FOR THE CONSIDERATION OF H.R. 5132; DISASTER EMERGENCY SUPPLEMENTAL RELIEF ACT,Passed,71,85,0,10,226,21,0,20,1,0,0,0,298,106,0,30
125,D,102,H R 5132,14-May-1992,3:54 PM,On Passage,DIRE EMERGENCY SUPPLEMENTAL APPRORIATIONS FOR DISASTER RELIEF,Passed,44,110,0,12,199,52,0,16,1,0,0,0,244,162,0,28
126,D,102,H RES 456,14-May-1992,5:06 PM,On Agreeing to the Resolution,CONCERNING PRIVILEGES OF THE HOUSE,Passed,125,0,0,41,198,3,0,66,1,0,0,0,324,3,0,107
127,D,102,H R 4691,19-May-1992,5:08 PM,On Passage,AIRPORT AND AIRWAY SAFETY TRANSPORTATION ACT OF 1992,Passed,156,1,0,9,253,1,0,13,1,0,0,0,410,2,0,22
128,D,102,S 1306,19-May-1992,5:27 PM,SUSPEND RULES AND AGREE TO CONFERENCE REPORT,"ALCOHOL, DRUG ABUSE, AND MENTAL HEALTH ADMINISTRATION REORGANIZATION ACT OF 1991",Failed,50,110,0,6,213,38,1,15,1,0,0,0,264,148,1,21
129,D,102,MOTION,20-May-1992,11:31 AM,On Approving the Journal,None,Passed,42,110,0,14,244,5,1,17,1,0,0,0,287,115,1,31
130,D,102,MOTION,20-May-1992,12:50 PM,TABLE APPEAL FROM THE RULING OF THE CHAIR,IN REGARD TO THE FINANCIAL MANAGEMENT OF THE HOUSE,Passed,10,149,0,7,251,0,0,16,1,0,0,0,262,149,0,23
131,D,102,H CON RES 320,20-May-1992,5:34 PM,SUSPEND THE RULES AND AGREE,AGREEING TO THE RADIFICATION OF THE 27th AMENDMENT TO THE CONSTITUTION,Passed,161,0,0,5,252,3,0,12,1,0,0,0,414,3,0,17
132,D,102,H R 776,20-May-1992,6:39 PM,On Agreeing to the Amendment,None,Agreed to,89,71,1,5,238,8,0,21,1,0,0,0,328,79,1,26
133,D,102,H R 776,20-May-1992,7:32 PM,On Agreeing to the Amendment,None,Failed,46,112,0,8,151,99,0,17,1,0,0,0,198,211,0,25
134,D,102,H R 776,20-May-1992,8:51 PM,On Agreeing to the Amendment,None,Agreed to,144,18,0,4,110,141,0,16,0,1,0,0,254,160,0,20
135,D,102,H R 776,20-May-1992,9:45 PM,On Agreeing to the Amendment,None,Agreed to,94,63,0,9,143,106,0,18,1,0,0,0,238,169,0,27
136,D,102,H RES 462,21-May-1992,11:14 AM,On Agreeing to the Resolution,WAIVING ALL POINTS OF ORDER AGAINST THE CONFERENCE REPORT ON H.R. 4990; RESCINDING CERTAIN BUDGET AUTHORITY,Passed,18,137,0,11,248,5,0,14,1,0,0,0,267,142,0,25
137,D,102,H R 4990,21-May-1992,12:02 PM,On Agreeing to the Conference Report,RESCINDING CERTAIN BUDGET AUTHORITY,Passed,157,1,0,8,246,10,0,11,1,0,0,0,404,11,0,19
138,D,102,H RES 463,21-May-1992,12:31 PM,On Agreeing to the Resolution,"WAIVING ALL POINTS OF ORDER AGAINST THE CONFERENCE REPORT ON H. CON. RES. 287; CONGRESSIONAL BUDGET FOR F.Y. 1993, 1994, 1995, 1996, AND 1997.",Passed,0,159,0,7,252,1,0,14,1,0,0,0,253,160,0,21
139,D,102,H CON RES 287,21-May-1992,1:41 PM,On Agreeing to the Conference Report,CONGRESSIONAL BUDGET FOR THE UNITED STATES GOVERNMENT FOR FISCAL YEAR 1993,Passed,0,159,0,7,209,47,0,12,0,1,0,0,209,207,0,19
140,D,102,H R 776,27-May-1992,2:16 PM,On Agreeing to the Amendment,None,Agreed to,141,9,0,16,122,125,0,20,0,1,0,0,263,135,0,36
141,D,102,H R 776,27-May-1992,4:10 PM,On Agreeing to the Amendment,None,Failed,16,142,0,8,100,151,1,15,1,0,0,0,117,293,1,23
142,D,102,H R 776,27-May-1992,6:03 PM,On Agreeing to the Amendment,None,Failed,118,40,0,8,77,180,0,10,0,1,0,0,195,221,0,18
143,D,102,H R 776,27-May-1992,6:23 PM,On Agreeing to the Amendment,None,Agreed to,78,80,0,8,239,18,0,10,1,0,0,0,318,98,0,18
144,D,102,H R 776,27-May-1992,6:44 PM,On Passage,TO PROVIDE FOR IMPROVED ENERGY EFFICIENCY,Passed,135,23,0,8,245,14,0,8,1,0,0,0,381,37,0,16
145,D,102,H RES 471,28-May-1992,10:58 AM,On Agreeing to the Resolution,REGARDING FURTHER MATERIALS IN THE MATTER OF THE HOUSE BANK,Passed,153,0,0,13,242,5,1,19,1,0,0,0,396,5,1,32
146,D,102,H RES 466,28-May-1992,12:30 PM,On Agreeing to the Resolution,WAIVING ALL POINTS OF ORDER AGAINST THE CONFERENCE REPORT ON H.R. 2507; NATIONAL INSTITUTES OF HEALTH REAUTHORIZATION,Passed,88,70,0,8,219,30,0,18,1,0,0,0,308,100,0,26
147,D,102,H R 2507,28-May-1992,2:16 PM,On Agreeing to the Conference Report,NATIONAL INSTITUTES OF HEALTH REVITALIZATION AMENDMENTS OF 1992,Passed,43,116,0,7,216,32,0,19,1,0,0,0,260,148,0,26
148,D,102,H RES 379,28-May-1992,3:37 PM,On Ordering the Previous Question,COMMITTEE FUNDING,Passed,7,145,0,14,246,1,0,20,1,0,0,0,254,146,0,34
149,D,102,H RES 379,28-May-1992,3:55 PM,On Agreeing to the Resolution,COMMITTEE FUNDING,Passed,78,74,0,14,244,2,0,21,1,0,0,0,323,76,0,35
150,D,102,S 1306,28-May-1992,5:33 PM,RECOMMIT CONFERENCE REPORT WITH INSTRUCTIONS,"ALCOHOL, DRUG ABUSE, AND MENTAL HEALTH ADMINISTRATION REORGANIZATION ACT OF 1991",Passed,135,6,0,25,79,150,1,37,0,1,0,0,214,157,1,62
151,D,102,MOTION,3-Jun-1992,12:26 PM,On Approving the Journal,None,Passed,40,93,0,33,207,4,0,56,1,0,0,0,248,97,0,89
152,D,102,H RES 474,3-Jun-1992,2:57 PM,On Agreeing to the Resolution,PROVIDING FOR THE CONSIDERATION OF H.R. 5006; DEPARTMENT OF DEFENSE AUTHORIZATION FOR FISCAL YEAR 1993,Passed,26,125,0,15,230,11,0,26,1,0,0,0,257,136,0,41
153,D,102,H R 5132,3-Jun-1992,3:28 PM,MOTION TO INSTRUCT CONFEREES,DIRE EMERGENCY SUPPLEMENTAL APPRORIATIONS FOR DISASTER RELIEF,Passed,149,1,0,16,223,19,0,25,0,1,0,0,372,21,0,41
154,D,102,H R 5006,3-Jun-1992,5:41 PM,On Agreeing to the Amendment,None,Agreed to,150,7,0,9,245,2,0,20,1,0,0,0,396,9,0,29
155,D,102,H R 5006,3-Jun-1992,6:44 PM,On Agreeing to the Amendment,None,Agreed to,39,117,0,10,180,68,0,19,1,0,0,0,220,185,0,29
156,D,102,H R 5006,3-Jun-1992,7:37 PM,On Agreeing to the Amendment,None,Agreed to,34,120,0,12,206,42,0,19,1,0,0,0,241,162,0,31
157,D,102,H R 5006,3-Jun-1992,8:31 PM,On Agreeing to the Amendment,None,Agreed to,20,136,0,10,204,41,0,22,1,0,0,0,225,177,0,32
158,D,102,H R 5006,3-Jun-1992,9:14 PM,On Agreeing to the Amendment,None,Failed,0,155,0,11,82,163,0,22,1,0,0,0,83,318,0,33
159,D,102,QUORUM 159,4-Jun-1992,1:35 PM,Call of the House,None,Passed,0,0,159,7,0,0,246,21,0,0,1,0,0,0,406,28
160,D,102,H R 5006,4-Jun-1992,1:44 PM,On Agreeing to the Amendment,None,Agreed to,125,36,0,5,230,18,0,19,1,0,0,0,356,54,0,24
161,D,102,QUORUM 161,4-Jun-1992,2:44 PM,Call of the House,None,Passed,0,0,154,12,0,0,246,21,0,0,1,0,0,0,401,33
162,D,102,H R 5006,4-Jun-1992,2:54 PM,On Agreeing to the Amendment,None,Agreed to,45,115,0,6,232,20,0,15,1,0,0,0,278,135,0,21
163,D,102,H R 5006,4-Jun-1992,3:45 PM,On Agreeing to the Amendment,None,Agreed to,34,125,0,7,181,68,0,18,1,0,0,0,216,193,0,25
164,D,102,H R 5006,4-Jun-1992,5:27 PM,On Agreeing to the Amendment,None,Agreed to,24,134,0,8,212,33,0,22,1,0,0,0,237,167,0,30
165,D,102,H R 5006,4-Jun-1992,7:35 PM,On Agreeing to the Amendment,None,Failed,145,5,0,16,2,229,0,36,0,1,0,0,147,235,0,52
166,D,102,H R 5006,4-Jun-1992,7:44 PM,On Agreeing to the Amendment,None,Agreed to,43,104,0,19,231,1,0,35,1,0,0,0,275,105,0,54
167,D,102,H R 5006,4-Jun-1992,9:02 PM,On Agreeing to the Amendment,None,Failed,4,142,0,20,85,141,0,41,1,0,0,0,90,283,0,61
168,D,102,H R 5006,5-Jun-1992,10:16 AM,On Agreeing to the Amendment,None,Failed,2,142,0,22,114,106,0,47,1,0,0,0,117,248,0,69
169,D,102,H R 5006,5-Jun-1992,11:20 AM,On Agreeing to the Amendment,None,Failed,11,134,0,21,149,77,0,41,1,0,0,0,161,211,0,62
170,D,102,H R 5006,5-Jun-1992,12:40 PM,On Agreeing to the Amendment,None,Failed,22,123,0,21,139,89,0,39,1,0,0,0,162,212,0,60
171,D,102,H R 5006,5-Jun-1992,1:20 PM,On Agreeing to the Amendment,None,Agreed to,32,110,0,24,169,54,0,44,1,0,0,0,202,164,0,68
172,D,102,H R 5006,5-Jun-1992,1:56 PM,On Passage,NATIONAL DEFENSE AUTHORIZATION ACT FOR FISCAL YEAR 1993,Passed,30,112,0,24,167,56,0,44,1,0,0,0,198,168,0,68
173,D,102,MOTION,9-Jun-1992,12:26 PM,On Approving the Journal,None,Passed,32,112,0,22,199,4,2,62,0,0,0,1,231,116,2,85
174,D,102,H R 5333,9-Jun-1992,5:07 PM,On Motion to Suspend the Rules and Pass,BALANCED BUDGET ACT,Failed,10,151,0,5,189,68,0,10,0,1,0,0,199,220,0,15
175,D,102,H R 5058,9-Jun-1992,5:19 PM,On Motion to Suspend the Rules and Pass,AMERICAN FOLKLIFE CENTER AUTHORIZATION,Failed,10,151,0,5,126,129,0,12,1,0,0,0,137,280,0,17
176,D,102,H RES 475,9-Jun-1992,6:54 PM,On Ordering the Previous Question,"PROVIDING FOR THE CONSIDERATION OF H.R. 5260, UNEMPLOYMENT COMPENSATION AMENDMENTS OF 1992",Passed,0,157,0,9,231,25,0,11,1,0,0,0,232,182,0,20
177,D,102,H RES 475,9-Jun-1992,7:14 PM,On Agreeing to the Resolution,"PROVIDING FOR THE CONSIDERATION OF H.R. 5260, UNEMPLOYMENT COMPENSATION AMENDMENTS OF 1992",Passed,0,158,0,8,224,24,0,19,1,0,0,0,225,182,0,27
178,D,102,H R 5260,9-Jun-1992,9:15 PM,On Motion to Recommit with Instructions,UNEMPLOYMENT COMPENSATION AMENDMENTS OF 1992,Failed,157,0,0,9,34,218,0,15,0,1,0,0,191,219,0,24
179,D,102,H R 5260,9-Jun-1992,9:32 PM,On Passage,UNEMPLOYMENT COMPENSATION AMENDMENTS OF 1992,Passed,25,131,0,10,235,19,0,13,1,0,0,0,261,150,0,23
180,D,102,MOTION,10-Jun-1992,10:29 AM,On Approving the Journal,None,Passed,38,117,0,11,239,5,0,23,0,0,0,1,277,122,0,35
181,D,102,H RES 450,10-Jun-1992,12:50 PM,On Agreeing to the Resolution,PROVIDING FOR THE CONSIDERATION OF H.J. RES. 290,Passed,157,2,0,7,169,88,0,10,0,1,0,0,326,91,0,17
182,D,102,MOTION,11-Jun-1992,10:25 AM,On Approving the Journal,None,Passed,48,107,0,11,236,5,0,26,0,0,0,1,284,112,0,38
183,D,102,H J RES 290,11-Jun-1992,12:17 PM,On Agreeing to the Amendment,None,Failed,152,13,0,1,18,244,0,5,0,1,0,0,170,258,0,6
184,D,102,H J RES 290,11-Jun-1992,1:55 PM,On Agreeing to the Amendment,None,Failed,155,9,0,2,45,217,0,5,0,1,0,0,200,227,0,7
185,D,102,H J RES 290,11-Jun-1992,3:42 PM,On Agreeing to the Amendment,None,Failed,2,164,0,0,101,162,0,4,0,1,0,0,103,327,0,4
186,D,102,H J RES 290,11-Jun-1992,5:38 PM,On Agreeing to the Amendment,None,Agreed to,164,2,0,0,115,150,0,2,0,1,0,0,279,153,0,2
187,D,102,H J RES 290,11-Jun-1992,5:59 PM,On Passage,BALANCED BUDGET CONSTITUTIONAL AMENDMENT,Passed,164,2,0,0,116,150,0,2,0,1,0,0,280,153,0,2
188,D,102,MOTION,16-Jun-1992,12:30 PM,On Approving the Journal,None,Passed,46,108,0,12,229,5,0,33,1,0,0,0,276,113,0,45
189,D,102,H RES 480,16-Jun-1992,1:42 PM,TABLE APPEAL FROM RULING OF CHAIR,"PROVIDING FOR THE CONSIDERATION OF S. 250, NATIONAL VOTER REGISTRATION ACT",Passed,0,158,0,8,249,0,0,18,1,0,0,0,250,158,0,26
190,D,102,H RES 480,16-Jun-1992,2:54 PM,On Ordering the Previous Question,"PROVIDING FOR THE CONSIDERATION OF S. 250, NATIONAL VOTER REGISTRATION ACT",Passed,1,162,0,3,254,1,0,12,1,0,0,0,256,163,0,15
191,D,102,H RES 480,16-Jun-1992,3:13 PM,On Agreeing to the Resolution,"PROVIDING FOR THE CONSIDERATION OF S. 250, NATIONAL VOTER REGISTRATION ACT",Passed,6,157,0,3,257,0,0,10,1,0,0,0,264,157,0,13
192,D,102,QUORUM 192,16-Jun-1992,5:39 PM,Call of the House,None,Passed,0,0,163,3,0,0,253,14,0,0,1,0,0,0,417,17
193,D,102,S 250,16-Jun-1992,5:48 PM,On Agreeing to the Amendment,None,Failed,131,33,0,2,2,256,0,9,0,1,0,0,133,290,0,11
194,D,102,S 250,16-Jun-1992,6:10 PM,On Passage,NATIONAL VOTER REGISTRATION ACT,Passed,28,135,1,2,239,18,0,10,1,0,0,0,268,153,1,12
195,D,102,H RES 485,17-Jun-1992,1:54 PM,On Agreeing to the Resolution,WAIVING CERTAIN POINTS OF ORDER DURING CONSIDERATION OF H.R. 5373; ENERGY AND WATER DEVELOPMENT APPROPRIATIONS FOR FY 1993,Passed,118,41,0,7,258,3,0,6,1,0,0,0,377,44,0,13
196,D,102,QUORUM 196,17-Jun-1992,3:39 PM,Call of the House,None,Passed,0,0,162,4,0,0,254,13,0,0,1,0,0,0,417,17
197,D,102,H R 5373,17-Jun-1992,3:50 PM,On Agreeing to the Amendment,None,Failed,87,77,0,2,17,245,0,5,0,1,0,0,104,323,0,7
198,D,102,H R 5373,17-Jun-1992,4:43 PM,On Agreeing to the Amendment,None,Failed,90,72,0,4,15,246,0,6,0,1,0,0,105,319,0,10
199,D,102,H R 5373,17-Jun-1992,5:46 PM,On Agreeing to the Amendment,None,Failed,26,136,0,4,114,146,0,7,1,0,0,0,141,282,0,11
200,D,102,H R 5373,17-Jun-1992,6:32 PM,On Agreeing to the Amendment,None,Failed,37,125,0,4,151,108,0,8,1,0,0,0,189,233,0,12
201,D,102,H R 5373,17-Jun-1992,9:46 PM,On Agreeing to the Amendment,None,Agreed to,79,79,0,8,152,102,0,13,1,0,0,0,232,181,0,21
202,D,102,H R 5373,17-Jun-1992,10:20 PM,On Agreeing to the Amendment,None,Agreed to,151,9,0,6,252,3,0,12,1,0,0,0,404,12,0,18
203,D,102,H R 5373,17-Jun-1992,10:42 PM,On Passage,ENERGY AND WATER DEVELOPMENT APPROPRIATIONS FOR FY 1993,Passed,125,36,0,5,240,14,0,13,0,1,0,0,365,51,0,18
204,D,102,MOTION,18-Jun-1992,10:26 AM,On Approving the Journal,None,Passed,52,102,0,12,231,5,0,31,1,0,0,0,284,107,0,43
205,D,102,H CON RES 192,18-Jun-1992,12:57 PM,On Agreeing to the Resolution,JOINT COMMITTEE ON THE ORGANIZATION OF CONGRESS,Passed,161,0,0,5,250,4,0,13,1,0,0,0,412,4,0,18
206,D,102,H R 5132,18-Jun-1992,2:56 PM,On Agreeing to the Conference Report,DIRE EMERGENCY SUPPLEMENTAL APPRORIATIONS FOR DISASTER RELIEF,Passed,43,117,0,6,205,51,0,11,1,0,0,0,249,168,0,17
207,D,102,H R 5055,22-Jun-1992,4:46 PM,On Passage,COAST GUARD AUTHORIZATION ACT,Passed,104,21,0,41,199,1,0,67,1,0,0,0,304,22,0,108
208,D,102,MOTION,22-Jun-1992,5:13 PM,On Approving the Journal,None,Passed,34,96,0,36,194,4,0,69,1,0,0,0,229,100,0,105
209,D,102,ADJOURN,23-Jun-1992,12:26 PM,ON MOTION TO ADJOURN,None,Failed,16,142,0,8,1,236,0,30,0,1,0,0,17,379,0,38
210,D,102,H RES 498,23-Jun-1992,2:06 PM,On Ordering the Previous Question,WAIVING CERTAIN POINTS OF ORDER AGAINST H. R. 5428; MAKING APPROPRIATIONS FOR MILITARY CONSTRUCTION FOR F.Y. 1993,Passed,17,142,0,7,251,1,0,15,1,0,0,0,269,143,0,22
211,D,102,H RES 498,23-Jun-1992,2:25 PM,On Agreeing to the Resolution,WAIVING CERTAIN POINTS OF ORDER AGAINST H. R. 5428; MAKING APPROPRIATIONS FOR MILITARY CONSTRUCTION FOR F.Y. 1993,Passed,128,33,0,5,252,1,0,14,1,0,0,0,381,34,0,19
212,D,102,QUORUM 212,23-Jun-1992,3:30 PM,Call of the House,None,Passed,0,0,162,4,0,0,249,18,0,0,1,0,0,0,412,22
213,D,102,H R 5428,23-Jun-1992,3:39 PM,On Agreeing to the Amendment,None,Failed,109,53,0,4,34,222,0,11,0,1,0,0,143,276,0,15
214,D,102,H R 5428,23-Jun-1992,4:32 PM,On Agreeing to the Amendment,None,Agreed to,102,62,0,2,163,94,0,10,1,0,0,0,266,156,0,12
215,D,102,H R 5428,23-Jun-1992,4:51 PM,MOTION TO RISE AND REPORT,"MAKING APPROPRIATIONS FOR MILITARY CONSTRUCTION FOR THE FISCAL YEAR ENDING SEPTEMBER 30, 1993",Passed,161,0,0,5,255,0,0,12,1,0,0,0,417,0,0,17
216,D,102,H R 5428,23-Jun-1992,5:25 PM,ENGROSSMENT AND THIRD READING,"MAKING APPROPRIATIONS FOR MILITARY CONSTRUCTION FOR THE FISCAL YEAR ENDING SEPTEMBER 30, 1993",Passed,154,8,0,4,257,0,0,10,1,0,0,0,412,8,0,14
217,D,102,H R 5428,23-Jun-1992,5:43 PM,On Passage,"MAKING APPROPRIATIONS FOR MILITARY CONSTRUCTION FOR THE FISCAL YEAR ENDING SEPTEMBER 30, 1993",Passed,136,27,0,3,253,6,0,8,1,0,0,0,390,33,0,11
218,D,102,MOTION,23-Jun-1992,6:09 PM,On Approving the Journal,None,Passed,35,119,1,11,235,4,0,28,1,0,0,0,271,123,1,39
219,D,102,ADJOURN,23-Jun-1992,6:27 PM,ON MOTION TO ADJOURN,None,Failed,125,33,0,8,6,230,0,31,0,1,0,0,131,264,0,39
220,D,102,ADJOURN,23-Jun-1992,6:47 PM,ON MOTION TO ADJOURN,None,Passed,99,46,0,21,236,3,0,28,1,0,0,0,336,49,0,49
221,D,102,MOTION,24-Jun-1992,10:22 AM,On Approving the Journal,None,Passed,33,124,0,9,233,6,0,28,0,0,0,1,266,130,0,38
222,D,102,H R 2507,24-Jun-1992,12:13 PM,"PASSAGE, OBJECTIONS OFTHE PRESIDENT NOTWITHSTANDING",NATIONAL INSTITUTES OF HEALTH REVITALIZATION AMENDMENTS OF 1992,Failed,44,121,0,1,226,35,0,7,1,0,0,0,271,156,0,8
223,D,102,H RES 499,24-Jun-1992,1:35 PM,On Ordering the Previous Question,PROVIDING FOR THE CONSIDERATION OF H.R. 5427; LEGISLATIVE BRANCH APPROPRIATIONS FOR FY 1993,Passed,0,165,0,1,253,6,0,8,1,0,0,0,254,171,0,9
224,D,102,H RES 499,24-Jun-1992,1:52 PM,On Agreeing to the Resolution,PROVIDING FOR THE CONSIDERATION OF H.R. 5427; LEGISLATIVE BRANCH APPROPRIATIONS FOR FY 1993,Passed,0,163,0,3,243,16,0,8,1,0,0,0,244,179,0,11
225,D,102,H R 5427,24-Jun-1992,3:44 PM,On Agreeing to the Amendment,None,Agreed to,166,0,0,0,259,0,0,8,1,0,0,0,426,0,0,8
226,D,102,H R 5427,24-Jun-1992,5:22 PM,On Agreeing to the Amendment,None,Failed,128,37,0,1,6,254,0,7,0,1,0,0,134,292,0,8
227,D,102,H R 5427,24-Jun-1992,5:53 PM,On Agreeing to the Amendment,None,Agreed to,165,0,0,1,251,2,0,14,1,0,0,0,417,2,0,15
228,D,102,QUORUM 228,24-Jun-1992,7:52 PM,Call of the House,None,Passed,0,0,163,3,0,0,250,17,0,0,1,0,0,0,414,20
229,D,102,H R 5427,24-Jun-1992,8:21 PM,On Motion to Recommit with Instructions,LEGISLATIVE BRANCH APPROPRIATIONS,Passed,163,0,0,3,212,45,0,10,1,0,0,0,376,45,0,13
230,D,102,H R 5427,24-Jun-1992,8:33 PM,On Passage,LEGISLATIVE BRANCH APPROPRIATIONS,Passed,32,132,0,2,246,11,0,10,1,0,0,0,279,143,0,12
231,D,102,H RES 501,25-Jun-1992,12:07 PM,On Agreeing to the Resolution,PROVIDING FOR CONSIDERATION OF H.R. 5368; FOREIGN OPERATIONS APPROPRIATIONS FOR FY 1993,Passed,0,163,0,3,245,14,0,8,1,0,0,0,246,177,0,11
232,D,102,H R 5368,25-Jun-1992,2:16 PM,ON AGREEING TO THE AMENDMENT,None,Agreed to,161,1,0,4,256,1,1,9,1,0,0,0,418,2,1,13
233,D,102,H R 5368,25-Jun-1992,3:23 PM,On Agreeing to the Amendment,None,Agreed to,127,35,1,3,92,164,0,11,0,1,0,0,219,200,1,14
234,D,102,H R 5368,25-Jun-1992,4:24 PM,On Motion to Recommit with Instructions,"FOREIGN APPROPRIATIONS, FISCAL YEAR 1993",Passed,161,3,0,2,230,25,0,12,1,0,0,0,392,28,0,14
235,D,102,H R 5368,25-Jun-1992,4:54 PM,On Passage,"FOREIGN APPROPRIATIONS, FISCAL YEAR 1993",Passed,92,72,0,2,205,51,0,11,0,1,0,0,297,124,0,13
236,D,102,H J RES 517,25-Jun-1992,9:55 PM,On Passage,RAILROAD LABOR MANAGEMENT DISPUTE RESOLUTION,Passed,136,15,0,15,112,124,0,31,0,1,0,0,248,140,0,46
237,D,102,QUORUM 237,29-Jun-1992,3:55 PM,Call of the House,None,Passed,0,0,128,38,0,0,197,70,0,0,1,0,0,0,326,108
238,D,102,H R 3247,29-Jun-1992,4:05 PM,On Agreeing to the Amendment,None,Agreed to,50,78,0,38,194,8,0,65,1,0,0,0,245,86,0,103
239,D,102,H R 3247,29-Jun-1992,4:23 PM,On Agreeing to the Amendment,None,Agreed to,139,0,0,27,210,0,0,57,1,0,0,0,350,0,0,84
240,D,102,H R 3247,29-Jun-1992,4:44 PM,On Passage,NATIONAL UNDERSEA RESEARCH PROGRAM ACT OF 1992,Passed,59,80,0,27,205,6,0,56,1,0,0,0,265,86,0,83
241,D,102,H R 5260,29-Jun-1992,5:15 PM,MOTION TO INSTRUCT CONFEREES,UNEMPLOYMENT COMPENSATION AMENDMENTS OF 1992,Passed,140,0,0,26,40,169,0,58,0,1,0,0,180,170,0,84
242,D,102,H R 5429,29-Jun-1992,5:38 PM,SUSPEND RULES AND PASSAS AMENDED,INDEPENDENT SOCIAL SECURITY ADMINISTRATION,Passed,134,8,0,24,215,0,0,52,1,0,0,0,350,8,0,76
243,D,102,H R 5487,30-Jun-1992,2:12 PM,On Agreeing to the Amendment,None,Failed,96,68,0,2,30,226,0,11,0,1,0,0,126,295,0,13
244,D,102,H R 5487,30-Jun-1992,3:33 PM,On Agreeing to the Amendment,None,Failed,45,119,0,2,63,189,0,15,1,0,0,0,109,308,0,17
245,D,102,H R 5487,30-Jun-1992,4:13 PM,On Agreeing to the Amendment,None,Failed,4,158,0,4,14,237,0,16,0,1,0,0,18,396,0,20
246,D,102,H R 5487,30-Jun-1992,5:34 PM,ON AGREEING TO THE AMENDMENT,None,Agreed to,162,1,0,3,247,3,0,17,1,0,0,0,410,4,0,20
247,D,102,H R 5487,30-Jun-1992,7:48 PM,On Agreeing to the Amendment,None,Failed,23,141,0,2,54,192,0,21,1,0,0,0,78,333,0,23
248,D,102,H R 5487,30-Jun-1992,8:34 PM,On Agreeing to the Amendment,None,Agreed to,125,39,0,2,88,152,0,27,1,0,0,0,214,191,0,29
249,D,102,H R 5487,30-Jun-1992,9:02 PM,On Agreeing to the Amendment,None,Agreed to,123,41,0,2,207,41,0,19,1,0,0,0,331,82,0,21
250,D,102,H R 5487,30-Jun-1992,9:24 PM,On Passage,AGRICULTURE APPROPRIATIONS FOR F.Y. 1993,Passed,79,85,0,2,232,14,0,21,1,0,0,0,312,99,0,23
251,D,102,S 429,30-Jun-1992,10:57 PM,On Agreeing to the Conference Report,CONSUMER PROTECTION AGAINST PRICE FIXING ACT,Failed,9,152,0,5,165,73,0,29,1,0,0,0,175,225,0,34
252,D,102,H RES 479,1-Jul-1992,11:07 AM,On Agreeing to the Resolution,WAIVING ALL POINTS OF ORDER AGAINST THE CONFERENCE REPORT ON S. 1306,Passed,36,122,0,8,229,16,0,22,1,0,0,0,266,138,0,30
253,D,102,S 1306,1-Jul-1992,12:18 PM,On Agreeing to the Conference Report,"ALCOHOL, DRUG ABUSE, AND MENTAL HEALTH ADMINISTRATION REORGANIZATION ACT OF 1991",Passed,124,38,0,4,233,22,0,12,1,0,0,0,358,60,0,16
254,D,102,H RES 505,1-Jul-1992,1:10 PM,On Agreeing to the Resolution,"WAIVING CERTAIN POINTS OF ORDER DURING CONSIDERATION OF H.R. 5488; MAKING APPROPRIATIONS FOR TREASURY, POSTAL SERVICE FOR FY 1993",Passed,148,10,0,8,248,1,0,18,1,0,0,0,397,11,0,26
255,D,102,H R 5488,1-Jul-1992,3:11 PM,On Agreeing to the Amendment,None,Agreed to,153,10,0,3,234,17,0,16,1,0,0,0,388,27,0,19
256,D,102,H R 5488,1-Jul-1992,4:58 PM,On Agreeing to the Amendment,None,Failed,154,10,0,2,29,225,0,13,0,1,0,0,183,236,0,15
257,D,102,H R 5488,1-Jul-1992,5:53 PM,On Agreeing to the Amendment,None,Failed,139,23,0,4,21,232,0,14,0,1,0,0,160,256,0,18
258,D,102,H R 5488,1-Jul-1992,6:03 PM,On Agreeing to the Amendment,None,Agreed to,87,75,0,4,242,12,0,13,1,0,0,0,330,87,0,17
259,D,102,H R 5488,1-Jul-1992,6:40 PM,On Agreeing to the Amendment,None,Failed,76,83,0,7,125,122,0,20,1,0,0,0,202,205,0,27
260,D,102,H R 5488,1-Jul-1992,7:46 PM,On Agreeing to the Amendment,None,Failed,88,67,0,11,1,246,0,20,0,0,0,1,89,313,0,32
261,D,102,H R 5488,1-Jul-1992,8:47 PM,ON MOTION TO RISE AND REPORT,"TREASURY, POSTAL SERVICE APPROPRIATIONS FOR F.Y. 1993",Passed,8,149,0,9,213,31,0,23,1,0,0,0,222,180,0,32
262,D,102,H R 5488,1-Jul-1992,9:17 PM,On Passage,"TREASURY, POSTAL SERVICE APPROPRIATIONS FOR F.Y. 1993",Passed,11,146,0,9,226,20,0,21,0,0,0,1,237,166,0,31
263,D,102,H R 5504,2-Jul-1992,12:59 PM,On Agreeing to the Amendment,None,Failed,26,135,0,5,174,82,0,11,1,0,0,0,201,217,0,16
264,D,102,H R 5504,2-Jul-1992,1:32 PM,On Agreeing to the Amendment,None,Agreed to,137,28,0,1,81,171,0,15,0,1,0,0,218,200,0,16
265,D,102,H R 5504,2-Jul-1992,2:18 PM,On Agreeing to the Amendment,None,Failed,27,138,0,1,145,110,0,12,1,0,0,0,173,248,0,13
266,D,102,H R 5504,2-Jul-1992,2:42 PM,On Passage,DEPARTMENT OF DEFENSE APPROPRIATIONS FOR FY 1993,Passed,124,41,0,1,204,52,0,11,0,1,0,0,328,94,0,12
267,D,102,H R 5260,2-Jul-1992,3:46 PM,On Agreeing to the Conference Report,UNEMPLOYMENT COMPENSATION AMENDMENTS OF 1992,Passed,142,21,0,3,253,2,0,12,1,0,0,0,396,23,0,15
268,D,102,H R 11,2-Jul-1992,5:04 PM,SUSPEND THE RULES AND PASS AS AMENDED,REVENUE ACT OF 1992,Passed,158,6,0,2,198,48,1,20,0,1,0,0,356,55,1,22
269,D,102,MOTION,8-Jul-1992,10:29 AM,On Approving the Journal,None,Passed,38,109,0,19,204,6,0,57,0,0,0,1,242,115,0,77
270,D,102,H RES 510,8-Jul-1992,12:29 PM,On Ordering the Previous Question,PROVIDING FOR THE CONSIDERATION OF H.R. 5100; TRADE EXPANSION ACT OF 1992,Passed,0,163,0,3,246,4,0,17,1,0,0,0,247,167,0,20
271,D,102,H RES 510,8-Jul-1992,12:48 PM,On Agreeing to the Resolution,PROVIDING FOR THE CONSIDERATION OF H.R. 5100; TRADE EXPANSION ACT OF 1992,Passed,2,162,0,2,249,1,0,17,1,0,0,0,252,163,0,19
272,D,102,H R 5100,8-Jul-1992,4:02 PM,On Agreeing to the Amendment,None,Agreed to,36,128,0,2,223,38,0,6,1,0,0,0,260,166,0,8
273,D,102,H R 5100,8-Jul-1992,4:24 PM,On Passage,TRADE EXPANSION ACT OF 1992,Passed,34,130,0,2,245,15,0,7,1,0,0,0,280,145,0,9
274,D,102,S 1150,8-Jul-1992,6:01 PM,On Agreeing to the Conference Report,HIGHER EDUCATION AMENDMENTS OF 1992,Passed,156,7,0,3,262,0,0,5,1,0,0,0,419,7,0,8
275,D,102,H R 5517,8-Jul-1992,8:08 PM,ON MOTION TO RISE AND REPORT,DISTRICT OF COLUMBIA APPROPRIATIONS FOR FY 1993,Passed,14,142,0,10,216,39,0,12,1,0,0,0,231,181,0,22
276,D,102,H R 3562,8-Jul-1992,8:30 PM,SUSPEND RULES AND PASSAS AMENDED,CUSTOMS FORFEITURE FUND TRANSFERS,Failed,6,153,0,7,166,90,0,11,1,0,0,0,173,243,0,18
277,D,102,H RES 513,9-Jul-1992,12:12 PM,On Agreeing to the Resolution,WAIVING CERTAIN POINTS OF ORDER AGAINST H.R. 5518; DEPARTMENT OF TRANSPORTATION APPROPRIATIONS FOR FY 1993,Passed,20,141,0,5,248,8,0,11,1,0,0,0,269,149,0,16
278,D,102,H R 5518,9-Jul-1992,2:25 PM,On Agreeing to the Amendment,None,Failed,34,125,0,7,34,222,0,11,0,1,0,0,68,348,0,18
279,D,102,H R 5518,9-Jul-1992,3:44 PM,On Agreeing to the Amendment,None,Failed,4,157,0,5,179,72,0,16,1,0,0,0,184,229,0,21
280,D,102,H R 5518,9-Jul-1992,4:30 PM,On Agreeing to the Amendment,None,Failed,114,48,0,4,60,188,0,19,1,0,0,0,175,236,0,23
281,D,102,H R 5518,9-Jul-1992,5:50 PM,On Agreeing to the Amendment,None,Agreed to,160,0,0,6,108,142,0,17,0,1,0,0,268,143,0,23
282,D,102,H R 5518,9-Jul-1992,7:29 PM,On Agreeing to the Amendment,None,Agreed to,16,139,0,11,196,51,0,20,1,0,0,0,213,190,0,31
283,D,102,H R 5518,9-Jul-1992,8:04 PM,On Motion to Recommit with Instructions,DEPARTMENT OF TRANSPORTATION APPROPRIATIONS FOR FY 1993,Passed,149,0,0,17,119,114,0,34,0,1,0,0,268,115,0,51
284,D,102,H R 5518,9-Jul-1992,8:14 PM,On Passage,DEPARTMENT OF TRANSPORTATION APPROPRIATIONS FOR FY 1993,Passed,83,66,0,17,222,8,0,37,1,0,0,0,306,74,0,54
285,D,102,H J RES 502,21-Jul-1992,3:12 PM,On Passage,DISAPPROVING THE EXTENSION OF CHINA’S MOST FAVORED NATION STATUS,Passed,76,79,0,11,181,56,0,30,1,0,0,0,258,135,0,41
286,D,102,H R 5318,21-Jul-1992,4:42 PM,On Passage,UNITED STATES CHINA ACT OF 1992,Passed,112,47,0,7,226,15,0,26,1,0,0,0,339,62,0,33
287,D,102,H R 2637,21-Jul-1992,7:27 PM,On Agreeing to the Amendment,None,Failed,26,132,0,8,121,121,0,25,1,0,0,0,148,253,0,33
288,D,102,H R 2637,21-Jul-1992,7:57 PM,On Agreeing to the Amendment,None,Failed,135,20,0,11,9,227,0,31,0,1,0,0,144,248,0,42
289,D,102,H R 2637,21-Jul-1992,8:15 PM,On Passage,WASTE ISOLATION PILOT PLANT LAND WITHDRAWAL ACT OF 1992,Passed,151,6,0,9,230,4,0,33,1,0,0,0,382,10,0,42
290,D,102,H RES 517,22-Jul-1992,11:33 AM,On Ordering the Previous Question,WAIVING CERTAIN POINTS OF ORDER AGAINST AND DURING CONSIDERATION OF H.R. 5503; INTERIOR APPROPRIATIONS FOR FY 1993,Passed,0,159,0,7,235,12,0,20,1,0,0,0,236,171,0,27
291,D,102,H RES 517,22-Jul-1992,11:51 AM,On Agreeing to the Resolution,WAIVING CERTAIN POINTS OF ORDER AGAINST AND DURING CONSIDERATION OF H.R. 5503; INTERIOR APPROPRIATIONS FOR FY 1993,Passed,8,152,0,6,246,2,0,19,1,0,0,0,255,154,0,25
292,D,102,H RES 518,22-Jul-1992,1:13 PM,On Agreeing to the Resolution,RELATING TO THE PRIVILEGES OF THE HOUSE,Passed,159,0,0,7,254,0,0,13,1,0,0,0,414,0,0,20
293,D,102,H RES 519,22-Jul-1992,1:38 PM,ON MOTION TO TABLE,RELATING TO THE PRIVILEGES OF THE HOUSE,Passed,0,158,0,8,232,18,0,17,1,0,0,0,233,176,0,25
294,D,102,H RES 520,22-Jul-1992,1:58 PM,ON MOTION TO TABLE,RELATING TO THE PRIVILEGES OF THE HOUSE,Passed,0,158,0,8,206,42,0,19,1,0,0,0,207,200,0,27
295,D,102,H R 5503,22-Jul-1992,4:02 PM,On Agreeing to the Amendment,None,Failed,20,142,0,4,54,201,0,12,0,1,0,0,74,344,0,16
296,D,102,H R 5503,22-Jul-1992,6:14 PM,On Agreeing to the Amendment,None,Agreed to,137,23,0,6,119,139,0,9,1,0,0,0,257,162,0,15
297,D,102,QUORUM 297,22-Jul-1992,7:03 PM,Call of the House,None,Passed,0,0,160,6,0,0,243,24,0,0,1,0,0,0,404,30
298,D,102,H R 5503,22-Jul-1992,7:09 PM,On Agreeing to the Amendment,None,Failed,72,88,0,6,13,240,0,14,0,1,0,0,85,329,0,20
299,D,102,H R 5503,22-Jul-1992,7:43 PM,On Agreeing to the Amendment,None,Agreed to,140,20,0,6,115,139,0,13,0,1,0,0,255,160,0,19
300,D,102,H R 5503,22-Jul-1992,8:56 PM,On Agreeing to the Amendment,None,Failed,95,67,0,4,69,177,0,21,0,1,0,0,164,245,0,25
301,D,102,H R 5503,23-Jul-1992,10:06 AM,On Agreeing to the Amendment,None,Failed,104,49,0,13,31,216,0,20,0,1,0,0,135,266,0,33
302,D,102,H R 5503,23-Jul-1992,11:00 AM,On Agreeing to the Amendment,None,Agreed to,110,51,0,5,102,154,0,11,0,1,0,0,212,206,0,16
303,D,102,H R 5503,23-Jul-1992,11:42 AM,On Agreeing to the Amendment,None,Failed,107,55,0,4,51,206,0,10,0,1,0,0,158,262,0,14
304,D,102,H R 5503,23-Jul-1992,12:18 PM,On Agreeing to the Amendment,None,Agreed to,154,9,0,3,97,161,0,9,0,1,0,0,251,171,0,12
305,D,102,H R 5503,23-Jul-1992,12:49 PM,On Agreeing to the Amendment,None,Failed,143,18,0,5,54,199,0,14,0,1,0,0,197,218,0,19
306,D,102,H R 5503,23-Jul-1992,1:19 PM,On Passage,INTERIOR APPROPRIATIONS FOR FY 1993,Passed,82,81,0,3,246,13,0,8,1,0,0,0,329,94,0,11
307,D,102,H RES 526,23-Jul-1992,3:24 PM,ON MOTION TO TABLE,RELATING TO THE PRIVILEGES OF THE HOUSE,Passed,0,162,0,4,222,34,0,11,1,0,0,0,223,196,0,15
308,D,102,H R 4850,23-Jul-1992,6:27 PM,On Agreeing to the Amendment,None,Failed,77,82,0,7,6,244,0,17,0,1,0,0,83,327,0,24
309,D,102,H R 4850,23-Jul-1992,7:30 PM,ON AGREEING TO THE AMENDMENT,None,Agreed to,157,2,0,7,245,0,0,22,1,0,0,0,403,2,0,29
310,D,102,H R 4850,23-Jul-1992,9:00 PM,On Agreeing to the Amendment,None,Failed,93,69,0,4,69,177,1,20,0,1,0,0,162,247,1,24
311,D,102,H R 4850,23-Jul-1992,9:08 PM,On Agreeing to the Amendment,None,Agreed to,116,45,0,5,221,23,1,22,1,0,0,0,338,68,1,27
312,D,102,H R 4850,23-Jul-1992,10:23 PM,On Agreeing to the Amendment,None,Failed,127,34,0,5,17,231,0,19,0,1,0,0,144,266,0,24
313,D,102,H R 4850,23-Jul-1992,10:42 PM,On Passage,CABLE TELEVISION CONSUMER PROTECTION AND COMPETITION ACT OF 1992,Passed,98,63,0,5,241,10,0,16,1,0,0,0,340,73,0,21
314,D,102,H R 4312,24-Jul-1992,11:35 AM,On Agreeing to the Amendment,None,Failed,115,31,0,20,27,201,0,39,0,1,0,0,142,233,0,59
315,D,102,H R 4312,24-Jul-1992,12:19 PM,On Agreeing to the Amendment,None,Failed,125,19,0,22,59,166,0,42,0,1,0,0,184,186,0,64
316,D,102,H R 4312,24-Jul-1992,1:08 PM,On Agreeing to the Amendment,None,Failed,120,25,0,21,21,204,0,42,0,1,0,0,141,230,0,63
317,D,102,H R 4312,24-Jul-1992,1:53 PM,On Agreeing to the Amendment,None,Failed,108,34,0,24,7,218,0,42,0,1,0,0,115,253,0,66
318,D,102,H R 4312,24-Jul-1992,2:19 PM,On Motion to Recommit with Instructions,VOTING RIGHTS LANGUAGE ASSISTANCE ACT OF 1992,Failed,128,16,0,22,44,178,0,45,0,1,0,0,172,195,0,67
319,D,102,H R 4312,24-Jul-1992,2:31 PM,On Passage,VOTING RIGHTS LANGUAGE ASSISTANCE ACT OF 1992,Passed,45,97,0,24,191,28,0,48,1,0,0,0,237,125,0,72
320,D,102,H R 5677,28-Jul-1992,12:24 PM,On Agreeing to the Amendment,None,Failed,86,72,0,8,9,217,0,41,0,1,0,0,95,290,0,49
321,D,102,H R 5677,28-Jul-1992,12:44 PM,ON MOTION TO RISE AND REPORT,"LABOR, HEALTH AND HUMAN SERVICES APPROPRIATIONS ACT FOR FY 1993",Failed,2,158,0,6,178,57,0,32,1,0,0,0,181,215,0,38
322,D,102,H R 5677,28-Jul-1992,1:08 PM,On Passage,"LABOR, HEALTH AND HUMAN SERVICES APPROPRIATIONS ACT FOR FY 1993",Passed,108,53,0,5,236,1,0,30,1,0,0,0,345,54,0,35
323,D,102,H RES 527,28-Jul-1992,2:40 PM,On Ordering the Previous Question,PROVIDING FOR THE CONSIDERATION OF H.R. 5620; SUPPLEMENTAL APPROPRIATIONS FOR F.Y. 1992,Passed,0,162,0,4,206,37,0,24,1,0,0,0,207,199,0,28
324,D,102,H RES 527,28-Jul-1992,2:59 PM,On Agreeing to the Resolution,PROVIDING FOR THE CONSIDERATION OF H.R. 5620; SUPPLEMENTAL APPROPRIATIONS FOR F.Y. 1992,Passed,7,154,0,5,222,20,0,25,1,0,0,0,230,174,0,30
325,D,102,H R 5620,28-Jul-1992,4:37 PM,On Agreeing to the Amendment,None,Failed,136,24,0,6,36,217,0,14,0,1,0,0,172,242,0,20
326,D,102,H R 5620,28-Jul-1992,5:19 PM,On Passage,URGENT SUPPLEMENTAL APPROPRIATIONS FOR FY 1992,Passed,56,108,0,2,240,16,0,11,1,0,0,0,297,124,0,13
327,D,102,H R 5645,28-Jul-1992,5:40 PM,On Motion to Suspend the Rules and Pass,TAX EXEMPTION FOR SPONSORSHIP PROCEEDS FROM CERTAIN EVENTS,Passed,141,22,0,3,155,100,0,12,0,1,0,0,296,123,0,15
328,D,102,H R 5653,28-Jul-1992,5:51 PM,On Motion to Suspend the Rules and Pass,TAX EXEMPT BONDS FOR GOVERNMENT OWNED HIGH SPEED INTERCITY RAIL FACILITIES,Failed,4,159,0,3,44,209,0,14,0,1,0,0,48,369,0,17
329,D,102,H R 450,28-Jul-1992,6:00 PM,SUSPEND THE RULES AND PASS AS AMENDED,STOCK RAISING HOMESTEAD ACT AMENDMENTS,Failed,34,128,0,4,213,40,0,14,1,0,0,0,248,168,0,18
330,D,102,H R 5623,29-Jul-1992,11:08 AM,On Passage,WAIVE CONGRESSIONAL LAYOVER FOR CERTAIN D.C. ACTS,Passed,151,9,0,6,248,0,0,19,1,0,0,0,400,9,0,25
331,D,102,H RES 529,29-Jul-1992,12:37 PM,On Ordering the Previous Question,PROVIDING FOR CONSIDERATION OF H.R. 5679; VA HUD APPROPRIATIONS FOR FY 1993,Passed,0,162,0,4,236,18,0,13,1,0,0,0,237,180,0,17
332,D,102,H RES 529,29-Jul-1992,12:54 PM,On Agreeing to the Resolution,PROVIDING FOR CONSIDERATION OF H.R. 5679; VA HUD APPROPRIATIONS FOR FY 1993,Passed,5,156,0,5,247,7,0,13,1,0,0,0,253,163,0,18
333,D,102,H R 5679,29-Jul-1992,3:42 PM,On Agreeing to the Amendment,None,Agreed to,131,29,0,6,130,124,0,13,0,1,0,0,261,154,0,19
334,D,102,H R 5679,29-Jul-1992,6:52 PM,On Agreeing to the Amendment,None,Failed,38,127,0,1,142,110,0,15,1,0,0,0,181,237,0,16
335,D,102,H R 5679,29-Jul-1992,9:11 PM,On Agreeing to the Amendment,None,Failed,142,19,0,5,26,216,0,25,1,0,0,0,169,235,0,30
336,D,102,H R 5679,29-Jul-1992,9:33 PM,On Agreeing to the Amendment,None,Failed,11,151,0,4,84,159,0,24,1,0,0,0,96,310,0,28
337,D,102,H R 5679,29-Jul-1992,9:51 PM,On Agreeing to the Amendment,None,Agreed to,129,33,0,4,77,168,0,22,1,0,0,0,207,201,0,26
338,D,102,H R 5679,29-Jul-1992,9:59 PM,On Agreeing to the Amendment,None,Failed,134,27,0,5,47,197,0,23,1,0,0,0,182,224,0,28
339,D,102,H R 5679,29-Jul-1992,10:09 PM,On Agreeing to the Amendment,None,Failed,116,46,0,4,64,180,0,23,1,0,0,0,181,226,0,27
340,D,102,H R 5679,29-Jul-1992,10:16 PM,On Agreeing to the Amendment,None,Agreed to,124,38,0,4,124,121,0,22,1,0,0,0,249,159,0,26
341,D,102,H R 5679,29-Jul-1992,10:49 PM,On Agreeing to the Amendment,None,Agreed to,14,147,0,5,223,19,0,25,1,0,0,0,238,166,0,30
342,D,102,H R 5679,29-Jul-1992,11:20 PM,On Agreeing to the Amendment,None,Failed,123,40,0,3,65,179,0,23,1,0,0,0,189,219,0,26
343,D,102,H R 5679,29-Jul-1992,11:51 PM,On Motion to Recommit with Instructions,"VA, HUD APPROPRIATIONS, 1993",Failed,159,4,0,3,39,204,0,24,0,1,0,0,198,209,0,27
344,D,102,H R 5679,29-Jul-1992,11:59 PM,On Passage,"VA, HUD APPROPRIATIONS, 1993",Passed,89,74,0,3,224,18,0,25,1,0,0,0,314,92,0,28
345,D,102,MOTION,30-Jul-1992,10:26 AM,MOTION TO ADJOURN,None,Failed,8,138,0,20,3,228,0,36,0,0,0,1,11,366,0,57
346,D,102,H RES 530,30-Jul-1992,12:36 PM,On Ordering the Previous Question,"WAIVING CERTAIN POINTS OF ORDER DURING CONSIDERATION OF H.R. 5678; COMMERCE, STATE, AND JUSTICE APPROPRIATIONS FOR FY 1993",Passed,0,158,0,8,239,18,0,10,1,0,0,0,240,176,0,18
347,D,102,H RES 530,30-Jul-1992,12:54 PM,On Agreeing to the Resolution,"WAIVING CERTAIN POINTS OF ORDER DURING CONSIDERATION OF H.R. 5678; COMMERCE, STATE, AND JUSTICE APPROPRIATIONS FOR FY 1993",Passed,2,154,0,10,247,8,0,12,1,0,0,0,250,162,0,22
348,D,102,ADJOURN,30-Jul-1992,1:13 PM,ON MOTION TO ADJOURN,None,Failed,10,144,0,12,3,236,0,28,0,0,0,1,13,380,0,41
349,D,102,H R 5678,30-Jul-1992,1:37 PM,ON MOTION TO RESOLVE INTO COMMITTEE,"COMMERCE, STATE, AND JUSTICE APPROPRIATIONS FOR FY 1993",Passed,9,147,0,10,243,1,0,23,1,0,0,0,253,148,0,33
350,D,102,H R 5678,30-Jul-1992,3:48 PM,On Agreeing to the Amendment,None,Failed,69,92,0,5,7,246,0,14,0,1,0,0,76,339,0,19
351,D,102,H R 5678,30-Jul-1992,5:04 PM,On Agreeing to the Amendment,None,Agreed to,145,15,0,6,199,48,0,20,1,0,0,0,345,63,0,26
352,D,102,H R 5678,30-Jul-1992,6:09 PM,On Agreeing to the Amendment,None,Agreed to,47,113,0,6,158,81,0,28,1,0,0,0,206,194,0,34
353,D,102,H R 5678,30-Jul-1992,6:51 PM,On Agreeing to the Amendment,None,Failed,35,124,0,7,145,91,0,31,1,0,0,0,181,215,0,38
354,D,102,H R 5678,30-Jul-1992,7:09 PM,On Passage,"COMMERCE, STATE, AND JUSTICE APPROPRIATIONS FOR FY 1993",Passed,33,124,0,9,208,29,0,30,1,0,0,0,242,153,0,39
355,D,102,H RES 532,31-Jul-1992,12:04 PM,On Agreeing to the Resolution,PROVIDING FOR THE CONSIDERATION OF H.R. 4318; MISCELLLANEOUS TARIFF ACT,Passed,16,141,0,9,226,9,0,32,1,0,0,0,243,150,0,41
356,D,102,H R 4318,31-Jul-1992,1:45 PM,On Motion to Recommit with Instructions,MISCELLANEOUS TARIFF ACT OF 1992,Failed,103,53,0,10,22,209,0,36,0,1,0,0,125,263,0,46
357,D,102,H R 4318,31-Jul-1992,1:58 PM,On Passage,MISCELLANEOUS TARIFF ACT OF 1992,Passed,66,89,0,11,206,23,0,38,1,0,0,0,273,112,0,49
358,D,102,H R 5191,31-Jul-1992,2:48 PM,On Passage,SMALL BUSINESS EQUITY ENHANCEMENT ACT OF 1992,Passed,146,1,0,19,210,1,0,56,0,0,0,1,356,2,0,76
359,D,102,H R 2782,4-Aug-1992,4:49 PM,On Agreeing to the Amendment,None,Failed,123,35,0,8,17,230,0,20,0,1,0,0,140,266,0,28
360,D,102,H R 5649,4-Aug-1992,5:17 PM,On Motion to Suspend the Rules and Pass,REPEAL OCCUPATIONAL TAXES ON THE LIQUOR INDUSTRY,Failed,68,90,1,7,131,117,1,18,1,0,0,0,200,207,2,25
361,D,102,H R 5475,4-Aug-1992,5:27 PM,"SUSPEND THE RULES AND PASS, AS AMENDED",SPECIAL PATENT TERM EXTENSIONS,Passed,123,34,1,8,155,96,0,16,0,1,0,0,278,131,1,24
362,D,102,H RES 537,5-Aug-1992,11:28 AM,On Ordering the Previous Question,PROVIDING FOR THE CONSIDERATION OF H.R. 5334; HOUSING AND COMMUNITY DEVELOPMENT ACT OF 1992,Passed,0,155,0,11,243,8,0,16,1,0,0,0,244,163,0,27
363,D,102,H RES 537,5-Aug-1992,11:46 AM,On Agreeing to the Resolution,PROVIDING FOR THE CONSIDERATION OF H.R. 5334; HOUSING AND COMMUNITY DEVELOPMENT ACT OF 1992,Passed,6,150,0,10,244,4,0,19,1,0,0,0,251,154,0,29
364,D,102,H R 5334,5-Aug-1992,1:47 PM,On Agreeing to the Amendment,None,Failed,5,159,0,2,147,109,1,10,1,0,0,0,153,268,1,12
365,D,102,H R 5334,5-Aug-1992,2:44 PM,On Motion to Recommit with Instructions,HOUSING AND COMMUNITY DEVELOPMENT ACT OF 1992,Failed,142,22,0,2,5,254,0,8,0,1,0,0,147,277,0,10
366,D,102,H R 5334,5-Aug-1992,2:53 PM,On Passage,HOUSING AND COMMUNITY DEVELOPMENT ACT OF 1992,Passed,111,52,0,3,257,2,0,8,1,0,0,0,369,54,0,11
367,D,102,H R 4996,5-Aug-1992,4:35 PM,On Agreeing to the Amendment,None,Failed,122,37,0,7,62,192,0,13,0,1,0,0,184,230,0,20
368,D,102,H R 5237,5-Aug-1992,5:13 PM,"SUSPEND THE RULES AND PASS, AS AMENDED",RURAL ELECTRIFICATION ADMINISTRATION IMPROVEMENT ACT OF 1992,Passed,114,48,0,4,244,12,0,11,1,0,0,0,359,60,0,15
369,D,102,H RES 543,6-Aug-1992,10:53 AM,On Ordering the Previous Question,PROVIDING FOR THE CONSIDERATION OF H.R. 3603; FAMILY PRESERVATION ACT OF 1992,Passed,0,160,0,6,246,6,0,15,1,0,0,0,247,166,0,21
370,D,102,H RES 543,6-Aug-1992,11:09 AM,On Agreeing to the Resolution,PROVIDING FOR THE CONSIDERATION OF H.R. 3603; FAMILY PRESERVATION ACT OF 1992,Passed,1,159,0,6,218,37,0,12,1,0,0,0,220,196,0,18
371,D,102,H R 3603,6-Aug-1992,1:24 PM,On Motion to Recommit with Instructions,FAMILY PRESERVATION ACT OF 1992,Failed,159,3,0,4,32,226,0,9,0,1,0,0,191,230,0,13
372,D,102,H R 3603,6-Aug-1992,1:33 PM,On Passage,FAMILY PRESERVATION ACT OF 1992,Passed,19,144,0,3,236,19,0,12,1,0,0,0,256,163,0,15
373,D,102,QUORUM 373,6-Aug-1992,5:25 PM,Call of the House,None,Passed,0,0,154,12,0,0,240,27,0,0,1,0,0,0,395,39
374,D,102,H R 4547,6-Aug-1992,6:11 PM,On Passage,FREEDOM SUPPORT ACT,Passed,94,68,0,4,161,95,0,12,0,1,0,0,255,164,0,16
375,D,102,S 323,6-Aug-1992,7:54 PM,On Agreeing to the Conference Report,FAMILY PLANNING AMENDMENTS ACT OF 1992,Passed,48,102,0,16,202,42,0,23,1,0,0,0,251,144,0,39
376,D,102,H CON RES 246,6-Aug-1992,9:03 PM,On Agreeing to the Resolution,SENSE OF CONGRESS WITH RESPECT TO TRADE AGREEMENTS,Passed,138,0,0,28,223,0,0,44,1,0,0,0,362,0,0,72
377,D,102,MOTION,11-Aug-1992,12:27 PM,On Approving the Journal,None,Passed,38,112,0,16,209,4,0,54,0,0,0,1,247,116,0,71
378,D,102,H R 3590,11-Aug-1992,12:57 PM,ON PASSAGE,FOR THE RELIEF OF LLOYD B. GAMBLE,Passed,151,0,0,15,226,0,1,40,0,0,0,1,377,0,1,56
379,D,102,H R 5487,11-Aug-1992,3:27 PM,On Agreeing to the Conference Report,AGRICULTURE APPROPRIATIONS FOR F.Y. 1993,Passed,81,75,0,10,217,25,0,25,1,0,0,0,299,100,0,35
380,D,102,H R 5487,11-Aug-1992,4:17 PM,RECEDE AND CONCUR WITHAN ADT IN SENATE ADT #16,AGRICULTURE APPROPRIATIONS FOR F.Y. 1993,Passed,28,124,0,14,220,20,0,27,1,0,0,0,249,144,0,41
381,D,102,H R 5021,11-Aug-1992,5:20 PM,"SUSPEND THE RULES AND PASS, AS AMENDED",NEW RIVER WILD AND SCENIC STUDY ACT OF 1992,Passed,115,40,0,11,243,1,0,23,1,0,0,0,359,41,0,34
382,D,102,H RES 551,12-Aug-1992,10:15 AM,On Agreeing to the Resolution,PROVIDING FOR THE CONSIDERATION OF THE BILL H.R. 4323; NEIGHBORHOOD SCHOOLS IMPROVEMENT ACT,Passed,1,149,0,16,230,4,0,33,1,0,0,0,232,153,0,49
383,D,102,H R 4323,12-Aug-1992,1:19 PM,On Agreeing to the Amendment,None,Failed,79,76,0,11,1,251,0,15,0,1,0,0,80,328,0,26
384,D,102,H R 4323,12-Aug-1992,2:24 PM,On Agreeing to the Amendment,None,Failed,134,23,0,9,6,243,0,18,0,1,0,0,140,267,0,27
385,D,102,H R 4323,12-Aug-1992,2:45 PM,On Passage,NEIGHBORHOOD SCHOOLS IMPROVEMENT ACT,Passed,32,122,0,12,246,2,0,19,1,0,0,0,279,124,0,31
386,D,102,H R 5466,12-Aug-1992,4:25 PM,On Passage,AIRLINE RESERVATION SYSTEM COMPETITION,Passed,65,90,0,11,164,70,0,33,1,0,0,0,230,160,0,44
387,D,102,H R 4484,9-Sep-1992,3:06 PM,On Passage,MARITIME ADMINISTRATION AUTHORIZATION,Passed,106,45,0,15,224,3,0,40,1,0,0,0,331,48,0,55
388,D,102,MOTION,10-Sep-1992,10:27 AM,On Approving the Journal,None,Passed,41,104,0,21,218,5,0,44,1,0,0,0,260,109,0,65
389,D,102,H RES 560,10-Sep-1992,12:31 PM,On Agreeing to the Resolution,WAIVING POINTS OF ORDER AGAINST THE CONFERENCE REPORT ON S. 5; FAMILY MEDICAL LEAVE ACT OF 1992,Passed,87,71,0,8,241,0,0,26,1,0,0,0,329,71,0,34
390,D,102,S 5,10-Sep-1992,2:45 PM,On Agreeing to the Conference Report,FAMILY MEDICAL LEAVE ACT,Passed,37,119,0,10,203,42,0,22,1,0,0,0,241,161,0,32
391,D,102,H R 3724,15-Sep-1992,2:03 PM,On Agreeing to the Amendment,None,Failed,140,13,0,13,25,186,0,54,0,0,0,1,165,199,0,68
392,D,102,H R 3724,15-Sep-1992,2:48 PM,On Passage,INDIAN HEALTH CARE AMENDMENTS OF 1992,Passed,117,36,0,13,213,0,0,52,0,0,0,1,330,36,0,66
393,D,102,H RES 563,16-Sep-1992,4:05 PM,On Ordering the Previous Question,PROVIDING FOR THE CONSIDERATION OF H.R. 5231; NATIONAL COMPETITIVENESS ACT,Passed,0,161,0,5,240,2,0,23,1,0,0,0,241,163,0,28
394,D,102,H RES 563,16-Sep-1992,4:23 PM,On Agreeing to the Resolution,PROVIDING FOR THE CONSIDERATION OF H.R. 5231; NATIONAL COMPETITIVENESS ACT,Passed,0,160,0,6,240,0,0,25,1,0,0,0,241,160,0,31
395,D,102,S 1699,16-Sep-1992,6:27 PM,SUSPEND THE RULES AND PASS WITH AMENDMENT,GOVERNMENT SECURITIES REFORM ACT,Failed,22,138,0,6,102,140,0,23,0,1,0,0,124,279,0,29
396,D,102,H R 5534,16-Sep-1992,6:37 PM,"SUSPEND THE RULES AND PASS, AS AMENDED",WILLIAM O. DOUGLAS OUTDOOR CLASSROOM,Failed,45,113,0,8,197,41,0,27,1,0,0,0,243,154,0,35
397,D,102,H RES 571,17-Sep-1992,10:07 AM,On Agreeing to the Resolution,WAIVING ALL POINTS OF ORDER AGAINST THE CONFERENCE REPORT ON S. 12; CABLE TELEVISION CONSUMER PROTECTION AND COMPETITION ACT OF 1992,Passed,33,126,0,7,229,8,0,28,1,0,0,0,263,134,0,35
398,D,102,S 12,17-Sep-1992,11:49 AM,On Agreeing to the Conference Report,CABLE TELEVISION CONSUMER PROTECTION AND COMPETITION ACT OF 1992,Passed,71,90,0,5,208,38,1,18,1,0,0,0,280,128,1,23
399,D,102,H R 5373,17-Sep-1992,7:31 PM,On Agreeing to the Conference Report,"ENERGY AND WATER DEVELOPMENT APPROPRIATIONS, 1993",Passed,87,64,0,15,158,78,0,29,0,1,0,0,245,143,0,44
400,D,102,H R 5373,17-Sep-1992,8:39 PM,PREV QUES ON R & C IN S ADT 37 W/ADT,"ENERGY AND WATER DEVELOPMENT APPROPRIATIONS, 1993",Failed,34,110,0,22,123,92,0,50,0,1,0,0,157,203,0,72
401,D,102,H R 5373,17-Sep-1992,9:08 PM,ADT TO MOTION TO RECEDE AND CONCUR IN SENATE ADT 37 WITH ADT,None,Agreed to,112,29,0,25,137,75,0,53,1,0,0,0,250,104,0,78
402,D,102,MOTION,18-Sep-1992,10:26 AM,On Approving the Journal,None,Passed,28,115,1,22,197,5,0,63,1,0,0,0,226,120,1,85
403,D,102,H RES 572,18-Sep-1992,10:56 AM,ON MOTION TO TABLE,CONCERNING A PRIVILEGED RESOLUTION,Passed,0,150,0,16,215,0,0,50,1,0,0,0,216,150,0,66
404,D,102,H R 5006,22-Sep-1992,1:52 PM,CLOSING PORTIONS OF CONFERENCE,NATIONAL DEFENSE AUTHORIZATION ACT,Passed,155,0,0,11,238,1,0,26,1,0,0,0,394,1,0,37
405,D,102,QUORUM 405,22-Sep-1992,4:07 PM,Call of the House,None,Passed,0,0,154,12,0,0,240,25,0,0,1,0,0,0,395,37
406,D,102,H R 5231,22-Sep-1992,4:16 PM,On Agreeing to the Amendment,None,Failed,148,9,0,9,0,246,0,19,0,1,0,0,148,256,0,28
407,D,102,H R 5231,22-Sep-1992,5:09 PM,On Agreeing to the Amendment,None,Failed,129,28,0,9,6,234,0,25,0,0,0,1,135,262,0,35
408,D,102,H R 5231,22-Sep-1992,5:59 PM,On Agreeing to the Amendment,None,Failed,130,23,0,13,1,234,0,30,0,0,0,1,131,257,0,44
409,D,102,H R 2194,23-Sep-1992,11:32 AM,On Agreeing to the Conference Report,FEDERAL FACILITIES COMPLIANCE ACT,Passed,157,2,0,7,246,1,0,18,0,0,0,1,403,3,0,26
410,D,102,H R 5231,23-Sep-1992,12:25 PM,On Agreeing to the Amendment,None,Failed,147,12,0,7,15,233,0,17,0,1,0,0,162,246,0,24
411,D,102,H R 5231,23-Sep-1992,1:02 PM,On Motion to Recommit with Instructions,NATIONAL COMPETITIVENESS ACT,Failed,159,2,0,5,2,245,0,18,0,1,0,0,161,248,0,23
412,D,102,H R 5231,23-Sep-1992,1:16 PM,On Passage,NATIONAL COMPETITIVENESS ACT,Passed,41,120,0,5,245,2,0,18,1,0,0,0,287,122,0,23
413,D,102,S 1330,23-Sep-1992,1:42 PM,STRIKE ALL AFTER ENACTING CLAUSE; INSERT H.R. 5231,None,Passed,7,149,0,10,240,2,0,23,1,0,0,0,248,151,0,33
414,D,102,H RES 570,23-Sep-1992,3:39 PM,On Agreeing to the Resolution,PROVIDING FOR THE CONSIDERATION OF H.R. 5754; WATER RESOURCES DEVELOPMENT ACT,Passed,23,136,0,7,245,5,0,15,1,0,0,0,269,141,0,22
415,D,102,H R 5754,23-Sep-1992,6:16 PM,On Agreeing to the Amendment,None,Agreed to,142,18,0,6,130,122,0,13,1,0,0,0,273,140,0,19
416,D,102,H R 5754,23-Sep-1992,6:45 PM,On Agreeing to the Amendment,None,Failed,87,73,0,6,17,229,0,19,0,1,0,0,104,303,0,25
417,D,102,H R 5754,23-Sep-1992,7:11 PM,On Agreeing to the Amendment,None,Failed,101,56,0,9,24,225,0,16,0,1,0,0,125,282,0,25
418,D,102,H R 5754,23-Sep-1992,7:34 PM,On Passage,WATER RESOURCES DEVELOPMENT ACT,Passed,86,75,0,5,239,12,0,14,1,0,0,0,326,87,0,19
419,D,102,H R 5504,24-Sep-1992,11:26 AM,CLOSING PORTIONS OF CONFERENCE,DEPARTMENT OF DEFENSE APPROPRIATIONS FOR F.Y. 1993,Passed,160,0,0,6,242,0,0,23,1,0,0,0,403,0,0,29
420,D,102,H R 5517,24-Sep-1992,1:03 PM,RECOMMIT CONF. REPT. WITH INSTRUCTIONS,DISTRICT OF COLUMBIA APPROPRIATIONS FOR F.Y. 1993,Passed,144,16,0,6,91,156,0,18,0,1,0,0,235,173,0,24
421,D,102,H R 5419,24-Sep-1992,1:25 PM,"SUSPEND THE RULES AND PASS, AS AMENDED",INTERNATIONAL DOLPHIN CONSERVATION ACT,Passed,144,14,0,8,244,1,0,20,1,0,0,0,389,15,0,28
422,D,102,H R 5716,24-Sep-1992,1:35 PM,"SUSPEND THE RULES AND PASS, AS AMENDED",REAUTHORIZATION OF CRIME CONTROL PROGRAMS,Passed,151,8,0,7,247,2,0,16,1,0,0,0,399,10,0,23
423,D,102,H R 5323,24-Sep-1992,1:44 PM,"SUSPEND THE RULES AND PASS, AS AMENDED",TO PROMOTE TRANSITION TO DEMOCRACY IN CUBA,Passed,137,24,0,5,139,110,1,15,0,1,0,0,276,135,1,20
424,D,102,H R 5938,24-Sep-1992,1:52 PM,"SUSPEND THE RULES AND PASS, AS AMENDED",MAMMOGRAPHY QUALITY STANDARDS ACT OF 1992,Passed,146,15,0,5,243,3,0,19,1,0,0,0,390,18,0,24
425,D,102,H R 5673,24-Sep-1992,2:03 PM,"SUSPEND THE RULES AND PASS, AS AMENDED",HEALTH CARE POLICY AND RESEARCH,Passed,151,7,0,8,245,1,0,19,1,0,0,0,397,8,0,27
426,D,102,H R 3596,24-Sep-1992,4:52 PM,On Agreeing to the Amendment,None,Failed,26,133,0,7,176,74,0,15,1,0,0,0,203,207,0,22
427,D,102,H R 3596,24-Sep-1992,5:25 PM,ON MOTION TO RISE,CONSUMER CREDIT REPORTING REFORM,Passed,8,150,0,8,219,27,0,19,1,0,0,0,228,177,0,27
428,D,102,H R 5517,24-Sep-1992,6:51 PM,RECEDE AND CONCUR IN SENATE ADT NO. 24 WITHADT,DISTRICT OF COLUMBIA APPROPRIATIONS FOR F.Y. 1993,Passed,146,7,0,13,118,121,0,26,0,1,0,0,264,129,0,39
429,D,102,H R 5373,24-Sep-1992,7:56 PM,RECEDE AND CONCUR IN SENATE AMENDMENT #57 WITH AMENDMENT,"ENERGY AND WATER DEVELOPMENT APPROPRIATIONS, 1993",Passed,28,122,0,16,195,29,0,41,1,0,0,0,224,151,0,57
430,D,102,S 5,25-Sep-1992,10:56 AM,POSTPONING PRESIDENTIAL VETO CONSIDERATION,None,Passed,15,134,0,17,223,5,0,37,1,0,0,0,239,139,0,54
431,D,102,H RES 579,25-Sep-1992,12:24 PM,On Agreeing to the Resolution,"WAIVING POINTS OF ORDER AGAINST THE CONFERENCE REPORT TO ACCOMPANY H.R. 5679; VA, HUD APPROPRIATIONS FOR FY 1993",Passed,51,100,0,15,151,85,0,29,0,1,0,0,202,186,0,44
432,D,102,H R 5679,25-Sep-1992,1:25 PM,On Agreeing to the Conference Report,"VA, HUD APPROPRIATIONS FOR FY 1993",Passed,97,54,0,15,188,43,0,34,1,0,0,0,286,97,0,49
433,D,102,H R 5679,25-Sep-1992,2:06 PM,RECEDE AND CONCUR IN SENATE ADTS. NOS. 189 & 192,"VA, HUD APPROPRIATIONS FOR FY 1993",Passed,31,119,0,16,177,48,0,40,0,1,0,0,208,168,0,56
434,D,102,H R 5679,25-Sep-1992,2:56 PM,CONCUR IN SENATE AMENDMENT NO. 267 WITHAMENDMENT,"VA, HUD APPROPRIATIONS FOR FY 1993",Failed,71,74,0,21,16,204,0,45,0,1,0,0,87,279,0,66
435,D,102,H R 5679,25-Sep-1992,3:33 PM,RECEDE AND CONCUR IN SENATE AMENDMENT NO. 268,"VA, HUD APPROPRIATIONS FOR FY 1993",Failed,30,104,0,32,114,95,0,56,0,1,0,0,144,200,0,88
436,D,102,H J RES 512,30-Sep-1992,10:12 AM,SUSPEND THE RULES AND PASS,APPROVING EXTENSION OF THE MOST FAVORED NATION TREATMENT TO THE PRODUCTS OF ROMANIA,Failed,54,94,0,18,34,189,0,42,0,0,0,1,88,283,0,61
437,D,102,H R 6056,30-Sep-1992,10:49 AM,On Passage,DISTRICT OF COLUMBIA APPROPRIATIONS FOR FY 1993,Passed,40,110,0,16,189,50,0,26,1,0,0,0,230,160,0,42
438,D,102,H RES 580,30-Sep-1992,12:14 PM,On Ordering the Previous Question,PROVIDING FOR CONSIDERATION OF H.J.RES. 553; MAKING CONTINUING APPROPRIATIONS FOR FY 1993,Passed,1,162,0,3,229,24,0,12,1,0,0,0,231,186,0,15
439,D,102,H RES 580,30-Sep-1992,12:37 PM,On Agreeing to the Resolution,PROVIDING FOR CONSIDERATION OF H.J.RES. 553; MAKING CONTINUING APPROPRIATIONS FOR FY 1993,Passed,1,162,0,3,211,42,0,12,1,0,0,0,213,204,0,15
440,D,102,H J RES 553,30-Sep-1992,1:04 PM,On Passage,CONTINUING RESOLUTION FOR F.Y. 1992,Passed,65,93,0,8,234,11,0,20,1,0,0,0,300,104,0,28
441,D,102,H R 5318,30-Sep-1992,1:59 PM,"PASSAGE, OBJECTION OF THE PRESIDENT NOTWITHSTANDING",UNITED STATES CHINA ACT OF 1992,Passed,102,60,0,4,242,14,1,8,1,0,0,0,345,74,1,12
442,D,102,S 2,30-Sep-1992,3:50 PM,RECOMMIT CONFERENCE REPORT WITH INSTRUCTIONS,NEIGHBORHOOD SCHOOLS IMPROVEMENT ACT,Failed,162,1,0,3,4,252,0,9,0,1,0,0,166,254,0,12
443,D,102,S 5,30-Sep-1992,5:39 PM,"PASSAGE, OBJECTION OF THE PRESIDENT NOTWITHSTANDING",FAMILY AND MEDICAL LEAVE ACT,Failed,38,127,0,1,219,42,0,4,1,0,0,0,258,169,0,5
444,D,102,H R 3281,30-Sep-1992,6:01 PM,"SUSPEND THE RULES AND PASS, AS AMENDED",NATIONAL AIR AND SPACE MUSEUM EXPANSION SITE SELECTION ACT OF 1992,Failed,16,147,0,3,90,169,0,6,0,1,0,0,106,317,0,9
445,D,102,S 2681,30-Sep-1992,6:10 PM,"SUSPEND THE RULES AND PASS, AS AMENDED",NATIVE HAWAIIAN HEALTH CARE,Failed,16,145,0,5,211,49,0,5,1,0,0,0,228,194,0,10
446,D,102,H R 2548,30-Sep-1992,6:18 PM,"SUSPEND THE RULES AND PASS, AS AMENDED",LINCOLN INTERPRETIVE CENTER,Passed,71,89,0,6,226,32,0,7,1,0,0,0,298,121,0,13
447,D,102,S 1528,30-Sep-1992,6:28 PM,"SUSPEND THE RULES AND PASS, AS AMENDED",MIMBRES CULTURE MONUMENT,Failed,8,153,0,5,171,89,0,5,0,1,0,0,179,243,0,10
448,D,102,H R 5678,1-Oct-1992,11:27 AM,On Agreeing to the Conference Report,"COMMERCE, JUSTICE, STATE, JUDICIARY APPROPRIATIONS FOR FY 1993",Passed,71,91,0,4,231,26,0,8,0,0,0,1,302,117,0,13
449,D,102,H R 5488,1-Oct-1992,1:06 PM,On Agreeing to the Conference Report,"TREASURY, POSTAL SERVICE APPROPRIATIONS FOR F.Y. 1993",Passed,59,103,0,4,232,23,0,10,0,0,0,1,291,126,0,15
450,D,102,H R 5192,1-Oct-1992,5:03 PM,ON AGREEING TO THE AMENDMENT TO THE AMENDMENT,None,Agreed to,135,25,0,6,202,46,0,17,1,0,0,0,338,71,0,23
451,D,102,H RES 587,2-Oct-1992,10:34 AM,On Agreeing to the Resolution,WAIVING POINTS OF ORDER AGAINST THE CONFERENCE REPORT H.R. 5095; INTELLIGENCE AUTHORIZATION FOR F.Y. 1993,Passed,159,1,0,6,239,1,0,25,1,0,0,0,399,2,0,31
452,D,102,S 323,2-Oct-1992,12:54 PM,"PASSAGE, OBJECTIONS OFTHE PRESIDENT NOTWITHSTANDING",FAMILY PLANNING REAUTHORIZATION,Failed,56,107,0,3,209,41,0,16,1,0,0,0,266,148,0,19
453,D,102,H R 5427,2-Oct-1992,1:24 PM,MOTION TO INSTRUCT CONFEREES,"LEGISLATIVE BRANCH APPROPRIATIONS, FY 1993",Passed,157,0,0,9,244,1,0,20,1,0,0,0,402,1,0,29
454,D,102,H RES 591,2-Oct-1992,2:10 PM,On Agreeing to the Resolution,EXPEDITIOUS CONSIDERATION OF LEGISLATION,Passed,72,87,0,7,243,6,0,16,1,0,0,0,316,93,0,23
455,D,102,S 1696,2-Oct-1992,5:45 PM,On Passage,MONTANA NATIONAL FOREST MANAGEMENT,Passed,52,105,0,9,229,18,0,18,1,0,0,0,282,123,0,27
456,D,102,H RES 585,2-Oct-1992,7:02 PM,On Agreeing to the Resolution,TASK FORCE ACTIVITIES,Passed,0,153,0,13,220,28,0,17,1,0,0,0,221,181,0,30
457,D,102,H R 5677,3-Oct-1992,11:56 AM,On Agreeing to the Conference Report,"LABOR, HEALTH, HUMAN SERVICES AND EDUCATION APPROPRIATIONS, FOR FISCAL YEAR 1993",Passed,112,46,0,8,250,1,0,14,1,0,0,0,363,47,0,22
458,D,102,S 3144,3-Oct-1992,1:51 PM,On Passage,MILITARY HEALTH CARE INITIATIVES ACT OF 1992,Passed,35,121,0,10,184,65,0,16,1,0,0,0,220,186,0,26
459,D,102,H R 2164,3-Oct-1992,2:11 PM,"SUSPEND THE RULES AND PASS, AS AMENDED",EXPEDITED CONSIDERATION OF PROPOSED RECISSIONS ACT OF 1992,Passed,154,5,0,7,158,91,0,16,0,1,0,0,312,97,0,23
460,D,102,S 2481,3-Oct-1992,2:21 PM,"SUSPEND THE RULES AND PASS, AS AMENDED",INDIAN HEALTH CARE AMENDMENTS ACT,Passed,93,67,0,6,241,7,0,17,1,0,0,0,335,74,0,23
461,D,102,H R 5006,3-Oct-1992,4:03 PM,On Agreeing to the Conference Report,NATIONAL DEFENSE AUTHORIZATION ACT,Passed,119,40,0,7,185,59,0,21,0,1,0,0,304,100,0,28
462,D,102,S 2532,3-Oct-1992,6:41 PM,On Agreeing to the Conference Report,FREEDOM SUPPORT ACT,Passed,78,77,0,11,154,86,0,25,0,1,0,0,232,164,0,36
463,D,102,H R 5427,4-Oct-1992,3:24 PM,On Agreeing to the Conference Report,"LEGISLATIVE BRANCH APPROPRIATIONS, FY 1993",Passed,27,126,0,13,225,17,0,23,1,0,0,0,253,143,0,36
464,D,102,ADJOURN,4-Oct-1992,3:43 PM,,None,Failed,81,75,0,10,2,240,0,23,0,1,0,0,83,316,0,33
465,D,102,H RES 574,4-Oct-1992,4:02 PM,On Agreeing to the Resolution,PROVIDING FOR THE CONSIDERATION OF H.R. 918; MINING LAW REFORM,Passed,22,135,0,9,228,11,0,26,1,0,0,0,251,146,0,35
466,D,102,QUORUM 466,4-Oct-1992,5:36 PM,Call of the House,None,Passed,0,0,150,16,0,0,235,30,0,0,1,0,0,0,386,46
467,D,102,H R 918,4-Oct-1992,6:32 PM,On Agreeing to the Amendment,None,Failed,19,138,0,9,141,99,0,25,1,0,0,0,161,237,0,34
468,D,102,H R 918,4-Oct-1992,6:50 PM,ON MOTION TO RISE,MINING LAW REFORM,Failed,128,24,0,14,6,232,0,27,0,1,0,0,134,257,0,41
469,D,102,H R 918,4-Oct-1992,7:36 PM,On Agreeing to the Amendment,None,Failed,120,32,0,14,16,221,0,28,0,1,0,0,136,254,0,42
470,D,102,H R 5368,5-Oct-1992,12:00 PM,On Agreeing to the Conference Report,FOREIGN ASSISTANCE APPROPRIATIONS FOR FY 1993,Passed,104,58,0,4,208,46,0,11,0,1,0,0,312,105,0,15
471,D,102,H RES 601,5-Oct-1992,1:24 PM,On Agreeing to the Resolution,WAIVING POINTS OF ORDER AGAINST THE CONFERENCE REPORT TO ACCOMPANY H.R. 776; COMPREHENSIVE NATIONAL ENERGY POLICY ACT,Passed,127,32,0,7,252,4,0,9,1,0,0,0,380,36,0,16
472,D,102,H RES 602,5-Oct-1992,2:43 PM,On Agreeing to the Resolution,WAIVING POINTS OF ORDER AGAINST THE CONFERENCE REPORT AND ITS CONSIDERATION OF H.R. 5504; DEPARTMENT OF DEFENSE APPROPRIATIONS FOR F.Y. 1993,Passed,61,102,0,3,188,69,0,8,1,0,0,0,250,171,0,11
473,D,102,H R 776,5-Oct-1992,5:36 PM,RECOMMIT CONFERENCE REPORT WITH INSTRUCTIONS,COMPREHENSIVE NATIONAL ENERGY POLICY ACT,Failed,53,110,0,3,48,213,0,4,1,0,0,0,102,323,0,7
474,D,102,H R 776,5-Oct-1992,5:48 PM,On Agreeing to the Conference Report,COMPREHENSIVE NATIONAL ENERGY POLICY ACT,Passed,123,40,0,3,239,20,0,6,1,0,0,0,363,60,0,9
475,D,102,H RES 603,5-Oct-1992,6:23 PM,On Agreeing to the Resolution,WAIVING POINTS OF ORDER AGAINST THE CONFERENCE REPORT AND ITS CONSIDERATION OF H.R. 5334; HOUSING AND COMMUNITY DEVELOPMENT ACT OF 1992,Passed,54,101,0,11,248,0,0,17,1,0,0,0,303,101,0,28
476,D,102,H R 5334,5-Oct-1992,8:01 PM,On Agreeing to the Conference Report,HOUSING AND COMMUNITY DEVELOPMENT ACT OF 1992,Passed,125,35,0,6,251,2,0,12,1,0,0,0,377,37,0,18
477,D,102,S 12,5-Oct-1992,9:47 PM,"PASSAGE, OBJECTIONS OFTHE PRESIDENT NOTWITHSTANDING",CABLE TELEVISION CONSUMER PROTECTION AND COMPETITION ACT OF 1992,Passed,77,85,0,4,230,29,1,5,1,0,0,0,308,114,1,9
478,D,102,H RES 604,5-Oct-1992,11:12 PM,On Ordering the Previous Question,WAIVING POINTS OF ORDER AGAINST THE CONFERENCE REPORT AND ITS CONSIDERATION ON H.R. 429; RECLAMATION PROJECTS AUTHORIZATION AND ADJUSTMENT ACT OF 1991,Passed,26,134,0,6,203,48,0,14,1,0,0,0,230,182,0,20
479,D,102,H RES 604,5-Oct-1992,11:29 PM,On Agreeing to the Resolution,WAIVING POINTS OF ORDER AGAINST THE CONFERENCE REPORT AND ITS CONSIDERATION ON H.R. 429; RECLAMATION PROJECTS AUTHORIZATION AND ADJUSTMENT ACT OF 1991,Passed,34,125,0,7,225,19,0,21,1,0,0,0,260,144,0,28
480,D,102,H R 429,5-Oct-1992,11:59 PM,RECOMMIT CONFERENCE REPORT WITH INSTRUCTIONS,RECLAMATIONS PROJECTS AUTHORIZATION AND ADJUSTMENT ACT OF 1991,Failed,117,41,0,8,42,202,0,21,0,1,0,0,159,244,0,29
481,D,102,H RES 609,5-Oct-1992,11:59 PM,On Agreeing to the Resolution,PROVIDING FOR THE CONSIDERATION OF THE CONFERENCE REPORT ON H.R. 11,Passed,11,149,0,6,202,41,0,22,0,1,0,0,213,191,0,28
482,D,102,H R 11,5-Oct-1992,11:59 PM,On Agreeing to the Conference Report,REVENUE ACT OF 1992,Passed,39,122,0,5,169,79,0,18,0,1,0,0,208,202,0,23
483,D,102,H R 5739,5-Oct-1992,11:59 PM,On Agreeing to the Conference Report,EXPORT ENHANCEMENT ACT OF 1992,Passed,118,37,0,11,213,7,0,45,1,0,0,0,332,44,0,56
484,D,102,S 3100,5-Oct-1992,11:59 PM,"SUSPEND THE RULES AND PASS, AS AMENDED",LOUISIANA LAND CONVEYANCE,Passed,37,100,0,29,198,2,0,65,1,0,0,0,236,102,0,94
485,D,102,S 1704,5-Oct-1992,11:59 PM,"SUSPEND THE RULES AND PASS, AS AMENDED",NATIONAL PARK SERVICE,Passed,47,90,0,29,189,17,0,59,1,0,0,0,237,107,0,88
486,D,102,ADJOURN,5-Oct-1992,11:59 PM,,None,Failed,94,35,0,37,3,214,0,48,0,1,0,0,97,250,0,85
487,D,102,H R 6179,5-Oct-1992,11:59 PM,On Motion to Suspend the Rules and Pass,TO AMEND THE WILD AND SCENIC RIVER ACT,Passed,41,82,0,43,214,2,0,49,1,0,0,0,256,84,0,92
488,D,102,ADJOURN,5-Oct-1992,11:59 PM,,None,Passed,99,17,0,50,168,21,0,76,1,0,0,0,268,38,0,126
