Roll Call,Majority,Congress Num,Legislation Number,Date,Time,Question,Description,Result,Republican Yes,Republican No,Republican Present,Republican Not Voting,Democrat Yes,Democrat No,Democrat Present,Democrat Not Voting,Independent Yes,Independent No,Independent Present,Independent Not Voting,Total Yes,Total No,Total Present,Total Not Voting
1,D,103,QUORUM 1,5-Jan-1993,12:33 PM,Call of the House,None,Passed,0,0,175,0,0,0,254,0,0,0,1,0,0,0,430,0
2
3,D,103,H RES 5,5-Jan-1993,2:26 PM,TABLE MOTION TO REFER,RULES OF THE HOUSE,Passed,0,166,0,9,223,10,0,22,1,0,0,0,224,176,0,31
4,D,103,QUORUM 4,5-Jan-1993,4:35 PM,Call in Committee,None,Passed,0,0,167,8,0,0,241,14,0,0,1,0,0,0,409,22
5,D,103,H RES 5,5-Jan-1993,5:09 PM,ON ORDERING THE PREVIOUS QUESTION,RULES OF THE HOUSE,Passed,0,173,0,2,248,3,0,4,1,0,0,0,249,176,0,6
6,D,103,H RES 5,5-Jan-1993,5:29 PM,ON MOTION TO COMMIT WITH INSTRUCTIONS,RULES OF THE HOUSE,Failed,173,0,0,2,14,237,0,4,0,1,0,0,187,238,0,6
7,D,103,H RES 5,5-Jan-1993,5:49 PM,On Agreeing to the Resolution,RULES OF THE HOUSE,Passed,0,172,0,3,220,27,1,7,1,0,0,0,221,199,1,10
8,D,103,MOTION,26-Jan-1993,12:22 PM,On Approving the Journal,None,Passed,28,132,1,15,217,4,2,31,0,0,0,1,245,136,3,47
9,D,103,H RES 20,26-Jan-1993,3:01 PM,On Ordering the Previous Question,TO ESTABLISH THE SELECT COMMITTEE ON NARCOTICS ABUSE AND CONTROL,Passed,0,169,0,7,236,11,0,7,1,0,0,0,237,180,0,14
10,D,103,H RES 20,26-Jan-1993,3:22 PM,On Agreeing to the Resolution,TO ESTABLISH THE SELECT COMMITTEE ON NARCOTICS ABUSE AND CONTROL,Failed,15,154,0,7,164,83,0,7,1,0,0,0,180,237,0,14
11,D,103,MOTION,27-Jan-1993,12:27 PM,On Approving the Journal,None,Passed,22,142,0,12,224,4,1,26,0,0,0,1,246,146,1,39
12,D,103,H RES 58,3-Feb-1993,2:17 PM,On Ordering the Previous Question,PROVIDING FOR THE CONSIDERATION OF H.R. 1; FAMILY AND MEDICAL LEAVE ACT,Passed,0,173,0,2,245,3,0,6,1,0,0,0,246,176,0,8
13,D,103,H RES 58,3-Feb-1993,2:28 PM,On Agreeing to the Resolution,PROVIDING FOR THE CONSIDERATION OF H.R. 1; FAMILY AND MEDICAL LEAVE ACT,Passed,16,158,0,1,242,6,0,6,1,0,0,0,259,164,0,7
14,D,103,MOTION,3-Feb-1993,3:07 PM,TABLE APPEAL OF THE RULING OF THE CHAIR,None,Passed,0,174,0,1,250,0,0,4,1,0,0,0,251,174,0,5
15,D,103,H R 1,3-Feb-1993,8:10 PM,On Agreeing to the Amendment,None,Failed,157,16,0,2,30,227,0,2,0,1,0,0,187,244,0,4
16,D,103,H R 1,3-Feb-1993,8:47 PM,On Agreeing to the Amendment,None,Failed,156,15,0,4,29,222,0,8,0,1,0,0,185,238,0,12
17,D,103,H R 1,3-Feb-1993,9:28 PM,On Agreeing to the Amendment,None,Agreed to,174,0,0,1,49,208,0,2,0,1,0,0,223,209,0,3
18,D,103,H R 1,3-Feb-1993,9:49 PM,ON AGREEING TO THE AMENDMENT,None,Agreed to,37,137,0,1,231,26,0,2,1,0,0,0,269,163,0,3
19,D,103,H R 1,3-Feb-1993,10:09 PM,On Agreeing to the Amendment,None,Agreed to,174,0,0,1,47,203,0,4,0,1,0,0,221,204,0,5
20,D,103,H R 1,3-Feb-1993,10:22 PM,On Agreeing to the Amendment,None,Agreed to,38,136,0,1,227,26,0,1,1,0,0,0,266,162,0,2
21,D,103,H R 1,3-Feb-1993,10:52 PM,On Motion to Recommit with Instructions,FAMILY AND MEDICAL LEAVE ACT,Failed,172,2,0,1,3,250,0,1,0,1,0,0,175,253,0,2
22,D,103,H R 1,3-Feb-1993,11:06 PM,On Passage,FAMILY AND MEDICAL LEAVE ACT,Passed,40,134,0,1,224,29,0,1,1,0,0,0,265,163,0,2
23,D,103,H RES 59,4-Feb-1993,2:45 PM,On Ordering the Previous Question,PROVIDING FOR THE CONSIDERATION OF H.R. 2; NATIONAL VOTER REGISTRATION ACT,Passed,0,170,0,5,247,1,0,6,1,0,0,0,248,171,0,11
24,D,103,H RES 59,4-Feb-1993,2:57 PM,On Agreeing to the Resolution,PROVIDING FOR THE CONSIDERATION OF H.R. 2; NATIONAL VOTER REGISTRATION ACT,Passed,0,168,0,7,248,2,0,4,1,0,0,0,249,170,0,11
25,D,103,H R 2,4-Feb-1993,4:58 PM,RECOMMIT WITH INSTRUCTIONS,NATIONAL VOTER REGISTRATION ACT,Failed,166,3,0,6,0,249,0,5,0,1,0,0,166,253,0,11
26,D,103,H R 2,4-Feb-1993,5:19 PM,On Passage,NATIONAL VOTER REGISTRATION ACT,Passed,21,146,0,8,237,14,0,3,1,0,0,0,259,160,0,11
27,D,103,H RES 61,4-Feb-1993,10:12 PM,On Agreeing to the Resolution,WAIVING A REQUIRMENT OF CLAUSE 4(B) OF RULE XI TO CONSIDERATION OF A CERTAIN RESOLUTION REPORTED FROM THE COMMITTEE ON RULES,Passed,2,155,0,18,236,0,0,18,1,0,0,0,239,155,0,36
28,D,103,H RES 71,4-Feb-1993,11:33 PM,On Ordering the Previous Question,RELATING TO THE CONSIDERATION OF THE SENATE AMENDMENT TO H.R. 1,Passed,5,153,0,17,221,19,0,14,1,0,0,0,227,172,0,31
29,D,103,H RES 71,4-Feb-1993,11:49 PM,On Agreeing to the Resolution,RELATING TO THE CONSIDERATION OF THE SENATE AMENDMENT TO H.R. 1,Passed,36,123,0,16,210,29,0,15,1,0,0,0,247,152,0,31
30,D,103,H CON RES 34,16-Feb-1993,2:13 PM,SUSPEND THE RULES AND AGREE AS AMENDED,SUPPORT WHALING MORATORIUM,Passed,157,0,0,18,224,0,0,30,1,0,0,0,382,0,0,48
31,D,103,H R 750,16-Feb-1993,2:25 PM,On Motion to Suspend the Rules and Pass,EXPORT AUTHORIZATION ADMINISTRATION,Passed,104,53,0,18,225,1,0,28,1,0,0,0,330,54,0,46
32,D,103,MOTION,17-Feb-1993,2:24 PM,On Approving the Journal,None,Passed,31,131,0,13,232,5,0,17,1,0,0,0,264,136,0,30
33,D,103,H CON RES 39,17-Feb-1993,4:01 PM,On Agreeing to the Resolution,PROVIDING FOR A JOINT SESSION OF CONGRESS TO RECEIVE A MESSAGE FROM THE PRESIDENT,Passed,169,0,0,6,245,0,0,9,1,0,0,0,415,0,0,15
34,D,103,H CON RES 39,17-Feb-1993,4:46 PM,TABLE MOTION TO RECONSIDER,PROVIDING FOR A JOINT SESSION OF CONGRESS TO RECEIVE A MESSAGE FROM THE PRESIDENT,Passed,0,170,0,5,245,0,0,9,1,0,0,0,246,170,0,14
35,D,103,MOTION,18-Feb-1993,11:26 AM,On Approving the Journal,None,Passed,23,140,0,12,218,4,0,32,1,0,0,0,242,144,0,44
36,D,103,MOTION,23-Feb-1993,12:23 PM,On Approving the Journal,None,Passed,15,142,0,18,216,5,0,33,0,0,0,1,231,147,0,52
37,D,103,ADJOURN,23-Feb-1993,2:43 PM,ON MOTION TO ADJOURN,None,Failed,143,25,0,7,0,228,0,26,0,1,0,0,143,254,0,33
38,D,103,H RES 103,24-Feb-1993,2:55 PM,On Ordering the Previous Question,PROVIDING FOR THE CONSIDERATION OF THE BILL H.R. 920; EXTEND THE EMERGENCY UNEMPLOYMENT COMPENSATION PROGRAM,Passed,0,172,0,3,242,0,0,12,1,0,0,0,243,172,0,15
39,D,103,H RES 103,24-Feb-1993,3:27 PM,On Agreeing to the Resolution,PROVIDING FOR THE CONSIDERATION OF THE BILL H.R. 920; EXTEND THE EMERGENCY UNEMPLOYMENT COMPENSATION PROGRAM,Passed,0,171,0,4,236,7,0,11,1,0,0,0,237,178,0,15
40,D,103,H R 920,24-Feb-1993,5:53 PM,RECOMMIT WITH INSTRUCTIONS,EXTEND THE EMERGENCY UNEMPLOYMENT COMPENSATION PROGRAM,Failed,168,0,0,7,18,228,0,8,0,1,0,0,186,229,0,15
41,D,103,H R 920,24-Feb-1993,6:02 PM,On Passage,EXTEND THE EMERGENCY UNEMPLOYMENT COMPENSATION PROGRAM,Passed,27,141,0,7,226,20,0,8,1,0,0,0,254,161,0,15
42,D,103,H R 20,24-Feb-1993,6:20 PM,SUSPEND THE RULES AND PASS AS AMENDED,FEDERAL EMPLOYEES POLITICAL ACTIVITIES ACT OF 1993,Failed,28,140,0,7,246,2,0,7,1,0,0,0,275,142,0,14
43,D,103,H R 890,2-Mar-1993,3:18 PM,"SUSPEND THE RULES AND PASS, AS AMENDED",UNCLAIMED DEPOSITS AMENDMENTS ACT OF 1993,Passed,166,0,0,9,242,1,0,11,1,0,0,0,409,1,0,20
44,D,103,H R 904,2-Mar-1993,3:26 PM,SUSPEND THE RULES AND PASS,AIRLINE COMPETITIVENESS ACT,Passed,123,43,0,9,243,0,0,11,1,0,0,0,367,43,0,20
45,D,103,H R 868,2-Mar-1993,3:38 PM,"SUSPEND THE RULES AND PASS, AS AMENDED",CONSUMER PROTECTION TELEMARKETING ACT,Passed,165,2,0,8,245,1,0,8,1,0,0,0,411,3,0,16
46,D,103,H R 707,2-Mar-1993,3:45 PM,SUSPEND THE RULES AND PASS,EMERGING TELECOMMUNICATIONS TECHNOLOGY ACT,Passed,162,5,0,8,247,0,0,7,1,0,0,0,410,5,0,15
47,D,103,H R 617,2-Mar-1993,3:53 PM,"SUSPEND THE RULES AND PASS, AS AMENDED",LIMITED PARTNERSHIP ROLLUP REFORM ACT,Passed,161,6,0,8,246,0,0,8,1,0,0,0,408,6,0,16
48,D,103,MOTION,2-Mar-1993,4:13 PM,On Approving the Journal,None,Passed,14,150,0,11,237,5,0,12,1,0,0,0,252,155,0,23
49,D,103,MOTION,3-Mar-1993,12:25 PM,On Approving the Journal,None,Passed,20,145,0,10,225,5,0,25,1,0,0,0,246,150,0,35
50,D,103,H RES 106,3-Mar-1993,2:48 PM,On Ordering the Previous Question,PROVIDING FOR THE CONSIDERATION OF H.R. 20; FEDERAL EMPLOYEES POLITICAL ACTIVITIES ACT,Passed,3,165,0,7,244,1,0,9,1,0,0,0,248,166,0,16
51,D,103,H RES 106,3-Mar-1993,2:58 PM,On Agreeing to the Resolution,PROVIDING FOR THE CONSIDERATION OF H.R. 20; FEDERAL EMPLOYEES POLITICAL ACTIVITIES ACT,Passed,6,161,0,8,242,2,0,10,1,0,0,0,249,163,0,18
52,D,103,H R 20,3-Mar-1993,4:36 PM,On Passage,FEDERAL EMPLOYEES POLITICAL ACTIVITIES ACT OF 1993,Passed,85,84,0,6,247,2,0,5,1,0,0,0,333,86,0,11
53,D,103,H R 920,4-Mar-1993,12:47 PM,AGREE TO SECTIONS 1 THROUGH 6 OF SENATE AMENDMENT,EXTEND THE EMERGENCY UNEMPLOYMENT COMPENSATION PROGRAM,Passed,30,137,0,8,216,19,0,19,1,0,0,0,247,156,0,27
54,D,103,H R 920,4-Mar-1993,1:04 PM,AGREE TO SECTION 7 OF SENATE AMENDMENT,EXTEND THE EMERGENCY UNEMPLOYMENT COMPENSATION PROGRAM,Passed,164,0,1,10,238,0,2,14,1,0,0,0,403,0,3,24
55,D,103,H R 490,9-Mar-1993,2:10 PM,"SUSPEND THE RULES AND PASS, AS AMENDED",CONVEY CERTAIN LANDS TO THE COLUMBIA HOSPITAL FOR WOMEN,Passed,99,69,0,7,240,0,0,14,0,0,0,1,339,69,0,22
56,D,103,MOTION,9-Mar-1993,2:29 PM,On Approving the Journal,None,Passed,21,147,0,7,235,6,0,13,0,0,0,1,256,153,0,21
57,D,103,MOTION,10-Mar-1993,1:22 PM,On Approving the Journal,None,Passed,22,145,0,8,228,5,0,21,1,0,0,0,251,150,0,29
58,D,103,H RES 119,10-Mar-1993,3:27 PM,On Ordering the Previous Question,PROVIDING FOR THE CONSIDERATION OF H.R. 4; NATIONAL INSTITUTES OF HEALTH REVITALIZATION ACT,Passed,2,169,0,4,244,1,0,9,1,0,0,0,247,170,0,13
59,D,103,H RES 119,10-Mar-1993,3:35 PM,On Agreeing to the Resolution,PROVIDING FOR THE CONSIDERATION OF H.R. 4; NATIONAL INSTITUTES OF HEALTH REVITALIZATION ACT,Passed,6,165,0,4,241,5,0,8,1,0,0,0,248,170,0,12
60,D,103,H R 4,10-Mar-1993,5:57 PM,On Agreeing to the Amendment,None,Agreed to,37,135,0,3,215,38,0,6,1,0,0,0,253,173,0,9
61,D,103,H R 4,10-Mar-1993,6:05 PM,On Agreeing to the Amendment,None,Agreed to,45,127,0,3,215,35,0,9,1,0,0,0,261,162,0,12
62,D,103,H R 4,10-Mar-1993,6:58 PM,On Agreeing to the Amendment,None,Failed,157,16,0,2,36,217,0,6,0,1,0,0,193,234,0,8
63,D,103,MOTION,11-Mar-1993,11:52 AM,On Approving the Journal,None,Passed,20,147,0,8,223,5,0,26,1,0,0,0,244,152,0,34
64,D,103,H R 4,11-Mar-1993,1:22 PM,On Agreeing to the Amendment,None,Agreed to,44,126,0,5,205,35,0,14,1,0,0,0,250,161,0,19
65,D,103,H R 4,11-Mar-1993,1:33 PM,On Agreeing to the Amendment,None,Agreed to,113,60,0,2,236,7,0,11,1,0,0,0,350,67,0,13
66,D,103,H R 4,11-Mar-1993,1:40 PM,On Agreeing to the Amendment,None,Agreed to,94,78,0,3,210,31,0,13,1,0,0,0,305,109,0,16
67,D,103,H R 4,11-Mar-1993,1:46 PM,On Agreeing to the Amendment,None,Agreed to,163,9,0,3,241,0,0,13,1,0,0,0,405,9,0,16
68,D,103,H R 4,11-Mar-1993,1:53 PM,On Agreeing to the Amendment,None,Agreed to,168,5,0,2,110,133,0,11,0,1,0,0,278,139,0,13
69,D,103,H R 4,11-Mar-1993,2:11 PM,On Passage,NATIONAL INSTITUTES OF HEALTH REVITALIZATION ACT,Passed,57,115,0,3,225,16,0,13,1,0,0,0,283,131,0,16
70,D,103,S 1,11-Mar-1993,3:41 PM,MOTION TO INSTRUCT CONFEREES,NIH REAUTHORIZATION,Passed,171,0,0,4,185,57,0,12,0,1,0,0,356,58,0,16
71,D,103,H R 965,16-Mar-1993,2:05 PM,"SUSPEND THE RULES AND PASS, AS AMENDED",CHILD SAFETY PROTECTION ACT,Passed,126,35,0,14,235,3,0,16,1,0,0,0,362,38,0,30
72,D,103,H R 1109,16-Mar-1993,2:32 PM,SUSPEND THE RULES AND PASS,MERCHANT SEAMEN REEMPLOYMENT RIGHTS,Passed,160,0,0,15,242,0,0,12,1,0,0,0,403,0,0,27
73,D,103,MOTION,17-Mar-1993,10:55 AM,On Approving the Journal,None,Passed,19,135,0,21,229,5,0,20,1,0,0,0,249,140,0,41
74,D,103,QUORUM 74,17-Mar-1993,3:10 PM,Call of the House,None,Passed,0,0,169,6,0,0,237,17,0,0,1,0,0,0,407,23
75,D,103,MOTION,18-Mar-1993,11:26 AM,On Approving the Journal,None,Passed,17,152,0,6,235,3,0,16,1,0,0,0,253,155,0,22
76,D,103,ADJOURN,18-Mar-1993,11:45 AM,ON MOTION TO ADJOURN,None,Failed,69,99,1,6,0,243,0,11,0,1,0,0,69,343,1,17
77,D,103,H RES 133,18-Mar-1993,1:15 PM,On Ordering the Previous Question,"PROVIDING FOR THE FURTHER CONSIDERATION OF H. CON. RES. 64, CONGRESSIONAL BUDGET FOR THE U.S. GOVERNMENT",Passed,0,171,0,4,249,1,0,4,1,0,0,0,250,172,0,8
78,D,103,H RES 133,18-Mar-1993,1:24 PM,On Agreeing to the Resolution,"PROVIDING FOR THE FURTHER CONSIDERATION OF H. CON. RES. 64, CONGRESSIONAL BUDGET FOR THE U.S. GOVERNMENT",Passed,0,172,0,3,250,0,0,4,1,0,0,0,251,172,0,7
79,D,103,H RES 133,18-Mar-1993,1:42 PM,TABLE MOTION TO RECONSIDER,"PROVIDING FOR THE FURTHER CONSIDERATION OF H. CON. RES. 64, CONGRESSIONAL BUDGET FOR THE U.S. GOVERNMENT",Passed,0,171,0,4,249,1,0,4,1,0,0,0,250,172,0,8
80,D,103,ADJOURN,18-Mar-1993,2:01 PM,ON MOTION TO ADJOURN,None,Failed,60,113,0,2,0,246,0,8,0,1,0,0,60,360,0,10
81,D,103,H CON RES 64,18-Mar-1993,4:44 PM,ON AGREEING TO THE AMENDMENT,CONGRESSIONAL BUDGET FOR U.S. GOVERNMENT,Failed,132,41,0,2,3,253,0,3,0,1,0,0,135,295,0,5
82,D,103,H CON RES 64,18-Mar-1993,6:18 PM,On Agreeing to the Amendment,None,Failed,19,153,0,3,1,255,0,3,0,1,0,0,20,409,0,6
83,D,103,H CON RES 64,18-Mar-1993,7:35 PM,STRIKE THE RESOLVING CLAUSE,CONGRESSIONAL BUDGET FOR U.S. GOVERNMENT,Failed,120,50,0,5,2,251,0,6,0,1,0,0,122,302,0,11
84,D,103,H CON RES 64,18-Mar-1993,8:20 PM,On Agreeing to the Amendment,None,Failed,1,167,4,3,85,168,1,5,1,0,0,0,87,335,5,8
85,D,103,H CON RES 64,18-Mar-1993,9:11 PM,On Agreeing to the Resolution,CONGRESSIONAL BUDGET FOR U.S. GOVERNMENT,Passed,0,172,0,3,242,11,0,1,1,0,0,0,243,183,0,4
86,D,103,H RES 132,18-Mar-1993,10:46 PM,On Agreeing to the Resolution,"PROVIDING FOR THE FURTHER CONSIDERATION OF H.R. 1335, DIRE EMERGENCY SUPPLEMENTAL APPROPRIATIONS, 1993",Passed,0,172,0,3,239,13,0,2,1,0,0,0,240,185,0,5
87,D,103,H R 1335,18-Mar-1993,11:59 PM,On Motion to Recommit with Instructions,EMERGENCY SUPPLEMENTAL FOR 1993,Failed,168,3,0,4,13,240,0,1,0,1,0,0,181,244,0,5
88,D,103,H R 1335,18-Mar-1993,11:59 PM,On Passage,EMERGENCY SUPPLEMENTAL FOR 1993,Passed,3,168,0,4,231,22,0,1,1,0,0,0,235,190,0,5
89,D,103,MOTION,24-Mar-1993,12:27 PM,On Approving the Journal,None,Passed,21,143,0,11,231,4,0,19,0,0,0,1,252,147,0,31
90,D,103,H RES 138,24-Mar-1993,2:29 PM,On Ordering the Previous Question,PROVIDING FOR THE CONSIDERATION OF H.R. 670; FAMILY PLANNING AMENDMENTS ACT OF 1993,Passed,4,163,0,8,247,1,0,6,1,0,0,0,252,164,0,14
91,D,103,H RES 138,24-Mar-1993,2:39 PM,On Agreeing to the Resolution,PROVIDING FOR THE CONSIDERATION OF H.R. 670; FAMILY PLANNING AMENDMENTS ACT OF 1993,Passed,10,158,0,7,236,11,0,7,1,0,0,0,247,169,0,14
92,D,103,H RES 138,24-Mar-1993,2:57 PM,TABLE MOTION TO RECONSIDER,PROVIDING FOR THE CONSIDERATION OF H.R. 670; FAMILY PLANNING AMENDMENTS ACT OF 1993,Passed,9,160,0,6,242,5,0,7,1,0,0,0,252,165,0,13
93,D,103,ADJOURN,24-Mar-1993,3:17 PM,ON MOTION TO ADJOURN,None,Failed,32,135,0,8,0,238,0,16,0,1,0,0,32,374,0,24
94,D,103,QUORUM 94,24-Mar-1993,4:57 PM,Call in Committee,None,Passed,0,0,169,6,0,0,246,13,0,0,1,0,0,0,416,19
95,D,103,H R 670,24-Mar-1993,5:07 PM,On Agreeing to the Amendment,None,Agreed to,42,128,0,5,213,37,0,9,1,0,0,0,256,165,0,14
96,D,103,H R 670,24-Mar-1993,5:16 PM,On Agreeing to the Amendment,None,Agreed to,158,12,0,5,249,4,0,6,1,0,0,0,408,16,0,11
97,D,103,H R 670,24-Mar-1993,5:56 PM,On Agreeing to the Amendment,None,Agreed to,50,120,0,5,209,43,0,7,1,0,0,0,260,163,0,12
98,D,103,H R 670,24-Mar-1993,6:17 PM,ON MOTION TO RISE,FAMILY PLANNING AMENDMENTS ACT OF 1993,Passed,46,119,0,10,240,0,0,19,1,0,0,0,287,119,0,29
99,D,103,ADJOURN,24-Mar-1993,6:36 PM,ON MOTION TO ADJOURN,None,Passed,34,130,0,11,230,4,0,20,1,0,0,0,265,134,0,31
100,D,103,MOTION,25-Mar-1993,10:22 AM,On Approving the Journal,None,Passed,17,147,0,11,219,2,0,33,0,0,0,1,236,149,0,45
101,D,103,ADJOURN,25-Mar-1993,11:31 AM,ON MOTION TO ADJOURN,None,Failed,13,157,0,5,0,241,0,13,0,1,0,0,13,399,0,18
102,D,103,H R 670,25-Mar-1993,12:17 PM,On Agreeing to the Amendment,None,Failed,115,52,0,8,27,224,0,8,0,1,0,0,142,277,0,16
103,D,103,H R 670,25-Mar-1993,12:47 PM,On Agreeing to the Amendment,None,Agreed to,170,0,0,5,247,0,0,7,1,0,0,0,418,0,0,12
104,D,103,H R 670,25-Mar-1993,12:56 PM,On Agreeing to the Amendment,None,Agreed to,49,121,0,5,209,36,0,9,1,0,0,0,259,157,0,14
105,D,103,H R 670,25-Mar-1993,1:04 PM,On Agreeing to the Amendment,None,Agreed to,170,0,0,5,246,0,0,8,1,0,0,0,417,0,0,13
106,D,103,H R 670,25-Mar-1993,1:35 PM,On Motion to Recommit with Instructions,FAMILY PLANNING AMENDMENTS ACT OF 1993,Failed,138,34,0,3,41,208,0,5,0,1,0,0,179,243,0,8
107,D,103,H R 670,25-Mar-1993,1:53 PM,On Passage,FAMILY PLANNING AMENDMENTS ACT OF 1993,Passed,51,121,0,3,221,28,0,5,1,0,0,0,273,149,0,8
108,D,103,H R 670,25-Mar-1993,2:14 PM,TABLE MOTION TO RECONSIDER,FAMILY PLANNING AMENDMENTS ACT OF 1993,Passed,33,136,0,6,240,6,0,8,1,0,0,0,274,142,0,14
109,D,103,H CON RES 64,25-Mar-1993,3:30 PM,MOTION TO INSTRUCT CONFEREES,CONGRESSIONAL BUDGET FOR U.S. GOVERNMENT,Passed,166,0,0,9,246,0,0,8,1,0,0,0,413,0,0,17
110,D,103,MOTION,29-Mar-1993,5:07 PM,On Approving the Journal,None,Passed,18,132,0,25,213,5,0,36,0,0,0,1,231,137,0,62
111,D,103,H R 175,29-Mar-1993,5:15 PM,SUSPEND THE RULES AND PASS,FBI ACCESS TO TELEPHONE RECORDS,Passed,151,0,0,24,216,6,1,31,0,0,0,1,367,6,1,56
112,D,103,H R 829,29-Mar-1993,5:27 PM,"SUSPEND THE RULES AND PASS, AS AMENDED",DNA IDENTIFICATION ACT,Passed,151,0,0,24,223,4,0,27,0,0,0,1,374,4,0,52
113,D,103,ADJOURN,29-Mar-1993,5:45 PM,ON MOTION TO ADJOURN,None,Failed,1,152,0,22,154,69,0,31,0,0,0,1,155,221,0,54
114,D,103,MOTION,30-Mar-1993,12:23 PM,On Approving the Journal,None,Passed,17,145,0,13,230,5,0,19,1,0,0,0,248,150,0,32
115,D,103,S 662,30-Mar-1993,1:27 PM,SUSPEND THE RULES AND PASS,VETERANS’ HEALTH CARE ACT CORRECTIONS,Passed,168,0,0,7,247,0,0,7,1,0,0,0,416,0,0,14
116,D,103,S 252,30-Mar-1993,1:36 PM,SUSPEND THE RULES AND PASS,IDAHO LAND EXCHANGE,Passed,168,0,0,7,248,0,0,6,1,0,0,0,417,0,0,13
117,D,103,S 164,30-Mar-1993,1:49 PM,SUSPEND THE RULES AND PASS,CUSTER NATIONAL FOREST LAND EXCHANGE,Passed,166,3,0,6,250,0,0,4,1,0,0,0,417,3,0,10
118,D,103,H R 239,30-Mar-1993,1:59 PM,SUSPEND THE RULES AND PASS,STOCK RAISING HOMESTEAD ACT AMENDMENTS,Passed,169,1,0,5,251,0,0,3,1,0,0,0,421,1,0,8
119,D,103,H RES 118,30-Mar-1993,2:09 PM,"SUSPEND THE RULES AND AGREE, AS AMENDED",CONDEMN MALTA FOR RELEASING TERRORISTS,Passed,170,0,0,5,251,0,0,3,0,0,0,1,421,0,0,9
120,D,103,H RES 107,30-Mar-1993,3:51 PM,On Motion to Recommit with Instructions,COMMITTEE FUNDING RESOLUTION FOR 1993,Failed,168,1,0,6,3,244,0,7,0,1,0,0,171,246,0,13
121,D,103,H RES 107,30-Mar-1993,4:09 PM,On Agreeing to the Resolution,COMMITTEE FUNDING RESOLUTION FOR 1993,Passed,0,169,0,6,223,27,0,5,1,0,0,0,224,196,0,11
122,D,103,ADJOURN,30-Mar-1993,4:38 PM,ON MOTION TO ADJOURN,None,Failed,0,166,0,9,140,102,0,13,0,1,0,0,140,269,0,22
123,D,103,MOTION,31-Mar-1993,2:30 PM,On Approving the Journal,None,Passed,18,154,0,3,237,5,0,12,0,0,0,1,255,159,0,16
124,D,103,H RES 142,31-Mar-1993,4:26 PM,On Agreeing to the Resolution,WAIVING REQUIREMENTS WITH RESPECT TO A RESOLUTION,Passed,0,170,0,5,247,1,0,6,1,0,0,0,248,171,0,11
125,D,103,H RES 145,31-Mar-1993,5:39 PM,On Ordering the Previous Question,WAIVING POINTS OF ORDER AGAINST THE CONSIDERATION OF THE CONFERENCE REPORT ON H. CON. RES. 64; THE BUDGET RESOLUTION,Passed,0,172,0,3,250,1,0,3,1,0,0,0,251,173,0,6
126,D,103,H RES 145,31-Mar-1993,5:50 PM,On Agreeing to the Resolution,WAIVING POINTS OF ORDER AGAINST THE CONSIDERATION OF THE CONFERENCE REPORT ON H. CON. RES. 64; THE BUDGET RESOLUTION,Passed,0,172,0,3,249,0,0,5,1,0,0,0,250,172,0,8
127,D,103,H CON RES 64,31-Mar-1993,7:27 PM,On Agreeing to the Conference Report,CONGRESSIONAL BUDGET FOR U.S. GOVERNMENT,Passed,0,172,0,3,239,12,0,3,1,0,0,0,240,184,0,6
128,D,103,MOTION,1-Apr-1993,11:24 AM,On Approving the Journal,None,Passed,15,155,0,5,226,5,0,23,0,0,0,1,241,160,0,29
129,D,103,H R 2,1-Apr-1993,1:27 PM,MOTION TO INSTRUCT CONFEREES,NATIONAL VOTER REGISTRATION ACT,Failed,170,0,0,5,22,221,0,11,0,1,0,0,192,222,0,16
130,D,103,H RES 147,1-Apr-1993,10:23 PM,On Ordering the Previous Question,"PROVIDING FOR THE CONSIDERATION OF H.R. 1430, TO PROVIDE FOR A TEMPORARY INCREASE IN THE PUBLIC DEBT LIMIT",Passed,0,167,0,8,243,1,0,10,1,0,0,0,244,168,0,18
131,D,103,H RES 147,1-Apr-1993,10:33 PM,On Agreeing to the Resolution,"PROVIDING FOR THE CONSIDERATION OF H.R. 1430, TO PROVIDE FOR A TEMPORARY INCREASE IN THE PUBLIC DEBT LIMIT",Passed,0,167,0,8,241,3,0,10,1,0,0,0,242,170,0,18
132,D,103,H R 1430,1-Apr-1993,11:59 PM,On Motion to Recommit with Instructions,TEMPORARY INCREASE IN THE PUBLIC DEBT LIMIT,Failed,166,0,0,9,2,244,0,8,0,1,0,0,168,245,0,17
133,D,103,H R 1430,1-Apr-1993,11:59 PM,On Passage,TEMPORARY INCREASE IN THE PUBLIC DEBT LIMIT,Passed,2,165,0,8,234,12,0,8,1,0,0,0,237,177,0,16
134,D,103,MOTION,2-Apr-1993,11:24 AM,On Approving the Journal,None,Passed,11,149,0,15,226,6,0,22,0,0,0,1,237,155,0,38
135,D,103,QUORUM 135,2-Apr-1993,2:12 PM,Call of the House,None,Passed,0,0,164,11,0,0,240,14,0,0,1,0,0,0,405,25
136,D,103,MOTION,20-Apr-1993,12:23 PM,On Approving the Journal,None,Passed,20,133,0,22,222,4,0,28,0,0,0,1,242,137,0,51
137,D,103,S 328,20-Apr-1993,2:27 PM,On Motion to Suspend the Rules and Pass,GATEWAY NATIONAL RECREATION AREA REHABILITATION,Passed,166,0,0,9,243,0,0,12,1,0,0,0,410,0,0,21
138,D,103,S 326,20-Apr-1993,2:38 PM,On Motion to Suspend the Rules and Pass,WASHINGTON BIRTHPLACE NATIONAL MONUMENT,Passed,79,85,0,11,234,8,0,13,1,0,0,0,314,93,0,24
139,D,103,MOTION,21-Apr-1993,2:25 PM,On Approving the Journal,None,Passed,19,149,0,7,236,4,0,15,1,0,0,0,256,153,0,22
140,D,103,H R 328,21-Apr-1993,3:52 PM,"SUSPEND THE RULES AND PASS, AS AMENDED",TAOS LAND CONVEYANCE,Passed,168,0,0,7,251,0,0,4,1,0,0,0,420,0,0,11
141,D,103,H R 38,21-Apr-1993,4:11 PM,"SUSPEND THE RULES AND PASS, AS AMENDED",JEMEZ NATIONAL RECREATION AREA,Passed,117,51,0,7,245,6,0,4,1,0,0,0,363,57,0,11
142,D,103,H R 1335,22-Apr-1993,2:48 PM,CONCUR IN SENATE AMENDMENT,EMERGENCY SUPPLEMENTAL FOR 1993,Passed,69,99,0,7,231,15,0,9,1,0,0,0,301,114,0,16
143,D,103,MOTION,28-Apr-1993,2:25 PM,On Approving the Journal,None,Passed,18,144,0,13,234,5,0,16,1,0,0,0,253,149,0,29
144,D,103,H RES 149,28-Apr-1993,5:01 PM,On Agreeing to the Resolution,PROVIDING FOR THE CONSIDERATION OF H.R. 1578; EXPEDITED RESCISSIONS ACT OF 1993,Passed,2,165,0,8,210,42,0,4,0,1,0,0,212,208,0,12
145,D,103,H R 1578,29-Apr-1993,1:41 PM,On Agreeing to the Amendment,None,Agreed to,170,0,0,5,87,156,0,17,0,1,0,0,257,157,0,22
146,D,103,H R 1578,29-Apr-1993,2:21 PM,"ON AGREEING TO THE AMENDMENT, AS AMENDED",None,Failed,165,4,0,6,33,214,0,14,0,1,0,0,198,219,0,20
147,D,103,H R 1578,29-Apr-1993,2:39 PM,On Agreeing to the Amendment,None,Agreed to,23,146,0,6,224,21,0,16,0,1,0,0,247,168,0,22
148,D,103,H R 1578,29-Apr-1993,2:59 PM,On Agreeing to the Amendment,None,Agreed to,24,145,0,6,224,17,0,15,0,1,0,0,248,163,0,21
149,D,103,H R 1578,29-Apr-1993,3:23 PM,On Motion to Recommit with Instructions,EXPEDITED RESCISSIONS ACT OF 1993,Failed,170,0,0,5,12,232,0,12,0,1,0,0,182,233,0,17
150,D,103,H R 1578,29-Apr-1993,3:41 PM,On Passage,EXPEDITED RESCISSIONS ACT OF 1993,Passed,84,86,0,5,174,70,0,12,0,1,0,0,258,157,0,17
151,D,103,MOTION,5-May-1993,1:21 PM,On Approving the Journal,None,Passed,24,140,0,11,230,6,1,18,1,0,0,0,255,146,1,29
152,D,103,H RES 163,5-May-1993,3:22 PM,On Agreeing to the Resolution,WAIVING POINTS OF ORDER AGAINST THE CONFERENCE REPORT ON H.R. 2; NATIONAL VOTER REGISTRATION ACT,Passed,4,166,0,6,248,2,0,5,1,0,0,0,253,168,0,11
153,D,103,H R 2,5-May-1993,5:01 PM,On Motion to Recommit with Instructions,NATIONAL VOTER REGISTRATION ACT,Failed,167,3,0,6,3,249,0,3,0,1,0,0,170,253,0,9
154,D,103,H R 2,5-May-1993,5:11 PM,On Agreeing to the Conference Report,NATIONAL VOTER REGISTRATION ACT,Passed,20,150,0,6,238,14,0,3,1,0,0,0,259,164,0,9
155,D,103,QUORUM 155,6-May-1993,1:36 PM,Call in Committee,None,Passed,0,0,163,13,0,0,247,13,0,0,1,0,0,0,411,26
156,D,103,H R 820,6-May-1993,2:05 PM,On Agreeing to the Amendment,None,Failed,169,1,0,6,32,219,0,9,0,1,0,0,201,221,0,15
157,D,103,H R 820,6-May-1993,2:55 PM,On Agreeing to the Amendment,None,Failed,165,5,0,6,5,242,0,13,0,1,0,0,170,248,0,19
158,D,103,H R 873,11-May-1993,3:41 PM,"SUSPEND THE RULES AND PASS, AS AMENDED",GALLATIN RANGE CONSOLIDATION AND PROTECTION ACT OF 1993,Failed,33,131,0,12,228,9,0,18,1,0,0,0,262,140,0,30
159,D,103,H R 820,12-May-1993,4:16 PM,On Agreeing to the Amendment,None,Failed,171,2,0,3,9,236,0,15,0,1,0,0,180,239,0,18
160,D,103,H R 820,12-May-1993,5:02 PM,On Agreeing to the Amendment,None,Failed,172,1,0,3,8,235,0,17,0,1,0,0,180,237,0,20
161,D,103,H R 820,12-May-1993,5:51 PM,On Agreeing to the Amendment,None,Failed,170,2,0,4,24,221,0,15,0,1,0,0,194,224,0,19
162,D,103,H R 820,13-May-1993,12:11 PM,On Agreeing to the Amendment,None,Failed,162,5,0,9,19,225,0,16,0,1,0,0,181,231,0,25
163,D,103,H R 820,13-May-1993,1:03 PM,On Agreeing to the Amendment,None,Failed,167,2,0,7,9,231,0,20,0,1,0,0,176,234,0,27
164,D,103,QUORUM 164,19-May-1993,1:40 PM,Call in Committee,None,Passed,0,0,166,10,0,0,227,33,0,0,1,0,0,0,394,43
165,D,103,H R 820,19-May-1993,1:52 PM,On Agreeing to the Amendment,None,Failed,167,1,0,8,20,220,0,20,0,1,0,0,187,222,0,28
166,D,103,H R 820,19-May-1993,2:34 PM,On Agreeing to the Amendment,None,Failed,168,3,0,5,31,213,0,16,0,1,0,0,199,217,0,21
167,D,103,H R 820,19-May-1993,3:01 PM,On Agreeing to the Amendment,None,Failed,172,1,0,3,36,211,0,13,0,1,0,0,208,213,0,16
168,D,103,H R 820,19-May-1993,4:03 PM,On Agreeing to the Amendment,None,Failed,172,1,0,3,31,223,0,6,0,1,0,0,203,225,0,9
169,D,103,H R 820,19-May-1993,4:50 PM,On Agreeing to the Amendment,None,Failed,170,0,0,6,22,227,0,11,0,1,0,0,192,228,0,17
170,D,103,H R 820,19-May-1993,5:42 PM,On Agreeing to the Amendment,None,Failed,171,0,0,5,17,233,0,10,0,1,0,0,188,234,0,15
171,D,103,H R 820,19-May-1993,6:29 PM,On Agreeing to the Amendment,None,Agreed to,168,3,0,5,95,152,0,13,0,1,0,0,263,156,0,18
172,D,103,H R 820,19-May-1993,6:49 PM,On Agreeing to the Amendment,None,Agreed to,167,3,0,6,121,123,0,11,0,1,0,0,288,127,0,17
173,D,103,H R 820,19-May-1993,7:08 PM,On Passage,NATIONAL COMPETITIVENESS ACT OF 1993,Passed,12,158,0,6,230,9,7,9,1,0,0,0,243,167,7,15
174,D,103,H R 873,20-May-1993,2:00 PM,On Motion to Recommit with Instructions,GALLATIN RANGE CONSOLIDATION AND PROTECTION ACT OF 1993,Failed,127,45,0,4,1,242,0,12,0,0,0,1,128,287,0,17
175,D,103,H R 873,20-May-1993,2:18 PM,On Passage,GALLATIN RANGE CONSOLIDATION AND PROTECTION ACT OF 1993,Passed,78,94,0,4,238,7,0,10,1,0,0,0,317,101,0,14
176,D,103,H RES 172,24-May-1993,4:38 PM,On Agreeing to the Resolution,PROVIDING FOR THE CONSIDERATION OF H.R. 1159; PASSENGER VESSEL SAFETY REGULATIONS,Passed,128,0,0,48,180,0,0,75,0,0,0,1,308,0,0,124
177,D,103,H R 588,24-May-1993,4:47 PM,On Motion to Suspend the Rules and Pass,TO DESIGNATE THE ABE MURDOCK POST OFFICE BUILDING,Passed,128,2,0,46,178,1,0,76,0,0,0,1,306,3,0,123
178,D,103,S 1,25-May-1993,2:20 PM,On Agreeing to the Conference Report,NATIONAL INSTITUTES OF HEALTH AUTHORIZATION,Passed,59,114,0,3,230,16,0,9,1,0,0,0,290,130,0,12
179,D,103,S J RES 45,25-May-1993,4:02 PM,On Agreeing to the Amendment,None,Failed,169,5,0,2,10,242,0,8,0,1,0,0,179,248,0,10
180,D,103,S J RES 45,25-May-1993,5:02 PM,On Agreeing to the Amendment,None,Failed,124,48,0,4,3,250,0,7,0,1,0,0,127,299,0,11
181,D,103,S J RES 45,25-May-1993,5:33 PM,On Agreeing to the Amendment,None,Agreed to,173,0,0,3,251,0,0,9,1,0,0,0,425,0,0,12
182,D,103,S J RES 45,25-May-1993,5:53 PM,On Agreeing to the Amendment,None,Agreed to,173,0,0,3,245,0,0,10,1,0,0,0,419,0,0,13
183,D,103,S J RES 45,25-May-1993,6:11 PM,On Passage,AUTHORIZING U.S. FORCES IN SOMALIA,Passed,3,170,0,3,239,9,0,7,1,0,0,0,243,179,0,10
184,D,103,MOTION,26-May-1993,11:23 AM,On Approving the Journal,None,Passed,17,147,2,10,238,6,0,11,0,0,0,1,255,153,2,22
185,D,103,H RES 183,26-May-1993,1:18 PM,On Agreeing to the Resolution,PROVIDING FOR THE CONSIDERATION OF H.R. 2244 AND WAIVING POINTS OF ORDER AGAINST H.R. 2118,Passed,1,171,0,4,249,3,0,3,1,0,0,0,251,174,0,7
186,D,103,H R 2118,26-May-1993,4:23 PM,On Agreeing to the Amendment,None,Failed,46,128,0,2,141,116,0,3,1,0,0,0,188,244,0,5
187,D,103,H R 2118,26-May-1993,5:34 PM,On Agreeing to the Amendment,None,Failed,165,9,0,2,0,257,0,3,0,1,0,0,165,267,0,5
188,D,103,H R 2118,26-May-1993,5:59 PM,On Passage,"SUPPLEMENTAL APPROPRIATIONS, FY 1993",Passed,98,76,0,2,202,48,0,5,0,1,0,0,300,125,0,7
189,D,103,H R 2244,26-May-1993,8:24 PM,ON AGREEING TO THE AMENDMENTS,None,Failed,167,4,0,5,9,246,0,5,0,1,0,0,176,251,0,10
190,D,103,H R 2244,26-May-1993,9:35 PM,ON AGREEING TO THE AMENDMENTS,None,Failed,155,16,0,5,20,229,0,11,0,1,0,0,175,246,0,16
191,D,103,H R 2244,26-May-1993,10:19 PM,On Agreeing to the Amendment,None,Failed,164,10,0,2,45,207,0,9,0,1,0,0,209,218,0,11
192,D,103,H R 2244,26-May-1993,11:16 PM,On Agreeing to the Amendment,None,Failed,143,31,0,2,7,247,0,6,0,1,0,0,150,279,0,8
193,D,103,H R 2244,26-May-1993,11:37 PM,On Passage,"SECOND SUPPLEMENTAL APPROPRIATIONS, FY 1993",Passed,38,136,0,2,248,4,0,3,1,0,0,0,287,140,0,5
194,D,103,MOTION,27-May-1993,11:24 AM,On Approving the Journal,None,Passed,15,155,1,5,229,5,0,21,0,0,0,1,244,160,1,27
195,D,103,H RES 186,27-May-1993,3:26 PM,On Ordering the Previous Question,PROVIDNG FOR THE CONSIDERATION OF H.R. 2264; OMNIBUS BUDGET RECONCILIATION ACT OF 1993,Passed,0,175,0,1,251,3,0,1,1,0,0,0,252,178,0,2
196,D,103,H RES 186,27-May-1993,3:42 PM,On Agreeing to the Resolution,PROVIDNG FOR THE CONSIDERATION OF H.R. 2264; OMNIBUS BUDGET RECONCILIATION ACT OF 1993,Passed,0,175,0,1,235,19,0,1,1,0,0,0,236,194,0,2
197,D,103,QUORUM 197,27-May-1993,8:05 PM,Call in Committee,None,Passed,0,0,172,4,0,0,250,11,0,0,1,0,0,0,423,15
198,D,103,H R 2264,27-May-1993,8:41 PM,On Agreeing to the Amendment,None,Failed,132,40,0,4,6,254,0,1,0,1,0,0,138,295,0,5
199,D,103,H R 2264,27-May-1993,8:59 PM,On Passage,OMNIBUS BUDGET RECONCILIATION ACT OF 1993,Passed,0,175,0,1,218,38,0,0,1,0,0,0,219,213,0,1
200,D,103,MOTION,8-Jun-1993,2:17 PM,On Approving the Journal,None,Passed,20,138,1,17,219,6,0,30,1,0,0,0,240,144,1,47
201,D,103,MOTION,9-Jun-1993,12:27 PM,On Approving the Journal,None,Passed,23,139,0,14,232,5,0,19,1,0,0,0,256,144,0,33
202,D,103,H R 1159,9-Jun-1993,1:51 PM,On Passage,PASSENGER VESSEL SAFETY REGULATIONS,Passed,165,3,0,8,243,1,0,12,1,0,0,0,409,4,0,20
203,D,103,MOTION,10-Jun-1993,10:26 AM,On Approving the Journal,None,Passed,18,139,0,19,221,7,0,28,1,0,0,0,240,146,0,47
204,D,103,H RES 192,10-Jun-1993,12:08 PM,On Ordering the Previous Question,PROVIDING FOR CONSIDERATION OF H.R. 2348; LEGISLATIVE BRANCH APPROPRIATIONS FOR FY 1994,Passed,0,172,0,4,239,5,0,12,1,0,0,0,240,177,0,16
205,D,103,H RES 192,10-Jun-1993,12:26 PM,On Agreeing to the Resolution,PROVIDING FOR CONSIDERATION OF H.R. 2348; LEGISLATIVE BRANCH APPROPRIATIONS FOR FY 1994,Passed,0,168,0,8,225,17,0,14,1,0,0,0,226,185,0,22
206,D,103,ADJOURN,10-Jun-1993,12:47 PM,ON MOTION TO ADJOURN,None,Failed,31,131,0,14,0,229,0,27,0,1,0,0,31,361,0,41
207,D,103,QUORUM 207,10-Jun-1993,2:39 PM,Call in Committee,None,Passed,0,0,171,5,0,0,242,19,0,0,1,0,0,0,414,24
208,D,103,H R 2348,10-Jun-1993,2:49 PM,On Agreeing to the Amendment,None,Agreed to,166,0,6,4,248,2,0,11,1,0,0,0,415,2,6,15
209,D,103,H R 2348,10-Jun-1993,3:44 PM,On Agreeing to the Amendment,None,Agreed to,171,0,0,5,246,4,0,11,1,0,0,0,418,4,0,16
210,D,103,H R 2348,10-Jun-1993,4:27 PM,On Agreeing to the Amendment,None,Agreed to,170,1,0,5,212,35,0,14,1,0,0,0,383,36,0,19
211,D,103,H R 2348,10-Jun-1993,5:50 PM,On Agreeing to the Amendment,None,Agreed to,159,12,0,5,180,64,0,17,1,0,0,0,340,76,0,22
212,D,103,H R 2348,10-Jun-1993,6:12 PM,On Agreeing to the Amendment,None,Agreed to,166,0,0,10,231,3,0,22,1,0,0,0,398,3,0,32
213,D,103,H R 2348,10-Jun-1993,6:19 PM,On Agreeing to the Amendment,None,Agreed to,165,0,0,11,222,12,0,22,1,0,0,0,388,12,0,33
214,D,103,H R 2348,10-Jun-1993,6:26 PM,On Agreeing to the Amendment,None,Agreed to,167,1,0,8,204,30,0,22,1,0,0,0,372,31,0,30
215,D,103,H R 2348,10-Jun-1993,6:34 PM,On Agreeing to the Amendment,None,Agreed to,154,11,0,11,177,60,0,19,1,0,0,0,332,71,0,30
216,D,103,H R 2348,10-Jun-1993,7:00 PM,On Motion to Recommit with Instructions,LEGISLATIVE BRANCH APPROPRIATIONS FOR FY 1994,Failed,168,0,0,8,34,208,0,15,0,1,0,0,202,209,0,23
217,D,103,H R 2348,10-Jun-1993,7:19 PM,On Passage,LEGISLATIVE BRANCH APPROPRIATIONS FOR FY 1994,Passed,6,163,0,7,217,24,0,15,1,0,0,0,224,187,0,22
218,D,103,H R 2201,14-Jun-1993,3:38 PM,SUSPEND THE RULES AND PASS,INJURY PREVENTION AND CONTROL AMENDMENTS OF 1993,Passed,98,57,0,21,206,4,0,46,1,0,0,0,305,61,0,67
219,D,103,H R 2202,14-Jun-1993,3:53 PM,"SUSPEND THE RULES AND PASS, AS AMENDED",BREAST AND CERVICAL CANCER AMENDMENTS OF 1993,Passed,151,2,0,23,213,0,0,43,1,0,0,0,365,2,0,66
220,D,103,MOTION,15-Jun-1993,11:26 AM,On Approving the Journal,None,Passed,19,145,0,12,217,6,0,33,1,0,0,0,237,151,0,45
221,D,103,H RES 195,15-Jun-1993,1:21 PM,On Agreeing to the Resolution,PROVIDING FOR CONSIDERATION OF H.R. 5; CESAR CHAVEZ WORKPLACE FAIRNESS ACT,Passed,0,171,0,5,243,5,0,8,1,0,0,0,244,176,0,13
222,D,103,H R 5,15-Jun-1993,4:42 PM,On Agreeing to the Amendment,None,Failed,41,132,0,3,53,206,0,2,0,1,0,0,94,339,0,5
223,D,103,H R 5,15-Jun-1993,5:44 PM,On Agreeing to the Amendment,None,Failed,55,118,0,3,3,254,0,4,0,1,0,0,58,373,0,7
224,D,103,H R 5,15-Jun-1993,6:04 PM,On Passage,CESAR CHAVEZ WORKPLACE FAIRNESS ACT,Passed,17,157,0,2,221,33,0,2,1,0,0,0,239,190,0,4
225,D,103,MOTION,16-Jun-1993,10:22 AM,On Approving the Journal,None,Passed,19,143,0,14,226,6,1,23,1,0,0,0,246,149,1,37
226,D,103,H RES 197,16-Jun-1993,12:37 PM,On Agreeing to the Resolution,PROVIDING FOR FURTHER CONSIDERATION OF H.R. 2333; STATE DEPARTMENT AUTHORIZATION FOR FY 1994 AND 1995; AND H.R. 2404; FOREIGN ASSISTANCE AUTHORIZATION,Passed,73,98,0,5,220,31,0,6,1,0,0,0,294,129,0,11
227,D,103,H R 2404,16-Jun-1993,2:06 PM,ON AGREEING TO THE AMENDMENT,None,Agreed to,3,171,0,2,242,15,0,5,1,0,0,0,246,186,0,7
228,D,103,H R 2404,16-Jun-1993,2:16 PM,On Agreeing to the Amendment,None,Agreed to,169,1,0,6,251,1,0,10,1,0,0,0,421,2,0,16
229,D,103,H R 2404,16-Jun-1993,3:28 PM,On Agreeing to the Amendment,None,Failed,91,83,0,2,27,233,0,2,0,1,0,0,118,317,0,4
230,D,103,H R 2404,16-Jun-1993,4:28 PM,On Agreeing to the Amendment,None,Failed,121,53,0,2,80,179,0,3,0,1,0,0,201,233,0,5
231,D,103,H R 2404,16-Jun-1993,5:02 PM,On Agreeing to the Amendment,None,Agreed to,175,0,0,1,250,0,0,7,1,0,0,0,426,0,0,8
232,D,103,H R 2333,16-Jun-1993,6:36 PM,On Agreeing to the Amendment,None,Failed,139,32,0,5,52,203,0,7,0,1,0,0,191,236,0,12
233,D,103,H RES 200,17-Jun-1993,11:33 AM,On Agreeing to the Resolution,PROVIDING FOR CONSIDERATION OF H.R. 2295; FOREIGN OPERATIONS APPROPRIATION FOR FY 1994,Passed,15,157,0,4,247,3,0,7,1,0,0,0,263,160,0,11
234,D,103,QUORUM 234,17-Jun-1993,12:46 PM,Call in Committee,None,Passed,0,0,167,9,0,0,247,15,0,0,1,0,0,0,415,24
235,D,103,H R 2295,17-Jun-1993,12:55 PM,On Agreeing to the Amendment,None,Agreed to,168,0,0,8,254,0,0,8,1,0,0,0,423,0,0,16
236,D,103,H R 2295,17-Jun-1993,1:53 PM,On Agreeing to the Amendment,None,Agreed to,172,0,0,4,252,0,0,10,1,0,0,0,425,0,0,14
237,D,103,H R 2295,17-Jun-1993,3:40 PM,On Agreeing to the Amendment,None,Failed,93,79,0,4,46,210,0,6,1,0,0,0,140,289,0,10
238,D,103,H R 2295,17-Jun-1993,4:39 PM,On Agreeing to the Amendment,None,Failed,148,23,0,5,61,193,0,8,1,0,0,0,210,216,0,13
239,D,103,H R 2295,17-Jun-1993,4:57 PM,ON AGREEING TO THE AMENDMENT,None,Agreed to,168,0,0,8,249,0,0,8,1,0,0,0,418,0,0,16
240,D,103,H R 2295,17-Jun-1993,5:19 PM,On Passage,FOREIGN OPERATIONS APPROPRIATION FOR FY 1994,Passed,107,63,0,6,202,47,0,8,0,1,0,0,309,111,0,14
241,D,103,H R 2403,18-Jun-1993,11:14 AM,On Agreeing to the Amendment,None,Agreed to,119,45,0,12,179,59,0,24,0,0,0,1,298,104,0,37
242,D,103,H R 2403,18-Jun-1993,11:51 AM,On Agreeing to the Amendment,None,Agreed to,141,24,0,11,192,41,0,29,0,0,0,1,333,65,0,41
243,D,103,H R 2403,18-Jun-1993,12:48 PM,On Agreeing to the Amendment,None,Failed,166,1,0,9,3,233,0,26,0,0,0,1,169,234,0,36
244,D,103,H R 2403,18-Jun-1993,1:33 PM,On Agreeing to the Amendment,None,Failed,162,3,0,11,9,219,0,34,0,0,0,1,171,222,0,46
245,D,103,H R 2403,18-Jun-1993,2:11 PM,On Agreeing to the Amendment,None,Agreed to,154,10,0,12,185,40,0,37,0,0,0,1,339,50,0,50
246,D,103,H R 2403,18-Jun-1993,3:05 PM,On Agreeing to the Amendment,None,Agreed to,113,41,0,22,134,86,1,41,0,0,0,1,247,127,1,64
247,D,103,H R 1876,22-Jun-1993,2:19 PM,On Passage,EXTENSION OF FAST TRACK NEGOTIATION AUTHORITY,Passed,150,23,0,3,145,102,0,10,0,1,0,0,295,126,0,13
248,D,103,H R 2333,22-Jun-1993,2:53 PM,On Agreeing to the Amendment,None,Failed,148,25,0,3,36,209,0,17,0,1,0,0,184,235,0,20
249,D,103,H R 2333,22-Jun-1993,3:46 PM,On Agreeing to the Amendment,None,Agreed to,112,62,0,2,130,119,1,12,1,0,0,0,243,181,1,14
250,D,103,H R 2333,22-Jun-1993,4:14 PM,On Agreeing to the Amendment,None,Agreed to,173,1,0,2,244,2,0,11,1,0,0,0,418,3,0,13
251,D,103,H R 2333,22-Jun-1993,4:25 PM,On Agreeing to the Amendment,None,Agreed to,115,59,0,2,131,113,1,12,1,0,0,0,247,172,1,14
252,D,103,H R 2333,22-Jun-1993,4:50 PM,On Passage,STATE DEPARTMENT AUTHORIZATION,Passed,41,129,0,6,231,15,0,11,1,0,0,0,273,144,0,17
253,D,103,H R 2403,22-Jun-1993,5:48 PM,On Agreeing to the Amendment,None,Failed,84,86,0,6,75,172,0,15,1,0,0,0,160,258,0,21
254,D,103,H R 2403,22-Jun-1993,6:41 PM,ON MOTION THAT THE COMMITTEE RISE AND REPORT,"TREASURY, POSTAL APPROPRIATIONS FOR FY 1994",Passed,0,169,0,7,240,2,0,20,1,0,0,0,241,171,0,27
255,D,103,H R 2403,22-Jun-1993,7:02 PM,On Agreeing to the Amendment,None,Agreed to,154,18,0,4,198,44,0,15,1,0,0,0,353,62,0,19
256,D,103,H R 2403,22-Jun-1993,7:10 PM,On Agreeing to the Amendment,None,Agreed to,113,57,0,6,156,83,0,18,0,1,0,0,269,141,0,24
257,D,103,H R 2403,22-Jun-1993,7:16 PM,On Agreeing to the Amendment,None,Agreed to,163,8,0,5,198,41,0,18,0,1,0,0,361,50,0,23
258,D,103,H R 2403,22-Jun-1993,7:23 PM,On Agreeing to the Amendment,None,Agreed to,136,35,0,5,161,80,0,16,1,0,0,0,298,115,0,21
259,D,103,H R 2403,22-Jun-1993,7:49 PM,On Motion to Recommit with Instructions,"TREASURY, POSTAL APPROPRIATIONS FOR FY 1994",Failed,167,3,0,6,13,231,0,13,0,1,0,0,180,235,0,19
260,D,103,H R 2403,22-Jun-1993,7:57 PM,On Passage,"TREASURY, POSTAL APPROPRIATIONS FOR FY 1994",Passed,35,135,0,6,227,18,0,12,1,0,0,0,263,153,0,18
261,D,103,H R 2446,23-Jun-1993,11:27 AM,On Passage,MILITARY CONSTRUCTION APPROPRIATIONS FOR FY 1994,Passed,123,49,0,4,223,18,0,16,1,0,0,0,347,67,0,20
262,D,103,H R 2200,23-Jun-1993,12:09 PM,On Agreeing to the Amendment,None,Agreed to,172,1,0,3,238,10,0,14,1,0,0,0,411,11,0,17
263,D,103,H R 2200,23-Jun-1993,4:05 PM,On Agreeing to the Amendment,None,Failed,61,112,0,3,153,104,0,5,1,0,0,0,215,216,0,8
264,D,103,H R 2445,24-Jun-1993,11:05 AM,On Agreeing to the Amendment,None,Failed,90,81,0,5,10,242,0,10,0,1,0,0,100,324,0,15
265,D,103,H R 2445,24-Jun-1993,12:06 PM,On Agreeing to the Amendment,None,Failed,87,86,0,3,9,242,0,11,0,1,0,0,96,329,0,14
266,D,103,H R 2445,24-Jun-1993,12:56 PM,On Agreeing to the Amendment,None,Failed,118,50,0,8,17,236,0,9,0,1,0,0,135,287,0,17
267,D,103,H R 2445,24-Jun-1993,2:20 PM,On Agreeing to the Amendment,None,Agreed to,76,97,0,3,190,65,0,7,1,0,0,0,267,162,0,10
268,D,103,H R 2445,24-Jun-1993,3:16 PM,On Agreeing to the Amendment,None,Agreed to,112,62,0,2,220,36,0,6,1,0,0,0,333,98,0,8
269,D,103,H R 2445,24-Jun-1993,5:09 PM,On Agreeing to the Amendment,None,Agreed to,108,65,0,3,171,85,0,6,1,0,0,0,280,150,0,9
270,D,103,H R 2445,24-Jun-1993,5:42 PM,On Agreeing to the Amendment,None,Agreed to,76,93,0,7,195,53,0,9,1,0,0,0,272,146,0,16
271,D,103,H R 2445,24-Jun-1993,5:51 PM,On Agreeing to the Amendment,None,Agreed to,108,60,0,8,220,31,0,6,1,0,0,0,329,91,0,14
272,D,103,H R 2445,24-Jun-1993,5:59 PM,On Agreeing to the Amendment,None,Agreed to,107,62,0,7,172,79,0,6,1,0,0,0,280,141,0,13
273,D,103,H R 2445,24-Jun-1993,6:18 PM,On Passage,ENERGY AND WATER DEVELOPMENT APPROPRIATIONS,Passed,101,69,0,6,248,4,0,5,1,0,0,0,350,73,0,11
274,D,103,H RES 208,28-Jun-1993,1:28 PM,On Agreeing to the Resolution,"WAIVING CERTAIN POINTS OF ORDER AGAINST H.R. 2491: VA, HUD, APPROPRIATIONS FOR F.Y. 1994",Passed,23,123,0,30,183,9,0,65,0,0,0,1,206,132,0,96
275,D,103,QUORUM 275,28-Jun-1993,3:05 PM,Call in Committee,None,Passed,0,0,159,17,0,0,221,41,0,0,1,0,0,0,381,58
276,D,103,H R 2491,28-Jun-1993,3:15 PM,On Agreeing to the Amendment,None,Failed,132,31,0,13,22,205,0,35,0,1,0,0,154,237,0,48
277,D,103,H R 2491,28-Jun-1993,3:45 PM,On Agreeing to the Amendment,None,Agreed to,146,17,0,13,56,176,0,30,0,1,0,0,202,194,0,43
278,D,103,H R 2491,28-Jun-1993,5:07 PM,On Agreeing to the Amendment,None,Failed,131,35,0,10,71,171,0,20,0,1,0,0,202,207,0,30
279,D,103,H R 2491,28-Jun-1993,5:37 PM,On Agreeing to the Amendment,None,Agreed to,159,9,0,8,61,184,0,17,0,1,0,0,220,194,0,25
280,D,103,H R 2491,28-Jun-1993,7:07 PM,On Agreeing to the Amendment,None,Agreed to,161,5,0,10,53,193,0,16,0,1,0,0,214,199,0,26
281,D,103,H R 2491,28-Jun-1993,10:37 PM,On Agreeing to the Amendment,None,Failed,55,112,0,9,140,108,0,14,1,0,0,0,196,220,0,23
282,D,103,H R 2491,28-Jun-1993,10:45 PM,On Agreeing to the Amendment,None,Agreed to,162,5,0,9,105,143,0,14,0,1,0,0,267,149,0,23
283,D,103,H R 2491,28-Jun-1993,11:27 PM,On Agreeing to the Amendment,None,Failed,156,13,0,7,20,226,0,16,0,1,0,0,176,240,0,23
284,D,103,H R 2491,29-Jun-1993,11:29 AM,On Agreeing to the Amendment,None,Failed,140,29,0,7,30,214,0,13,0,1,0,0,170,244,0,20
285,D,103,H R 2491,29-Jun-1993,11:38 AM,On Agreeing to the Amendment,None,Failed,162,6,0,8,36,207,0,14,0,1,0,0,198,214,0,22
286,D,103,H R 2491,29-Jun-1993,11:48 AM,On Agreeing to the Amendment,None,Agreed to,165,4,0,7,51,199,0,7,0,1,0,0,216,204,0,14
287,D,103,H R 2491,29-Jun-1993,11:56 AM,On Agreeing to the Amendment,None,Agreed to,164,4,0,8,87,166,0,4,0,1,0,0,251,171,0,12
288,D,103,H R 2491,29-Jun-1993,12:05 PM,On Agreeing to the Amendment,None,Agreed to,162,7,0,7,216,36,0,5,1,0,0,0,379,43,0,12
289,D,103,H R 2491,29-Jun-1993,12:32 PM,On Motion to Recommit with Instructions,"VA, HUD APPROPRIATIONS FOR F.Y. 1994",Failed,158,13,0,5,20,230,0,7,0,1,0,0,178,244,0,12
290,D,103,H R 2491,29-Jun-1993,12:41 PM,On Passage,"VA, HUD APPROPRIATIONS FOR F.Y. 1994",Passed,76,94,0,6,236,16,0,5,1,0,0,0,313,110,0,11
291,D,103,H R 2493,29-Jun-1993,3:01 PM,On Agreeing to the Amendment,None,Failed,74,98,0,4,14,244,0,4,0,1,0,0,88,343,0,8
292,D,103,H R 2493,29-Jun-1993,4:50 PM,On Agreeing to the Amendment,None,Failed,133,39,0,4,12,248,0,2,0,1,0,0,145,288,0,6
293,D,103,H R 2493,29-Jun-1993,5:46 PM,On Agreeing to the Amendment,None,Failed,85,86,0,5,32,227,0,3,0,1,0,0,117,314,0,8
294,D,103,H R 2493,29-Jun-1993,6:19 PM,On Agreeing to the Amendment,None,Failed,150,21,0,5,28,229,0,5,0,1,0,0,178,251,0,10
295,D,103,H R 2493,29-Jun-1993,7:26 PM,On Agreeing to the Amendment,None,Agreed to,139,31,0,6,152,106,0,4,1,0,0,0,292,137,0,10
296,D,103,H R 2493,29-Jun-1993,9:16 PM,ON AGREEING TO THE AMENDMENT,None,Agreed to,120,51,0,5,209,50,0,3,1,0,0,0,330,101,0,8
297,D,103,H R 2493,29-Jun-1993,9:28 PM,ON AGREEING TO THE AMENDMENT,None,Agreed to,120,51,0,5,216,39,0,7,1,0,0,0,337,90,0,12
298,D,103,H R 2493,29-Jun-1993,9:37 PM,On Agreeing to the Amendment,None,Agreed to,157,14,0,5,248,11,0,3,1,0,0,0,406,25,0,8
299,D,103,H R 2493,29-Jun-1993,10:04 PM,On Agreeing to the Amendment,None,Agreed to,146,25,0,5,152,102,0,3,1,0,0,0,299,127,0,8
300,D,103,H R 2493,29-Jun-1993,10:11 PM,On Agreeing to the Amendment,None,Agreed to,159,12,0,5,243,12,0,2,1,0,0,0,403,24,0,7
301,D,103,H R 2493,29-Jun-1993,10:32 PM,On Motion to Recommit with Instructions,AGRICULTURE APPROPRIATIONS FOR F.Y. 1994,Failed,152,19,0,5,20,235,0,2,0,1,0,0,172,255,0,7
302,D,103,H R 2493,29-Jun-1993,10:39 PM,On Passage,AGRICULTURE APPROPRIATIONS FOR F.Y. 1994,Passed,64,106,0,6,239,13,0,5,1,0,0,0,304,119,0,11
303,D,103,QUORUM 303,30-Jun-1993,1:19 PM,Call in Committee,None,Passed,0,0,171,5,0,0,247,15,0,0,1,0,0,0,419,20
304,D,103,H R 2518,30-Jun-1993,1:37 PM,On Agreeing to the Amendment,None,Failed,55,117,1,3,1,255,0,6,0,1,0,0,56,373,1,9
305,D,103,H R 2518,30-Jun-1993,1:56 PM,On Agreeing to the Amendment,None,Failed,163,9,1,3,32,220,0,10,0,1,0,0,195,230,1,13
306,D,103,H R 2518,30-Jun-1993,2:57 PM,ON MOTION TO RISE AND REPORT,"LABOR, HHS, EDUCATION APPROPRIATIONS FOR F.Y. 1994",Failed,13,160,0,3,176,84,0,3,1,0,0,0,190,244,0,6
307,D,103,H R 2518,30-Jun-1993,3:26 PM,On Agreeing to the Amendment,None,Agreed to,157,16,0,3,98,161,0,4,0,1,0,0,255,178,0,7
308,D,103,H R 2518,30-Jun-1993,3:49 PM,On Agreeing to the Amendment,None,Agreed to,171,0,1,4,226,27,0,4,0,1,0,0,397,28,1,8
309,D,103,H R 2518,30-Jun-1993,4:00 PM,On Agreeing to the Amendment,None,Agreed to,157,16,0,3,99,154,0,5,0,1,0,0,256,171,0,8
310,D,103,H R 2518,30-Jun-1993,4:28 PM,On Motion to Recommit with Instructions,"LABOR, HHS, EDUCATION APPROPRIATIONS FOR F.Y. 1994",Failed,139,34,0,3,19,232,0,6,0,1,0,0,158,267,0,9
311,D,103,H R 2518,30-Jun-1993,4:39 PM,On Passage,"LABOR, HHS, EDUCATION APPROPRIATIONS FOR F.Y. 1994",Passed,67,106,0,3,237,18,0,2,1,0,0,0,305,124,0,5
312,D,103,H R 2492,30-Jun-1993,6:56 PM,On Agreeing to the Amendment,None,Failed,168,5,0,3,32,221,0,9,0,1,0,0,200,227,0,12
313,D,103,H R 2492,30-Jun-1993,7:57 PM,On Agreeing to the Amendment,None,Agreed to,157,14,0,5,94,162,0,6,0,1,0,0,251,177,0,11
314,D,103,H R 2492,30-Jun-1993,9:14 PM,On Agreeing to the Amendment,None,Agreed to,86,87,0,3,183,71,0,8,1,0,0,0,270,158,0,11
315,D,103,H R 2492,30-Jun-1993,9:34 PM,On Agreeing to the Amendment,None,Agreed to,158,14,0,4,95,152,0,10,0,1,0,0,253,167,0,14
316,D,103,H R 2492,30-Jun-1993,9:43 PM,On Agreeing to the Amendment,None,Agreed to,88,84,0,4,177,70,0,10,1,0,0,0,266,154,0,14
317,D,103,H R 2492,30-Jun-1993,10:02 PM,On Passage,"DISTRICT OF COLUMBIA APPROPRIATIONS, FY 1994",Passed,12,161,0,3,200,50,0,7,1,0,0,0,213,211,0,10
318,D,103,H R 2519,1-Jul-1993,1:04 PM,On Agreeing to the Amendment,None,Agreed to,153,17,0,6,111,147,0,4,1,0,0,0,265,164,0,10
319,D,103,H RES 216,1-Jul-1993,3:39 PM,On Ordering the Previous Question,WAIVING POINTS OF ORDER AGAINST THE CONFERENCE REPORT FOR H.R. 2118; MAKING SUPPLEMENTAL APPROPRIATIONS FOR FY 1993,Passed,0,170,0,6,249,2,0,6,1,0,0,0,250,172,0,12
320,D,103,H RES 216,1-Jul-1993,3:48 PM,On Agreeing to the Resolution,WAIVING POINTS OF ORDER AGAINST THE CONFERENCE REPORT FOR H.R. 2118; MAKING SUPPLEMENTAL APPROPRIATIONS FOR FY 1993,Passed,0,166,0,10,242,4,0,11,1,0,0,0,243,170,0,21
321,D,103,H R 2118,1-Jul-1993,4:43 PM,On Agreeing to the Conference Report,"SUPPLEMENTAL APPROPRIATIONS, FY 1993",Passed,38,132,0,6,241,6,0,10,1,0,0,0,280,138,0,16
322,D,103,H RES 215,13-Jul-1993,2:12 PM,On Agreeing to the Resolution,PROVIDING FOR CONSIDERATION OF H.R. 2010; NATIONAL SERVICE TRUST ACT,Passed,3,159,0,14,235,0,0,22,1,0,0,0,239,159,0,36
323,D,103,H R 2520,14-Jul-1993,1:40 PM,On Agreeing to the Amendment,None,Failed,75,95,0,6,89,166,0,7,0,1,0,0,164,262,0,13
324,D,103,H R 2520,14-Jul-1993,2:36 PM,On Agreeing to the Amendment,None,Failed,98,75,0,3,18,239,0,5,0,1,0,0,116,315,0,8
325,D,103,H R 2520,14-Jul-1993,3:38 PM,On Agreeing to the Amendment,None,Agreed to,149,24,0,3,245,13,0,4,1,0,0,0,395,37,0,7
326,D,103,H R 2520,14-Jul-1993,5:06 PM,On Agreeing to the Amendment,None,Failed,90,83,0,3,15,238,0,9,0,1,0,0,105,322,0,12
327,D,103,H R 2264,14-Jul-1993,7:00 PM,PREVIOUS QUESTION ON MOTION TO INSTRUCT CONFEREES,OMNIBUS BUDGET RECONCILIATION ACT OF 1993,Failed,171,0,0,5,13,237,0,7,0,1,0,0,184,238,0,12
328,D,103,H R 2264,14-Jul-1993,7:25 PM,SUBSTITUTE FOR THE MOTION TO INSTRUCT CONFEREES,OMNIBUS BUDGET RECONCILIATION ACT OF 1993,Passed,0,170,0,6,234,13,0,10,1,0,0,0,235,183,0,16
329,D,103,H R 2264,14-Jul-1993,7:43 PM,"ON MOTION TO INSTRUCT CONFEREES, AS AMENDED",OMNIBUS BUDGET RECONCILIATION ACT OF 1993,Passed,169,0,0,7,245,0,0,12,1,0,0,0,415,0,0,19
330,D,103,H R 2520,15-Jul-1993,11:34 AM,On Agreeing to the Amendment,None,Agreed to,162,10,0,4,78,173,0,11,0,1,0,0,240,184,0,15
331,D,103,H R 2520,15-Jul-1993,1:03 PM,On Agreeing to the Amendment,None,Agreed to,129,40,0,7,146,104,0,12,1,0,0,0,276,144,0,19
332,D,103,H R 2520,15-Jul-1993,2:02 PM,On Agreeing to the Amendment,None,Failed,68,105,0,3,123,124,0,15,1,0,0,0,192,229,0,18
333,D,103,H R 2520,15-Jul-1993,3:11 PM,On Agreeing to the Amendment,None,Failed,161,11,0,4,32,218,0,12,0,1,0,0,193,230,0,16
334,D,103,H R 2520,15-Jul-1993,4:14 PM,On Agreeing to the Amendment,None,Failed,158,14,0,4,16,231,0,15,0,1,0,0,174,246,0,19
335,D,103,H R 2520,15-Jul-1993,4:51 PM,ON MOTION TO RISE AND REPORT,INTERIOR APPROPRIATIONS FOR F.Y. 1994,Passed,1,170,0,5,241,7,0,14,1,0,0,0,243,177,0,19
336,D,103,H R 2520,15-Jul-1993,5:14 PM,On Agreeing to the Amendment,None,Agreed to,149,22,0,5,230,15,0,12,1,0,0,0,380,37,0,17
337,D,103,H R 2520,15-Jul-1993,5:24 PM,On Agreeing to the Amendment,None,Agreed to,134,37,0,5,143,100,0,14,1,0,0,0,278,137,0,19
338,D,103,H R 2520,15-Jul-1993,5:30 PM,On Agreeing to the Amendment,None,Agreed to,163,9,0,4,81,164,0,12,0,1,0,0,244,174,0,16
339,D,103,H R 2520,15-Jul-1993,5:50 PM,On Passage,INTERIOR APPROPRIATIONS FOR F.Y. 1994,Passed,50,121,0,5,227,17,0,13,1,0,0,0,278,138,0,18
340,D,103,H R 2519,20-Jul-1993,1:57 PM,On Agreeing to the Amendment,None,Failed,116,55,0,5,6,244,0,12,0,1,0,0,122,300,0,17
341,D,103,H R 2519,20-Jul-1993,2:50 PM,On Agreeing to the Amendment,None,Failed,25,148,0,3,132,115,0,15,1,0,0,0,158,263,0,18
342,D,103,H R 2519,20-Jul-1993,5:05 PM,On Agreeing to the Amendment,None,Agreed to,162,12,0,2,135,117,0,5,1,0,0,0,298,129,0,7
343,D,103,H R 2519,20-Jul-1993,5:15 PM,On Agreeing to the Amendment,None,Failed,59,114,0,3,11,241,0,5,0,1,0,0,70,356,0,8
344,D,103,H R 2519,20-Jul-1993,5:23 PM,On Agreeing to the Amendment,None,Failed,143,29,0,4,40,212,0,5,0,1,0,0,183,242,0,9
345,D,103,H R 2519,20-Jul-1993,5:52 PM,On Motion to Recommit with Instructions,"COMMERCE, JUSTICE AND STATE APPROPRIATIONS FOR FY 1994",Failed,107,67,0,2,5,247,0,5,0,1,0,0,112,315,0,7
346,D,103,H R 2519,20-Jul-1993,6:01 PM,On Passage,"COMMERCE, JUSTICE AND STATE APPROPRIATIONS FOR FY 1994",Passed,82,92,0,2,244,6,0,7,1,0,0,0,327,98,0,9
347,D,103,H J RES 208,21-Jul-1993,12:37 PM,On Passage,DISAPPROVING MFN FOR CHINA,Failed,63,108,0,5,41,210,0,6,1,0,0,0,105,318,0,11
348,D,103,H RES 217,21-Jul-1993,12:56 PM,On Agreeing to the Resolution,PROVIDING FOR THE FURTHER CONSIDERATION OF H.R. 2010,Passed,11,161,0,4,249,3,0,5,1,0,0,0,261,164,0,9
349,D,103,H R 2010,21-Jul-1993,2:56 PM,On Agreeing to the Amendment,None,Failed,147,23,0,6,9,246,0,7,0,1,0,0,156,270,0,13
350,D,103,H R 2010,21-Jul-1993,3:56 PM,On Agreeing to the Amendment,None,Failed,143,30,0,3,10,245,0,7,0,1,0,0,153,276,0,10
351,D,103,H R 2010,21-Jul-1993,4:55 PM,On Agreeing to the Amendment,None,Failed,164,10,0,2,20,236,0,6,0,1,0,0,184,247,0,8
352,D,103,H R 2010,21-Jul-1993,5:45 PM,On Agreeing to the Amendment,None,Agreed to,172,1,0,3,87,169,0,6,0,1,0,0,259,171,0,9
353,D,103,MOTION,22-Jul-1993,10:22 AM,On Approving the Journal,None,Passed,20,146,0,10,229,5,3,20,1,0,0,0,250,151,3,30
354,D,103,H RES 220,22-Jul-1993,12:27 PM,On Ordering the Previous Question,PROVIDING FOR CONSIDERATION OF H.R. 2667; DISASTER SUPPLEMENTAL APPROPRIATIONS,Passed,0,173,0,3,244,5,0,8,1,0,0,0,245,178,0,11
355,D,103,H RES 220,22-Jul-1993,12:42 PM,On Agreeing to the Resolution,PROVIDING FOR CONSIDERATION OF H.R. 2667; DISASTER SUPPLEMENTAL APPROPRIATIONS,Failed,0,171,0,5,204,45,0,9,1,0,0,0,205,216,0,14
356,D,103,H RES 223,22-Jul-1993,3:20 PM,On Agreeing to the Resolution,REGARDING THE HOUSE POST OFFICE,Passed,1,172,1,2,242,11,0,5,1,0,0,0,244,183,1,7
357,D,103,H RES 222,22-Jul-1993,4:58 PM,ON MOTION TO TABLE,REGARDING THE HOUSE POST OFFICE,Passed,0,173,1,2,241,13,0,3,1,0,0,0,242,186,1,5
358,D,103,ADJOURN,22-Jul-1993,5:26 PM,ON MOTION TO ADJOURN,None,Passed,0,172,0,4,234,18,0,5,1,0,0,0,235,190,0,9
359,D,103,MOTION,23-Jul-1993,10:23 AM,On Approving the Journal,None,Passed,13,153,0,10,219,3,0,35,0,0,0,1,232,156,0,46
360,D,103,H R 2200,23-Jul-1993,12:32 PM,On Agreeing to the Amendment,None,Agreed to,148,21,0,7,127,118,0,17,1,0,0,0,276,139,0,24
361,D,103,H R 2200,23-Jul-1993,1:22 PM,On Agreeing to the Amendment,None,Failed,157,10,0,9,32,215,0,15,0,1,0,0,189,226,0,24
362,D,103,H R 2200,23-Jul-1993,2:09 PM,On Agreeing to the Amendment,None,Failed,157,7,0,12,31,212,0,19,0,1,0,0,188,220,0,31
363,D,103,MOTION,23-Jul-1993,2:55 PM,ADJOURN FROM FRIDAY TOMONDAY NEXT,None,Passed,4,148,0,24,210,21,0,26,1,0,0,0,215,169,0,50
364,D,103,ADJOURN,23-Jul-1993,3:14 PM,ON MOTION TO ADJOURN,None,Passed,0,144,0,32,199,29,0,30,1,0,0,0,200,173,0,62
365,D,103,H R 1757,26-Jul-1993,2:47 PM,"SUSPEND THE RULES AND PASS, AS AMENDED",NATIONAL INFORMATION INFRASTRUCTURE ACT OF 1993,Passed,98,60,0,18,227,1,0,29,1,0,0,0,326,61,0,47
366,D,103,H RES 188,26-Jul-1993,2:58 PM,"SUSPEND THE RULES AND AGREE, AS AMENDED",OPPOSE OLYMPICS IN CHINA,Passed,121,39,0,16,165,60,2,30,1,0,0,0,287,99,2,46
367,D,103,MOTION,27-Jul-1993,1:12 PM,On Approving the Journal,None,Passed,20,148,0,8,241,5,0,11,1,0,0,0,262,153,0,19
368,D,103,H RES 226,27-Jul-1993,3:05 PM,On Agreeing to the Resolution,PROVIDING FOR THE CONSIDERATION OF H.R. 2667,Passed,0,173,0,3,223,32,0,3,1,0,0,0,224,205,0,6
369,D,103,H R 2667,27-Jul-1993,5:47 PM,On Motion to Recommit with Instructions,DISASTER SUPPLEMENTAL APPROPRIATIONS,Failed,172,0,0,4,29,225,0,3,0,1,0,0,201,226,0,7
370,D,103,H R 2667,27-Jul-1993,5:59 PM,On Passage,DISASTER SUPPLEMENTAL APPROPRIATIONS,Passed,145,27,0,4,254,0,0,3,1,0,0,0,400,27,0,7
371,D,103,MOTION,28-Jul-1993,11:22 AM,On Approving the Journal,None,Passed,20,152,0,4,236,6,0,15,1,0,0,0,257,158,0,19
372,D,103,H R 2010,28-Jul-1993,12:59 PM,On Agreeing to the Amendment,None,Agreed to,3,170,0,3,235,24,0,3,1,0,0,0,239,194,0,6
373,D,103,H R 2010,28-Jul-1993,1:10 PM,On Agreeing to the Amendment,None,Agreed to,168,3,0,5,189,66,0,7,1,0,0,0,358,69,0,12
374,D,103,H R 2010,28-Jul-1993,5:50 PM,On Agreeing to the Amendment,None,Agreed to,168,5,0,3,102,157,0,3,0,1,0,0,270,163,0,6
375,D,103,H R 2010,28-Jul-1993,5:59 PM,On Agreeing to the Amendment,None,Failed,152,21,0,3,28,231,0,3,0,1,0,0,180,253,0,6
376,D,103,H R 2010,28-Jul-1993,6:21 PM,On Agreeing to the Amendment,None,Agreed to,173,0,0,3,246,5,0,6,0,1,0,0,419,6,0,9
377,D,103,H R 2010,28-Jul-1993,6:32 PM,On Agreeing to the Amendment,None,Agreed to,170,1,0,5,215,36,0,6,0,1,0,0,385,38,0,11
378,D,103,H R 2010,28-Jul-1993,6:38 PM,On Agreeing to the Amendment,None,Agreed to,172,0,0,4,189,61,0,7,1,0,0,0,362,61,0,11
379,D,103,H R 2010,28-Jul-1993,6:59 PM,On Passage,NATIONAL AND COMMUNITY SERVICE ACT,Passed,26,147,0,3,248,5,0,4,1,0,0,0,275,152,0,7
380,D,103,H R 2200,29-Jul-1993,12:28 PM,On Agreeing to the Amendment,None,Agreed to,166,6,0,4,152,103,0,7,1,0,0,0,319,109,0,11
381,D,103,H R 2200,29-Jul-1993,1:05 PM,On Agreeing to the Amendment,None,Agreed to,170,0,0,6,245,6,0,6,1,0,0,0,416,6,0,12
382,D,103,H R 2200,29-Jul-1993,1:13 PM,On Agreeing to the Amendment,None,Agreed to,151,18,0,7,151,93,0,13,1,0,0,0,303,111,0,20
383,D,103,H R 2200,29-Jul-1993,1:23 PM,On Agreeing to the Amendment,None,Agreed to,167,5,0,4,158,93,0,6,1,0,0,0,326,98,0,10
384,D,103,H R 1964,29-Jul-1993,2:52 PM,On Agreeing to the Amendment,None,Agreed to,134,38,0,4,253,3,0,6,1,0,0,0,388,41,0,10
385,D,103,H R 1964,29-Jul-1993,3:14 PM,On Agreeing to the Amendment,None,Agreed to,136,36,0,4,245,4,0,8,1,0,0,0,382,40,0,12
386,D,103,H R 1964,29-Jul-1993,3:34 PM,On Passage,MARITIME ADMINISTRATION AUTHORIZATION,Passed,126,42,0,8,245,6,0,6,1,0,0,0,372,48,0,14
387,D,103,H RES 206,30-Jul-1993,11:17 AM,On Agreeing to the Resolution,PROVIDING FOR THE CONSIDERATION OF H.R. 2150,Passed,160,0,0,16,240,0,0,17,1,0,0,0,401,0,0,33
388,D,103,H R 2535,2-Aug-1993,4:34 PM,"SUSPEND THE RULES AND PASS, AS AMENDED",HEALTH CARE FOR PERSIAN GULF WAR VETERANS,Passed,170,0,0,5,240,0,0,17,1,0,0,0,411,0,0,22
389,D,103,H R 2668,2-Aug-1993,4:54 PM,"SUSPEND THE RULES AND PASS, AS AMENDED",COMMUNITY INVESTMENT DEMONSTRATION ACT,Passed,66,104,0,5,242,2,0,13,1,0,0,0,309,106,0,18
390,D,103,QUORUM 390,3-Aug-1993,5:16 PM,Call in Committee,None,Passed,0,0,170,5,0,0,249,13,0,0,1,0,0,0,420,18
391,D,103,H R 2330,3-Aug-1993,6:17 PM,On Agreeing to the Amendment,None,Failed,6,164,0,5,97,159,0,6,1,0,0,0,104,323,0,11
392,D,103,MOTION,4-Aug-1993,10:23 AM,On Approving the Journal,None,Passed,17,150,1,7,230,6,0,21,1,0,0,0,248,156,1,28
393,D,103,H R 2330,4-Aug-1993,2:10 PM,On Agreeing to the Amendment,None,Failed,13,159,0,3,120,140,0,2,1,0,0,0,134,299,0,5
394,D,103,H R 2330,4-Aug-1993,2:49 PM,On Agreeing to the Amendment,None,Agreed to,4,168,0,3,257,3,0,2,1,0,0,0,262,171,0,5
395,D,103,H R 2330,4-Aug-1993,2:59 PM,On Agreeing to the Amendment,None,Agreed to,166,5,0,4,175,80,0,7,0,1,0,0,341,86,0,11
396,D,103,H R 2330,4-Aug-1993,4:02 PM,On Agreeing to the Amendment,None,Failed,6,166,0,3,162,98,0,2,1,0,0,0,169,264,0,5
397,D,103,H R 2330,4-Aug-1993,4:23 PM,On Agreeing to the Amendment,None,Agreed to,167,4,0,4,175,80,0,2,0,1,0,0,342,85,0,6
398,D,103,H R 2330,4-Aug-1993,4:40 PM,On Passage,INTELLIGENCE AUTHORIZATION FOR F.Y. 1994,Passed,166,6,0,3,234,21,0,2,0,1,0,0,400,28,0,5
399,D,103,H R 2010,4-Aug-1993,5:18 PM,ON MOTION TO INSTRUCT CONFEREES,NATIONAL AND COMMUNITY SERVICE ACT,Passed,173,0,0,2,248,7,0,2,1,0,0,0,422,7,0,4
400,D,103,H RES 233,4-Aug-1993,6:51 PM,On Ordering the Previous Question,PROVIDING FOR THE CONSIDERATION OF H.R. 2401: DEFENSE AUTHORIZATION FOR F.Y. 1994,Passed,1,173,0,1,248,2,0,7,1,0,0,0,250,175,0,8
401,D,103,H RES 233,4-Aug-1993,7:08 PM,On Agreeing to the Resolution,PROVIDING FOR THE CONSIDERATION OF H.R. 2401: DEFENSE AUTHORIZATION FOR F.Y. 1994,Passed,1,172,0,2,246,1,0,10,1,0,0,0,248,173,0,12
402,D,103,MOTION,5-Aug-1993,10:24 AM,On Approving the Journal,None,Passed,17,150,0,8,237,5,0,15,1,0,0,0,255,155,0,23
403,D,103,H RES 240,5-Aug-1993,12:57 PM,On Agreeing to the Resolution,WAIVING POINTS OF ORDER AGAINST THE CONFERENCE REPORT ON H.R. 2264; OMNIBUS BUDGET RECONCILIATION ACT OF 1993,Passed,0,174,0,1,252,5,0,0,1,0,0,0,253,179,0,1
404,D,103,QUORUM 404,5-Aug-1993,6:57 PM,Call of the House,None,Passed,0,0,169,6,0,0,242,15,0,0,1,0,0,0,412,21
405,D,103,QUORUM 405,5-Aug-1993,9:18 PM,Call of the House,None,Passed,0,0,168,7,0,0,241,16,0,0,1,0,0,0,410,23
406,D,103,H R 2264,5-Aug-1993,10:16 PM,On Agreeing to the Conference Report,OMNIBUS BUDGET RECONCILIATION ACT OF 1993,Passed,0,175,0,0,217,41,0,0,1,0,0,0,218,216,0,0
407,D,103,H RES 241,6-Aug-1993,12:26 PM,On Agreeing to the Resolution,WAIVING POINTS OF ORDER AGAINST THE CONFERENCE REPORT ON H.R. 2010; NATIONAL AND COMMUNITY SERVICE TRUST ACT,Passed,8,162,0,5,247,4,0,6,1,0,0,0,256,166,0,11
408,D,103,H R 2010,6-Aug-1993,1:55 PM,On Agreeing to the Conference Report,NATIONAL AND COMMUNITY SERVICE ACT,Passed,26,146,0,3,248,6,0,3,1,0,0,0,275,152,0,6
409,D,103,H R 2493,6-Aug-1993,4:17 PM,RECEDE AND CONCUR WITHAMENDMENT (#164),AGRICULTURE APPROPRIATIONS FOR F.Y. 1994,Failed,36,134,0,5,104,139,0,14,0,1,0,0,140,274,0,19
410,D,103,H R 2493,6-Aug-1993,4:39 PM,RECEDE AND CONCUR WITHAMENDMENT (#164),AGRICULTURE APPROPRIATIONS FOR F.Y. 1994,Passed,146,20,0,9,197,40,0,20,1,0,0,0,344,60,0,29
411,D,103,H RES 246,8-Sep-1993,2:30 PM,On Agreeing to the Resolution,PROVIDING FOR FURTHER CONSIDERATION OF H.R. 2401; DEFENSE AUTHORIZATION FOR FISCAL YEAR 1994,Passed,0,169,0,6,245,3,0,9,1,0,0,0,246,172,0,15
412,D,103,H R 2401,8-Sep-1993,5:03 PM,On Agreeing to the Amendment,None,Failed,6,167,0,2,153,105,0,4,1,0,0,0,160,272,0,6
413,D,103,H R 2401,8-Sep-1993,5:39 PM,On Agreeing to the Amendment,None,Failed,113,60,0,2,5,251,0,6,0,1,0,0,118,312,0,8
414,D,103,H R 2401,8-Sep-1993,6:17 PM,On Agreeing to the Amendment,None,Failed,16,156,0,3,185,71,0,6,1,0,0,0,202,227,0,9
415,D,103,H R 2401,9-Sep-1993,11:45 AM,On Agreeing to the Amendment,None,Failed,31,139,0,5,151,101,0,10,1,0,0,0,183,240,0,15
416,D,103,H R 2401,9-Sep-1993,12:21 PM,On Agreeing to the Amendment,None,Failed,31,140,0,4,156,100,0,6,1,0,0,0,188,240,0,10
417,D,103,H R 2401,9-Sep-1993,1:21 PM,On Agreeing to the Amendment,None,Failed,41,129,0,5,153,102,0,7,1,0,0,0,195,231,0,12
418,D,103,H R 2401,9-Sep-1993,1:53 PM,On Agreeing to the Amendment,None,Agreed to,59,112,0,4,226,25,0,11,1,0,0,0,286,137,0,15
419,D,103,H R 2401,9-Sep-1993,2:25 PM,On Agreeing to the Amendment,None,Agreed to,170,0,0,5,253,0,0,9,1,0,0,0,424,0,0,14
420,D,103,H R 2401,9-Sep-1993,3:00 PM,On Agreeing to the Amendment,None,Failed,28,143,0,4,181,73,0,8,1,0,0,0,210,216,0,12
421,D,103,H R 2401,9-Sep-1993,4:23 PM,On Agreeing to the Amendment,None,Failed,145,25,0,5,26,225,0,11,0,1,0,0,171,251,0,16
422,D,103,H R 2401,9-Sep-1993,5:15 PM,On Agreeing to the Amendment,None,Agreed to,55,113,0,7,200,47,0,15,1,0,0,0,256,160,0,22
423,D,103,H R 2401,9-Sep-1993,5:59 PM,On Agreeing to the Amendment,None,Failed,144,23,0,8,7,237,0,18,0,1,0,0,151,261,0,26
424,D,103,H RES 248,13-Sep-1993,4:27 PM,On Ordering the Previous Question,PROVIDING FOR FURTHER CONSIDERATION OF H.R. 2401; DEFENSE AUTHORIZATION FOR F.Y. 1994,Passed,0,167,0,8,236,2,0,19,1,0,0,0,237,169,0,27
425,D,103,H RES 248,13-Sep-1993,4:39 PM,On Agreeing to the Resolution,PROVIDING FOR FURTHER CONSIDERATION OF H.R. 2401; DEFENSE AUTHORIZATION FOR F.Y. 1994,Passed,0,167,0,8,233,2,0,22,1,0,0,0,234,169,0,30
426,D,103,H R 2401,13-Sep-1993,6:21 PM,On Agreeing to the Amendment,None,Failed,1,166,0,8,197,45,0,20,1,0,0,0,199,211,0,28
427,D,103,H R 2401,13-Sep-1993,6:30 PM,On Agreeing to the Amendment,None,Failed,6,161,0,8,192,49,0,21,1,0,0,0,199,210,0,29
428,D,103,H R 2401,13-Sep-1993,6:40 PM,On Agreeing to the Amendment,None,Failed,22,146,0,7,133,110,0,19,1,0,0,0,156,256,0,26
429,D,103,H R 2401,13-Sep-1993,6:47 PM,On Agreeing to the Amendment,None,Failed,132,36,0,7,17,226,0,19,0,1,0,0,149,263,0,26
430,D,103,H RES 250,14-Sep-1993,12:07 PM,On Agreeing to the Resolution,"PROVIDING FOR THE CONSIDERATION OF H.R. 1340, RTC COMPLETION ACT",Passed,0,170,1,4,213,20,0,24,0,1,0,0,213,191,1,28
431,D,103,H R 1340,14-Sep-1993,2:13 PM,ON AGREEING TO THE AMENDMENTS,None,Agreed to,160,13,1,1,250,2,0,10,1,0,0,0,411,15,1,11
432,D,103,H R 1340,14-Sep-1993,2:34 PM,ON AGREEING TO THE AMENDMENTS,None,Agreed to,160,13,0,2,245,2,0,10,1,0,0,0,406,15,0,12
433,D,103,H R 1340,14-Sep-1993,3:04 PM,On Motion to Recommit with Instructions,RTC COMPLETION ACT,Failed,158,14,1,2,22,227,0,8,0,1,0,0,180,242,1,10
434,D,103,H R 1340,14-Sep-1993,3:23 PM,On Passage,RTC COMPLETION ACT,Passed,24,148,1,2,190,59,0,8,0,1,0,0,214,208,1,10
435,D,103,ADJOURN,21-Sep-1993,12:37 PM,ON MOTION TO ADJOURN,None,Failed,10,152,0,13,1,224,0,32,0,0,0,1,11,376,0,46
436,D,103,H R 808,21-Sep-1993,1:02 PM,ENGROSSMENT AND THIRD READING,FOR THE RELIEF OF JAMES B. STANLEY,Passed,163,1,0,11,227,0,0,30,0,0,0,1,390,1,0,42
437,D,103,H R 20,21-Sep-1993,5:18 PM,AGREE TO SENATE AMENDMENT,FEDERAL EMPLOYEES POLITICAL ACTIVITIES ACT OF 1993,Passed,90,84,0,1,248,1,0,8,1,0,0,0,339,85,0,9
438,D,103,H R 808,21-Sep-1993,5:38 PM,On Passage,FOR THE RELIEF OF JAMES B. STANLEY,Passed,173,0,1,1,251,0,0,6,1,0,0,0,425,0,1,7
439,D,103,H R 3019,21-Sep-1993,5:47 PM,On Motion to Suspend the Rules and Pass,PERFORMANCE MANAGEMENT AND RECOGNITION TERMINATION ACT,Passed,174,0,0,1,251,1,0,5,1,0,0,0,426,1,0,6
440,D,103,S 464,21-Sep-1993,5:56 PM,On Motion to Suspend the Rules and Pass,ROSS BASS POST OFFICE,Passed,170,3,0,2,249,0,0,8,1,0,0,0,420,3,0,10
441,D,103,H R 2056,21-Sep-1993,6:05 PM,"SUSPEND THE RULES AND PASS, AS AMENDED",SAMUEL E. PERRY POST OFFICE,Passed,171,2,0,2,251,0,0,6,1,0,0,0,423,2,0,8
442,D,103,H R 2294,21-Sep-1993,6:13 PM,"SUSPEND THE RULES AND PASS, AS AMENDED","GRAHAM B PURSELL, JR. POST OFFICE",Passed,170,4,0,1,251,0,0,6,1,0,0,0,422,4,0,7
443,D,103,H R 3051,21-Sep-1993,6:22 PM,On Motion to Suspend the Rules and Pass,IMPACT AID REGARDING CERTAIN INDIAN LANDS,Passed,114,60,0,1,243,9,0,5,1,0,0,0,358,69,0,6
444,D,103,H R 3049,21-Sep-1993,6:29 PM,On Motion to Suspend the Rules and Pass,EXTEND MARINE MAMMALS FISHING EXEMPTION,Passed,172,2,0,1,248,4,0,5,1,0,0,0,421,6,0,6
445,D,103,H R 2961,21-Sep-1993,6:37 PM,On Motion to Suspend the Rules and Pass,WALTER B. JONES CENTER FOR THE SOUNDS,Passed,174,0,0,1,250,0,0,7,1,0,0,0,425,0,0,8
446,D,103,H R 2604,21-Sep-1993,6:44 PM,On Motion to Suspend the Rules and Pass,"WETLANDS CENTER AT BROWNSVILLE, TEXAS",Passed,121,53,0,1,238,11,0,8,1,0,0,0,360,64,0,9
447,D,103,H RES 252,22-Sep-1993,1:05 PM,On Agreeing to the Resolution,RELATING TO CONSIDERATION OF H.R. 2750; DEPARTMENT OF TRANSPORTATION APPROPRIATION FOR 1994,Passed,95,77,0,3,161,86,0,11,1,0,0,0,257,163,0,14
448,D,103,H R 2750,22-Sep-1993,3:42 PM,On Agreeing to the Amendment,None,Agreed to,135,40,0,0,182,76,0,4,0,1,0,0,317,117,0,4
449,D,103,H R 2750,22-Sep-1993,5:05 PM,On Agreeing to the Amendment,None,Agreed to,101,73,0,1,179,81,0,2,1,0,0,0,281,154,0,3
450,D,103,H R 2750,23-Sep-1993,12:27 PM,On Agreeing to the Amendment,None,Failed,81,89,0,5,3,247,0,12,0,1,0,0,84,337,0,17
451,D,103,H R 2750,23-Sep-1993,12:52 PM,On Agreeing to the Amendment,None,Failed,130,44,0,1,23,226,0,13,0,1,0,0,153,271,0,14
452,D,103,H R 2750,23-Sep-1993,2:14 PM,On Agreeing to the Amendment,None,Failed,104,68,0,3,32,221,0,9,0,1,0,0,136,290,0,12
453,D,103,H R 2750,23-Sep-1993,3:44 PM,On Agreeing to the Amendment,None,Failed,154,19,0,2,53,202,0,7,0,1,0,0,207,222,0,9
454,D,103,H R 2750,23-Sep-1993,5:59 PM,On Agreeing to the Amendment,None,Agreed to,128,38,0,9,183,55,0,19,0,1,0,0,311,94,0,28
455,D,103,H R 2750,23-Sep-1993,6:06 PM,On Agreeing to the Amendment,None,Agreed to,94,70,0,11,172,62,0,23,1,0,0,0,267,132,0,34
456,D,103,H R 2750,23-Sep-1993,6:28 PM,On Passage,TRANSPORTATION AND RELATED AGENCIES APPROPRIATIONS,Passed,92,74,0,9,219,15,0,23,1,0,0,0,312,89,0,32
457,D,103,MOTION,28-Sep-1993,10:26 AM,On Approving the Journal,None,Passed,17,146,0,12,223,3,0,31,1,0,0,0,241,149,0,43
458,D,103,H RES 134,28-Sep-1993,12:36 PM,On Agreeing to the Resolution,RELEASE OF DISCHARGE PETITION NAMES,Passed,174,0,0,1,209,40,1,7,1,0,0,0,384,40,1,8
459,D,103,H RES 254,28-Sep-1993,1:08 PM,On Agreeing to the Resolution,PROVIDING FOR THE FURTHER CONSIDERATION OF H.R. 2401; DEPARTMENT OF DEFENSE AUTHORIZATION,Passed,1,172,0,2,239,10,0,8,1,0,0,0,241,182,0,10
460,D,103,H R 2401,28-Sep-1993,3:01 PM,On Agreeing to the Amendment,None,Failed,11,163,0,1,157,101,0,4,1,0,0,0,169,264,0,5
461,D,103,H R 2401,28-Sep-1993,3:37 PM,On Agreeing to the Amendment,None,Failed,114,60,0,1,30,230,0,2,0,1,0,0,144,291,0,3
462,D,103,H R 2401,28-Sep-1993,4:11 PM,On Agreeing to the Amendment,None,Agreed to,161,12,0,2,140,121,0,1,0,1,0,0,301,134,0,3
463,D,103,H R 2401,28-Sep-1993,5:46 PM,On Agreeing to the Amendment,None,Agreed to,158,16,0,1,247,10,0,5,1,0,0,0,406,26,0,6
464,D,103,H J RES 267,29-Sep-1993,11:27 AM,On Passage,"CONTINUING APPROPRIATIONS, FY 1994",Passed,26,147,0,2,247,9,0,1,1,0,0,0,274,156,0,3
465,D,103,H R 2520,29-Sep-1993,1:05 PM,ON MOTION TO INSTRUCT CONFEREES,INTERIOR APPROPRIATIONS FOR F.Y. 1994,Passed,86,85,0,4,227,24,0,6,1,0,0,0,314,109,0,10
466,D,103,H R 2519,29-Sep-1993,1:42 PM,MOTION TO INSTRUCT CONFEREES,"COMMERCE, JUSTICE AND STATE APPROPRIATIONS FOR FY 1994",Passed,173,0,0,2,246,0,0,11,1,0,0,0,420,0,0,13
467,D,103,H R 2295,29-Sep-1993,3:03 PM,On Agreeing to the Conference Report,FOREIGN OPERATIONS APPROPRIATION FOR FY 1994,Passed,107,66,0,2,214,41,0,2,0,1,0,0,321,108,0,4
468,D,103,H R 2401,29-Sep-1993,4:16 PM,On Agreeing to the Amendment,None,Agreed to,59,114,0,2,232,24,0,1,1,0,0,0,292,138,0,3
469,D,103,H R 2401,29-Sep-1993,4:26 PM,On Agreeing to the Amendment,None,Agreed to,172,1,0,2,254,0,0,3,1,0,0,0,427,1,0,5
470,D,103,H R 2401,29-Sep-1993,4:36 PM,On Agreeing to the Amendment,None,Agreed to,55,118,0,2,210,44,0,3,1,0,0,0,266,162,0,5
471,D,103,H R 2401,29-Sep-1993,4:45 PM,On Agreeing to the Amendment,None,Agreed to,161,12,0,2,134,120,0,3,0,1,0,0,295,133,0,5
472,D,103,H R 2401,29-Sep-1993,4:52 PM,On Agreeing to the Amendment,None,Agreed to,156,16,0,3,248,7,0,2,1,0,0,0,405,23,0,5
473,D,103,H R 2401,29-Sep-1993,5:25 PM,On Motion to Recommit with Instructions,DEFENSE AUTHORIZATION FOR F.Y. 1994,Failed,172,1,0,2,20,236,0,1,0,1,0,0,192,238,0,3
474,D,103,H R 2401,29-Sep-1993,5:42 PM,On Passage,DEFENSE AUTHORIZATION FOR F.Y. 1994,Passed,38,136,0,1,230,25,0,2,0,1,0,0,268,162,0,3
475,D,103,H RES 263,29-Sep-1993,7:09 PM,On Agreeing to the Resolution,WAIVING CERTAIN POINTS OF ORDER AGAINST H.R. 3116,Passed,0,174,0,1,253,2,0,2,1,0,0,0,254,176,0,3
476,D,103,H R 2403,29-Sep-1993,8:03 PM,On Agreeing to the Conference Report,"TREASURY, POSTAL APPROPRIATIONS FOR FY 1994",Passed,11,158,0,6,195,48,0,14,1,0,0,0,207,206,0,20
477,D,103,H R 3116,30-Sep-1993,11:10 AM,On Agreeing to the Amendment,None,Failed,33,137,0,5,144,111,0,7,1,0,0,0,178,248,0,12
478,D,103,H R 3116,30-Sep-1993,12:19 PM,On Agreeing to the Amendment,None,Failed,24,150,0,1,149,106,0,7,1,0,0,0,174,256,0,8
479,D,103,H R 3116,30-Sep-1993,1:04 PM,On Agreeing to the Amendment,None,Failed,37,137,0,1,153,104,0,5,0,1,0,0,190,242,0,6
480,D,103,H R 3116,30-Sep-1993,1:26 PM,On Passage,"DEFENSE APPROPRIATIONS, FY 1994",Passed,95,77,0,3,230,24,0,3,0,1,0,0,325,102,0,6
481,D,103,H R 2493,30-Sep-1993,3:26 PM,CONCUR IN S. ADT TO H.ADT TO S. ADT #164,AGRICULTURE APPROPRIATIONS FOR F.Y. 1994,Passed,174,0,0,1,255,0,0,2,1,0,0,0,430,0,0,3
482,D,103,H RES 268,6-Oct-1993,12:16 PM,On Agreeing to the Resolution,WAIVING POINTS OF ORDER AGAINST THE CONFERENCE REPORT ON H.R. 2491; VA HUD INDEPENDENT AGENCIES APPROPRIATIONS FOR F.Y. 1994,Failed,9,165,0,1,114,139,0,4,0,1,0,0,123,305,0,5
483,D,103,H RES 262,6-Oct-1993,1:08 PM,On Agreeing to the Resolution,PROVIDING FOR THE CONSIDERATION OF H.R. 1845; ESTABLISH THE BIOLOGICAL SURVEY,Passed,11,164,0,0,226,24,0,7,1,0,0,0,238,188,0,7
484,D,103,H R 1845,6-Oct-1993,3:54 PM,On Agreeing to the Amendment,None,Agreed to,151,22,0,2,66,189,0,7,0,1,0,0,217,212,0,9
485,D,103,H R 1845,6-Oct-1993,6:14 PM,On Agreeing to the Amendment,None,Agreed to,171,3,0,1,138,111,0,13,0,1,0,0,309,115,0,14
486,D,103,H R 2518,7-Oct-1993,12:03 PM,On Agreeing to the Conference Report,"LABOR, HHS, EDUCATION APPROPRIATIONS FOR F.Y. 1994",Passed,71,103,0,1,239,12,0,6,1,0,0,0,311,115,0,7
487,D,103,H R 2739,7-Oct-1993,3:43 PM,On Agreeing to the Amendment,None,Agreed to,105,68,0,2,165,86,0,11,0,1,0,0,270,155,0,13
488,D,103,H R 2739,7-Oct-1993,4:00 PM,"ON AGREEING TO THE AMENDMENT, AS AMENDED",None,Agreed to,131,42,0,2,242,6,0,14,1,0,0,0,374,48,0,16
489,D,103,H R 2739,7-Oct-1993,5:00 PM,On Agreeing to the Amendment,None,Failed,18,145,0,12,92,148,0,22,0,1,0,0,110,294,0,34
490,D,103,H R 2739,13-Oct-1993,12:55 PM,On Agreeing to the Amendment,None,Failed,154,16,0,5,13,242,0,7,0,1,0,0,167,259,0,12
491,D,103,H R 2739,13-Oct-1993,1:27 PM,On Agreeing to the Amendment,None,Agreed to,132,41,0,2,242,8,0,7,1,0,0,0,375,49,0,9
492,D,103,H R 2739,13-Oct-1993,1:44 PM,On Passage,AVIATION INFRASTRUCTURE INVESTMENT ACT OF 1993,Passed,133,41,0,1,250,1,0,6,1,0,0,0,384,42,0,7
493,D,103,H R 1804,13-Oct-1993,4:06 PM,On Agreeing to the Amendment,None,Agreed to,173,0,0,2,246,0,0,16,1,0,0,0,420,0,0,18
494,D,103,H R 1804,13-Oct-1993,6:20 PM,ON AGREEING TO THE AMENDMENT,None,Failed,129,45,0,1,1,254,0,7,0,1,0,0,130,300,0,8
495,D,103,H R 1804,13-Oct-1993,6:40 PM,On Agreeing to the Amendment,None,Agreed to,173,0,0,2,250,0,0,7,1,0,0,0,424,0,0,9
496,D,103,H R 1804,13-Oct-1993,6:58 PM,On Passage,GOALS 2000: EDUCATE AMERICA ACT,Passed,57,116,0,2,249,2,0,6,1,0,0,0,307,118,0,8
497,D,103,H RES 264,14-Oct-1993,12:01 PM,On Ordering the Previous Question,PROVIDING FOR THE CONSIDERATION OF H.R. 2351; NATIONAL FOUNDATION ON THE ARTS AND THE HUMANITIES ACT AUTHORIZATION,Passed,1,172,0,2,238,13,0,6,1,0,0,0,240,185,0,8
498,D,103,H RES 264,14-Oct-1993,12:10 PM,On Agreeing to the Resolution,PROVIDING FOR THE CONSIDERATION OF H.R. 2351; NATIONAL FOUNDATION ON THE ARTS AND THE HUMANITIES ACT AUTHORIZATION,Passed,1,171,0,3,223,24,0,10,1,0,0,0,225,195,0,13
499,D,103,QUORUM 499,14-Oct-1993,1:39 PM,Call in Committee,None,Passed,0,0,174,1,0,0,251,11,0,0,1,0,0,0,426,12
500,D,103,H R 2351,14-Oct-1993,1:49 PM,On Agreeing to the Amendment,None,Failed,89,85,0,1,14,240,0,8,0,1,0,0,103,326,0,9
501,D,103,H R 2351,14-Oct-1993,2:36 PM,On Agreeing to the Amendment,None,Failed,126,48,0,1,25,232,0,5,0,1,0,0,151,281,0,6
502,D,103,H R 2351,14-Oct-1993,3:23 PM,On Motion to Recommit with Instructions,NATIONAL FOUNDATION ON THE ARTS AND THE HUMANITIES ACT AUTHORIZATION,Failed,163,10,0,2,47,203,0,7,0,1,0,0,210,214,0,9
503,D,103,H R 2351,14-Oct-1993,3:39 PM,On Passage,NATIONAL FOUNDATION ON THE ARTS AND THE HUMANITIES ACT AUTHORIZATION,Passed,68,106,0,1,235,13,0,9,1,0,0,0,304,119,0,10
504,D,103,H RES 273,14-Oct-1993,5:10 PM,On Ordering the Previous Question,PROVIDING FOR THE CONSIDERATION OF H.R. 3167,Passed,2,171,0,2,232,16,0,9,1,0,0,0,235,187,0,11
505,D,103,H RES 273,14-Oct-1993,6:15 PM,On Agreeing to the Resolution,PROVIDING FOR THE CONSIDERATION OF H.R. 3167,Failed,2,171,0,2,146,103,0,8,1,0,0,0,149,274,0,10
506,D,103,MOTION,15-Oct-1993,10:31 AM,On Approving the Journal,None,Passed,17,139,0,19,209,6,0,42,0,0,0,1,226,145,0,62
507,D,103,H RES 265,15-Oct-1993,10:50 AM,On Agreeing to the Resolution,PROVIDING FOR THE CONSIDERATION OF H.R. 3167; UNEMPLOYMENT COMPENSATION PROGRAM EXTENSION,Passed,24,137,0,14,214,13,0,30,1,0,0,0,239,150,0,44
508,D,103,H R 3167,15-Oct-1993,12:26 PM,On Agreeing to the Amendment,None,Failed,117,45,0,13,11,231,0,20,0,1,0,0,128,277,0,33
509,D,103,H R 3167,15-Oct-1993,12:56 PM,On Passage,UNEMPLOYMENT COMPENSATION PROGRAM EXTENSION,Passed,80,80,0,15,221,15,0,21,1,0,0,0,302,95,0,36
510,D,103,H R 2445,19-Oct-1993,1:57 PM,ORDERING PREVIOUS QUES. ON MOTION TO RECOMMIT,ENERGY AND WATER APPROPRIATIONS FOR F.Y. 1994,Failed,61,111,0,3,98,152,0,7,0,1,0,0,159,264,0,10
511,D,103,H R 2445,19-Oct-1993,2:21 PM,ON AGREEING TO THE AMENDMENT ON MOTION TORECOMMIT,ENERGY AND WATER APPROPRIATIONS FOR F.Y. 1994,Passed,115,58,0,2,166,85,0,6,1,0,0,0,282,143,0,8
512,D,103,H RES 275,19-Oct-1993,2:40 PM,On Agreeing to the Resolution,WAIVING POINTS OF ORDER AGAINST CONFERENCE REPORT ON H.R. 2491; VA HUD APPROPRIATIONS,Passed,25,148,0,2,247,3,0,7,1,0,0,0,273,151,0,9
513,D,103,H R 2491,19-Oct-1993,3:56 PM,On Agreeing to the Conference Report,"VA, HUD APPROPRIATIONS FOR F.Y. 1994",Passed,100,75,0,0,240,14,0,3,1,0,0,0,341,89,0,3
514,D,103,H R 2491,19-Oct-1993,4:39 PM,RECEDE AND CONCUR WITHAMENDMENT IN SENATE AMENDMENT #113,"VA, HUD APPROPRIATIONS FOR F.Y. 1994",Passed,166,9,0,0,234,21,0,2,1,0,0,0,401,30,0,2
515,D,103,H R 2491,19-Oct-1993,5:51 PM,RECEDE AND CONCUR IN SENATE AMENDMENT #129,"VA, HUD APPROPRIATIONS FOR F.Y. 1994",Passed,143,32,0,0,93,161,0,3,0,1,0,0,236,194,0,3
516,D,103,H R 2401,19-Oct-1993,7:27 PM,ON MOTION TO CLOSE PORTIONS OF CONFERENCE,DEFENSE AUTHORIZATION FOR F.Y. 1994,Passed,171,0,0,4,250,2,0,5,1,0,0,0,422,2,0,9
517,D,103,H R 2519,19-Oct-1993,8:56 PM,On Agreeing to the Conference Report,"COMMERCE, JUSTICE AND STATE APPROPRIATIONS FOR FY 1994",Passed,73,92,0,10,229,8,1,19,1,0,0,0,303,100,1,29
518,D,103,H R 2492,20-Oct-1993,12:03 PM,On Agreeing to the Conference Report,"DISTRICT OF COLUMBIA APPROPRIATIONS, FY 1994",Failed,14,160,0,1,191,64,0,2,1,0,0,0,206,224,0,3
519,D,103,H R 2519,20-Oct-1993,12:53 PM,RECEDE AND CONCUR IN SENATE AMENDMENT NO. 147 WITH AMENDMENT,"COMMERCE, JUSTICE AND STATE APPROPRIATIONS FOR FY 1994",Passed,168,2,0,5,253,0,0,4,1,0,0,0,422,2,0,9
520,D,103,H R 2519,20-Oct-1993,1:53 PM,RECEDE AND CONCUR IN SENATE AMENDMENT NO. 148 WITH AMENDMENT,"COMMERCE, JUSTICE AND STATE APPROPRIATIONS FOR FY 1994",Passed,118,56,0,1,248,5,0,4,1,0,0,0,367,61,0,5
521,D,103,H R 2519,20-Oct-1993,3:42 PM,RECEDE FROM DISAGREEMENT IN SENATEAMENDMENT 171,None,Passed,102,73,0,0,157,98,0,2,0,1,0,0,259,172,0,2
522,D,103,H RES 279,20-Oct-1993,5:14 PM,On Agreeing to the Resolution,RELATING TO CONSIDERATION OF AMENDMENTS REPORTED FROM CONFERENCE IN DISAGREEMENT ON THE BILL H.R. 2520,Passed,34,138,0,3,218,36,0,3,1,0,0,0,253,174,0,6
523,D,103,H R 2520,20-Oct-1993,6:43 PM,RECEDE AND CONCUR IN SENATE AMENDMENT NO.1 WITH AMENDMENT,INTERIOR APPROPRIATIONS FOR F.Y. 1994,Passed,57,117,0,1,238,14,0,5,1,0,0,0,296,131,0,6
524,D,103,H R 2520,20-Oct-1993,7:11 PM,RECEDE AND CONCUR IN SENATE AMENDMENT NO. 12 WITH AMENDMENT,INTERIOR APPROPRIATIONS FOR F.Y. 1994,Passed,66,107,0,2,226,24,0,7,1,0,0,0,293,131,0,9
525,D,103,H R 2520,20-Oct-1993,8:32 PM,RECEDE AND CONCUR IN SENATE AMENDMENT NO. 123 WITH AMENDMENT,INTERIOR APPROPRIATIONS FOR F.Y. 1994,Passed,85,86,0,4,231,20,0,6,1,0,0,0,317,106,0,10
526,D,103,H R 2445,26-Oct-1993,2:03 PM,On Agreeing to the Conference Report,ENERGY AND WATER APPROPRIATIONS FOR F.Y. 1994,Passed,109,60,0,6,222,21,0,14,1,0,0,0,332,81,0,20
527,D,103,H R 2445,26-Oct-1993,2:45 PM,"RECEDE AND CONCUR IN SENATE AMENDMENT NO. 33, WITH AMENDMENT",ENERGY AND WATER APPROPRIATIONS FOR F.Y. 1994,Passed,59,112,0,4,168,77,0,12,0,1,0,0,227,190,0,16
528,D,103,H R 1845,26-Oct-1993,5:05 PM,On Agreeing to the Amendment,None,Agreed to,151,20,0,4,76,173,0,8,0,1,0,0,227,194,0,12
529,D,103,H R 1845,26-Oct-1993,5:14 PM,On Agreeing to the Amendment,None,Agreed to,167,3,0,5,158,90,0,9,0,1,0,0,325,94,0,14
530,D,103,H R 1845,26-Oct-1993,5:32 PM,On Passage,ESTABLISHING THE BIOLOGIAL SURVEY IN THE DEPARTMENT OF THE INTERIOR,Passed,41,130,0,4,213,35,0,9,1,0,0,0,255,165,0,13
531,D,103,MOTION,27-Oct-1993,12:21 PM,On Approving the Journal,None,Passed,12,155,0,8,230,5,1,21,0,0,0,1,242,160,1,30
532,D,103,H R 3116,27-Oct-1993,1:36 PM,0N MOTION TO CLOSE PORTIONS OF CONFERENCE,"DEFENSE APPROPRIATIONS, FY 1994",Passed,169,0,0,6,239,3,0,15,1,0,0,0,409,3,0,21
533,D,103,H RES 283,27-Oct-1993,2:48 PM,On Agreeing to the Resolution,WAIVING POINTS OF ORDER AGAINST CONFERENCE REPORT ON H.R. 2492; DISTRICT OF COLUMBIA APPROPRIATIONS FOR F.Y. 1994,Passed,21,152,0,2,217,35,0,5,1,0,0,0,239,187,0,7
534,D,103,H R 2492,27-Oct-1993,4:10 PM,On Agreeing to the Conference Report,"DISTRICT OF COLUMBIA APPROPRIATIONS, FY 1994",Passed,22,150,0,3,202,51,0,4,1,0,0,0,225,201,0,7
535,D,103,H RES 287,28-Oct-1993,12:19 PM,On Agreeing to the Resolution,PROVIDING FOR CONSIDERATION OF H.J. RES. 283; MAKING FURTHER CONTINUING APPROPRIATIONS FOR FY 1994,Passed,0,169,0,6,251,1,0,5,1,0,0,0,252,170,0,11
536,D,103,H J RES 283,28-Oct-1993,12:55 PM,On Passage,MAKING FURTHER CONTINUING APPROPRIATIONS FOR F.Y. 1994,Passed,13,151,0,11,242,6,0,9,1,0,0,0,256,157,0,20
537,D,103,H R 334,28-Oct-1993,2:29 PM,On Agreeing to the Amendment,None,Failed,160,5,0,10,18,232,0,12,0,1,0,0,178,238,0,22
538,D,103,H R 334,28-Oct-1993,2:50 PM,On Passage,RECOGNITION OF THE LUMBEE TRIBE,Passed,11,153,0,11,216,31,0,10,1,0,0,0,228,184,0,21
539,D,103,H R 2684,3-Nov-1993,5:46 PM,"SUSPEND THE RULES AND PASS, AS AMENDED",FISH AND WILDLIFE FOUNDATION AUTHORIZATION,Passed,120,54,0,1,247,5,0,5,1,0,0,0,368,59,0,6
540,D,103,H R 3350,3-Nov-1993,5:57 PM,"SUSPEND THE RULES AND PASS, AS AMENDED",RESIDENTIAL SUBSTANCE ABUSE TREATMENT IN FEDERAL PRISONS,Passed,121,53,0,1,251,1,0,5,1,0,0,0,373,54,0,6
541,D,103,H R 3351,3-Nov-1993,6:07 PM,"SUSPEND THE RULES AND PASS, AS AMENDED",ALTERNATIVE PUNISHMENTS FOR YOUNG OFFENDERS,Failed,9,165,0,1,225,27,0,5,1,0,0,0,235,192,0,6
542,D,103,H R 3353,3-Nov-1993,6:15 PM,"SUSPEND THE RULES AND PASS, AS AMENDED",ANTI JUVENILE GANGS AND DRUG TRAFFICKING GRANTS,Passed,162,11,0,2,250,1,0,6,1,0,0,0,413,12,0,8
543,D,103,H R 3354,3-Nov-1993,6:24 PM,"SUSPEND THE RULES AND PASS, AS AMENDED",SUBSTANCE ABUSE TREATMENT FOR STATE PRISONERS,Passed,143,30,0,2,250,2,0,5,1,0,0,0,394,32,0,7
544,D,103,H R 3167,4-Nov-1993,2:07 PM,MOTION TO INSTRUCT CONFEREES,UNEMPLOYMENT COMPENSATION PROGRAM EXTENSION,Passed,171,1,0,3,104,144,0,9,0,1,0,0,275,146,0,12
545,D,103,H R 2151,4-Nov-1993,2:50 PM,On Agreeing to the Amendment,None,Failed,12,160,0,3,52,201,0,9,0,1,0,0,64,362,0,12
546,D,103,H R 2151,4-Nov-1993,4:42 PM,On Agreeing to the Amendment,None,Failed,73,96,0,6,36,212,0,14,0,1,0,0,109,309,0,20
547,D,103,H R 2151,4-Nov-1993,5:03 PM,On Passage,MARITIME SECURITY AND COMPETITIVENESS ACT OF 1993,Passed,116,54,0,5,230,11,0,16,1,0,0,0,347,65,0,21
548,D,103,H RES 293,8-Nov-1993,4:21 PM,On Agreeing to the Resolution,PROVIDING FOR CONSIDERATION OF H.CON.RES. 170; REMOVAL OF U.S. FORCES FROM SOMALIA,Passed,160,5,0,10,229,3,0,25,1,0,0,0,390,8,0,35
549,D,103,H R 2440,8-Nov-1993,4:32 PM,On Motion to Suspend the Rules and Pass,NATIONAL TRANSPORTATION SAFETY BOARD AUTHORIZATION,Passed,120,44,0,11,232,5,0,20,1,0,0,0,353,49,0,31
550,D,103,MOTION,9-Nov-1993,11:23 AM,On Approving the Journal,None,Passed,19,149,0,7,236,5,0,16,1,0,0,0,256,154,0,23
551,D,103,H RES 298,9-Nov-1993,1:04 PM,On Agreeing to the Resolution,WAIVING POINTS OF ORDER AGAINST THE CONFERENCE REPORT ON H.R. 3167,Passed,5,167,0,3,243,5,0,9,1,0,0,0,249,172,0,12
552,D,103,H R 3167,9-Nov-1993,2:18 PM,MOTION TO RECOMMIT CONFERENCE REPORT,UNEMPLOYMENT COMPENSATION PROGRAM EXTENSION,Passed,169,3,0,3,57,198,0,2,0,1,0,0,226,202,0,5
553,D,103,H R 1036,9-Nov-1993,4:53 PM,On Agreeing to the Amendment,None,Failed,154,19,0,2,20,235,0,7,0,1,0,0,174,255,0,9
554,D,103,H R 1036,9-Nov-1993,5:12 PM,On Passage,EMPLOYMENT RETIREMENT INCOME SECURITY ACT,Passed,37,134,0,4,238,16,0,3,1,0,0,0,276,150,0,7
555,D,103,H CON RES 170,9-Nov-1993,7:31 PM,On Agreeing to the Amendment,REMOVAL OF U.S. FORCES FROM SOMALIA,Passed,168,3,0,4,55,200,0,3,1,0,0,0,224,203,0,7
556,D,103,H CON RES 170,9-Nov-1993,8:31 PM,On Agreeing to the Amendment,REMOVAL OF U.S. FORCES FROM SOMALIA,Passed,2,170,0,3,224,30,0,4,0,1,0,0,226,201,0,7
557,D,103,H RES 302,10-Nov-1993,11:20 AM,On Agreeing to the Resolution,PROVIDING FOR CONSIDERATION OF H.R. 1025; BRADY HANDGUN VIOLENCE PREVENTION ACT,Passed,13,156,0,6,224,26,0,7,1,0,0,0,238,182,0,13
558,D,103,H R 1025,10-Nov-1993,1:06 PM,On Agreeing to the Amendment,None,Agreed to,174,0,0,1,256,2,0,4,1,0,0,0,431,2,0,5
559,D,103,H R 1025,10-Nov-1993,2:34 PM,On Agreeing to the Amendment,None,Agreed to,139,36,0,0,96,162,0,4,1,0,0,0,236,198,0,4
560,D,103,H R 1025,10-Nov-1993,3:59 PM,On Agreeing to the Amendment,None,Failed,110,65,0,0,65,191,0,6,0,1,0,0,175,257,0,6
561,D,103,H R 1025,10-Nov-1993,4:18 PM,On Agreeing to the Amendment,None,Agreed to,175,0,0,0,249,4,0,4,1,0,0,0,425,4,0,4
562,D,103,H R 1025,10-Nov-1993,4:26 PM,On Agreeing to the Amendment,None,Agreed to,138,36,0,1,99,156,0,2,1,0,0,0,238,192,0,3
563,D,103,H R 1025,10-Nov-1993,4:48 PM,On Motion to Recommit with Instructions,BRADY HANDGUN VIOLENCE PROTECTION ACT,Failed,136,37,0,2,64,191,0,2,0,1,0,0,200,229,0,4
564,D,103,H R 1025,10-Nov-1993,4:55 PM,On Passage,BRADY HANDGUN VIOLENCE PROTECTION ACT,Passed,54,119,0,2,184,69,0,4,0,1,0,0,238,189,0,6
565,D,103,H R 2401,15-Nov-1993,7:11 PM,On Agreeing to the Conference Report,DEPARTMENT OF DEFENSE AUTHORIZATION ACT FOR FY 1994,Passed,50,120,0,5,223,15,0,19,0,0,0,1,273,135,0,25
566,D,103,H R 2121,15-Nov-1993,7:29 PM,"SUSPEND THE RULES AND PASS, AS AMENDED",NEGOTIATED TRUCKING RATES SETTLEMENTS,Passed,168,2,0,5,124,114,0,19,0,0,0,1,292,116,0,25
567,D,103,MOTION,16-Nov-1993,12:23 PM,On Approving the Journal,None,Passed,18,152,0,5,232,5,0,20,0,0,0,1,250,157,0,26
568,D,103,H R 322,16-Nov-1993,5:06 PM,On Agreeing to the Amendment,None,Failed,136,37,0,2,47,212,0,3,0,1,0,0,183,250,0,5
569,D,103,H R 322,16-Nov-1993,5:59 PM,On Agreeing to the Amendment,None,Failed,38,135,0,2,160,97,0,5,1,0,0,0,199,232,0,7
570,D,103,H R 322,16-Nov-1993,6:35 PM,On Agreeing to the Amendment,None,Failed,134,38,0,3,15,239,0,8,0,1,0,0,149,278,0,11
571,D,103,H R 322,16-Nov-1993,7:23 PM,On Agreeing to the Amendment,None,Failed,161,13,0,1,32,224,0,6,0,1,0,0,193,238,0,7
572,D,103,MOTION,17-Nov-1993,9:30 AM,On Approving the Journal,None,Passed,16,138,0,21,214,5,0,38,0,0,0,1,230,143,0,60
573,D,103,H RES 311,17-Nov-1993,11:09 AM,On Agreeing to the Resolution,PROVIDING FOR CONSIDERATION OF H.R. 3450; NORTH AMERICAN FREE TRADE AGREEMENT IMPLEMENTATION ACT,Passed,140,32,0,3,202,52,0,3,0,1,0,0,342,85,0,6
574,D,103,QUORUM 574,17-Nov-1993,8:44 PM,Call in Committee,None,Passed,0,0,173,2,0,0,246,16,0,0,1,0,0,0,420,18
575,D,103,H R 3450,17-Nov-1993,10:36 PM,On Passage,NORTH AMERICAN FREE TRADE AGREEMENT IMPLEMENTATION ACT,Passed,132,43,0,0,102,156,0,0,0,1,0,0,234,200,0,0
576,D,103,H R 322,18-Nov-1993,11:09 AM,On Motion to Recommit with Instructions,MINERAL EXPLORATION AND DEVELOPMENT ACT,Failed,137,32,0,6,11,237,0,9,0,1,0,0,148,270,0,15
577,D,103,H R 322,18-Nov-1993,11:27 AM,On Passage,MINERAL EXPLORATION AND DEVELOPMENT ACT,Passed,70,102,0,3,245,6,0,6,1,0,0,0,316,108,0,9
578,D,103,H RES 313,18-Nov-1993,1:00 PM,On Agreeing to the Resolution,PROVIDING FOR CONSIDERATION OF H.R. 796; FREEDOM OF ACCESS TO CLINIC ENTRANCES,Passed,18,156,0,1,214,36,0,7,1,0,0,0,233,192,0,8
579,D,103,H R 796,18-Nov-1993,3:21 PM,On Agreeing to the Amendment,None,Agreed to,169,4,0,2,181,77,0,4,0,1,0,0,350,82,0,6
580,D,103,H R 796,18-Nov-1993,4:24 PM,On Agreeing to the Amendment,None,Failed,133,40,0,2,44,214,0,4,0,1,0,0,177,255,0,6
581,D,103,H R 796,18-Nov-1993,4:46 PM,On Agreeing to the Amendment,None,Agreed to,169,4,0,2,176,75,0,6,0,1,0,0,345,80,0,8
582,D,103,H R 796,18-Nov-1993,5:19 PM,On Motion to Recommit with Instructions,FREEDOM OF ACCESS TO CLINIC ENTRANCES ACT OF 1993,Failed,138,34,0,3,44,211,0,2,0,1,0,0,182,246,0,5
583,D,103,MOTION,19-Nov-1993,10:26 AM,On Approving the Journal,None,Passed,18,144,0,13,219,6,1,31,1,0,0,0,238,150,1,44
584,D,103,H RES 314,19-Nov-1993,1:10 PM,On Agreeing to the Resolution,PROVIDING FOR THE CONSIDERATION OF H.R. 3351; ALTERNATIVE PUNISHMENT FOR YOUTH OFFENDERS,Passed,1,172,0,2,236,7,0,14,1,0,0,0,238,179,0,16
585,D,103,H R 3351,19-Nov-1993,3:28 PM,On Agreeing to the Amendment,None,Failed,166,6,0,3,35,221,0,6,0,1,0,0,201,228,0,9
586,D,103,H R 3351,19-Nov-1993,3:55 PM,TABLE THE APPEAL OF THE RULING OF THE CHAIR,ALTERNATIVE PUNISHMENT FOR YOUTH OFFENDERS,Passed,0,172,0,3,250,0,0,7,1,0,0,0,251,172,0,10
587,D,103,H R 3351,19-Nov-1993,4:16 PM,TABLE THE APPEAL OF THE RULING OF THE CHAIR,ALTERNATIVE PUNISHMENT FOR YOUTH OFFENDERS,Passed,0,170,0,5,250,1,0,6,1,0,0,0,251,171,0,11
588,D,103,H R 3351,19-Nov-1993,4:38 PM,TABLE THE APPEAL OF THE RULING OF THE CHAIR,ALTERNATIVE PUNISHMENT FOR YOUTH OFFENDERS,Passed,0,170,0,5,245,1,0,11,1,0,0,0,246,171,0,16
589,D,103,H R 3351,19-Nov-1993,5:01 PM,On Motion to Recommit with Instructions,ALTERNATIVE PUNISHMENT FOR YOUTH OFFENDERS,Failed,163,6,0,6,14,236,0,7,0,1,0,0,177,243,0,13
590,D,103,H R 3351,19-Nov-1993,5:14 PM,On Passage,ALTERNATIVE PUNISHMENT FOR YOUTH OFFENDERS,Passed,90,78,0,7,245,4,0,8,1,0,0,0,336,82,0,15
591,D,103,H RES 316,20-Nov-1993,4:29 PM,On Agreeing to the Resolution,PROVIDING FOR CONSIDERATION OF H.R. 51; NEW COLUMBIA ADMISSIONS ACT,Passed,38,135,0,2,213,37,0,7,1,0,0,0,252,172,0,9
592,D,103,H R 3098,20-Nov-1993,4:38 PM,"SUSPEND THE RULES AND PASS, AS AMENDED",PROHIBITING THE POSSESSION OF HANDGUNS OR AMMUNITION BY A JUVENILE,Passed,172,0,0,3,249,0,0,8,1,0,0,0,422,0,0,11
593,D,103,H R 1133,20-Nov-1993,4:45 PM,"SUSPEND THE RULES AND PASS, AS AMENDED",VIOLENCE AGAINST WOMEN ACT OF 1993,Passed,172,0,0,3,248,0,0,9,1,0,0,0,421,0,0,12
594,D,103,H R 2457,20-Nov-1993,4:56 PM,"SUSPEND THE RULES AND PASS, AS AMENDED",WINTER RUN CHINOOK SALMON CAPTIVE BROODSTOCK ACT OF 1993,Passed,98,73,0,4,236,12,0,9,1,0,0,0,335,85,0,13
595,D,103,H R 51,21-Nov-1993,5:24 PM,On Passage,NEW COLUMBIA ADMISSIONS ACT,Failed,1,172,0,2,151,105,0,2,1,0,0,0,153,277,0,4
596,D,103,H R 3548,21-Nov-1993,5:49 PM,SUSPEND THE RULES AND PASS,COMMEMORATIVE COIN MINTING ACT,Passed,172,0,0,3,255,0,0,2,1,0,0,0,428,0,0,5
597,D,103,S CON RES 50,21-Nov-1993,7:32 PM,SUSPEND THE RULES AND AGREE,ANTI BOYCOTT RESOLUTION OF 1993,Passed,172,0,0,3,252,1,0,5,1,0,0,0,425,1,0,8
598,D,103,H R 2202,21-Nov-1993,8:02 PM,SUSPEND THE RULES AND AGREE TO CONFERENCE REPORT,PREVENTIVE HEALTH AMENDMENTS OF 1993,Passed,171,0,0,4,248,0,0,9,1,0,0,0,420,0,0,13
599,D,103,H RES 319,21-Nov-1993,9:45 PM,ON AGREEING TO THE RESOLUTION,PROVIDING FOR THE CONSIDERATION OF H.R. 3; CAMPAIGN REFORM ACT OF 1993,Passed,3,168,0,4,216,39,0,3,1,0,0,0,220,207,0,7
600,D,103,H RES 319,21-Nov-1993,10:04 PM,TABLE THE MOTION TO RECONSIDER,PROVIDING FOR THE CONSIDERATION OF H.R. 3; CAMPAIGN REFORM ACT OF 1993 .,Passed,2,161,1,11,247,0,0,10,1,0,0,0,250,161,1,21
601,D,103,MOTION,22-Nov-1993,9:28 AM,On Approving the Journal,None,Passed,13,137,0,25,205,4,1,47,1,0,0,0,219,141,1,72
602,D,103,QUORUM 602,22-Nov-1993,11:54 AM,Call in Committee,None,Passed,0,0,172,3,0,0,235,27,0,0,1,0,0,0,408,30
603,D,103,H R 3,22-Nov-1993,12:59 PM,On Agreeing to the Amendment,None,Failed,162,12,0,1,11,250,0,1,0,1,0,0,173,263,0,2
604,D,103,H R 3,22-Nov-1993,1:18 PM,On Motion to Recommit,CAMPAIGN REFORM ACT OF 1993,Failed,165,8,0,2,25,231,0,1,0,1,0,0,190,240,0,3
605,D,103,H R 3,22-Nov-1993,1:36 PM,On Passage,CAMPAIGN REFORM ACT OF 1993,Passed,22,151,0,2,232,24,0,1,1,0,0,0,255,175,0,3
606,D,103,H RES 322,22-Nov-1993,2:25 PM,On Agreeing to the Resolution,AGREEING TO THE REQUEST OF THE SENATE FOR A CONFERENCE ON H.R. 1025; BRADY HANDGUN PROTECTION ACT,Passed,52,121,0,2,197,56,0,4,0,1,0,0,249,178,0,6
607,D,103,H RES 320,22-Nov-1993,4:04 PM,On Agreeing to the Resolution,PROVIDING FOR CONSIDERATION OF H.R. 3400; GOVERNMENT REFORM AND SAVINGS ACT,Passed,28,145,0,2,218,38,0,1,1,0,0,0,247,183,0,3
608,D,103,H R 3400,22-Nov-1993,7:27 PM,On Agreeing to the Amendment,None,Agreed to,21,152,0,2,250,11,0,1,1,0,0,0,272,163,0,3
609,D,103,H R 3400,22-Nov-1993,9:14 PM,On Agreeing to the Amendment,None,Failed,156,18,0,1,57,200,0,6,0,1,0,0,213,219,0,7
610,D,103,H R 3400,22-Nov-1993,10:46 PM,On Agreeing to the Amendment,None,Failed,33,139,0,3,150,109,0,3,1,0,0,0,184,248,0,6
611,D,103,H R 3400,22-Nov-1993,11:03 PM,On Agreeing to the Amendment,None,Agreed to,30,143,0,2,246,10,0,1,1,0,0,0,277,153,0,3
612,D,103,H R 3400,22-Nov-1993,11:20 PM,On Passage,GOVERNMENT REFORM AND SAVINGS ACT OF 1993,Passed,173,0,0,2,255,1,0,2,1,0,0,0,429,1,0,4
613,D,103,S 714,22-Nov-1993,11:59 PM,On Agreeing to the Conference Report,RTC FUNDING,Passed,27,144,1,3,208,46,0,3,0,1,0,0,235,191,1,6
614,D,103,H R 1025,22-Nov-1993,11:59 PM,AGREEING TO CONFERENCEREPORT,BRADY HANDGUN BILL,Passed,56,116,0,3,182,70,0,5,0,1,0,0,238,187,0,8
615,D,103,H R 3167,22-Nov-1993,11:59 PM,On Agreeing to the Conference Report,UNEMPLOYMENT COMPENSATION...,Passed,81,91,0,3,238,14,0,6,1,0,0,0,320,105,0,9
