Roll Call,Majority,Congress Num,Legislation Number,Date,Time,Question,Description,Result,Republican Yes,Republican No,Republican Present,Republican Not Voting,Democrat Yes,Democrat No,Democrat Present,Democrat Not Voting,Independent Yes,Independent No,Independent Present,Independent Not Voting,Total Yes,Total No,Total Present,Total Not Voting
1,R,104,QUORUM,3-Jan-1996,12:25 PM,Call of the House,None,Passed,0,0,209,27,0,0,156,41,0,0,0,1,0,0,365,69
2,R,104,MOTION,3-Jan-1996,1:29 PM,Table appeal of the ruling of the chair,None,Passed,205,2,1,27,1,165,0,31,0,0,0,1,206,167,1,59
3,R,104,H R 1530,3-Jan-1996,3:45 PM,"Passage, the Objections of the President Notwithstanding",National Defense Authorization Act for FY 1996,Failed,206,16,0,14,34,139,0,24,0,1,0,0,240,156,0,38
4,R,104,H R 2076,3-Jan-1996,5:24 PM,"Passage, Objection of the President Notwithstanding","Commerce, Justice, State, Judiciary Appropriations, FY 1996",Failed,218,4,0,13,22,154,0,21,0,1,0,0,240,159,0,34
5,R,104,H R 1977,4-Jan-1996,1:28 PM,"Passage, objections of the President notwithstanding",Interior Appropriations for Fiscal Year 1996,Failed,225,4,0,6,14,172,0,11,0,1,0,0,239,177,0,17
6,R,104,H RES 334,5-Jan-1996,1:01 PM,On Ordering the Previous Question,Providing for consideration of a motion to dispose of Senate amendment (Continuing Appropriations) to H.R. 1643; Bulgaria,Passed,227,0,0,8,1,186,0,10,0,1,0,0,228,187,0,18
7,R,104,H R 1643,5-Jan-1996,2:43 PM,Agree to Senate amendment with amendments,(Targeted Continuing Appropriations) Bulgaria,Passed,214,15,0,6,186,2,0,9,1,0,0,0,401,17,0,15
8,R,104,H RES 330,5-Jan-1996,4:28 PM,On Agreeing to the Resolution,Authorize the Speaker to Declare Recesses,Passed,224,3,0,8,0,186,0,11,0,1,0,0,224,190,0,19
9,R,104,H RES 336,5-Jan-1996,6:06 PM,On Ordering the Previous Question,Providing for the dispostion of the Senate amendment to H.J.Res. 134; making further continuing appropriations for F.Y. 1996,Passed,225,0,0,10,1,182,0,14,0,1,0,0,226,183,0,24
10,R,104,S 1124,5-Jan-1996,7:28 PM,Closing Portions of the Conference,National Defense Authorization Act for FY 1996,Passed,217,0,0,18,180,1,0,16,1,0,0,0,398,1,0,34
11,R,104,H RES 338,5-Jan-1996,9:23 PM,On Ordering the Previous Question,"Providing for the disposition of the Senate amendment to H.R. 1358, Targeted Continuing Appropriations and Marine Fisheries Service Laboratory Transfer",Passed,203,5,0,27,1,161,0,35,0,1,0,0,204,167,0,62
12,R,104,H RES 338,5-Jan-1996,9:40 PM,On Agreeing to the Resolution,"Providing for the disposition of the Senate amendment to H.R. 1358, Targeted Continuing Appropriations and Marine Fisheries Service Laboratory Transfer",Passed,186,21,0,28,157,3,0,37,1,0,0,0,344,24,0,65
13,R,104,H R 2657,23-Jan-1996,4:16 PM,On Motion to Suspend the Rules and Pass,Ruth and Billy Graham Congressional Gold Medal,Passed,225,0,0,10,177,2,0,18,1,0,0,0,403,2,0,28
14,R,104,S 1341,23-Jan-1996,4:27 PM,On Motion to Suspend the Rules and Pass,Saddleback Mountain-Arizona Settlement Act,Passed,224,0,0,11,178,1,0,18,1,0,0,0,403,1,0,29
15,R,104,H R 2726,23-Jan-1996,4:38 PM,"On Motion to Suspend the Rules and Pass, as Amended",Technical Corrections to Native American Laws,Passed,225,0,0,10,181,0,0,16,1,0,0,0,407,0,0,26
16,R,104,S 1124,24-Jan-1996,3:14 PM,On Agreeing to the Conference Report,National Defense Authorization Act for FY 1996,Passed,202,27,0,6,85,101,0,11,0,1,0,0,287,129,0,17
17,R,104,H RES 342,25-Jan-1996,11:58 AM,On Agreeing to the Resolution,Waiving a requirement of clause 4(b) of rule XI with respect to consideration of certain resolutions reported from the Committee on Rules,Passed,229,0,0,6,0,190,0,7,0,1,0,0,229,191,0,13
18,R,104,H R 2880,25-Jan-1996,7:25 PM,On Motion to Recommit with Instructions,Making appropriations for fiscal year 1996 to make a downpayment toward a balanced budget,Failed,4,222,0,9,188,0,0,9,1,0,0,0,193,222,0,18
19,R,104,H R 2880,25-Jan-1996,7:41 PM,On Passage,Making appropriations for fiscal year 1996 to make a downpayment toward a balanced budget,Passed,224,2,0,9,147,39,0,11,0,1,0,0,371,42,0,20
20,R,104,H RES 349,31-Jan-1996,6:06 PM,On Motion to Suspend the Rules and Agree,Providing for the consideration of S. 534,Failed,102,130,0,3,48,140,0,9,0,1,0,0,150,271,0,12
21,R,104,H R 2036,31-Jan-1996,6:17 PM,"Suspend the rules and pass, as amended",Land Disposal Program Flexibility Act of 1995,Passed,231,1,0,3,171,17,0,9,0,1,0,0,402,19,0,12
22,R,104,H R 2546,31-Jan-1996,8:03 PM,Recommit Conference Report With Instructions,District of Columbia Appropriations for F.Y. 1996,Failed,6,218,0,11,173,14,0,10,1,0,0,0,180,232,0,21
23,R,104,H R 2546,31-Jan-1996,8:21 PM,On Agreeing to the Conference Report,District of Columbia Appropriations for F.Y. 1996,Passed,191,33,0,12,20,167,0,10,0,1,0,0,211,201,0,22
24,R,104,H RES 353,1-Feb-1996,2:39 PM,On Agreeing to the Resolution,Waiving points of order against the conference report to accompany S. 652; Telecommunications Reform Act,Passed,226,4,0,5,111,75,0,11,0,1,0,0,337,80,0,16
25,R,104,S 652,1-Feb-1996,4:23 PM,On Agreeing to the Conference Report,Telecommunications Reform Act,Passed,236,0,0,0,178,15,0,4,0,1,0,0,414,16,0,4
26,R,104,MOTION,1-Feb-1996,5:10 PM,Table the Appeal of the Ruling of the Chair,None,Passed,227,0,0,8,2,187,0,8,0,0,0,1,229,187,0,17
27,R,104,MOTION,1-Feb-1996,5:46 PM,Table the Appeal of the Ruling of the Chair,None,Passed,223,0,0,12,6,181,0,10,0,0,0,1,229,181,0,23
28,R,104,H RES 355,1-Feb-1996,7:22 PM,On Ordering the Previous Question,Providing for the consideration of H.R. 2924; Social Security Benefits,Passed,226,0,0,9,3,178,0,16,0,0,0,1,229,178,0,26
29,R,104,H CON RES 141,1-Feb-1996,7:48 PM,On Agreeing to the Resolution,Providing for the adjournment of the two Houses,Passed,207,16,0,13,0,183,0,14,0,0,0,1,207,199,0,28
30,R,104,H R 2924,1-Feb-1996,8:18 PM,On Passage,Social Security Benefits,Passed,217,0,0,18,179,0,0,18,0,0,0,1,396,0,0,37
31,R,104,H RES 366,28-Feb-1996,12:49 PM,On Ordering the Previous Question,"Providing for the consideration of H.R. 2854, Agricutural Market Transition Act",Passed,223,4,0,8,5,177,0,13,0,1,0,0,228,182,0,21
32,R,104,H RES 366,28-Feb-1996,1:06 PM,On Agreeing to the Resolution,"Providing for the consideration of H.R. 2854, Agricutural Market Transition Act",Passed,225,6,0,4,19,161,0,15,0,1,0,0,244,168,0,19
33,R,104,H R 2854,28-Feb-1996,5:24 PM,On Agreeing to the Amendment,None,Failed,102,130,0,3,65,122,0,8,0,1,0,0,167,253,0,11
34,R,104,H R 2854,28-Feb-1996,6:43 PM,On Agreeing to the Amendment,None,Failed,125,108,0,2,84,103,0,8,0,1,0,0,209,212,0,10
35,R,104,H R 2854,28-Feb-1996,8:33 PM,On Agreeing to the Amendment,None,Failed,133,102,0,0,75,114,1,5,0,1,0,0,208,217,1,5
36,R,104,H R 2854,28-Feb-1996,9:57 PM,On Agreeing to the Amendment,None,Agreed to,149,85,1,0,109,78,0,8,0,1,0,0,258,164,1,8
37,R,104,H R 2854,29-Feb-1996,10:10 AM,On Agreeing to the Amendment,None,Agreed to,191,35,0,9,180,2,0,13,1,0,0,0,372,37,0,22
38,R,104,H R 2854,29-Feb-1996,11:30 AM,On Agreeing to the Amendment,None,Failed,4,229,0,2,158,31,0,6,1,0,0,0,163,260,0,8
39,R,104,H R 2854,29-Feb-1996,12:25 PM,On Agreeing to the Amendment,None,Agreed to,156,79,0,1,142,45,0,8,1,0,0,0,299,124,0,9
40,R,104,H R 2854,29-Feb-1996,1:47 PM,On Agreeing to the Amendment,None,Failed,1,233,0,1,161,25,0,9,1,0,0,0,163,258,0,10
41,R,104,H R 2854,29-Feb-1996,2:26 PM,On Motion to Recommit with Instructions,Agricultural Market Transition Act,Failed,10,224,0,1,145,43,0,7,1,0,0,0,156,267,0,8
42,R,104,H R 2854,29-Feb-1996,2:44 PM,On Passage,Agricultural Market Transition Act,Passed,216,19,0,0,54,135,0,6,0,1,0,0,270,155,0,6
43,R,104,H R 956,29-Feb-1996,4:06 PM,Motion to Instruct Conferees,Product Liability Reform,Passed,82,141,0,12,173,1,0,21,1,0,0,0,256,142,0,33
44,R,104,H R 2778,5-Mar-1996,3:23 PM,"Suspend the rules and pass, as amended",Tax Treatment for Individuals Performing Services in Certain Hazardous Duty Areas,Passed,231,0,0,4,184,0,0,11,1,0,0,0,416,0,0,15
45,R,104,JOURNAL,6-Mar-1996,11:55 AM,On Approving the Journal,None,Passed,209,17,0,9,136,48,2,9,1,0,0,0,346,65,2,18
46,R,104,H RES 370,6-Mar-1996,1:34 PM,On Agreeing to the Resolution,Waiving points of order against the conference report to accompany H.R. 927; Cuban Liberty and Democratic Solidarity Act,Passed,226,0,0,9,121,66,0,8,0,1,0,0,347,67,0,17
47,R,104,H R 927,6-Mar-1996,3:13 PM,On Agreeing to the Conference Report,Cuban Liberty and Democratic Solidarity Act,Passed,230,5,0,1,106,80,1,8,0,1,0,0,336,86,1,9
48,R,104,H R 3021,7-Mar-1996,11:45 AM,On Passage,Debt Limit Extension,Passed,183,45,0,7,178,6,0,11,1,0,0,0,362,51,0,18
49,R,104,H RES 372,7-Mar-1996,1:18 PM,On Agreeing to the Amendment,None,Agreed to,225,0,0,10,3,182,0,10,0,1,0,0,228,183,0,20
50,R,104,H RES 372,7-Mar-1996,1:26 PM,On Agreeing to the Resolution,Providing for consideration of H.R. 3019; Omnibus Appropriations for Fiscal Year 1996,Passed,220,2,0,13,15,172,0,8,0,1,0,0,235,175,0,21
51,R,104,H R 3019,7-Mar-1996,3:38 PM,On Agreeing to the Amendment,None,Failed,49,183,0,3,148,39,0,8,1,0,0,0,198,222,0,11
52,R,104,H R 3019,7-Mar-1996,4:29 PM,On Agreeing to the Amendment,None,Agreed to,203,31,0,2,8,177,0,10,0,1,0,0,211,209,0,12
53,R,104,H R 3019,7-Mar-1996,5:18 PM,On Agreeing to the Amendment,None,Agreed to,214,17,0,4,115,71,0,9,0,1,0,0,329,89,0,13
54,R,104,H R 3019,7-Mar-1996,5:49 PM,On Motion to Recommit with Instructions,Omnibus Appropriations for Fiscal Year 1996,Failed,0,226,0,9,181,2,0,12,1,0,0,0,182,228,0,21
55,R,104,H R 3019,7-Mar-1996,6:06 PM,On Passage,Omnibus Appropriations for Fiscal Year 1996,Passed,207,21,0,8,2,184,0,9,0,1,0,0,209,206,0,17
56,R,104,H RES 375,12-Mar-1996,5:49 PM,On Agreeing to the Resolution,"Waiving points of order against the conference report on H.R. 1561, American Overseas Interests Act",Passed,224,0,0,11,2,179,0,14,0,1,0,0,226,180,0,25
57,R,104,H J RES 78,12-Mar-1996,6:10 PM,"On Motion to Suspend the Rules and Pass, as Amended",Bi-State Development Agency Authority,Passed,223,0,0,12,181,0,0,14,1,0,0,0,405,0,0,26
58,R,104,H CON RES 149,12-Mar-1996,6:19 PM,"On Motion to Suspend the Rules and Agree, as Amended",Condemning Terror Attacks in Israel,Passed,224,0,0,11,181,0,0,14,1,0,0,0,406,0,0,25
59,R,104,H R 1561,12-Mar-1996,7:47 PM,On Agreeing to the Conference Report,American Overseas Interests Act,Passed,217,6,0,12,9,165,0,21,0,1,0,0,226,172,0,33
60,R,104,H RES 380,13-Mar-1996,12:20 PM,On Agreeing to the Resolution,Providing for consideration of H.R. 2703; Anti-Terrorism Act,Passed,221,6,0,8,30,150,0,15,0,1,0,0,251,157,0,23
61,R,104,H R 2703,13-Mar-1996,3:13 PM,On Agreeing to the Amendment,None,Agreed to,178,54,0,3,67,117,0,11,1,0,0,0,246,171,0,14
62,R,104,H J RES 163,14-Mar-1996,12:00 PM,On Passage,Making further continuing appropriations for F.Y. 1996,Passed,230,1,0,4,8,177,0,10,0,1,0,0,238,179,0,14
63,R,104,JOURNAL,14-Mar-1996,12:20 PM,On Approving the Journal,None,Passed,209,18,0,8,126,55,1,13,1,0,0,0,336,73,1,21
64,R,104,H R 2703,14-Mar-1996,12:56 PM,On Agreeing to the Amendment,None,Failed,12,218,0,5,122,65,0,8,1,0,0,0,135,283,0,13
65,R,104,H R 2703,14-Mar-1996,2:31 PM,On Agreeing to the Amendment,None,Failed,2,233,0,0,126,61,0,8,1,0,0,0,129,294,0,8
66,R,104,H R 2703,14-Mar-1996,2:53 PM,On Passage,To Combat Terrorism,Passed,176,58,0,2,53,132,0,10,0,1,0,0,229,191,0,12
67,R,104,H R 2854,14-Mar-1996,3:23 PM,Motion to Instruct Conferees,Agricultural Market Transition Act,Passed,228,0,0,7,183,0,0,12,1,0,0,0,412,0,0,19
68,R,104,H RES 384,19-Mar-1996,5:36 PM,On Ordering the Previous Question,"Providing for the consideration of H.R. 2202, Immigration and National Interest Act",Passed,218,1,0,16,15,150,0,30,0,1,0,0,233,152,0,46
69,R,104,H R 2937,19-Mar-1996,5:56 PM,"Suspend the rules and pass, as amended",White House Travel Office Employees,Passed,201,21,0,13,148,22,0,25,1,0,0,0,350,43,0,38
70,R,104,H CON RES 148,19-Mar-1996,6:10 PM,"Suspend the Rules and Agree, as amended",Taiwan Defense,Passed,217,3,0,15,151,11,7,26,1,0,0,0,369,14,7,41
71,R,104,H R 2202,20-Mar-1996,12:03 PM,On Agreeing to the Amendment,None,Failed,4,223,0,8,116,67,0,12,0,1,0,0,120,291,0,20
72,R,104,H R 2202,20-Mar-1996,12:15 PM,On Agreeing to the Amendment,None,Failed,100,129,0,6,91,91,0,13,0,1,0,0,191,221,0,19
73,R,104,H R 2202,20-Mar-1996,4:34 PM,On Agreeing to the Amendment,None,Failed,161,71,0,3,9,178,0,8,0,1,0,0,170,250,0,11
74,R,104,H R 2202,20-Mar-1996,4:44 PM,On Agreeing to the Amendment,None,Failed,21,211,0,3,129,58,0,8,1,0,0,0,151,269,0,11
75,R,104,H R 2202,20-Mar-1996,5:02 PM,On Agreeing to the Amendment,None,Agreed to,213,20,0,3,44,142,0,9,0,1,0,0,257,163,0,12
76,R,104,H R 2202,20-Mar-1996,5:13 PM,On Agreeing to the Amendment,None,Failed,79,152,0,4,79,108,0,8,1,0,0,0,159,260,0,12
77,R,104,H R 2202,20-Mar-1996,6:47 PM,On Agreeing to the Amendment,None,Failed,43,187,0,5,43,143,0,9,0,1,0,0,86,331,0,14
78,R,104,H R 2202,20-Mar-1996,9:02 PM,On Agreeing to the Amendment,None,Agreed to,182,50,0,4,28,156,0,11,0,1,0,0,210,207,0,15
79,R,104,H R 2202,20-Mar-1996,9:11 PM,On Agreeing to the Amendment,None,Agreed to,217,15,0,3,141,44,0,10,1,0,0,0,359,59,0,13
80,R,104,H RES 386,21-Mar-1996,11:59 AM,On Ordering the Previous Question,"Providing for the consideration of H.J. Res. 165, Further Continuing Appropriations, FY 1996",Passed,232,0,0,3,2,186,0,7,0,1,0,0,234,187,0,10
81,R,104,H RES 386,21-Mar-1996,12:08 PM,On Agreeing to the Resolution,"Providing for the consideration of H.J. Res. 165, Further Continuing Appropriations, FY 1996",Passed,232,0,0,3,5,182,0,8,0,1,0,0,237,183,0,11
82,R,104,H J RES 165,21-Mar-1996,1:54 PM,On Motion to Recommit with Instructions,"Further Continuing Appropriations, FY 1996",Failed,2,230,0,3,189,0,0,6,1,0,0,0,192,230,0,9
83,R,104,H J RES 165,21-Mar-1996,2:06 PM,On Passage,"Further Continuing Appropriations, FY 1996",Passed,231,3,0,1,13,176,0,6,0,1,0,0,244,180,0,7
84,R,104,H R 2202,21-Mar-1996,4:00 PM,On Agreeing to the Amendment,None,Agreed to,75,158,0,2,162,25,0,8,1,0,0,0,238,183,0,10
85,R,104,H R 2202,21-Mar-1996,6:08 PM,On Agreeing to the Amendment,None,Failed,157,76,0,2,23,165,0,7,0,1,0,0,180,242,0,9
86,R,104,H R 2202,21-Mar-1996,7:26 PM,On Agreeing to the Amendment,None,Failed,54,177,0,4,5,179,0,11,0,1,0,0,59,357,0,15
87,R,104,H R 2202,21-Mar-1996,7:35 PM,On Agreeing to the Amendment,None,Failed,134,98,0,3,20,163,0,12,0,1,0,0,154,262,0,15
88,R,104,H R 2202,21-Mar-1996,8:05 PM,On Motion to Recommit with Instructions,Immigration Act of 1995,Failed,14,219,0,2,173,12,0,10,1,0,0,0,188,231,0,12
89,R,104,H R 2202,21-Mar-1996,8:13 PM,On Passage,Immigration Act of 1995,Passed,228,6,0,2,105,80,0,10,0,1,0,0,333,87,0,12
90,R,104,H R 3019,21-Mar-1996,8:49 PM,On Motion to Instruct Conferees,Omnibus Appropriations for Fiscal Year 1996,Failed,20,205,0,10,173,2,0,20,1,0,0,0,194,207,0,30
91,R,104,H RES 388,22-Mar-1996,12:06 PM,On Agreeing to the Resolution,"Providing for the consideration of H.R.125, Crime Enforcement and Second Amendment Restoration Act",Passed,191,34,0,10,53,131,0,11,0,1,0,0,244,166,0,21
92,R,104,H R 125,22-Mar-1996,2:01 PM,On Passage,Gun Crime Enforcement and Second Amendment Restoration Act,Passed,183,42,0,10,56,130,0,9,0,1,0,0,239,173,0,19
93,R,104,H RES 389,27-Mar-1996,6:32 PM,On Agreeing to the Resolution,Providing for the consideration of the Senate amendments to the bill (H.R. 1833) to ban partial birth abortions,Passed,217,13,0,5,52,134,0,9,0,1,0,0,269,148,0,14
94,R,104,H R 1833,27-Mar-1996,8:08 PM,Agree to Senate Amendments,Partial-Birth Abortion Ban,Passed,214,15,0,6,72,113,1,9,0,1,0,0,286,129,1,15
95,R,104,H RES 379,27-Mar-1996,8:27 PM,Suspend the rules and agree,Eighth Anniversary of the Massacre of the Kurds,Passed,228,0,0,7,180,0,0,15,1,0,0,0,409,0,0,22
96,R,104,H CON RES 102,27-Mar-1996,8:36 PM,Suspend the rules and agree,Condemn Iranian Treatment of Baha’is,Passed,227,0,0,8,180,0,0,15,1,0,0,0,408,0,0,23
97,R,104,H RES 391,28-Mar-1996,12:14 PM,On Ordering the Previous Question,Providing for consideration of H.R. 3136; Debt Limit Extension,Passed,227,1,0,7,5,178,0,12,0,1,0,0,232,180,0,19
98,R,104,H RES 391,28-Mar-1996,12:24 PM,"On agreeing to the resolution, as amended",Providing for consideration of H.R. 3136; Debt Limit Extension,Passed,221,3,0,11,11,173,0,11,0,1,0,0,232,177,0,22
99,R,104,MOTION,28-Mar-1996,2:53 PM,Table Appeal of the Ruling of the Chair,None,Passed,231,0,0,4,1,184,0,10,0,1,0,0,232,185,0,14
100,R,104,H R 3136,28-Mar-1996,3:37 PM,Consideration of Motion to Recommit With Instructions,Debt Limit Extension,Failed,7,223,0,5,184,5,0,6,1,0,0,0,192,228,0,11
101,R,104,H R 3136,28-Mar-1996,4:14 PM,On Motion to Recommit with Instructions,Debt Limit Extension,Failed,13,215,0,7,146,40,0,9,0,1,0,0,159,256,0,16
102,R,104,H R 3136,28-Mar-1996,4:32 PM,On Passage,Debt Limit Extension,Passed,201,30,0,4,127,60,0,8,0,1,0,0,328,91,0,12
103,R,104,H RES 392,28-Mar-1996,6:09 PM,On Ordering the Previous Question,"Providing for the consideration of H.R. 3103, Health Coverage Availabilty and Affordability Act",Passed,228,2,0,5,1,183,0,11,0,1,0,0,229,186,0,16
104,R,104,H R 3103,28-Mar-1996,10:25 PM,On Agreeing to the Amendment,None,Failed,10,221,0,5,181,5,0,9,1,0,0,0,192,226,0,14
105,R,104,H R 3103,28-Mar-1996,10:57 PM,On Motion to Recommit with Instructions,Health Coverage Availability and Affordability Act,Failed,3,227,0,5,178,9,0,8,1,0,0,0,182,236,0,13
106,R,104,H R 3103,28-Mar-1996,11:05 PM,On Passage,Health Coverage Availability and Affordability Act,Passed,229,1,0,6,38,149,0,8,0,1,0,0,267,151,0,14
107,R,104,H R 2854,29-Mar-1996,12:36 AM,On Agreeing to the Conference Report,Agricultural Market Transition Act,Passed,211,17,0,7,106,72,0,17,1,0,0,0,318,89,0,24
108,R,104,H RES 394,29-Mar-1996,11:42 AM,On Ordering the Previous Question,Waiving points of order against the conference report to accompany H.R. 956; Product Liability Reform Act,Passed,227,1,0,7,10,171,0,14,0,1,0,0,237,173,0,21
109,R,104,JOURNAL,29-Mar-1996,11:59 AM,On Approving the Journal,None,Passed,220,6,0,9,103,77,1,14,0,0,0,1,323,83,1,24
110,R,104,H R 956,29-Mar-1996,1:43 PM,On Agreeing to the Conference Report,Product Liability Reform,Passed,224,5,0,6,35,152,0,8,0,1,0,0,259,158,0,14
111,R,104,H RES 395,15-Apr-1996,6:03 PM,On Ordering the Previous Question,"Providing for the consideration of H.J. Res. 159, proposing an amendment to the Constitution of the U.S. to require two-thirds majorities for bills increasing taxes",Passed,223,0,0,12,9,167,0,19,0,1,0,0,232,168,0,31
112,R,104,H RES 395,15-Apr-1996,6:20 PM,Table the Motion to Reconsider,"Providing for the consideration of H.J. Res. 159, proposing an amendment to the Constitution of the U.S. to require two-thirds majorities for bills increasing taxes",Passed,224,0,0,11,8,168,0,19,0,1,0,0,232,169,0,30
113,R,104,H RES 395,15-Apr-1996,6:29 PM,On Agreeing to the Resolution,"Providing for the consideration of H.J. Res. 159, proposing an amendment to the Constitution of the U.S. to require two-thirds majorities for bills increasing taxes",Passed,223,0,0,12,11,161,0,23,0,1,0,0,234,162,0,35
114,R,104,H RES 395,15-Apr-1996,6:47 PM,Table the Motion to Reconsider,"Providing for the consideration of H.J. Res. 159, proposing an amendment to the Constitution of the U.S. to require two-thirds majorities for bills increasing taxes",Passed,223,0,0,12,10,163,0,22,0,1,0,0,233,164,0,34
115,R,104,MOTION,15-Apr-1996,7:06 PM,"Consideration of H.J. Res. 159, as Amended",None,Passed,226,0,0,9,15,156,0,24,0,1,0,0,241,157,0,33
116,R,104,MOTION,15-Apr-1996,7:23 PM,table motion to reconsider,None,Passed,223,0,0,12,13,156,0,26,0,1,0,0,236,157,0,38
117,R,104,H J RES 159,15-Apr-1996,11:31 PM,On Passage,Proposing an amendment to the Constitution of the U.S. to require two-thirds majorities for bills increasing taxes,Failed,219,16,0,1,24,160,0,11,0,1,0,0,243,177,0,12
118,R,104,JOURNAL,16-Apr-1996,11:27 AM,On Approving the Journal,None,Passed,210,14,0,11,124,53,1,17,1,0,0,0,335,67,1,28
119,R,104,H R 2337,16-Apr-1996,3:04 PM,"Suspend the rules and pass, as amended",Taxpayer Bill of Rights Act,Passed,233,0,0,2,191,0,0,5,1,0,0,0,425,0,0,7
120,R,104,H RES 316,16-Apr-1996,3:14 PM,Suspend the rules and agree,Condemn Holocaust Doubters,Passed,229,0,0,6,190,0,0,6,1,0,0,0,420,0,0,12
121,R,104,H R 842,17-Apr-1996,4:06 PM,On Agreeing to the Amendment,None,Failed,100,135,0,0,29,162,0,5,0,1,0,0,129,298,0,5
122,R,104,H R 842,17-Apr-1996,4:40 PM,On Passage,Truth in Budgeting Act,Passed,162,72,0,1,121,71,0,4,1,0,0,0,284,143,0,5
123,R,104,H RES 406,18-Apr-1996,12:03 PM,On Agreeing to the Resolution,Tribute to Ronald H. Brown,Passed,233,0,0,3,189,0,0,7,1,0,0,0,423,0,0,10
124,R,104,H RES 405,18-Apr-1996,1:14 PM,On Ordering the Previous Question,Waiving points of order against the conference report to accompany S. 735; Anti-Terrorism Act,Passed,228,2,0,5,46,145,0,5,0,1,0,0,274,148,0,10
125,R,104,H RES 405,18-Apr-1996,1:24 PM,On Agreeing to the Resolution,Waiving points of order against the conference report to accompany S. 735; Anti-Terrorism Act,Passed,220,5,0,10,69,119,0,8,0,1,0,0,289,125,0,18
126,R,104,S 735,18-Apr-1996,2:57 PM,On Agreeing to the Conference Report,Anti-Terrorism Act,Passed,188,46,0,2,105,86,0,5,0,1,0,0,293,133,0,7
127,R,104,H R 1965,23-Apr-1996,5:44 PM,"Suspend Rules and Pass, As Amended",Coastal Zone Management Act of 1972 Reauthorization,Passed,225,0,0,10,181,0,0,15,1,0,0,0,407,0,0,25
128,R,104,H R 2160,23-Apr-1996,5:54 PM,"Suspend Rules and Pass, As Amended",Cooperative Fisheries Management Act,Passed,224,0,0,11,181,0,0,15,1,0,0,0,406,0,0,26
129,R,104,H J RES 175,24-Apr-1996,12:22 PM,On Passage,Making further continuing appropriations for F.Y. 1996,Passed,223,5,0,7,176,9,0,11,1,0,0,0,400,14,0,18
130,R,104,H R 2715,24-Apr-1996,1:32 PM,On Passage,Paperwork Elimination Act of 1996,Passed,227,0,0,8,190,0,0,6,1,0,0,0,418,0,0,14
131,R,104,H R 1675,24-Apr-1996,4:56 PM,On Passage,National Wildlife Refuge Act,Passed,214,18,0,3,73,119,0,4,0,1,0,0,287,138,0,7
132,R,104,JOURNAL,25-Apr-1996,10:25 AM,On Approving the Journal,None,Passed,202,16,0,17,135,40,1,20,1,0,0,0,338,56,1,37
133,R,104,H RES 412,25-Apr-1996,12:55 PM,On Ordering the Previous Question,Waiving a requirement of clause 4(b) of rule XI with respect to consideration of certain resolutions from the Committee on Rules,Passed,216,13,0,6,4,186,0,7,0,1,0,0,220,200,0,13
134,R,104,H RES 412,25-Apr-1996,1:12 PM,On Agreeing to the Resolution,Waiving a requirement of clause 4(b) of rule XI with respect to consideration of certain resolutions from the Committee on Rules,Passed,228,3,0,4,58,131,0,8,0,1,0,0,286,135,0,12
135,R,104,H R 3019,25-Apr-1996,4:53 PM,On Agreeing to the Conference Report,Omnibus Appropriations for Fiscal Year 1996,Passed,214,20,0,2,184,5,0,8,1,0,0,0,399,25,0,10
136,R,104,H R 1561,30-Apr-1996,6:36 PM,"Passage, Objection of the President Notwithstanding",American Overseas Interests Act,Failed,229,3,0,3,5,184,0,8,0,1,0,0,234,188,0,11
137,R,104,H R 3008,30-Apr-1996,6:57 PM,Suspend the rules and pass,Helium Privatization Act of 1995,Passed,229,2,0,4,181,8,0,8,1,0,0,0,411,10,0,12
138,R,104,H R 1823,30-Apr-1996,7:07 PM,"Suspend the rules and pass, as amended",Central Utah Project Completion Act,Passed,228,0,0,7,183,0,0,14,1,0,0,0,412,0,0,21
139,R,104,JOURNAL,1-May-1996,12:01 PM,On Approving the Journal,None,Passed,210,19,0,6,148,32,1,16,0,0,0,1,358,51,1,23
140,R,104,H RES 418,1-May-1996,1:27 PM,On Ordering the Previous Question,"Providing for the consideration of H.R. 2641, United States Marshals Service Improvement Act",Passed,218,12,0,5,1,190,0,6,0,1,0,0,219,203,0,11
141,R,104,H R 2641,1-May-1996,2:29 PM,On Passage,United States Marshals Service Improvement Act,Passed,228,2,0,5,123,69,0,5,0,1,0,0,351,72,0,10
142,R,104,H RES 419,1-May-1996,3:26 PM,On Agreeing to the Resolution,Providing for consideration of H. R. 2149; Ocean Shipping Reform Act,Passed,231,0,0,4,190,0,0,7,1,0,0,0,422,0,0,11
143,R,104,H R 2149,1-May-1996,5:55 PM,On Agreeing to the Amendment,None,Failed,15,214,0,6,181,10,0,6,1,0,0,0,197,224,0,12
144,R,104,H R 2149,1-May-1996,6:25 PM,On Passage,Ocean Shipping Reform Act,Passed,219,9,0,7,20,172,0,5,0,1,0,0,239,182,0,12
145,R,104,S 641,1-May-1996,7:33 PM,On Agreeing to the Conference Report,Ryan White Care Act Amendments,Passed,217,4,0,14,184,0,0,13,1,0,0,0,402,4,0,27
146,R,104,H R 2974,7-May-1996,7:18 PM,On Agreeing to the Amendment,None,Agreed to,225,0,0,10,185,4,0,8,1,0,0,0,411,4,0,18
147,R,104,H R 2974,7-May-1996,9:23 PM,On Agreeing to the Amendment,None,Failed,3,222,0,10,38,147,0,12,0,1,0,0,41,370,0,22
148,R,104,H R 2974,7-May-1996,9:43 PM,On Passage,Crimes Against Children and Elderly Persons Increased Punishment Act,Passed,230,0,0,5,183,4,0,10,1,0,0,0,414,4,0,15
149,R,104,H R 2137,7-May-1996,10:05 PM,"On Motion to Suspend the Rules and Pass, as Amended",Megan’s Law,Passed,230,0,0,5,187,0,0,10,1,0,0,0,418,0,0,15
150,R,104,H RES 416,8-May-1996,12:56 PM,On Ordering the Previous Question,Establishing a select subcomittee of the Committee on International Relations to investigate the U. S. role in Iranian arms transfers to Croatia and Bosnia,Passed,226,0,0,9,1,186,0,10,0,1,0,0,227,187,0,19
151,R,104,H RES 416,8-May-1996,1:05 PM,On Agreeing to the Resolution,Establishing a select subcomittee of the Committee on International Relations to investigate the U. S. role in Iranian arms transfers to Croatia and Bosnia,Passed,221,0,0,14,3,186,0,8,0,1,0,0,224,187,0,22
152,R,104,H RES 417,8-May-1996,2:36 PM,On Agreeing to the Resolution,Providing amounts for the expenses of the Select Subcomittee on the U. S. role in Iranian Arms Transfers to Croatia and Bosnia of the Committee on International Relations,Passed,224,8,0,4,1,194,0,2,0,1,0,0,225,203,0,6
153,R,104,H RES 426,8-May-1996,4:14 PM,On Ordering the Previous Question,"Providing for the consideration of H.R. 2406, U.S. Housing Act of 1996",Passed,216,14,0,6,2,193,0,2,0,1,0,0,218,208,0,8
154,R,104,H R 2406,8-May-1996,9:59 PM,On Agreeing to the Amendment,None,Failed,11,215,0,9,146,39,0,12,1,0,0,0,158,254,0,21
155,R,104,MOTION,9-May-1996,11:08 AM,Committees to sit,None,Passed,226,0,0,9,4,181,0,12,0,1,0,0,230,182,0,21
156,R,104,H R 2406,9-May-1996,1:01 PM,On Agreeing to the Amendment,None,Failed,17,211,0,7,178,11,0,8,1,0,0,0,196,222,0,15
157,R,104,H R 2406,9-May-1996,5:07 PM,On Agreeing to the Amendment,None,Failed,3,225,0,7,122,72,0,3,1,0,0,0,126,297,0,10
158,R,104,H R 2406,9-May-1996,5:18 PM,On Agreeing to the Amendment,None,Failed,15,214,0,6,91,103,0,3,0,1,0,0,106,318,0,9
159,R,104,H R 2406,9-May-1996,5:40 PM,On Agreeing to the Amendment,None,Agreed to,183,46,0,6,191,2,0,4,1,0,0,0,375,48,0,10
160,R,104,H R 2406,9-May-1996,6:14 PM,On Motion to Recommit with Instructions,United States Housing Act of 1996,Failed,15,214,0,6,180,12,0,5,1,0,0,0,196,226,0,11
161,R,104,H R 2406,9-May-1996,6:23 PM,On Passage,United States Housing Act of 1996,Passed,224,4,0,7,91,102,0,4,0,1,0,0,315,107,0,11
162,R,104,H R 956,9-May-1996,8:11 PM,"Passage, Objections of the President Notwithstanding",Product Liability Reform,Failed,225,5,0,6,33,157,0,7,0,1,0,0,258,163,0,13
163,R,104,JOURNAL,10-May-1996,10:48 AM,On Approving the Journal,None,Passed,197,21,0,17,119,50,1,27,1,0,0,0,317,71,1,44
164,R,104,H R 3286,10-May-1996,11:56 AM,On Agreeing to the Amendment,None,Failed,46,177,0,12,148,35,0,14,1,0,0,0,195,212,0,26
165,R,104,H R 3286,10-May-1996,12:16 PM,On Passage,Adoption Promotion and Stability Act,Passed,222,1,0,12,170,14,0,13,1,0,0,0,393,15,0,25
166,R,104,H RES 430,10-May-1996,1:47 PM,On Agreeing to the Resolution,Providing for consideration of H.R. 3230; Defense Authorization for F.Y. 1997,Passed,197,13,0,25,38,135,0,24,0,1,0,0,235,149,0,49
167,R,104,H R 3230,14-May-1996,7:43 PM,On Agreeing to the Amendment,None,Failed,38,189,0,8,153,36,0,8,1,0,0,0,192,225,0,16
168,R,104,H R 3230,14-May-1996,8:46 PM,On Agreeing to the Amendment,None,Agreed to,172,53,0,10,180,9,0,8,1,0,0,0,353,62,0,18
169,R,104,H RES 303,15-May-1996,11:37 AM,On Ordering the Previous Question,Providing for the consideration of H.R. 1745,Passed,217,11,0,7,4,185,0,8,0,1,0,0,221,197,0,15
170,R,104,H R 3230,15-May-1996,1:16 PM,On Agreeing to the Amendment,None,Failed,196,33,0,6,6,186,0,5,0,1,0,0,202,220,0,11
171,R,104,H R 3230,15-May-1996,1:50 PM,On Agreeing to the Amendment,None,Agreed to,223,6,0,6,26,164,0,7,0,1,0,0,249,171,0,13
172,R,104,H R 3230,15-May-1996,2:39 PM,On Agreeing to the Amendment,None,Failed,44,187,0,4,38,155,0,4,0,1,0,0,82,343,0,8
173,R,104,H R 3230,15-May-1996,3:55 PM,On Motion to Recommit with Instructions,"Department of Defense Authorization, FY 1997",Failed,2,228,0,5,182,12,0,3,1,0,0,0,185,240,0,8
174,R,104,H R 3230,15-May-1996,4:06 PM,On Passage,"Department of Defense Authorization, FY 1997",Passed,197,34,0,4,75,118,0,4,0,1,0,0,272,153,0,8
175,R,104,H RES 435,16-May-1996,11:00 AM,On Ordering the Previous Question,"Providing for the further consideration of H. Con. Res. 178, Congressional Budget for the U.S. Government",Passed,226,3,0,6,1,192,0,4,0,1,0,0,227,196,0,10
176,R,104,H CON RES 178,16-May-1996,12:41 PM,On Agreeing to the Amendment,None,Failed,0,229,0,6,62,133,0,2,1,0,0,0,63,362,0,8
177,R,104,H CON RES 178,16-May-1996,2:15 PM,On Agreeing to the Amendment,None,Failed,20,209,0,6,110,85,0,2,0,1,0,0,130,295,0,8
178,R,104,H CON RES 178,16-May-1996,3:49 PM,On Agreeing to the Amendment,None,Failed,1,225,0,9,116,78,0,3,0,1,0,0,117,304,0,12
179,R,104,H CON RES 178,16-May-1996,4:48 PM,On Agreeing to the Resolution,Congressional Budget For U.S. Government,Passed,221,4,0,10,5,190,0,2,0,1,0,0,226,195,0,12
180,R,104,H RES 436,21-May-1996,5:26 PM,On Ordering the Previous Question,Providing for the consideration of H.R. 3415; Gas Tax Increase Repeal,Passed,220,0,0,15,1,180,0,16,0,1,0,0,221,181,0,31
181,R,104,H R 3415,21-May-1996,7:15 PM,On Motion to Recommit with Instructions,Gas Tax Increase Repeal,Failed,1,221,0,13,181,4,0,12,1,0,0,0,183,225,0,25
182,R,104,H R 3415,21-May-1996,7:35 PM,On Passage,Gas Tax Increase Repeal,Passed,208,15,0,12,92,93,0,12,1,0,0,0,301,108,0,24
183,R,104,H CON RES 167,21-May-1996,7:44 PM,Suspend the Rules and Agree,10th Anniversary of the Chornobyl Disaster,Passed,221,0,0,14,182,0,0,15,1,0,0,0,404,0,0,29
184,R,104,H R 3259,22-May-1996,2:21 PM,"On Agreeing to the Amendment, As Amended",None,Agreed to,222,6,0,7,194,0,0,3,1,0,0,0,417,6,0,10
185,R,104,H R 3259,22-May-1996,2:39 PM,On Agreeing to the Amendment,None,Failed,22,209,0,4,92,102,0,3,1,0,0,0,115,311,0,7
186,R,104,H R 3259,22-May-1996,2:48 PM,On Agreeing to the Amendment,None,Failed,18,210,0,7,157,38,0,2,1,0,0,0,176,248,0,9
187,R,104,H R 3259,22-May-1996,3:45 PM,On Agreeing to the Amendment,None,Failed,37,193,0,5,154,42,0,1,1,0,0,0,192,235,0,6
188,R,104,H R 3259,22-May-1996,4:54 PM,On Agreeing to the Amendment,None,Failed,18,213,0,4,118,79,0,0,1,0,0,0,137,292,0,4
189,R,104,H RES 440,22-May-1996,6:40 PM,On Agreeing to the Resolution,Providing for consideration of H.R. 3448; Small Business Job Protection Act and H.R. 1227; Employee Commuting Flexibility Act,Passed,219,14,0,3,0,196,0,1,0,1,0,0,219,211,0,4
190,R,104,H R 3448,22-May-1996,8:16 PM,On Passage,Small Business Job Protection Act of 1996,Passed,227,0,0,8,186,10,0,1,1,0,0,0,414,10,0,9
191,R,104,MOTION,23-May-1996,11:02 AM,Question of consideration of the amendment,None,Passed,76,156,0,3,190,5,0,2,1,0,0,0,267,161,0,5
192,R,104,H R 1227,23-May-1996,1:19 PM,On Agreeing to the Amendment,None,Agreed to,77,156,0,2,188,6,0,3,1,0,0,0,266,162,0,5
193,R,104,H R 1227,23-May-1996,2:56 PM,"On agreeing to Subsecs. A, B, & C of the Amendment",None,Agreed to,212,20,0,3,27,167,0,3,0,1,0,0,239,188,0,6
194,R,104,H R 1227,23-May-1996,3:16 PM,On Agreeing to Subsection D of the Amendment,None,Failed,189,43,0,3,7,185,0,5,0,1,0,0,196,229,0,8
195,R,104,H R 1227,23-May-1996,3:35 PM,On Passage,Employee Commuting Act,Passed,93,138,0,4,187,6,0,4,1,0,0,0,281,144,0,8
196,R,104,H R 3322,29-May-1996,6:55 PM,On Agreeing to the Amendment,None,Failed,0,228,0,7,169,15,0,13,1,0,0,0,170,243,0,20
197,R,104,H R 3322,29-May-1996,7:02 PM,On Agreeing to the Amendment,None,Failed,1,225,0,9,175,9,0,13,0,1,0,0,176,235,0,22
198,R,104,H R 3322,29-May-1996,7:47 PM,On Agreeing to the Amendment,None,Agreed to,188,31,0,16,150,27,1,19,1,0,0,0,339,58,1,35
199,R,104,JOURNAL,30-May-1996,10:23 AM,On Approving the Journal,None,Passed,200,21,0,14,124,45,1,27,1,0,0,0,325,66,1,41
200,R,104,H R 3517,30-May-1996,1:00 PM,On Agreeing to the Amendment,None,Failed,38,188,0,9,82,101,0,15,1,0,0,0,121,289,0,24
201,R,104,H R 3517,30-May-1996,1:22 PM,On Passage,"Military Construction Appropriations, FY 1997",Passed,212,15,0,8,156,28,0,14,1,0,0,0,369,43,0,22
202,R,104,H R 3322,30-May-1996,3:11 PM,On Agreeing to the Amendment,None,Failed,1,226,0,8,140,45,0,13,1,0,0,0,142,271,0,21
203,R,104,H R 3322,30-May-1996,3:19 PM,On Agreeing to the Amendment,None,Agreed to,227,0,0,8,126,60,0,12,1,0,0,0,354,60,0,20
204,R,104,H R 3322,30-May-1996,4:01 PM,On Agreeing to the Amendment,None,Failed,8,217,0,10,149,32,0,17,0,1,0,0,157,250,0,27
205,R,104,H R 3322,30-May-1996,5:04 PM,On Agreeing to the Amendment,None,Failed,44,181,0,10,82,105,0,11,1,0,0,0,127,286,0,21
206,R,104,H R 3322,30-May-1996,5:33 PM,On Agreeing to the Amendment,None,Failed,53,173,0,9,92,96,0,10,1,0,0,0,146,269,0,19
207,R,104,H R 3322,30-May-1996,7:01 PM,On Agreeing to the Amendment,None,Failed,25,199,0,11,171,12,0,15,1,0,0,0,197,211,0,26
208,R,104,H R 3322,30-May-1996,7:08 PM,On Agreeing to the Amendment,None,Failed,22,201,0,12,169,8,0,21,1,0,0,0,192,209,0,33
209,R,104,H CON RES 178,30-May-1996,9:18 PM,On Motion to Instruct Conferees,Congressional Budget For U.S. Government,Failed,13,204,0,18,173,1,0,24,1,0,0,0,187,205,0,42
210,R,104,H R 3540,5-Jun-1996,1:27 PM,On Agreeing to the Amendment,None,Agreed to,183,38,0,14,150,39,0,9,1,0,0,0,334,77,0,23
211,R,104,H R 3540,5-Jun-1996,1:37 PM,On Agreeing to the Amendment,None,Failed,154,68,0,13,22,167,0,9,0,1,0,0,176,236,0,22
212,R,104,H R 3540,5-Jun-1996,3:03 PM,On Agreeing to the Amendment,None,Failed,159,69,0,7,25,163,0,10,0,1,0,0,184,233,0,17
213,R,104,H R 3540,5-Jun-1996,3:42 PM,On Agreeing to the Amendment,None,Agreed to,225,1,0,9,189,0,0,9,1,0,0,0,415,1,0,18
214,R,104,H R 3540,5-Jun-1996,6:36 PM,On Agreeing to the Amendment,None,Agreed to,151,78,0,6,149,40,1,8,1,0,0,0,301,118,1,14
215,R,104,H R 3540,5-Jun-1996,10:04 PM,On Agreeing to the Amendment,None,Failed,56,175,0,4,134,56,0,8,1,0,0,0,191,231,0,12
216,R,104,H R 3540,5-Jun-1996,10:12 PM,On Agreeing to the Amendment,None,Agreed to,88,142,0,5,151,39,0,8,1,0,0,0,240,181,0,13
217,R,104,H R 3540,5-Jun-1996,10:20 PM,On Agreeing to the Amendment,None,Agreed to,137,93,0,5,130,60,0,8,1,0,0,0,268,153,0,13
218,R,104,H R 3540,5-Jun-1996,10:28 PM,On Agreeing to the Amendment,None,Failed,97,135,0,3,30,160,0,8,0,1,0,0,127,296,0,11
219,R,104,H RES 446,6-Jun-1996,12:01 PM,On Agreeing to the Resolution,Providing for consideration of H.R. 3562; Waivers for Wisconsin Welfare Plan,Passed,231,0,0,4,131,59,0,8,1,0,0,0,363,59,0,12
220,R,104,H R 3562,6-Jun-1996,2:45 PM,On Agreeing to the Amendment,None,Failed,0,231,0,4,193,2,0,3,1,0,0,0,194,233,0,7
221,R,104,H R 3562,6-Jun-1996,3:07 PM,On Passage,Waivers for Wisconsin Welfare Plan,Passed,229,0,0,6,60,135,0,3,0,1,0,0,289,136,0,9
222,R,104,H R 3364,10-Jun-1996,5:29 PM,"Suspend the Rules and Pass, As Amended","Designating the William J. Nealon U.S, Courthouse",Passed,192,0,1,42,147,0,0,51,1,0,0,0,340,0,1,93
223,R,104,H R 3400,10-Jun-1996,5:38 PM,"Suspend the Rules and Pass, As Amended",Designating the Roman L. Hruska U.S. Courthouse,Passed,191,1,0,43,147,3,0,48,1,0,0,0,339,4,0,91
224,R,104,H R 3060,10-Jun-1996,5:46 PM,On Motion to Suspend the Rules and Pass,Antarctic Environmental Protection Act,Passed,192,4,0,39,159,0,0,39,1,0,0,0,352,4,0,78
225,R,104,JOURNAL,11-Jun-1996,11:20 AM,On Approving the Journal,None,Passed,197,19,0,19,149,31,0,18,1,0,0,0,347,50,0,37
226,R,104,H R 3103,11-Jun-1996,1:15 PM,Motion to Instruct Conferees,Health Coverage Availability and Affordability Act,Failed,6,222,1,6,175,13,1,9,1,0,0,0,182,235,2,15
227,R,104,H R 3540,11-Jun-1996,3:20 PM,On Agreeing to the Amendment,None,Failed,27,204,0,4,121,68,0,9,1,0,0,0,149,272,0,13
228,R,104,H R 3540,11-Jun-1996,3:46 PM,On Passage,Foreign Operations Appropriations for F.Y. 1997,Passed,199,31,0,5,167,25,0,6,0,1,0,0,366,57,0,11
229,R,104,JOURNAL,12-Jun-1996,10:57 AM,On Approving the Journal,None,Passed,197,23,0,15,134,53,1,10,1,0,0,0,332,76,1,25
230,R,104,H R 3603,12-Jun-1996,12:07 PM,On Agreeing to the Amendment,None,Failed,42,182,0,11,96,97,0,5,1,0,0,0,139,279,0,16
231,R,104,H R 3603,12-Jun-1996,2:15 PM,On Agreeing to the Amendment,None,Failed,108,118,0,9,81,115,0,2,0,1,0,0,189,234,0,11
232,R,104,H R 3603,12-Jun-1996,2:26 PM,On Agreeing to the Amendment,None,Failed,79,146,0,10,53,142,0,3,1,0,0,0,133,288,0,13
233,R,104,H R 3603,12-Jun-1996,6:19 PM,On Agreeing to the Amendment,None,Failed,101,127,0,7,108,85,0,5,1,0,0,0,210,212,0,12
234,R,104,H R 3603,12-Jun-1996,7:01 PM,On Passage,FY 1997 Agriculture Appropriations,Passed,207,21,0,7,144,52,0,2,0,1,0,0,351,74,0,9
235,R,104,H RES 450,12-Jun-1996,8:38 PM,On Agreeing to the Resolution,Waiving points of order against the conference report to accompany H.Con.Res. 178; Budget for U.S. Government for F.Y. 1997,Passed,230,0,0,5,2,189,0,7,0,1,0,0,232,190,0,12
236,R,104,H CON RES 178,12-Jun-1996,10:20 PM,On Agreeing to the Conference Report,Congressional Budget For U.S. Government,Passed,212,19,0,5,4,191,0,3,0,1,0,0,216,211,0,8
237,R,104,H R 2754,13-Jun-1996,1:21 PM,On Agreeing to the Amendment,None,Agreed to,121,109,0,5,156,40,0,2,1,0,0,0,278,149,0,7
238,R,104,H R 2754,13-Jun-1996,1:42 PM,On Passage,Shipbuilding Trade Agreement Act,Passed,162,67,0,6,162,33,0,3,1,0,0,0,325,100,0,9
239,R,104,H R 3610,13-Jun-1996,2:59 PM,On Agreeing to the Amendment,None,Agreed to,216,11,0,8,179,14,0,5,1,0,0,0,396,25,0,13
240,R,104,H R 3610,13-Jun-1996,4:23 PM,On Agreeing to the Amendment,None,Failed,38,193,0,4,104,92,0,2,1,0,0,0,143,285,0,6
241,R,104,H R 3610,13-Jun-1996,4:30 PM,On Agreeing to the Amendment,None,Failed,31,199,0,5,94,100,0,4,1,0,0,0,126,299,0,9
242,R,104,H R 3610,13-Jun-1996,4:39 PM,On Agreeing to the Amendment,None,Failed,20,210,0,5,98,97,0,3,1,0,0,0,119,307,0,8
243,R,104,H R 3610,13-Jun-1996,7:24 PM,On Agreeing to the Amendment,None,Failed,10,217,0,8,90,102,0,6,1,0,0,0,101,319,0,14
244,R,104,H R 3610,13-Jun-1996,7:31 PM,On Agreeing to the Amendment,None,Failed,18,203,0,14,129,62,0,7,1,0,0,0,148,265,0,21
245,R,104,H R 3610,13-Jun-1996,7:39 PM,On Agreeing to the Amendment,None,Failed,60,161,0,14,133,58,0,7,1,0,0,0,194,219,0,21
246,R,104,H R 3610,13-Jun-1996,8:52 PM,On Agreeing to the Amendment,None,Failed,30,189,0,17,159,19,0,20,1,0,0,0,190,208,0,37
247,R,104,H R 3610,13-Jun-1996,9:12 PM,On Passage,Fiscal Year 1997 Department of Defense Appropriations,Passed,190,33,0,12,88,92,0,18,0,1,0,0,278,126,0,30
248,R,104,H R 3525,18-Jun-1996,6:20 PM,"On Motion to Suspend the Rules and Pass, as Amended",Church Arson Prevention Act,Passed,229,0,0,6,192,0,0,6,1,0,0,0,422,0,0,12
249,R,104,H R 3005,19-Jun-1996,11:54 AM,"Suspend the rules and pass, as amended",Securities Amendments of 1996,Passed,224,4,0,7,183,3,1,11,0,1,0,0,407,8,1,18
250,R,104,H R 3107,19-Jun-1996,12:04 PM,"Suspend the rules and pass, as amended",Iran and Libya Sanctions Act,Passed,227,0,0,8,187,0,0,11,1,0,0,0,415,0,0,19
251,R,104,H R 3662,19-Jun-1996,2:27 PM,On Agreeing to the Amendment,None,Failed,67,159,0,9,115,76,0,7,1,0,0,0,183,235,0,16
252,R,104,H R 3662,19-Jun-1996,3:20 PM,On Agreeing to the Amendment,None,Failed,116,112,0,7,79,112,0,7,1,0,0,0,196,224,0,14
253,R,104,H R 3662,19-Jun-1996,6:17 PM,On Agreeing to the Amendment,None,Agreed to,81,145,0,9,175,19,0,4,1,0,0,0,257,164,0,13
254,R,104,H R 3662,19-Jun-1996,8:46 PM,On Agreeing to the Amendment,None,Failed,50,177,0,8,149,43,0,6,1,0,0,0,200,220,0,14
255,R,104,H R 3662,19-Jun-1996,8:54 PM,On Agreeing to the Amendment,None,Failed,41,186,0,8,136,56,0,6,1,0,0,0,178,242,0,14
256,R,104,H R 3662,19-Jun-1996,9:04 PM,On Agreeing to the Amendment,None,Failed,50,177,0,8,148,46,0,4,1,0,0,0,199,223,0,12
257,R,104,H R 3662,19-Jun-1996,9:11 PM,On Agreeing to the Amendment,None,Failed,61,166,0,8,141,52,0,5,1,0,0,0,203,218,0,13
258,R,104,H R 3662,19-Jun-1996,11:18 PM,On Agreeing to the Amendment,None,Agreed to,75,153,0,8,135,57,0,6,1,0,0,0,211,210,0,14
259,R,104,H R 3662,20-Jun-1996,12:55 PM,On Agreeing to the Amendment,None,Failed,137,92,0,6,66,126,0,6,1,0,0,0,204,218,0,12
260,R,104,H R 3662,20-Jun-1996,1:04 PM,On Agreeing to the Amendment,None,Agreed to,66,163,0,6,148,43,0,7,1,0,0,0,215,206,0,13
261,R,104,H R 3662,20-Jun-1996,1:12 PM,On Agreeing to the Amendment,None,Failed,153,76,0,6,15,177,0,6,0,1,0,0,168,254,0,12
262,R,104,H R 3662,20-Jun-1996,4:28 PM,On Agreeing to the Amendment,None,Failed,50,175,0,10,158,36,0,4,1,0,0,0,209,211,0,14
263,R,104,H R 3662,20-Jun-1996,4:35 PM,On Agreeing to the Amendment,None,Agreed to,163,61,0,11,49,144,0,5,0,1,0,0,212,206,0,16
264,R,104,H R 3662,20-Jun-1996,4:42 PM,On Agreeing to the Amendment,None,Failed,106,118,0,11,22,172,0,4,0,1,0,0,128,291,0,15
265,R,104,H R 3662,20-Jun-1996,4:51 PM,On Agreeing to the Amendment,None,Failed,101,126,0,8,84,111,0,3,1,0,0,0,186,237,0,11
266,R,104,H R 3662,20-Jun-1996,5:15 PM,On Agreeing to the Amendment,None,Failed,70,157,0,9,140,54,0,4,1,0,0,0,211,211,0,13
267,R,104,H R 3662,20-Jun-1996,5:34 PM,On Motion to Recommit,Interior Appropriations for F.Y. 1997,Failed,0,222,0,13,175,19,0,4,1,0,0,0,176,241,0,17
268,R,104,H R 3662,20-Jun-1996,5:54 PM,On Passage,Interior Appropriations for F.Y. 1997,Passed,203,20,0,12,39,153,0,6,0,1,0,0,242,174,0,18
269,R,104,H RES 456,25-Jun-1996,3:09 PM,On Agreeing to the Resolution,"Providing for the consideration of H.R. 3666, VA-HUD Appropriations, FY 1997",Passed,223,1,0,10,23,164,0,11,0,1,0,0,246,166,0,21
270,R,104,H R 3666,25-Jun-1996,9:10 PM,On Agreeing to the Amendment,None,Failed,26,202,0,6,111,75,0,12,1,0,0,0,138,277,0,18
271,R,104,ADJOURN,26-Jun-1996,11:06 AM,On Motion to Adjourn,None,Failed,0,221,0,13,55,123,2,18,0,1,0,0,55,345,2,31
272,R,104,H R 3666,26-Jun-1996,11:29 AM,On Agreeing to the Amendment,None,Agreed to,202,27,0,5,151,33,0,14,0,1,0,0,353,61,0,19
273,R,104,H R 3666,26-Jun-1996,11:37 AM,On Agreeing to the Amendment,None,Failed,50,178,0,6,126,58,0,14,1,0,0,0,177,236,0,20
274,R,104,H R 3666,26-Jun-1996,11:44 AM,On Agreeing to the Amendment,None,Agreed to,197,31,0,6,160,24,0,14,1,0,0,0,358,55,0,20
275,R,104,H R 3666,26-Jun-1996,11:51 AM,On Agreeing to the Amendment,None,Agreed to,192,38,0,4,68,118,0,12,0,1,0,0,260,157,0,16
276,R,104,H R 3666,26-Jun-1996,3:12 PM,On Agreeing to the Amendment,None,Failed,182,50,0,2,1,189,0,8,0,1,0,0,183,240,0,10
277,R,104,H R 3666,26-Jun-1996,9:00 PM,On Agreeing to the Amendment,None,Failed,42,187,0,5,3,184,0,11,0,1,0,0,45,372,0,16
278,R,104,H R 3666,26-Jun-1996,9:07 PM,On Agreeing to the Amendment,None,Agreed to,210,18,0,6,35,151,0,12,0,1,0,0,245,170,0,18
279,R,104,H R 3666,26-Jun-1996,10:49 PM,On Agreeing to the Amendment,None,Failed,6,223,0,5,135,51,0,12,1,0,0,0,142,274,0,17
280,R,104,H R 3666,26-Jun-1996,11:00 PM,On Agreeing to the Amendment,None,Agreed to,147,82,0,5,96,89,0,13,1,0,0,0,244,171,0,18
281,R,104,H R 3666,26-Jun-1996,11:26 PM,On Motion to Recommit with Instructions,"VA-HUD Appropriations, FY 1997",Failed,21,210,0,4,183,2,0,13,1,0,0,0,205,212,0,17
282,R,104,H R 3666,26-Jun-1996,11:42 PM,On Passage,"VA-HUD Appropriations, FY 1997",Passed,220,9,0,5,49,137,0,12,0,1,0,0,269,147,0,17
283,R,104,MOTION,27-Jun-1996,3:47 PM,Permission to use exhibit,None,Passed,229,0,1,4,189,0,0,9,1,0,0,0,419,0,1,13
284,R,104,H J RES 182,27-Jun-1996,4:19 PM,On Passage,Disapproving most-favored-nation treatment to the products of the People’s Republic of China,Failed,65,167,0,2,75,119,0,4,1,0,0,0,141,286,0,6
285,R,104,H RES 461,27-Jun-1996,5:59 PM,On Agreeing to the Resolution,Regarding U.S. Concerns With Specific Violations by the People’s Republic of China,Passed,228,1,1,4,182,6,2,8,1,0,0,0,411,7,3,12
286,R,104,H RES 465,27-Jun-1996,7:59 PM,On Agreeing to the Resolution,Providing for the consideration of an adjournment resolution,Passed,225,0,0,9,23,165,0,10,0,1,0,0,248,166,0,19
287,R,104,H RES 468,27-Jun-1996,8:22 PM,On Motion to Table the Resolution,Privilege of the House,Passed,223,0,3,8,6,169,6,17,0,1,0,0,229,170,9,25
288,R,104,H R 3675,28-Jun-1996,12:27 AM,On Agreeing to the Amendment,None,Failed,14,209,0,11,178,3,0,17,1,0,0,0,193,212,0,28
289,R,104,H R 3675,28-Jun-1996,12:35 AM,On Agreeing to the Amendment,None,Failed,6,214,0,14,155,24,0,19,1,0,0,0,162,238,0,33
290,R,104,H R 3675,28-Jun-1996,12:42 AM,On Agreeing to the Amendment,None,Failed,1,222,0,11,121,58,0,19,1,0,0,0,123,280,0,30
291,R,104,H R 3675,28-Jun-1996,12:50 AM,On Agreeing to the Amendment,None,Agreed to,80,144,0,10,167,14,0,17,0,1,0,0,247,159,0,27
292,R,104,H R 3675,28-Jun-1996,1:08 AM,On Passage,Transportation Appropriations for F.Y. 1997,Passed,224,0,0,11,178,2,0,18,1,0,0,0,403,2,0,29
293,R,104,H CON RES 193,10-Jul-1996,12:27 PM,Suspend the rules and agree,Expressing Sense of Congress Regarding Reductions in Government Spending and Regulatory Programs,Passed,219,0,0,15,156,23,0,19,1,0,0,0,376,23,0,34
294,R,104,JOURNAL,10-Jul-1996,12:35 PM,On Approving the Journal,None,Passed,199,17,0,18,142,36,1,19,1,0,0,0,342,53,1,37
295,R,104,H R 3754,10-Jul-1996,4:01 PM,On Agreeing to the Amendment,None,Agreed to,225,5,0,5,14,175,0,9,0,1,0,0,239,181,0,14
296,R,104,H R 3754,10-Jul-1996,4:10 PM,On Agreeing to the Amendment,None,Failed,132,97,0,5,40,150,0,8,0,1,0,0,172,248,0,13
297,R,104,H R 3754,10-Jul-1996,4:44 PM,On Motion to Recommit with Instructions,Legislative Branch Appropriations for F.Y. 1997,Failed,1,228,0,5,189,2,0,7,1,0,0,0,191,230,0,12
298,R,104,H R 3754,10-Jul-1996,4:52 PM,On Passage,Legislative Branch Appropriations for F.Y. 1997,Passed,208,19,0,7,151,39,0,8,1,0,0,0,360,58,0,15
299,R,104,H RES 472,10-Jul-1996,6:03 PM,On Ordering the Previous Question,"Providing for the consideration of H.R. 3755, Labor, Health and Human Services, and Education Appropriations, FY 1997",Passed,217,11,0,6,1,190,0,7,0,1,0,0,218,202,0,13
300,R,104,H RES 474,11-Jul-1996,12:12 PM,On Agreeing to the Resolution,Providing for consideration of H.R. 3396; Defense of Marriage Act,Passed,220,9,0,5,70,123,0,5,0,1,0,0,290,133,0,10
301,R,104,H R 3755,11-Jul-1996,3:01 PM,On Agreeing to the Amendment,None,Agreed to,35,195,0,4,180,10,0,8,1,0,0,0,216,205,0,12
302,R,104,H R 3755,11-Jul-1996,3:10 PM,On Agreeing to the Amendment,None,Failed,36,193,0,5,122,69,0,7,0,1,0,0,158,263,0,12
303,R,104,H R 3755,11-Jul-1996,7:12 PM,On Agreeing to the Amendment,None,Failed,2,227,0,5,195,0,0,3,1,0,0,0,198,227,0,8
304,R,104,H R 3755,11-Jul-1996,7:21 PM,On Agreeing to the Amendment,None,Agreed to,101,127,0,6,192,2,0,4,1,0,0,0,294,129,0,10
305,R,104,H R 3755,11-Jul-1996,11:22 PM,On Agreeing to the Amendment,None,Failed,190,40,0,4,15,178,0,5,0,1,0,0,205,219,0,9
306,R,104,H R 3755,11-Jul-1996,11:31 PM,On Agreeing to the Amendment,None,Failed,23,205,0,6,156,37,0,5,1,0,0,0,180,242,0,11
307,R,104,H R 3755,11-Jul-1996,11:38 PM,On Agreeing to the Amendment,None,Failed,25,204,0,5,141,52,0,5,1,0,0,0,167,256,0,10
308,R,104,H R 3755,11-Jul-1996,11:46 PM,On Agreeing to the Amendment,None,Failed,14,213,0,8,186,7,0,5,1,0,0,0,201,220,0,13
309,R,104,H R 3755,11-Jul-1996,11:53 PM,On Agreeing to the Amendment,None,Agreed to,229,1,0,4,191,2,0,5,1,0,0,0,421,3,0,9
310,R,104,H R 3755,12-Jul-1996,12:00 AM,On Agreeing to the Amendment,None,Agreed to,61,170,0,4,170,23,0,5,1,0,0,0,232,193,0,9
311,R,104,H R 3755,12-Jul-1996,12:07 AM,On Agreeing to the Amendment,None,Agreed to,227,0,2,5,193,0,0,5,1,0,0,0,421,0,2,10
312,R,104,H R 3755,12-Jul-1996,12:14 AM,On Agreeing to the Amendment,None,Failed,101,129,0,4,10,183,0,5,0,1,0,0,111,313,0,9
313,R,104,H R 3755,12-Jul-1996,12:35 AM,On Passage,"Departments of Labor, Health and Human Services, and Education Appropriations for FY 1997",Passed,209,22,0,4,7,186,0,5,0,1,0,0,216,209,0,9
314,R,104,H R 3396,12-Jul-1996,1:35 PM,On Agreeing to the Amendment,None,Failed,3,223,0,8,99,88,0,11,1,0,0,0,103,311,0,19
315,R,104,H R 3396,12-Jul-1996,2:14 PM,On Motion to Recommit with Instructions,Defense of Marriage Act,Failed,30,196,0,8,133,53,0,12,1,0,0,0,164,249,0,20
316,R,104,H R 3396,12-Jul-1996,2:21 PM,On Passage,Defense of Marriage Act,Passed,224,1,0,9,118,65,2,13,0,1,0,0,342,67,2,22
317,R,104,H R 3756,16-Jul-1996,8:23 PM,On Agreeing to the Amendment,None,Agreed to,210,19,0,5,141,48,0,9,1,0,0,0,352,67,0,14
318,R,104,H R 3756,16-Jul-1996,8:33 PM,On Agreeing to the Amendment,None,Agreed to,210,18,0,6,57,131,0,10,0,1,0,0,267,150,0,16
319,R,104,MOTION,17-Jul-1996,12:49 PM,Strike the enacting clause,None,Failed,1,227,0,6,180,6,0,12,1,0,0,0,182,233,0,18
320,R,104,H R 3756,17-Jul-1996,3:38 PM,On Agreeing to the Amendment,None,Failed,36,195,0,3,147,43,0,8,1,0,0,0,184,238,0,11
321,R,104,H R 3756,17-Jul-1996,3:49 PM,On Agreeing to the Amendment,None,Failed,70,158,3,3,36,154,1,7,1,0,0,0,107,312,4,10
322,R,104,H R 3756,17-Jul-1996,3:57 PM,On Agreeing to the Amendment,None,Failed,122,106,0,6,28,161,0,9,0,1,0,0,150,268,0,15
323,R,104,H R 3756,17-Jul-1996,4:20 PM,On Passage,"Treasury, Postal Sevice, Executive Office of the President, Independent Agencies Appropriations, FY 1997",Passed,209,20,0,5,6,186,0,6,0,1,0,0,215,207,0,11
324,R,104,H R 3166,17-Jul-1996,4:42 PM,"Suspend the rules and pass, as amended",Government Accountability Act of 1996,Passed,226,4,0,4,190,2,0,6,1,0,0,0,417,6,0,10
325,R,104,H R 3161,17-Jul-1996,4:54 PM,Suspend the rules and pass,Extending Most-Favored-Nation Status to Romania,Passed,165,62,0,7,169,23,0,6,0,1,0,0,334,86,0,13
326,R,104,H R 3230,17-Jul-1996,6:34 PM,Close portions of the Conference,"Department of Defense Authorization, FY 1997",Passed,229,0,0,5,182,3,0,13,1,0,0,0,412,3,0,18
327,R,104,H RES 482,18-Jul-1996,10:45 AM,On Agreeing to the Resolution,Providing for the consideration of H.R. 3734,Passed,224,1,0,9,134,52,0,12,0,1,0,0,358,54,0,21
328,R,104,H R 3734,18-Jul-1996,2:01 PM,On Agreeing to the Amendment,None,Agreed to,213,14,0,7,26,169,0,3,0,1,0,0,239,184,0,10
329,R,104,H R 3734,18-Jul-1996,3:45 PM,On Agreeing to the Amendment,None,Failed,9,221,0,5,159,36,0,3,0,1,0,0,168,258,0,8
330,R,104,H R 3734,18-Jul-1996,4:12 PM,On Motion to Recommit with Instructions,Welfare and Medicaid Reform Act of 1996,Failed,7,220,0,7,195,0,0,3,1,0,0,0,203,220,0,10
331,R,104,H R 3734,18-Jul-1996,4:32 PM,On Passage,Welfare and Medicaid Reform Act of 1996,Passed,226,4,0,5,30,165,0,3,0,1,0,0,256,170,0,8
332,R,104,H R 3845,22-Jul-1996,6:18 PM,On Agreeing to the Amendment,None,Failed,36,185,0,13,139,38,0,21,1,0,0,0,176,223,0,34
333,R,104,H R 3845,22-Jul-1996,6:27 PM,On Agreeing to the Amendment,None,Failed,138,83,0,13,32,145,0,21,0,1,0,0,170,229,0,34
334,R,104,H R 3845,22-Jul-1996,6:46 PM,On Passage,District of Columbia Appropriations for F.Y. 1997,Passed,169,51,0,14,162,17,0,19,1,0,0,0,332,68,0,33
335,R,104,H R 3267,22-Jul-1996,6:55 PM,On Motion to Suspend the Rules and Pass,Child Pilot Safety Act,Passed,216,5,0,13,178,0,0,20,1,0,0,0,395,5,0,33
336,R,104,H R 3536,22-Jul-1996,7:04 PM,"On Motion to Suspend the Rules and Pass, as Amended",Airline Pilot Hiring and Safety Act,Passed,221,0,0,13,179,0,0,19,1,0,0,0,401,0,0,32
337,R,104,H R 3159,22-Jul-1996,7:12 PM,"On Motion to Suspend the Rules and Pass, as Amended",National Transportation Safety Board Amendments of 1996,Passed,221,0,0,13,178,0,0,20,1,0,0,0,400,0,0,33
338,R,104,H R 3564,23-Jul-1996,1:21 PM,"Suspend the rules and pass, as amended",NATO Enlargement Facilitation Act,Passed,197,33,0,4,156,31,0,11,0,1,0,0,353,65,0,15
339,R,104,H R 1627,23-Jul-1996,1:30 PM,"Suspend the rules and pass, as amended",Food Quality Protection Act,Passed,229,0,0,5,187,0,0,11,1,0,0,0,417,0,0,16
340,R,104,H R 3814,23-Jul-1996,3:23 PM,On agreeing to the amendments en bloc,None,Agreed to,228,0,0,6,187,1,0,10,1,0,0,0,416,1,0,16
341,R,104,H R 3814,23-Jul-1996,5:24 PM,On Agreeing to the Amendment,None,Agreed to,56,176,0,2,190,3,0,5,1,0,0,0,247,179,0,7
342,R,104,H R 3814,23-Jul-1996,6:03 PM,On Agreeing to the Amendment,None,Failed,165,63,0,6,4,190,0,4,0,1,0,0,169,254,0,10
343,R,104,H R 3814,23-Jul-1996,9:08 PM,On Agreeing to the Amendment,None,Failed,7,223,0,4,151,42,0,5,1,0,0,0,159,265,0,9
344,R,104,H R 3814,23-Jul-1996,9:16 PM,On Agreeing to the Amendment,None,Failed,4,226,0,4,94,100,0,4,1,0,0,0,99,326,0,8
345,R,104,H R 3814,23-Jul-1996,9:24 PM,On Agreeing to the Amendment,None,Failed,99,133,0,2,0,194,0,4,0,1,0,0,99,328,0,6
346,R,104,H R 3814,24-Jul-1996,11:00 AM,On Agreeing to the Amendment,None,Failed,112,112,0,10,1,188,0,9,0,1,0,0,113,301,0,19
347,R,104,H R 3814,24-Jul-1996,11:09 AM,On Agreeing to the Amendment,None,Failed,170,50,0,14,13,178,0,7,0,1,0,0,183,229,0,21
348,R,104,H R 3814,24-Jul-1996,2:49 PM,On Agreeing to the Amendment,None,Failed,4,227,0,3,12,180,0,6,0,1,0,0,16,408,0,9
349,R,104,H R 3814,24-Jul-1996,2:58 PM,On Agreeing to the Amendment,None,Agreed to,187,41,0,6,107,87,0,4,1,0,0,0,295,128,0,10
350,R,104,H R 3814,24-Jul-1996,3:05 PM,On Agreeing to the Amendment,None,Failed,106,124,0,4,19,175,0,4,0,1,0,0,125,300,0,8
351,R,104,H R 3814,24-Jul-1996,3:14 PM,On Agreeing to the Amendment,None,Failed,141,90,0,3,41,153,0,4,0,1,0,0,182,244,0,7
352,R,104,H R 3814,24-Jul-1996,3:34 PM,On Passage,"Commerce, Justice, State, the Judiciary Appropriation, FY 1997",Passed,162,68,0,4,84,110,0,4,0,1,0,0,246,179,0,8
353,R,104,H R 3734,24-Jul-1996,6:46 PM,On Motion to Instruct Conferees,Welfare and Medicaid Reform Act of 1996,Passed,228,0,0,6,189,0,0,9,1,0,0,0,418,0,0,15
354,R,104,H R 3816,24-Jul-1996,9:32 PM,On Agreeing to the Amendment,None,Agreed to,91,140,0,3,129,60,0,9,1,0,0,0,221,200,0,12
355,R,104,H R 3816,24-Jul-1996,9:40 PM,On Agreeing to the Amendment,None,Failed,147,84,0,3,37,151,1,9,0,1,0,0,184,236,1,12
356,R,104,H R 3816,24-Jul-1996,9:48 PM,On Agreeing to the Amendment,None,Failed,87,144,0,3,3,186,1,8,0,1,0,0,90,331,1,11
357,R,104,H R 3816,25-Jul-1996,10:46 AM,On Agreeing to the Amendment,None,Failed,78,143,0,13,119,68,0,11,1,0,0,0,198,211,0,24
358,R,104,H R 3816,25-Jul-1996,10:55 AM,On Agreeing to the Amendment,None,Agreed to,110,115,0,9,168,20,0,10,1,0,0,0,279,135,0,19
359,R,104,H R 3816,25-Jul-1996,11:04 AM,On Agreeing to the Amendment,None,Failed,28,198,0,8,109,80,0,9,1,0,0,0,138,278,0,17
360,R,104,H R 3816,25-Jul-1996,11:28 AM,On Passage,"Energy and Water Appropriations, FY 1997",Passed,213,13,0,8,177,10,0,11,1,0,0,0,391,23,0,19
361,R,104,H RES 481,25-Jul-1996,1:01 PM,On Ordering the Previous Question,"Providing for consideration of H.R, 3820; Campaign Finance Reform Act",Passed,221,6,0,7,0,186,0,12,0,1,0,0,221,193,0,19
362,R,104,H RES 481,25-Jul-1996,1:10 PM,On Agreeing to the Resolution,"Providing for consideration of H.R, 3820; Campaign Finance Reform Act",Passed,157,65,0,12,113,74,0,11,0,1,0,0,270,140,0,23
363,R,104,H R 3820,25-Jul-1996,4:04 PM,On Agreeing to the Amendment,None,Failed,16,214,0,5,160,29,0,9,1,0,0,0,177,243,0,14
364,R,104,H R 3820,25-Jul-1996,4:37 PM,On Motion to Recommit with Instructions,Campaign Finance Reform Act,Failed,19,211,0,5,189,1,0,8,1,0,0,0,209,212,0,13
365,R,104,H R 3820,25-Jul-1996,4:55 PM,On Passage,Campaign Finance Reform Act,Failed,162,68,0,5,0,190,0,8,0,1,0,0,162,259,0,13
366,R,104,JOURNAL,26-Jul-1996,9:25 AM,On Approving the Journal,None,Passed,137,14,0,83,92,37,0,69,0,0,0,1,229,51,0,153
367,R,104,H RES 488,26-Jul-1996,11:13 AM,On Agreeing to the Resolution,Providing for consideration of H.R. 2391; Working Families Flexibility Act of 1996,Passed,218,4,0,12,10,170,0,18,0,1,0,0,228,175,0,30
368,R,104,H CON RES 203,26-Jul-1996,11:48 AM,On Agreeing to the Resolution,Providing for an Adjounment of Both Houses,Passed,220,1,0,13,12,165,0,21,0,1,0,0,232,167,0,34
369,R,104,H R 3448,26-Jul-1996,1:04 PM,Motion to Instruct Conferees,Small Business Job Protection Act of 1996,Passed,191,26,0,17,173,0,0,25,1,0,0,0,365,26,0,42
370,R,104,H R 2391,30-Jul-1996,4:03 PM,On Passage,Working Families Flexibility Act of 1996,Passed,211,19,0,5,14,175,0,9,0,1,0,0,225,195,0,14
371,R,104,H R 3118,30-Jul-1996,4:22 PM,"Suspend the rules and pass, as amended",Veterans Health Care Eligibility Act,Passed,227,0,0,7,188,0,0,10,1,0,0,0,416,0,0,17
372,R,104,H R 3610,30-Jul-1996,5:02 PM,Close portions of the conference,Fiscal Year 1997 Department of Defense Appropriations,Passed,227,0,0,7,182,3,0,13,1,0,0,0,410,3,0,20
373,R,104,JOURNAL,31-Jul-1996,10:21 AM,On Approving the Journal,None,Passed,191,20,0,23,111,64,1,22,0,1,0,0,302,85,1,45
374,R,104,MOTION,31-Jul-1996,11:22 AM,Permitting the Use of an Exhibit,None,Passed,199,25,2,8,186,3,0,9,1,0,0,0,386,28,2,17
375,R,104,MOTION,31-Jul-1996,11:40 AM,Table the Motion to Reconsider,None,Passed,225,0,0,9,7,180,0,11,0,1,0,0,232,181,0,20
376,R,104,ADJOURN,31-Jul-1996,11:59 AM,On Motion to Adjourn,None,Failed,0,228,0,6,76,115,0,7,0,1,0,0,76,344,0,13
377,R,104,ADJOURN,31-Jul-1996,12:21 PM,On Motion to Adjourn,None,Failed,1,223,0,10,56,133,0,9,0,1,0,0,57,357,0,19
378,R,104,ADJOURN,31-Jul-1996,12:43 PM,On Motion to Adjourn,None,Failed,1,212,0,21,49,137,1,11,0,1,0,0,50,350,1,32
379,R,104,MOTION,31-Jul-1996,1:09 PM,Permitting the Use of an Exhibit,None,Passed,174,42,2,16,177,10,0,11,0,1,0,0,351,53,2,27
380,R,104,MOTION,31-Jul-1996,1:30 PM,Table Motion to Reconsider,None,Passed,216,3,0,15,23,168,0,7,0,1,0,0,239,172,0,22
381,R,104,H RES 495,31-Jul-1996,3:21 PM,On Ordering the Previous Question,Waiving points of order against the conference report to accompany the bill (H.R. 3734) to provide for reconciliation pursuant to section 201(a)(1) of the concurrent resolution on the budget for fiscal year 1997,Passed,228,0,0,6,31,163,0,4,0,1,0,0,259,164,0,10
382,R,104,H RES 495,31-Jul-1996,3:30 PM,On Agreeing to the Resolution,Waiving points of order against the conference report to accompany the bill (H.R. 3734) to provide for reconciliation pursuant to section 201(a)(1) of the concurrent resolution on the budget for fiscal year 1997,Passed,220,2,0,12,61,134,0,3,0,1,0,0,281,137,0,15
383,R,104,H R 3734,31-Jul-1996,5:10 PM,On Agreeing to the Conference Report,Welfare and Medicaid Reform Act of 1996,Passed,230,2,0,3,98,98,0,2,0,1,0,0,328,101,0,5
384,R,104,H R 2823,31-Jul-1996,8:00 PM,On Agreeing to the Amendment,None,Failed,25,202,0,7,135,58,0,5,1,0,0,0,161,260,0,12
385,R,104,H R 2823,31-Jul-1996,8:20 PM,On Passage,Marine Mammal Protection Act,Passed,216,13,0,5,100,94,0,4,0,1,0,0,316,108,0,9
386,R,104,H R 3754,1-Aug-1996,11:02 AM,On Agreeing to the Conference Report,Legislative Branch Appropriations for F.Y. 1997,Passed,217,11,0,6,179,11,0,8,1,0,0,0,397,22,0,14
387,R,104,H R 3603,1-Aug-1996,11:12 AM,On Agreeing to the Conference Report,FY 1997 Agriculture Appropriations,Passed,212,18,0,4,166,24,0,8,1,0,0,0,379,42,0,12
388,R,104,H RES 499,1-Aug-1996,12:52 PM,On Agreeing to the Resolution,Providing for the consideration of H.R. 123,Passed,217,7,0,10,19,170,0,9,0,1,0,0,236,178,0,19
389,R,104,H R 123,1-Aug-1996,4:07 PM,On Agreeing to the Amendment,None,Failed,6,226,0,3,171,24,0,3,1,0,0,0,178,250,0,6
390,R,104,H R 123,1-Aug-1996,4:48 PM,On Motion to Recommit with Instructions,English Language Empowerment Act,Failed,2,229,0,3,168,28,0,2,1,0,0,0,171,257,0,5
391,R,104,H R 123,1-Aug-1996,4:57 PM,On Passage,English Language Empowerment Act,Passed,223,8,0,3,36,160,0,2,0,1,0,0,259,169,0,5
392,R,104,H R 3103,1-Aug-1996,8:03 PM,Recommit conference report with instructions,Health Coverage Availability and Affordability Act,Failed,14,216,0,4,183,12,0,3,1,0,0,0,198,228,0,7
393,R,104,H R 3103,1-Aug-1996,8:15 PM,On Agreeing to the Conference Report,Health Coverage Availability and Affordability Act,Passed,227,0,0,7,193,2,0,3,1,0,0,0,421,2,0,10
394,R,104,H R 3517,1-Aug-1996,8:47 PM,On Agreeing to the Conference Report,"Military Construction Appropriations, FY 1997",Passed,222,7,0,5,173,19,0,6,1,0,0,0,396,26,0,11
395,R,104,H R 3845,1-Aug-1996,8:59 PM,On Agreeing to the Conference Report,District of Columbia Appropriations for F.Y. 1997,Passed,167,61,0,6,162,30,0,6,1,0,0,0,330,91,0,12
396,R,104,H R 3230,1-Aug-1996,10:29 PM,On Motion to Recommit with Instructions,"Department of Defense Authorization, FY 1997",Failed,11,218,0,5,169,18,0,11,1,0,0,0,181,236,0,16
397,R,104,H R 3230,1-Aug-1996,10:37 PM,On agreeing to the conference report,"Department of Defense Authorization, FY 1997",Passed,194,35,0,5,91,96,0,11,0,1,0,0,285,132,0,16
398,R,104,H R 3448,2-Aug-1996,11:46 AM,On Agreeing to the Conference Report,Small Business Job Protection Act of 1996,Passed,160,70,0,4,193,2,0,3,1,0,0,0,354,72,0,7
399,R,104,S 1316,2-Aug-1996,1:32 PM,On Agreeing to the Conference Report,Safe Drinking Water Act amendments of 1995,Passed,229,0,0,5,162,30,0,6,1,0,0,0,392,30,0,11
400,R,104,H RES 508,2-Aug-1996,3:10 PM,On Agreeing to the Resolution,Providing for consideration of a certain motion to suspend the rules. (Relating to combating terrorism),Passed,210,15,0,9,18,173,0,7,0,1,0,0,228,189,0,16
401,R,104,H R 3953,2-Aug-1996,4:26 PM,On Motion to Suspend the Rules and Pass,Aviation Security and Antiterrorism Act of 1996,Passed,205,18,0,11,183,4,0,11,1,0,0,0,389,22,0,22
402,R,104,H R 447,4-Sep-1996,5:40 PM,"Suspend the rules and pass, as amended",Toll Free Consumer Hotline,Passed,192,9,1,32,174,0,0,24,1,0,0,0,367,9,1,56
403,R,104,H CON RES 120,4-Sep-1996,5:58 PM,"Suspend the rules and agree, as amended",Support Ukrainian Democracy,Passed,205,0,1,28,176,1,0,21,1,0,0,0,382,1,1,49
404,R,104,H R 3308,5-Sep-1996,1:21 PM,On Agreeing to the Amendment,None,Agreed to,211,11,0,12,65,118,0,15,0,1,0,0,276,130,0,27
405,R,104,H R 3308,5-Sep-1996,1:55 PM,On Passage,United States Armed Forces Protection Act,Passed,218,5,0,11,81,103,0,14,0,1,0,0,299,109,0,25
406,R,104,H R 3719,5-Sep-1996,3:14 PM,On Passage,To amend the Small Business Act and the Small Business Investment Act of 1958,Passed,223,0,0,11,184,0,0,14,1,0,0,0,408,0,0,25
407,R,104,H R 3666,11-Sep-1996,1:45 PM,On Motion to Instruct Conferees,"VA-HUD Appropriations, FY 1997",Passed,204,16,0,14,187,1,0,10,1,0,0,0,392,17,0,24
408,R,104,H R 2202,11-Sep-1996,3:03 PM,On Motion to Instruct Conferees,Immigration Act of 1995,Failed,12,213,0,9,168,23,0,7,1,0,0,0,181,236,0,16
409,R,104,H RES 470,11-Sep-1996,3:23 PM,Suspend the Rules and Agree,Monitoring of Student Right to Know and Campus Security Act,Passed,225,0,0,9,187,0,0,11,1,0,0,0,413,0,0,20
410,R,104,H R 3863,11-Sep-1996,3:33 PM,"Suspend the rules and pass, as amended",Student Debt Reduction Act of 1996,Passed,224,0,0,10,189,1,0,8,1,0,0,0,414,1,0,18
411,R,104,H R 3539,11-Sep-1996,3:43 PM,"Suspend the rules and pass, as amended",Federal Aviation Authorization Act of 1996,Passed,207,17,0,10,190,0,0,8,1,0,0,0,398,17,0,18
412,R,104,H R 3759,11-Sep-1996,3:51 PM,"Suspend the rules and pass, as amended","Exports, Jobs, and Growth Act of 1996",Failed,53,173,0,8,104,86,0,8,0,1,0,0,157,260,0,16
413,R,104,H R 3816,12-Sep-1996,11:50 AM,On Agreeing to the Conference Report,"Energy and Water Appropriations, FY 1997",Passed,205,20,0,9,177,9,0,12,1,0,0,0,383,29,0,21
414,R,104,H R 3802,17-Sep-1996,6:33 PM,"Suspend the rules and pass, as amended",Electronic Freedom of Information Amendments Act,Passed,219,0,0,15,182,0,0,16,1,0,0,0,402,0,0,31
415,R,104,H J RES 191,17-Sep-1996,6:42 PM,"Suspend the rules and pass, as amended",To confer Honorary Citizenship of the United States on Mother Teresa,Passed,219,0,0,15,185,0,0,13,1,0,0,0,405,0,0,28
416,R,104,H R 3723,17-Sep-1996,6:51 PM,"Suspend the rules and pass, as amended",Economic Espionage Act,Passed,219,1,0,14,179,2,0,17,1,0,0,0,399,3,0,31
417,R,104,H R 3803,17-Sep-1996,7:00 PM,"On Motion to Suspend the Rules and Pass, as Amended",George Bush School of Government and Public Service,Passed,141,76,0,17,138,39,0,21,0,1,0,0,279,116,0,38
418,R,104,H R 3923,18-Sep-1996,12:30 PM,"Suspend the rules and pass, as amended",Aviation Disaster Family Assistance Act,Passed,217,4,0,13,183,0,0,15,1,0,0,0,401,4,0,28
419,R,104,H R 3675,18-Sep-1996,1:51 PM,On Agreeing to the Conference Report,Transportation Appropriations for F.Y. 1997,Passed,217,10,0,7,177,9,0,12,1,0,0,0,395,19,0,19
420,R,104,JOURNAL,19-Sep-1996,10:54 AM,On Approving the Journal,None,Passed,198,24,0,12,140,34,1,23,1,0,0,0,339,58,1,35
421,R,104,H R 1833,19-Sep-1996,12:36 PM,On Motion to Discharge the Judiciary Committee,Partial-Birth Abortion Ban,Passed,216,13,0,5,72,119,0,7,0,1,0,0,288,133,0,12
422,R,104,H R 1833,19-Sep-1996,2:14 PM,"Passage, Objections of the President Notwithstanding",Partial-Birth Abortion Ban,Passed,215,15,0,5,70,121,0,7,0,1,0,0,285,137,0,12
423,R,104,H RES 524,19-Sep-1996,2:37 PM,On motion to table,None,Passed,219,2,5,8,175,7,5,11,1,0,0,0,395,9,10,19
424,R,104,H RES 526,19-Sep-1996,3:00 PM,On motion to table,None,Passed,216,4,5,9,9,174,5,10,0,1,0,0,225,179,10,19
425,R,104,H RES 525,24-Sep-1996,7:06 PM,On Agreeing to the Resolution,Waiving a requirement of clause 4(b) of rule XI with respect to consideration of certain resolutions reported from the Committee on Rules,Passed,224,4,0,6,1,186,0,11,0,1,0,0,225,191,0,17
426,R,104,H R 3666,24-Sep-1996,8:42 PM,On Agreeing to the Conference Report,"VA-HUD Appropriations, FY 1997",Passed,205,21,0,8,182,4,0,12,1,0,0,0,388,25,0,20
427,R,104,H R 3452,24-Sep-1996,9:00 PM,"On Motion to Suspend the Rules and Pass, as Amended",Presidential and Executive Office Accountability Act,Passed,227,1,0,6,182,4,0,12,1,0,0,0,410,5,0,18
428,R,104,H RES 531,24-Sep-1996,9:21 PM,On Motion to Table the Resolution,Question of the Privileges of the House,Passed,222,3,3,6,167,8,4,19,1,0,0,0,390,11,7,25
429,R,104,H RES 532,24-Sep-1996,9:41 PM,On Motion to Table the Resolution,Question of the Privileges of the House,Passed,220,4,4,6,5,168,5,20,0,1,0,0,225,173,9,26
430,R,104,H RES 528,25-Sep-1996,1:27 PM,On Agreeing to the Resolution,Waiving points of order against the conference report to accompany H.R. 2202; Immigration and Nationality Act,Passed,229,0,0,5,25,164,0,9,0,1,0,0,254,165,0,14
431,R,104,H R 2202,25-Sep-1996,3:11 PM,Recommit conference report with instructions,Immigration Act of 1995,Failed,8,225,0,1,170,22,0,6,1,0,0,0,179,247,0,7
432,R,104,H R 2202,25-Sep-1996,3:21 PM,On Agreeing to the Conference Report,Immigration Act of 1995,Passed,229,5,0,1,76,117,0,5,0,1,0,0,305,123,0,6
433,R,104,H R 4134,25-Sep-1996,5:43 PM,On Passage,"To amend the Immigration and Nationality Act to authorize States to deny public education benefits to aliens not lawfully present in the U.S. who are not enrolled in public schools during the period beginning September 1, 1996, and ending July 1, 1997",Passed,213,21,0,1,41,153,0,4,0,1,0,0,254,175,0,5
434,R,104,H R 3852,26-Sep-1996,11:51 AM,"Suspend the rules and pass, as amended",Comprehensive Methamphetamine Control Act,Passed,230,0,0,4,155,34,0,9,1,0,0,0,386,34,0,13
435,R,104,H R 4137,26-Sep-1996,12:02 PM,Suspend the rules and pass,Drug-Induced Rape Prevention and Punishment Act,Passed,230,0,0,4,190,1,0,7,1,0,0,0,421,1,0,11
436,R,104,H R 3456,26-Sep-1996,12:11 PM,"Suspend the rules and pass, as amended",Sexual Offender Tracking and Identification Act,Passed,230,0,0,4,192,1,0,5,1,0,0,0,423,1,0,9
437,R,104,H R 2092,26-Sep-1996,12:21 PM,"Suspend the rules and pass, as amended",Private Security Officer Quality Assurance Act,Passed,225,3,0,6,189,3,0,6,1,0,0,0,415,6,0,12
438,R,104,H RES 535,26-Sep-1996,12:29 PM,Suspend the Rules and Agree,Government Accountability Act,Passed,231,0,0,3,192,0,0,6,1,0,0,0,424,0,0,9
439,R,104,H R 3497,26-Sep-1996,12:38 PM,"Suspend the rules and pass, as amended",Snoqualmie National Forest Boundary Adjustment,Passed,226,1,0,7,190,0,0,8,1,0,0,0,417,1,0,15
440,R,104,H CON RES 145,26-Sep-1996,6:37 PM,Suspend the rules and agree,Remove Russian Forces from Moldova,Passed,228,0,0,6,196,0,0,2,1,0,0,0,425,0,0,8
441,R,104,H CON RES 189,26-Sep-1996,6:48 PM,"Suspend the rules and agree, as amended",U.S. Membership in South Pacific Organizations,Passed,221,6,0,7,194,0,0,4,1,0,0,0,416,6,0,11
442,R,104,H R 3752,26-Sep-1996,6:57 PM,"Suspend the rules and pass, as amended",American Land Sovereignty Protection Act,Failed,213,15,0,6,33,162,0,3,0,1,0,0,246,178,0,9
443,R,104,H R 4011,26-Sep-1996,7:07 PM,"Suspend the rules and pass, as amended",Congressional Pension Forfeiture Act,Passed,225,2,0,7,165,30,1,2,1,0,0,0,391,32,1,9
444,R,104,H R 3841,26-Sep-1996,7:19 PM,"Suspend the rules and pass, as amended",Civil Service Reform Act,Failed,201,27,0,6,23,173,0,2,0,1,0,0,224,201,0,8
445,R,104,H RES 540,27-Sep-1996,12:43 PM,On Agreeing to the Resolution,Waiving points of order against the conference report on H.R. 3539,Passed,209,15,0,10,13,171,0,14,0,1,0,0,222,187,0,24
446,R,104,H R 3539,27-Sep-1996,2:18 PM,On Agreeing to the Conference Report,Federal Aviation Authorization Act of 1996,Passed,199,30,0,5,19,167,0,12,0,1,0,0,218,198,0,17
447,R,104,H R 4073,27-Sep-1996,3:00 PM,On Motion to Suspend the Rules and Pass,National Underground Railroad Freedom Center,Failed,226,2,0,6,18,167,0,13,0,1,0,0,244,170,0,19
448,R,104,S 39,27-Sep-1996,3:09 PM,On Motion to Suspend the Rules and Pass,Sustainable Fisheries Act,Passed,226,1,0,7,157,29,0,12,1,0,0,0,384,30,0,19
449,R,104,H R 4000,27-Sep-1996,5:27 PM,"Suspend the rules and pass, as amended",Reestablish POW/MIA Procedures,Passed,220,0,0,14,183,0,0,15,1,0,0,0,404,0,0,29
450,R,104,S 1505,27-Sep-1996,5:36 PM,Suspend the rules and pass,Accountable Pipline Safety and Partnership Act of 1996,Passed,202,17,0,15,74,107,0,17,0,1,0,0,276,125,0,32
451,R,104,H R 1332,28-Sep-1996,7:25 PM,"Suspend the rules and pass, as amended",Omnibus Insular Areas Act of 1996,Passed,218,5,0,11,179,0,0,19,1,0,0,0,398,5,0,30
452,R,104,H R 3163,28-Sep-1996,7:36 PM,Suspend the rules and pass,State Authority Tax Compensation Act,Failed,190,35,0,9,9,173,0,16,0,1,0,0,199,209,0,25
453,R,104,H R 4236,28-Sep-1996,7:46 PM,"On Motion to Suspend the Rules and Pass, as Amended",Omnibus Parks and Public Lands Management Act,Passed,222,3,0,9,181,1,0,16,1,0,0,0,404,4,0,25
454,R,104,H RES 546,28-Sep-1996,8:05 PM,On Ordering the Previous Question,Consideration of Sine Die Resolutions,Passed,222,1,0,11,1,181,0,16,0,1,0,0,223,183,0,27
455,R,104,H R 3610,28-Sep-1996,10:15 PM,On Agreeing to the Conference Report,Department of Defense Appropriations for F.Y. 1997,Passed,202,24,1,8,167,13,0,18,1,0,0,0,370,37,1,26
