Roll Call,Majority,Congress Num,Legislation Number,Date,Time,Question,Description,Result,Republican Yes,Republican No,Republican Present,Republican Not Voting,Democrat Yes,Democrat No,Democrat Present,Democrat Not Voting,Independent Yes,Independent No,Independent Present,Independent Not Voting,Total Yes,Total No,Total Present,Total Not Voting
1,R,105,QUORUM,7-Jan-1997,12:31 PM,call by states,None,Passed,0,0,225,0,0,0,205,0,0,0,2,0,0,0,432,0
2,R,105,MOTION,7-Jan-1997,12:59 PM,table appeal of the ruling of the chair,None,Passed,221,4,0,0,0,205,0,0,1,1,0,0,222,210,0,0
3
4,R,105,H RES 5,7-Jan-1997,4:24 PM,On Ordering the Previous Question,Rules of the House of Representatives for the 105th Congress,Passed,220,0,0,6,0,201,0,4,1,1,0,0,221,202,0,10
5,R,105,H RES 5,7-Jan-1997,4:45 PM,On motion to commit with instructions,Rules of the House of Representatives for the 105th Congress,Failed,2,222,0,1,202,0,0,3,1,1,0,0,205,223,0,4
6,R,105,H RES 5,7-Jan-1997,5:03 PM,On Agreeing to the Resolution,Rules of the House of Representatives for the 105th Congress,Passed,222,2,0,1,3,199,0,3,1,1,0,0,226,202,0,4
7,R,105,S CON RES 3,7-Jan-1997,5:27 PM,On Agreeing to the Resolution,None,Passed,218,0,0,7,3,197,0,5,1,1,0,0,222,198,0,12
8,R,105,H RES 31,21-Jan-1997,2:07 PM,On Agreeing to the Resolution,In the Matter of Representative Newt Gingrich,Passed,196,26,0,4,198,2,5,2,1,0,0,0,395,28,5,6
9,R,105,H R 499,5-Feb-1997,12:26 PM,On Motion to Suspend the Rules and Pass,Frank M. Tejeda Post Office Building,Passed,211,0,0,15,188,0,0,18,1,0,0,0,400,0,0,33
10,R,105,JOURNAL,5-Feb-1997,12:51 PM,On Approving the Journal,None,Passed,203,10,0,13,172,18,0,16,1,0,0,0,376,28,0,29
11,R,105,H J RES 2,12-Feb-1997,2:27 PM,On Agreeing to the Amendment,None,Failed,67,157,0,2,18,183,0,5,0,1,0,0,85,341,0,7
12,R,105,H J RES 2,12-Feb-1997,2:37 PM,On Agreeing to the Amendment,None,Failed,70,154,0,2,17,184,0,5,0,1,0,0,87,339,0,7
13,R,105,H J RES 2,12-Feb-1997,2:48 PM,On Agreeing to the Amendment,None,Failed,67,157,0,2,18,181,0,7,0,1,0,0,85,339,0,9
14,R,105,H J RES 2,12-Feb-1997,3:36 PM,On Agreeing to the Amendment,None,Failed,54,168,0,4,18,184,0,4,0,1,0,0,72,353,0,8
15,R,105,H J RES 2,12-Feb-1997,3:48 PM,On Agreeing to the Amendment,None,Failed,66,156,0,4,17,185,0,4,0,1,0,0,83,342,0,8
16,R,105,H J RES 2,12-Feb-1997,3:57 PM,On Agreeing to the Amendment,None,Failed,68,153,0,5,17,185,0,4,0,1,0,0,85,339,0,9
17,R,105,H J RES 2,12-Feb-1997,4:40 PM,On Agreeing to the Amendment,None,Failed,66,157,0,3,17,184,0,5,0,1,0,0,83,342,0,8
18,R,105,H J RES 2,12-Feb-1997,4:49 PM,On Agreeing to the Amendment,None,Failed,72,151,0,3,19,183,0,4,0,1,0,0,91,335,0,7
19,R,105,H J RES 2,12-Feb-1997,4:58 PM,On Agreeing to the Amendment,None,Failed,73,151,0,2,24,177,0,5,0,1,0,0,97,329,0,7
20,R,105,H J RES 2,12-Feb-1997,6:00 PM,On Agreeing to the Amendment,None,Failed,72,151,0,3,80,122,0,4,0,1,0,0,152,274,0,7
21,R,105,H J RES 2,12-Feb-1997,6:33 PM,On Passage,Term Limits Constitutional Amendment,Failed,180,45,0,2,37,165,0,4,0,1,0,0,217,211,0,6
22,R,105,H J RES 36,13-Feb-1997,1:03 PM,On Passage,Approving the Presidential Finding Regarding International Family Planning Programs,Passed,44,182,0,1,175,27,0,3,1,0,0,0,220,209,0,4
23,R,105,H R 581,13-Feb-1997,3:02 PM,On Passage,Funds Appropriated for Population Planning,Passed,194,30,0,2,37,163,0,5,0,1,0,0,231,194,0,7
24,R,105,JOURNAL,26-Feb-1997,12:17 PM,On Approving the Journal,None,Passed,206,11,0,9,171,25,0,9,1,0,0,0,378,36,0,18
25,R,105,H R 624,26-Feb-1997,12:28 PM,On Motion to Suspend the Rules and Pass,The Armored Car Reciprocity Amendments of 1997,Passed,219,0,0,7,196,0,0,9,1,0,0,0,416,0,0,16
26,R,105,H R 497,26-Feb-1997,12:38 PM,On Motion to Suspend the Rules and Pass,"To repeal the Federal Charter of Group Hospitalization and Medical Services, Inc.",Passed,219,0,0,7,197,0,0,8,1,0,0,0,417,0,0,15
27,R,105,H R 668,26-Feb-1997,12:51 PM,On Motion to Suspend the Rules and Pass,Aviation Trust Fund Tax Reinstatement,Passed,158,64,0,4,188,9,0,8,1,0,0,0,347,73,0,12
28,R,105,JOURNAL,27-Feb-1997,12:07 PM,On Approving the Journal,None,Passed,189,11,1,25,143,27,1,34,0,0,0,1,332,38,2,60
29,R,105,H CON RES 17,5-Mar-1997,1:27 PM,Suspend the rules and agree,Congratulate Guatemala on the Peace Process,Passed,218,0,2,6,197,0,0,8,1,0,0,0,416,0,2,14
30,R,105,H CON RES 18,5-Mar-1997,1:38 PM,Suspend the rules and agree,Congratulate Nicaragua on Elections,Passed,218,0,3,5,198,0,0,7,1,0,0,0,417,0,3,12
31,R,105,H CON RES 31,5-Mar-1997,1:50 PM,Suspend the rules and agree,"Expressing the sense of Congress regarding the display of the Ten Commandments by Judge Roy S. Moore, a judge on the circuit court of the State of Alabama",Passed,216,4,0,6,79,120,0,6,0,1,0,0,295,125,0,12
32,R,105,ADJOURN,6-Mar-1997,10:24 AM,On Motion to Adjourn,None,Failed,2,196,0,28,73,97,0,35,0,0,0,1,75,293,0,64
33,R,105,JOURNAL,6-Mar-1997,11:29 AM,On Approving the Journal,None,Passed,206,11,0,9,148,32,0,25,1,0,0,0,355,43,0,34
34,R,105,H R 513,6-Mar-1997,11:40 AM,Suspend the rules and pass,District of Columbia Council Contract Review Reform Act,Passed,212,6,0,8,177,1,1,26,1,0,0,0,390,7,1,34
35,R,105,ADJOURN,6-Mar-1997,12:01 PM,On Motion to Adjourn,None,Failed,7,211,0,8,77,100,0,28,0,1,0,0,84,312,0,36
36,R,105,H CON RES 16,11-Mar-1997,5:25 PM,"Suspend the rules and agree, as amended",Improve Living Standards for South Asians,Passed,222,1,0,3,192,0,0,13,1,0,0,0,415,1,0,16
37,R,105,H RES 68,11-Mar-1997,5:37 PM,"Suspend the rules and agree, as amended",Reaffirm U.S.- Japan Security Treaty,Passed,213,10,0,3,189,6,0,10,1,0,0,0,403,16,0,13
38,R,105,H R 750,11-Mar-1997,5:47 PM,"Suspend the rules and pass, as amended",Hong Kong Reversion Act,Passed,220,1,0,5,195,0,0,10,1,0,0,0,416,1,0,15
39,R,105,JOURNAL,12-Mar-1997,11:24 AM,On Approving the Journal,None,Passed,208,11,0,7,162,33,0,10,0,0,0,1,370,44,0,18
40,R,105,ADJOURN,12-Mar-1997,12:13 PM,On Motion to Adjourn,None,Failed,0,220,0,6,26,171,0,8,0,1,0,0,26,392,0,14
41,R,105,H RES 90,12-Mar-1997,1:40 PM,On Ordering the Previous Question,Providing for the consideration of H.Res. 89; Request New Balanced Budget from the President,Passed,225,0,0,1,1,199,0,5,0,1,0,0,226,200,0,6
42,R,105,H RES 90,12-Mar-1997,1:50 PM,On Agreeing to the Resolution,Providing for the consideration of H.Res. 89; Request New Balanced Budget from the President,Passed,225,0,0,2,1,201,0,3,0,1,0,0,226,202,0,5
43,R,105,H RES 89,12-Mar-1997,4:42 PM,On Motion to Recommit with Instructions,Request New Balanced Budget from the President,Failed,0,224,0,2,201,1,0,3,1,0,0,0,202,225,0,5
44,R,105,H RES 89,12-Mar-1997,5:00 PM,On Agreeing to the Resolution,Request New Balanced Budget from the President,Passed,223,2,0,1,8,194,0,3,0,1,0,0,231,197,0,4
45,R,105,H RES 95,13-Mar-1997,11:53 AM,On Agreeing to the Resolution,Providing for consideration of H.J.Res. 58; Disapprove Certification of Mexico,Passed,209,13,0,4,4,195,0,6,0,1,0,0,213,209,0,10
46,R,105,H J RES 58,13-Mar-1997,3:07 PM,On Agreeing to the Amendment,None,Agreed to,205,19,0,3,7,185,9,4,0,1,0,0,212,205,9,7
47,R,105,H J RES 58,13-Mar-1997,3:25 PM,On Agreeing to the Amendment,None,Agreed to,204,21,0,2,24,174,0,7,1,0,0,0,229,195,0,9
48,R,105,H J RES 58,13-Mar-1997,3:46 PM,On Passage,Disapprove Certification of Mexico,Passed,204,21,0,2,46,154,0,5,1,0,0,0,251,175,0,7
49,R,105,H RES 88,13-Mar-1997,4:59 PM,On Ordering the Previous Question,Providing for the consideration of H.R. 852; Paperwork Reduction Amendments,Passed,216,0,0,10,3,186,0,16,0,1,0,0,219,187,0,26
50,R,105,H R 852,13-Mar-1997,5:43 PM,On Passage,Paperwork Reduction Amendments,Passed,207,0,0,19,187,0,0,18,1,0,0,0,395,0,0,37
51,R,105,H R 412,18-Mar-1997,5:44 PM,On Agreeing to the Amendment,None,Failed,22,202,0,2,172,30,0,3,1,0,0,0,195,232,0,5
52,R,105,H R 924,18-Mar-1997,6:07 PM,"On Motion to Suspend the Rules and Pass, as Amended",Victim Allocution Clarification Act,Passed,224,0,0,2,193,9,0,3,1,0,0,0,418,9,0,5
53,R,105,H R 672,18-Mar-1997,6:27 PM,"On Motion to Suspend the Rules and Pass, as Amended",Copyright Clarification Act,Passed,222,1,0,3,201,1,0,3,1,0,0,0,424,2,0,6
54,R,105,H RES 99,19-Mar-1997,12:48 PM,On Agreeing to the Resolution,"Providing for the consideration of H.R. 1, Working Families Flexibility Act",Passed,222,2,0,2,7,192,0,6,0,1,0,0,229,195,0,8
55,R,105,H R 1,19-Mar-1997,2:30 PM,On Agreeing to the Amendment,None,Agreed to,217,7,0,2,190,12,0,3,1,0,0,0,408,19,0,5
56,R,105,H R 1,19-Mar-1997,3:00 PM,On Agreeing to the Amendment,None,Agreed to,192,33,0,1,197,3,0,5,1,0,0,0,390,36,0,6
57,R,105,H R 1,19-Mar-1997,3:34 PM,On Agreeing to the Amendment,None,Failed,6,216,0,4,175,21,0,9,1,0,0,0,182,237,0,13
58,R,105,H R 1,19-Mar-1997,5:00 PM,On Agreeing to the Amendment,None,Failed,3,223,0,0,189,14,0,2,1,0,0,0,193,237,0,2
59,R,105,H R 1,19-Mar-1997,5:21 PM,On Passage,Working Families Flexibility Act,Passed,209,18,0,0,13,191,0,1,0,1,0,0,222,210,0,1
60,R,105,ADJOURN,20-Mar-1997,10:38 AM,On Motion to Adjourn,None,Failed,0,213,0,13,182,8,0,15,1,0,0,0,183,221,0,28
61,R,105,H RES 100,20-Mar-1997,12:14 PM,On Ordering the Previous Question,"Providing for the consideration of H.R. 1122, Partial-Birth Abortion Ban Act",Passed,211,12,0,3,32,171,0,2,0,1,0,0,243,184,0,5
62,R,105,H RES 100,20-Mar-1997,12:23 PM,On Agreeing to the Resolution,"Providing for the consideration of H.R. 1122, Partial-Birth Abortion Ban Act",Passed,204,15,0,7,43,159,0,3,0,1,0,0,247,175,0,10
63,R,105,H R 1122,20-Mar-1997,3:25 PM,table appeal of the ruling of the Chair,Partial-Birth Abortion Ban Act,Passed,220,5,0,1,45,159,0,1,0,1,0,0,265,165,0,2
64,R,105,H R 1122,20-Mar-1997,3:59 PM,On Motion to Recommit with Instructions,Partial-Birth Abortion Ban Act,Failed,16,210,0,1,132,72,0,1,1,0,0,0,149,282,0,2
65,R,105,H R 1122,20-Mar-1997,4:18 PM,On Passage,Partial-Birth Abortion Ban Act,Passed,218,8,0,1,77,127,0,1,0,1,0,0,295,136,0,2
66,R,105,QUORUM,20-Mar-1997,5:54 PM,Call of the House,None,Passed,0,0,222,4,0,0,198,7,0,0,1,0,0,0,421,11
67,R,105,H RES 101,20-Mar-1997,6:22 PM,On Agreeing to the Resolution,"Providing for consideration of the resolution (H. Res. 91), House Committees Funding Resolution",Failed,210,11,0,6,0,201,0,4,0,1,0,0,210,213,0,10
68,R,105,JOURNAL,21-Mar-1997,10:19 AM,On Approving the Journal,None,Passed,190,15,1,20,137,34,0,34,1,0,0,0,328,49,1,54
69,R,105,H RES 105,21-Mar-1997,11:50 AM,On Agreeing to the Resolution,"Providing for consideration of H. Res. 91, Committee Funding for the 105th Congress.",Passed,217,0,0,9,1,178,0,26,0,1,0,0,218,179,0,35
70,R,105,H RES 91,21-Mar-1997,12:51 PM,On Motion to Recommit with Instructions,House Committees Funding Resolution,Failed,1,213,0,12,174,1,0,30,1,0,0,0,176,214,0,42
71,R,105,H RES 91,21-Mar-1997,1:01 PM,"On Agreeing to the Resolution, as amended",House Committees Funding Resolution,Passed,211,3,0,12,2,175,0,28,0,1,0,0,213,179,0,40
72,R,105,H R 28,8-Apr-1997,5:36 PM,On Motion to Suspend the Rules and Pass,Rural Multifamily Rental Housing Loan Guarantee Program Authorization,Passed,207,14,0,5,189,0,0,16,1,0,0,0,397,14,0,21
73,R,105,H R 1000,8-Apr-1997,5:48 PM,On Motion to Suspend the Rules and Pass,State Prevention of Food Stamp Benefits to Prisoners,Passed,220,0,0,6,188,0,0,17,1,0,0,0,409,0,0,23
74,R,105,H RES 107,9-Apr-1997,1:15 PM,On Ordering the Previous Question,Providng for Consideration of Motions to Suspend the Rules,Passed,213,0,0,13,0,195,0,10,0,1,0,0,213,196,0,23
75,R,105,H R 1003,10-Apr-1997,11:37 AM,"On Motion to Suspend the Rules and Pass, as Amended",Assisted Suicide Funding Restriction Act of 1997,Passed,216,0,0,10,181,16,0,8,1,0,0,0,398,16,0,18
76,R,105,H R 1226,15-Apr-1997,4:32 PM,"Suspend the rules and pass, as amended",Taxpayer Browsing Protection Act,Passed,219,0,0,7,192,0,0,13,1,0,0,0,412,0,0,20
77,R,105,H RES 109,15-Apr-1997,4:42 PM,Suspend the rules and agree,Sense of Congress on Family Tax Relief,Passed,219,0,0,7,192,0,0,13,1,0,0,0,412,0,0,20
78,R,105,H J RES 62,15-Apr-1997,7:01 PM,On Passage,Tax Limitation Constitutional Amendment,Failed,208,15,0,3,25,174,0,6,0,1,0,0,233,190,0,9
79,R,105,H RES 112,16-Apr-1997,12:56 PM,On Ordering the Previous Question,Providing for consideration of motions to suspend the rules,Passed,222,0,0,4,1,198,0,6,0,1,0,0,223,199,0,10
80,R,105,H R 607,16-Apr-1997,3:14 PM,"Suspend the rules and pass, as amended",Homeowner’s Insurance Protection Act,Passed,218,7,0,1,202,0,0,3,1,0,0,0,421,7,0,4
81,R,105,H CON RES 61,16-Apr-1997,3:23 PM,On motion to suspend the rules and agree,Honoring the lifetime achievements of Jackie Robinson,Passed,225,0,0,1,201,0,0,4,1,0,0,0,427,0,0,5
82,R,105,MOTION,17-Apr-1997,11:03 AM,strike the words from the record,None,Passed,221,0,0,5,6,189,3,7,0,1,0,0,227,190,3,12
83,R,105,MOTION,17-Apr-1997,11:21 AM,table motion to proceed in order,None,Passed,222,0,0,4,1,198,0,6,0,1,0,0,223,199,0,10
84,R,105,JOURNAL,17-Apr-1997,11:42 AM,On Approving the Journal,None,Passed,212,7,0,7,104,93,0,8,1,0,0,0,317,100,0,15
85,R,105,H R 400,17-Apr-1997,6:04 PM,On Agreeing to the Amendment,None,Failed,123,89,0,14,54,138,0,14,1,0,0,0,178,227,0,28
86,R,105,H R 400,23-Apr-1997,5:25 PM,On Agreeing to the Amendment,None,Failed,114,100,0,12,70,124,0,12,1,0,0,0,185,224,0,24
87,R,105,H R 400,23-Apr-1997,5:36 PM,On Agreeing to the Amendment,None,Failed,113,100,0,13,53,142,0,11,1,0,0,0,167,242,0,24
88,R,105,H R 400,23-Apr-1997,5:48 PM,On Agreeing to the Amendment,None,Agreed to,129,87,0,10,90,106,0,10,1,0,0,0,220,193,0,20
89,R,105,H R 400,23-Apr-1997,5:57 PM,On Agreeing to the Amendment,None,Failed,85,131,0,10,47,149,0,10,1,0,0,0,133,280,0,20
90,R,105,H R 1275,24-Apr-1997,3:09 PM,On Agreeing to the Amendment,None,Failed,45,174,0,7,66,131,0,9,1,0,0,0,112,305,0,16
91,R,105,H R 1275,24-Apr-1997,4:14 PM,On Agreeing to the Amendment,None,Failed,16,201,0,9,169,25,0,12,1,0,0,0,186,226,0,21
92,R,105,H R 1342,29-Apr-1997,5:27 PM,"Suspend the rules and pass, as amended",Conservation Reserve Program Enrollment,Passed,213,8,1,4,112,83,0,11,0,1,0,0,325,92,1,15
93,R,105,H R 680,29-Apr-1997,5:38 PM,"Suspend the rules and pass, as amended",Allow Transfer of Federal Property,Passed,222,0,0,4,195,0,0,11,1,0,0,0,418,0,0,15
94,R,105,H R 363,29-Apr-1997,5:47 PM,"Suspend the rules and pass, as amended",Electric and Magnetic Fields Research Program Reauthorization,Passed,189,34,0,3,197,1,0,8,1,0,0,0,387,35,0,11
95,R,105,H R 1271,29-Apr-1997,5:58 PM,On Passage,"FAA Research, Engineering, and Development Authorization Act",Passed,216,7,0,3,197,0,0,9,1,0,0,0,414,7,0,12
96,R,105,H R 867,30-Apr-1997,2:04 PM,On Passage,Adoption Promotion Act of 1997,Passed,217,4,0,5,198,1,0,7,1,0,0,0,416,5,0,12
97,R,105,JOURNAL,1-May-1997,10:22 AM,On Approving the Journal,None,Passed,192,11,0,23,151,31,0,24,0,0,0,1,343,42,0,48
98,R,105,H RES 129,1-May-1997,12:06 PM,On Agreeing to the Resolution,Committee Funding Resolution,Passed,210,9,0,7,52,147,0,7,0,1,0,0,262,157,0,14
99,R,105,H R 2,1-May-1997,12:58 PM,Question of Consideration of the Committee Substitute Amendment,Housing Opportunity and Responsibility Act,Passed,223,0,0,3,14,182,0,10,0,1,0,0,237,183,0,13
100,R,105,H R 2,1-May-1997,5:07 PM,On Agreeing to the Amendment,None,Failed,6,207,0,13,153,44,0,9,1,0,0,0,160,251,0,22
101,R,105,H R 2,1-May-1997,5:18 PM,On Agreeing to the Amendment,None,Failed,138,71,0,17,15,180,0,11,0,1,0,0,153,252,0,28
102,R,105,H R 2,1-May-1997,5:42 PM,On Agreeing to the Amendment,None,Failed,13,189,0,24,167,27,0,12,1,0,0,0,181,216,0,36
103,R,105,H R 2,6-May-1997,6:23 PM,On Agreeing to the Amendment,None,Failed,1,223,0,2,138,63,0,5,1,0,0,0,140,286,0,7
104,R,105,H R 2,6-May-1997,6:33 PM,On Agreeing to the Amendment,None,Failed,3,217,0,6,164,36,0,6,1,0,0,0,168,253,0,12
105,R,105,H RES 93,7-May-1997,12:14 PM,Suspend the rules and agree,Expressing the Sense of the House that the Bureau of Labor Statistics determine any adjustments in the Consumer Price Index,Passed,212,7,0,7,186,9,0,11,1,0,0,0,399,16,0,18
106,R,105,H R 2,7-May-1997,12:35 PM,On Agreeing to the Amendment,None,Failed,0,225,0,1,171,27,0,8,1,0,0,0,172,252,0,9
107,R,105,H RES 142,7-May-1997,2:34 PM,On Agreeing to the Resolution,Providing for the consideration of H.R. 478: Flood Prevention and Family Protection Act of 1997,Passed,221,0,0,5,193,8,0,5,1,0,0,0,415,8,0,10
108,R,105,H R 478,7-May-1997,6:50 PM,On Agreeing to the Amendment,None,Agreed to,54,169,0,3,172,27,0,7,1,0,0,0,227,196,0,10
109,R,105,H RES 143,7-May-1997,8:28 PM,On Agreeing to the Resolution,Providing for the consideration of H.R. 3; Juvinile Crime Act,Passed,218,1,0,7,34,157,0,15,0,1,0,0,252,159,0,22
110,R,105,JOURNAL,8-May-1997,10:44 AM,On Approving the Journal,None,Passed,186,24,0,16,163,32,0,11,1,0,0,0,350,56,0,27
111,R,105,H R 3,8-May-1997,12:27 PM,On Agreeing to the Amendment,None,Failed,5,218,0,3,194,6,1,5,1,0,0,0,200,224,1,8
112,R,105,H R 3,8-May-1997,1:14 PM,On Agreeing to the Amendment,None,Failed,2,217,0,7,97,103,0,6,1,0,0,0,100,320,0,13
113,R,105,H R 3,8-May-1997,1:23 PM,On Agreeing to the Amendment,None,Failed,7,211,0,8,121,77,0,8,1,0,0,0,129,288,0,16
114,R,105,H R 3,8-May-1997,2:16 PM,On Agreeing to the Amendment,None,Failed,3,218,0,5,97,103,0,6,1,0,0,0,101,321,0,11
115,R,105,H R 3,8-May-1997,2:24 PM,On Agreeing to the Amendment,None,Failed,6,213,0,7,184,14,0,8,1,0,0,0,191,227,0,15
116,R,105,H R 3,8-May-1997,3:18 PM,On Agreeing to the Amendment,None,Agreed to,216,4,0,6,181,17,0,8,1,0,0,0,398,21,0,14
117,R,105,H R 3,8-May-1997,3:49 PM,On Motion to Recommit with Instructions,Juvenile Crime Control Act,Failed,2,216,0,8,171,27,0,8,1,0,0,0,174,243,0,16
118,R,105,H R 3,8-May-1997,4:05 PM,On Passage,Juvenile Crime Control Act,Passed,209,9,0,8,77,122,0,7,0,1,0,0,286,132,0,15
119,R,105,H R 2,13-May-1997,5:34 PM,On Agreeing to the Amendment,None,Failed,0,222,0,4,161,38,0,7,1,0,0,0,162,260,0,11
120,R,105,H R 2,13-May-1997,5:44 PM,On Agreeing to the Amendment,None,Failed,3,219,0,4,149,51,0,6,1,0,0,0,153,270,0,10
121,R,105,H R 2,13-May-1997,5:54 PM,On Agreeing to the Amendment,None,Failed,3,221,0,2,196,7,0,3,1,0,0,0,200,228,0,5
122,R,105,H R 2,13-May-1997,6:05 PM,On Agreeing to the Amendment,None,Failed,1,223,0,2,85,118,0,3,1,0,0,0,87,341,0,5
123,R,105,H R 2,13-May-1997,6:13 PM,On Agreeing to the Amendment,None,Failed,2,221,0,3,142,61,0,3,1,0,0,0,145,282,0,6
124,R,105,H R 5,13-May-1997,6:38 PM,"Suspend rules and pass, as amended",Individuals with Disabilities Education Improvement Act (IDEA),Passed,221,3,0,2,198,0,0,8,1,0,0,0,420,3,0,10
125,R,105,H RES 146,14-May-1997,12:16 PM,On Agreeing to the Resolution,Providing for consideration of H.R. 1469; Emergency Supplemental Appropriations,Failed,180,43,0,3,13,185,0,8,0,1,0,0,193,229,0,11
126,R,105,H R 2,14-May-1997,3:08 PM,On Agreeing to the Amendment,None,Failed,0,222,0,4,162,39,0,5,1,0,0,0,163,261,0,9
127,R,105,H R 2,14-May-1997,3:43 PM,On Passage,Housing Opportunity and Responsibility Act,Passed,222,1,0,3,71,130,0,5,0,1,0,0,293,132,0,8
128,R,105,JOURNAL,15-May-1997,10:26 AM,On Approving the Journal,None,Passed,186,21,0,19,148,41,0,17,0,0,0,1,334,62,0,37
129,R,105,H RES 149,15-May-1997,12:29 PM,On Ordering the Previous Question,Providing for consideration of H.R. 1469; Emergency Supplemental Appropriations,Passed,220,2,0,4,8,193,0,5,0,1,0,0,228,196,0,9
130,R,105,H RES 149,15-May-1997,12:40 PM,On Agreeing to the Resolution,Providing for consideration of H.R. 1469; Emergency Supplemental Appropriations,Passed,215,8,0,3,54,143,0,9,0,1,0,0,269,152,0,12
131,R,105,H R 1469,15-May-1997,3:02 PM,On Agreeing to the Amendment,None,Agreed to,134,89,0,3,203,0,0,3,1,0,0,0,338,89,0,6
132,R,105,H R 1469,15-May-1997,4:15 PM,On Agreeing to the Amendment,None,Failed,98,122,0,6,2,201,0,3,0,1,0,0,100,324,0,9
133,R,105,H R 1469,15-May-1997,7:09 PM,On Agreeing to the Amendment,None,Agreed to,149,71,0,6,195,3,0,8,1,0,0,0,345,74,0,14
134,R,105,H R 1469,15-May-1997,7:28 PM,On Agreeing to the Amendment,None,Agreed to,210,14,0,3,17,182,0,7,0,1,0,0,227,197,0,10
135,R,105,H R 1469,15-May-1997,8:23 PM,On Agreeing to the Amendment,None,Failed,108,113,0,5,7,191,0,8,0,1,0,0,115,305,0,13
136,R,105,H R 1469,15-May-1997,9:25 PM,On Passage,Emergency Supplemental Appropriations,Passed,175,46,1,4,69,131,0,6,0,1,0,0,244,178,1,10
137,R,105,H R 1385,16-May-1997,11:57 AM,On Agreeing to the Amendment,None,Failed,3,211,0,12,164,27,0,15,1,0,0,0,168,238,0,27
138,R,105,H R 1385,16-May-1997,12:58 PM,On Passage,"Employment, Training, and Literacy Enhancement Act",Passed,155,56,0,15,187,4,0,15,1,0,0,0,343,60,0,30
139,R,105,JOURNAL,20-May-1997,12:25 PM,On Approving the Journal,None,Passed,176,13,0,37,135,31,0,40,0,0,0,1,311,44,0,78
140,R,105,H RES 152,20-May-1997,3:24 PM,On Ordering the Previous Question,Providing for consideration of H. Con. Res. 84; Congressional Budget,Passed,218,4,0,5,2,196,0,8,0,0,0,1,220,200,0,14
141,R,105,H RES 152,20-May-1997,3:33 PM,On Agreeing to the Resolution,Providing for consideration of H. Con. Res. 84; Congressional Budget,Passed,212,8,0,7,66,134,0,6,0,0,0,1,278,142,0,14
142,R,105,S CON RES 26,20-May-1997,3:43 PM,Suspend the rules and agree,Permitting the use of the Rotunda of the Capitol for a ceremony honoring Mother Teresa,Passed,218,0,0,9,197,0,0,9,0,0,0,1,415,0,0,19
143,R,105,H CON RES 84,21-May-1997,12:25 AM,On Agreeing to the Amendment,None,Failed,0,227,0,1,71,131,1,3,1,0,0,0,72,358,1,4
144,R,105,H CON RES 84,21-May-1997,1:12 AM,On Agreeing to the Amendment,None,Failed,117,110,0,1,2,202,0,2,0,1,0,0,119,313,0,3
145,R,105,H CON RES 84,21-May-1997,1:52 AM,On Agreeing to the Amendment,None,Failed,0,226,0,2,90,113,0,3,1,0,0,0,91,339,0,5
146,R,105,H CON RES 84,21-May-1997,2:30 AM,On Agreeing to the Amendment,None,Failed,0,225,0,3,122,81,0,3,1,0,0,0,123,306,0,6
147,R,105,H CON RES 84,21-May-1997,3:11 AM,On Agreeing to the Amendment,None,Failed,58,168,0,2,155,48,0,3,1,0,0,0,214,216,0,5
148,R,105,H CON RES 84,21-May-1997,3:28 AM,On Agreeing to the Resolution,Congressional Budget Resolution for FY 1998,Passed,201,26,0,1,132,72,0,2,0,1,0,0,333,99,0,3
149,R,105,H RES 153,21-May-1997,3:17 PM,On Ordering the Previous Question,Providing for consideration of H.R. 408; International Dolphin Conservation Program Act,Passed,223,1,0,3,3,201,0,2,0,1,0,0,226,203,0,5
150,R,105,H R 911,21-May-1997,3:26 PM,"Suspend the rules and pass, as amended",Volunteer Protection Act,Passed,217,4,0,6,172,31,0,3,1,0,0,0,390,35,0,9
151,R,105,H R 408,21-May-1997,5:06 PM,On Passage,International Dolphin Conservation Program Act,Passed,204,19,0,4,58,146,0,2,0,1,0,0,262,166,0,6
152,R,105,ADJOURN,22-May-1997,12:08 PM,On Motion to Adjourn,None,Failed,1,218,0,8,78,121,0,7,1,0,0,0,80,339,0,15
153,R,105,H R 956,22-May-1997,12:57 PM,On Motion to Suspend the Rules and Pass,Drug Free Communities Act,Passed,217,1,0,9,202,0,0,4,1,0,0,0,420,1,0,13
154,R,105,JOURNAL,22-May-1997,1:07 PM,On Approving the Journal,None,Passed,201,16,0,10,150,49,0,7,1,0,0,0,352,65,0,17
155,R,105,H CON RES 87,22-May-1997,7:44 PM,On Agreeing to the Resolution,A Resolution to Adjourn the House for the Memorial Day District Work Period,Failed,67,104,0,56,0,173,0,33,0,1,0,0,67,278,0,89
156,R,105,H R 1420,3-Jun-1997,5:35 PM,"Suspend the rules and pass, as amended",National Wildlife Refuge System Improvement Act,Passed,213,1,0,13,193,0,0,13,1,0,0,0,407,1,0,26
157,R,105,H RES 159,4-Jun-1997,2:16 PM,On Ordering the Previous Question,Providing for consideration of H.R. 1757; Foreign Relations Authorization Act and for considerations of H.R. 1758; The European Security Act of 1997,Passed,219,4,0,4,0,199,0,7,0,1,0,0,219,204,0,11
158,R,105,H RES 159,4-Jun-1997,2:37 PM,On Agreeing to the Resolution,Providing for consideration of H.R. 1757; Foreign Relations Authorization Act and for considerations of H.R. 1758; The European Security Act of 1997,Passed,220,2,0,5,1,197,0,8,0,1,0,0,221,200,0,13
159,R,105,H R 1757,4-Jun-1997,5:13 PM,On Agreeing to the Amendment,None,Agreed to,207,18,0,2,64,136,0,6,0,1,0,0,271,155,0,8
160,R,105,H R 1757,4-Jun-1997,5:23 PM,On Agreeing to the Amendment,None,Failed,3,222,0,2,198,2,0,6,1,0,0,0,202,224,0,8
161,R,105,H R 1757,4-Jun-1997,7:32 PM,On Agreeing to the Amendment,None,Agreed to,197,25,0,5,80,120,0,6,0,1,0,0,277,146,0,11
162,R,105,H R 1757,4-Jun-1997,7:46 PM,On Agreeing to the Amendment,None,Agreed to,212,12,0,3,2,198,0,6,0,1,0,0,214,211,0,9
163,R,105,H R 1757,4-Jun-1997,7:56 PM,On Agreeing to the Amendment,None,Failed,52,171,0,4,2,197,0,7,0,1,0,0,54,369,0,11
164,R,105,H R 1757,4-Jun-1997,8:07 PM,On Agreeing to the Amendment,None,Failed,167,56,0,4,9,187,0,10,0,1,0,0,176,244,0,14
165,R,105,H RES 160,5-Jun-1997,1:51 PM,On Agreeing to the Resolution,Waiving Points of Order Against the Conference Reprt on H. Con. Res. 84,Passed,220,0,0,7,153,46,0,7,0,1,0,0,373,47,0,14
166,R,105,H CON RES 84,5-Jun-1997,3:29 PM,On Agreeing to the Conference Report,Congressional Budget Resolution for FY 1998,Passed,198,26,0,3,129,70,0,7,0,1,0,0,327,97,0,10
167,R,105,H R 1757,5-Jun-1997,3:48 PM,On Agreeing to the Amendment,None,Failed,37,182,0,8,162,36,0,8,1,0,0,0,200,218,0,16
168,R,105,H R 1757,5-Jun-1997,3:58 PM,On Agreeing to the Amendment,None,Agreed to,192,30,0,5,40,158,0,8,0,1,0,0,232,189,0,13
169,R,105,H R 1469,5-Jun-1997,6:41 PM,On Agreeing to the Conference Report,Emergency Supplemental Appropriations,Passed,188,35,0,4,32,165,0,9,0,1,0,0,220,201,0,13
170,R,105,H R 1757,10-Jun-1997,2:32 PM,On Agreeing to the Amendment,None,Failed,103,118,0,6,5,196,0,5,0,1,0,0,108,315,0,11
171,R,105,H R 1757,10-Jun-1997,2:40 PM,On Agreeing to the Amendment,None,Agreed to,221,2,0,4,193,7,0,6,1,0,0,0,415,9,0,10
172,R,105,H R 1757,10-Jun-1997,2:49 PM,On Agreeing to the Amendment,None,Agreed to,221,2,0,4,188,13,0,5,1,0,0,0,410,15,0,9
173,R,105,H R 1757,10-Jun-1997,2:58 PM,On Agreeing to the Amendment,None,Agreed to,222,0,1,4,202,0,0,4,1,0,0,0,425,0,1,8
174,R,105,H R 1757,10-Jun-1997,4:56 PM,On Agreeing to the Amendment,None,Agreed to,224,0,0,3,201,0,0,5,1,0,0,0,426,0,0,8
175,R,105,H R 1757,10-Jun-1997,5:06 PM,On Agreeing to the Amendment,None,Agreed to,217,6,0,4,157,43,0,6,1,0,0,0,375,49,0,10
176,R,105,H CON RES 60,10-Jun-1997,7:00 PM,Suspend the Rules and Agree to the Resolution,Relating to the 30th Anniversary of the Reunification of the City of Jerusalem,Passed,219,3,1,4,186,14,0,6,1,0,0,0,406,17,1,10
177,R,105,H R 1469,10-Jun-1997,7:56 PM,Previous Question on Motion to Refer Veto Message,Emergency Supplemental Appropriations,Passed,216,5,0,6,0,199,0,7,0,1,0,0,216,205,0,13
178,R,105,H R 1757,11-Jun-1997,11:04 AM,On Agreeing to the Amendment,None,Agreed to,181,37,0,9,43,153,0,10,1,0,0,0,225,190,0,19
179,R,105,H R 1757,11-Jun-1997,12:40 PM,On Agreeing to the Amendment,None,Failed,146,74,0,7,17,186,0,3,0,1,0,0,163,261,0,10
180,R,105,H R 1757,11-Jun-1997,1:39 PM,On Agreeing to the Amendment,None,Agreed to,217,6,0,4,202,0,0,4,1,0,0,0,420,6,0,8
181,R,105,H R 1757,11-Jun-1997,1:49 PM,On Agreeing to the Amendment,None,Agreed to,222,0,0,5,199,0,0,7,1,0,0,0,422,0,0,12
182,R,105,H R 1757,11-Jun-1997,2:00 PM,On Agreeing to the Amendment,None,Agreed to,209,14,0,4,145,57,0,4,0,1,0,0,354,72,0,8
183,R,105,H R 1757,11-Jun-1997,2:12 PM,On Agreeing to the Amendment,None,Agreed to,204,19,0,4,75,129,0,2,0,1,0,0,279,149,0,6
184,R,105,H R 1757,11-Jun-1997,2:22 PM,On Agreeing to the Amendment,None,Agreed to,224,0,0,3,162,41,1,2,0,1,0,0,386,42,1,5
185,R,105,H R 1757,11-Jun-1997,2:34 PM,On Agreeing to the Amendment,None,Agreed to,203,21,0,3,80,124,0,2,0,1,0,0,283,146,0,5
186,R,105,H R 1757,11-Jun-1997,2:44 PM,On Agreeing to the Amendment,None,Agreed to,223,0,0,4,204,0,0,2,1,0,0,0,428,0,0,6
187,R,105,H R 1757,11-Jun-1997,2:53 PM,On Agreeing to the Amendment,None,Agreed to,221,1,0,5,5,199,0,2,0,1,0,0,226,201,0,7
188,R,105,H R 1757,11-Jun-1997,3:04 PM,On Agreeing to the Amendment,None,Agreed to,203,19,0,5,19,182,0,5,0,1,0,0,222,202,0,10
189,R,105,H R 1757,11-Jun-1997,3:14 PM,On Agreeing to the Amendment,None,Agreed to,101,123,0,3,190,12,1,3,1,0,0,0,292,135,1,6
190,R,105,H R 1757,11-Jun-1997,3:23 PM,On Agreeing to the Amendment,None,Agreed to,222,0,0,5,202,0,1,3,1,0,0,0,425,0,1,8
191,R,105,H R 1757,11-Jun-1997,3:35 PM,On Agreeing to the Amendment,None,Failed,0,223,0,4,140,64,0,2,1,0,0,0,141,287,0,6
192,R,105,H R 1757,11-Jun-1997,3:44 PM,On Agreeing to the Amendment,None,Agreed to,221,3,0,3,193,9,0,4,1,0,0,0,415,12,0,7
193,R,105,H R 1757,11-Jun-1997,3:52 PM,On Agreeing to the Amendment,None,Agreed to,220,2,0,5,167,35,0,4,0,1,0,0,387,38,0,9
194,R,105,H R 1757,11-Jun-1997,4:02 PM,On Agreeing to the Amendment,None,Agreed to,193,31,0,3,41,161,0,4,0,1,0,0,234,193,0,7
195,R,105,H R 1757,11-Jun-1997,4:12 PM,On Agreeing to the Amendment,None,Agreed to,217,2,0,8,192,10,0,4,1,0,0,0,410,12,0,12
196,R,105,H R 1757,11-Jun-1997,4:21 PM,On Agreeing to the Amendment,None,Agreed to,221,0,0,6,201,0,0,5,1,0,0,0,423,0,0,11
197,R,105,H R 1757,11-Jun-1997,4:29 PM,On Agreeing to the Amendment,None,Agreed to,215,7,0,5,151,51,0,4,0,1,0,0,366,59,0,9
198,R,105,H R 1757,11-Jun-1997,4:39 PM,On Agreeing to the Amendment,None,Agreed to,219,3,0,5,197,7,0,2,1,0,0,0,417,10,0,7
199,R,105,H R 1757,11-Jun-1997,4:48 PM,On Agreeing to the Amendment,None,Agreed to,224,0,0,3,202,0,0,4,1,0,0,0,427,0,0,7
200,R,105,H R 1757,11-Jun-1997,4:58 PM,On Agreeing to the Amendment,None,Agreed to,196,27,0,4,47,157,0,2,1,0,0,0,244,184,0,6
201,R,105,H R 1757,11-Jun-1997,5:06 PM,On Agreeing to the Amendment,None,Agreed to,222,0,1,4,202,0,2,2,1,0,0,0,425,0,3,6
202,R,105,H J RES 54,12-Jun-1997,2:17 PM,On Passage,Constitutional Amendment to Prohibit the Physical Desecration of the Flag,Passed,210,13,0,4,100,100,0,6,0,1,0,0,310,114,0,10
203,R,105,H R 1871,12-Jun-1997,5:07 PM,On Passage,"Supplemental Appropriations, FY 1997",Passed,150,73,1,3,197,1,0,8,1,0,0,0,348,74,1,11
204,R,105,H R 1057,17-Jun-1997,5:22 PM,"Suspend the rules and pass, as amended","Designating the Andrew Jacobs, Jr. Post Office Building",Passed,217,0,0,10,195,0,0,11,1,0,0,0,413,0,0,21
205,R,105,H R 1058,17-Jun-1997,5:32 PM,Suspend the rules and pass,Designating the John T. Myers Post Office Building,Passed,218,0,0,9,197,0,0,9,1,0,0,0,416,0,0,18
206,R,105,H R 985,17-Jun-1997,5:41 PM,"Suspend the rules and pass, as amended",Eagles Nest Wilderness Expansion,Passed,215,4,0,8,196,0,0,10,1,0,0,0,412,4,0,18
207,R,105,H J RES 56,17-Jun-1997,5:49 PM,Supend the rules and pass,Celebration of the End of Slavery,Passed,219,0,0,8,199,0,0,7,1,0,0,0,419,0,0,15
208,R,105,H R 437,18-Jun-1997,12:36 PM,On Passage,National Sea Grants College Program Reauthorization Act,Passed,219,2,0,6,202,1,0,3,1,0,0,0,422,3,0,9
209,R,105,JOURNAL,18-Jun-1997,12:54 PM,On Approving the Journal,None,Passed,192,22,0,13,173,28,0,5,1,0,0,0,366,50,0,18
210,R,105,ADJOURN,19-Jun-1997,10:42 AM,On Motion to Adjourn,None,Failed,2,212,0,13,120,70,0,16,1,0,0,0,123,282,0,29
211,R,105,ADJOURN,19-Jun-1997,12:23 PM,On Motion to Adjourn,None,Failed,4,218,0,5,23,170,0,13,0,1,0,0,27,389,0,18
212,R,105,H RES 169,19-Jun-1997,2:02 PM,On Agreeing to the Amendment,None,Agreed to,145,77,0,5,183,17,0,6,1,0,0,0,329,94,0,11
213,R,105,H RES 169,19-Jun-1997,2:21 PM,On Agreeing to the Resolution,Providing for consideration of H.R. 1119; National Defense Authorization Act,Passed,176,46,0,5,146,54,0,6,0,1,0,0,322,101,0,11
214,R,105,H R 1119,19-Jun-1997,5:37 PM,On Agreeing to the Amendment,None,Failed,13,211,0,3,75,121,0,10,1,0,0,0,89,332,0,13
215,R,105,H R 1119,19-Jun-1997,8:59 PM,On Agreeing to the Amendment,None,Agreed to,220,3,0,4,184,11,0,11,1,0,0,0,405,14,0,15
216,R,105,H R 1119,19-Jun-1997,9:10 PM,On Agreeing to the Amendment,None,Agreed to,195,29,0,3,136,59,0,11,1,0,0,0,332,88,0,14
217,R,105,H R 1119,19-Jun-1997,9:19 PM,On Agreeing to the Amendment,None,Failed,34,189,0,4,161,35,0,10,1,0,0,0,196,224,0,14
218,R,105,JOURNAL,20-Jun-1997,9:45 AM,On Approving the Journal,None,Passed,182,20,0,25,153,29,0,24,1,0,0,0,336,49,0,49
219,R,105,H RES 167,20-Jun-1997,11:21 AM,On Ordering the Previous Question,Providing special investigative authorities for the Committee on Government Reform and Oversight,Passed,216,0,0,11,1,195,0,10,0,1,0,0,217,196,0,21
220,R,105,H RES 167,20-Jun-1997,11:40 AM,On Agreeing to the Resolution,Providing special investigative authorities for the Committee on Government Reform and Oversight,Passed,212,1,0,14,4,192,0,10,0,1,0,0,216,194,0,24
221,R,105,H R 1119,20-Jun-1997,1:27 PM,On Agreeing to the Amendment,None,Failed,32,176,0,19,112,77,0,17,1,0,0,0,145,253,0,36
222,R,105,H R 1119,20-Jun-1997,1:35 PM,On Agreeing to the Amendment,None,Agreed to,184,21,0,22,64,124,0,18,0,1,0,0,248,146,0,40
223,R,105,H R 1119,20-Jun-1997,1:42 PM,On Agreeing to the Amendment,None,Agreed to,203,0,0,24,86,100,0,20,1,0,0,0,290,100,0,44
224,R,105,H R 1119,20-Jun-1997,1:51 PM,On Agreeing to the Amendment,None,Agreed to,192,8,1,26,77,110,0,19,0,1,0,0,269,119,1,45
225,R,105,H R 1119,23-Jun-1997,6:04 PM,On Agreeing to the Amendment,None,Agreed to,221,0,0,6,194,0,0,12,1,0,0,0,416,0,0,18
226,R,105,H R 1119,23-Jun-1997,6:12 PM,On Agreeing to the Amendment,None,Agreed to,223,0,0,4,191,2,0,13,1,0,0,0,415,2,0,17
227,R,105,H R 1119,23-Jun-1997,6:19 PM,On Agreeing to the Amendment,None,Agreed to,221,0,0,6,195,0,0,11,1,0,0,0,417,0,0,17
228,R,105,H R 1119,23-Jun-1997,8:38 PM,On Agreeing to the Amendment,None,Failed,60,163,0,5,148,53,0,5,1,0,0,0,209,216,0,10
229,R,105,H R 1119,23-Jun-1997,10:14 PM,On Agreeing to the Amendment,None,Failed,25,197,0,5,119,81,0,6,1,0,0,0,145,278,0,11
230,R,105,H R 1119,23-Jun-1997,10:57 PM,On Agreeing to the Amendment,None,Agreed to,198,23,0,6,17,182,0,7,0,1,0,0,215,206,0,13
231,R,105,H J RES 79,24-Jun-1997,3:50 PM,On Passage,Disapproving the Extension of Nondiscriminatory Treatment (Most-Favored-Treatment) to the Products of the People’s Republic of China,Failed,79,147,0,2,93,112,0,1,1,0,0,0,173,259,0,3
232,R,105,JOURNAL,24-Jun-1997,3:59 PM,On Approving the Journal,None,Passed,204,19,0,4,164,40,0,2,1,0,0,0,369,59,0,6
233,R,105,H R 1119,24-Jun-1997,6:33 PM,On Agreeing to the Amendment,None,Failed,174,49,0,4,21,182,0,3,1,0,0,0,196,231,0,7
234,R,105,H R 1119,24-Jun-1997,6:40 PM,On Agreeing to the Amendment,None,Agreed to,220,2,0,5,57,146,0,3,1,0,0,0,278,148,0,8
235,R,105,H R 1119,25-Jun-1997,10:57 AM,On Agreeing to the Amendment,None,Failed,193,28,0,6,11,190,0,5,0,1,0,0,204,219,0,11
236,R,105,H R 1119,25-Jun-1997,11:16 AM,On Passage,National Defense Authorization Act,Passed,206,14,0,7,98,105,0,3,0,1,0,0,304,120,0,10
237,R,105,H CON RES 102,25-Jun-1997,11:37 AM,Suspend the Rules and Agree to the Resolution,Cost of Government Day,Passed,220,0,0,7,165,20,13,8,1,0,0,0,386,20,13,15
238,R,105,H RES 174,25-Jun-1997,1:13 PM,On Ordering the Previous Question,"Providing for the consideration of H.R. 2015, Balanced Budget Act of 1997; and H.R. 2014, Revenue Reconciliation Act of 1997",Passed,222,0,0,5,0,203,0,3,0,1,0,0,222,204,0,8
239,R,105,H RES 174,25-Jun-1997,1:31 PM,On Agreeing to the Resolution,"Providing for the consideration of H.R. 2015, Balanced Budget Act of 1997; and H.R. 2014, Revenue Reconciliation Act of 1997",Passed,222,2,1,2,6,197,0,3,0,1,0,0,228,200,1,5
240,R,105,H R 2015,25-Jun-1997,5:48 PM,On Motion to Recommit With Instructions,Balanced Budget Act of 1997,Failed,1,223,0,3,205,0,0,1,1,0,0,0,207,223,0,4
241,R,105,H R 2015,25-Jun-1997,6:09 PM,On Passage,Balanced Budget Act of 1997,Passed,219,7,0,2,51,154,0,1,0,1,0,0,270,162,0,3
242,R,105,H RES 176,26-Jun-1997,11:49 AM,On Agreeing to the Resolution,Providing for Consideration of an Adjournment Resolution,Passed,222,0,0,5,8,193,0,5,0,1,0,0,230,194,0,10
243,R,105,H R 2014,26-Jun-1997,5:10 PM,On Agreeing to the Amendment,None,Failed,0,227,0,1,196,8,0,2,1,0,0,0,197,235,0,3
244,R,105,H R 2014,26-Jun-1997,5:42 PM,On Motion to Recommit With Instructions,Revenue Reconciliation Act of 1997,Failed,0,227,0,1,164,40,0,2,0,1,0,0,164,268,0,3
245,R,105,H R 2014,26-Jun-1997,6:00 PM,On Passage,Revenue Reconciliation Act of 1997,Passed,226,1,0,1,27,177,0,2,0,1,0,0,253,179,0,3
246,R,105,H R 849,8-Jul-1997,5:38 PM,On Passage,Prohibit Relocation Assistance to Illegal Aliens,Passed,207,0,0,20,191,0,0,15,1,0,0,0,399,0,0,35
247,R,105,S J RES 29,8-Jul-1997,5:50 PM,Suspend the rules and pass,Authorize Statue Showing FDR’s Disability,Passed,178,31,0,18,184,8,0,14,1,0,0,0,363,39,0,32
248,R,105,H R 1658,8-Jul-1997,6:01 PM,"Suspend the rules and pass, as amended",Atlantic Striped Bass Conservation Act,Passed,204,8,0,15,194,0,0,12,1,0,0,0,399,8,0,27
249,R,105,H R 748,8-Jul-1997,6:09 PM,"Suspend the rules and pass, as amended",Prohibition on Financial Transactions with Countries Supporting Terrorism,Passed,212,3,0,12,164,30,1,11,1,0,0,0,377,33,1,23
250,R,105,H R 2016,8-Jul-1997,7:18 PM,On Passage,Military Construction Appropriations FY 1998,Passed,211,6,0,10,183,8,0,15,1,0,0,0,395,14,0,25
251,R,105,H R 858,9-Jul-1997,1:34 PM,On Passage,Quincy Library Group Forest Recovery and Economic Stability Act,Passed,224,1,0,2,204,0,0,2,1,0,0,0,429,1,0,4
252,R,105,H RES 179,9-Jul-1997,2:19 PM,On Agreeing to the Resolution,"Providing for consideration of H.R. 1775, FY 1998 Intelligence Authorization",Passed,222,0,0,5,202,2,0,2,1,0,0,0,425,2,0,7
253,R,105,H R 1775,9-Jul-1997,5:29 PM,On Agreeing to the Amendment,None,Failed,27,198,0,2,114,91,0,1,1,0,0,0,142,289,0,3
254,R,105,H R 1775,9-Jul-1997,6:51 PM,On Agreeing to the Amendment,None,Failed,18,207,0,2,173,30,0,3,1,0,0,0,192,237,0,5
255,R,105,H R 1775,9-Jul-1997,9:20 PM,On Agreeing to the Amendment,None,Failed,23,199,0,5,158,39,0,9,1,0,0,0,182,238,0,14
256,R,105,JOURNAL,10-Jul-1997,11:07 AM,On Approving the Journal,None,Passed,201,17,1,8,163,32,0,11,0,0,0,1,364,49,1,20
257,R,105,H R 2015,10-Jul-1997,12:48 PM,Motion to Instruct Conferees,Balanced Budget Act of 1997,Passed,210,14,0,3,203,0,0,3,1,0,0,0,414,14,0,6
258,R,105,H R 2014,10-Jul-1997,2:22 PM,Motion to Insruct Conferees,Revenue Reconciliation Act of 1997,Failed,0,226,0,1,198,7,0,1,1,0,0,0,199,233,0,2
259,R,105,H RES 181,10-Jul-1997,4:10 PM,On Agreeing to the Resolution,"Providing for the consideration of H.R. 2107, Interior Appropriations Act for FY 1998",Passed,212,15,0,1,5,200,0,1,0,1,0,0,217,216,0,2
260,R,105,H R 2107,10-Jul-1997,7:57 PM,On Agreeing to the Amendment,None,Failed,95,131,0,1,103,99,0,4,1,0,0,0,199,230,0,5
261,R,105,H R 2107,10-Jul-1997,8:07 PM,On Agreeing to the Amendment,None,Failed,9,217,0,1,67,134,0,5,1,0,0,0,77,351,0,6
262,R,105,H R 2107,10-Jul-1997,10:57 PM,On Agreeing to the Amendment,None,Agreed to,160,61,0,6,51,147,0,8,0,1,0,0,211,209,0,14
263,R,105,H R 2107,10-Jul-1997,11:15 PM,On Agreeing to the Amendment,None,Agreed to,79,146,0,2,166,33,0,7,1,0,0,0,246,179,0,9
264,R,105,H R 2107,11-Jul-1997,10:26 AM,On Agreeing to the Amendment,None,Failed,95,121,0,11,77,122,0,7,1,0,0,0,173,243,0,18
265,R,105,H R 2107,11-Jul-1997,10:43 AM,On Agreeing to the Amendment,None,Failed,101,118,0,8,73,128,0,5,1,0,0,0,175,246,0,13
266,R,105,H R 2107,11-Jul-1997,12:25 PM,On Agreeing to the Amendment,None,Failed,149,75,0,4,6,195,0,5,0,1,0,0,155,271,0,9
267,R,105,H R 1818,15-Jul-1997,5:43 PM,"Suspend the rules and pass, as amended",Juvenile Crime Control and Delinquency Prevention Act,Passed,212,13,0,2,200,1,0,5,1,0,0,0,413,14,0,7
268,R,105,H R 2035,15-Jul-1997,6:01 PM,"Suspend the rules and pass, as amended",Transfer Naval Vessels,Passed,225,0,0,2,200,1,0,5,1,0,0,0,426,1,0,7
269,R,105,JOURNAL,15-Jul-1997,6:10 PM,On Approving the Journal,None,Passed,203,20,0,4,169,30,0,7,1,0,0,0,373,50,0,11
270,R,105,H R 2107,15-Jul-1997,8:03 PM,On Agreeing to the Amendment,None,Failed,92,132,0,3,4,195,0,7,0,1,0,0,96,328,0,10
271,R,105,H R 2107,15-Jul-1997,8:11 PM,On Agreeing to the Amendment,None,Agreed to,211,11,0,5,103,97,0,6,0,1,0,0,314,109,0,11
272,R,105,H R 2107,15-Jul-1997,8:19 PM,On Agreeing to the Amendment,None,Failed,178,45,0,4,30,170,0,6,0,1,0,0,208,216,0,10
273,R,105,H R 2107,15-Jul-1997,8:27 PM,On Agreeing to the Amendment,None,Agreed to,202,22,0,3,20,180,0,6,0,1,0,0,222,203,0,9
274,R,105,H R 2107,15-Jul-1997,8:33 PM,On Agreeing to the Amendment,None,Agreed to,219,0,0,8,176,25,0,5,1,0,0,0,396,25,0,13
275,R,105,H R 2107,15-Jul-1997,8:51 PM,On Passage,Interior Appropriations for F.Y. 1998,Passed,208,18,0,2,30,173,0,3,0,1,0,0,238,192,0,5
276,R,105,H R 2158,16-Jul-1997,3:20 PM,On Agreeing to the Amendment,None,Agreed to,131,94,0,2,190,16,0,0,1,0,0,0,322,110,0,2
277,R,105,H R 2158,16-Jul-1997,3:29 PM,On Agreeing to the Amendment,None,Agreed to,49,176,0,2,194,11,0,1,1,0,0,0,244,187,0,3
278,R,105,H R 2158,16-Jul-1997,3:38 PM,On Agreeing to the Amendment,None,Failed,131,93,0,3,68,134,0,4,1,0,0,0,200,227,0,7
279,R,105,H R 2158,16-Jul-1997,7:41 PM,On Motion to Recommit with Instructions,VA-HUD-Independent Agencies Appropriations,Failed,1,222,0,4,191,13,0,2,1,0,0,0,193,235,0,6
280,R,105,H R 2158,16-Jul-1997,7:51 PM,On Passage,VA-HUD-Independent Agencies Appropriations,Passed,200,24,0,3,196,7,0,3,1,0,0,0,397,31,0,6
281,R,105,H R 2160,17-Jul-1997,1:29 PM,On resolving into Committee,Agriculture Appropriations for F.Y. 1998,Passed,219,0,0,8,40,164,0,2,0,1,0,0,259,165,0,10
282,R,105,H R 2160,17-Jul-1997,1:50 PM,Table reconsider resolving into Committee,Agriculture Appropriations for F.Y. 1998,Passed,220,0,0,7,18,187,0,1,0,1,0,0,238,188,0,8
283,R,105,H R 2160,17-Jul-1997,2:19 PM,On Motion that the Committee Rise,Agriculture Appropriations for F.Y. 1998,Failed,0,221,0,6,190,12,0,4,1,0,0,0,191,233,0,10
284,R,105,MOTION,17-Jul-1997,2:53 PM,On Motion that the Committee Rise,None,Failed,0,219,0,8,188,13,0,5,1,0,0,0,189,232,0,13
285,R,105,MOTION,17-Jul-1997,3:22 PM,On Motion that the Committee Rise,None,Passed,164,54,0,9,179,19,0,8,1,0,0,0,344,73,0,17
286,R,105,H R 1853,22-Jul-1997,7:11 PM,On Agreeing to the Amendment,None,Failed,10,212,0,5,196,2,0,8,1,0,0,0,207,214,0,13
287,R,105,H R 1853,22-Jul-1997,7:21 PM,On Agreeing to the Amendment,None,Failed,3,217,0,7,185,13,0,8,1,0,0,0,189,230,0,15
288,R,105,H R 1853,22-Jul-1997,7:57 PM,On Motion to Recommit with Instructions,Carl D. Perkins Vocational-Technical Education Act Amendments,Failed,7,217,0,4,199,3,0,4,1,0,0,0,207,220,0,8
289,R,105,H R 1853,22-Jul-1997,8:06 PM,On Passage,Carl D. Perkins Vocational-Technical Education Act Amendments,Passed,217,6,0,4,196,6,0,4,1,0,0,0,414,12,0,8
290,R,105,H R 765,22-Jul-1997,8:27 PM,On Motion to Suspend the Rules and Pass,Shackleford Banks Wild Horses Protection Act,Passed,216,5,0,6,199,1,0,6,1,0,0,0,416,6,0,12
291,R,105,H R 1944,22-Jul-1997,8:36 PM,On Motion to Suspend the Rules and Pass,Warner Canyon Ski Hill Land Exchange,Passed,223,0,0,4,199,0,0,7,1,0,0,0,423,0,0,11
292,R,105,H R 1663,22-Jul-1997,8:45 PM,"On Motion to Suspend the Rules and Pass, as Amended",Emigrant Wilderness Dams,Passed,221,2,0,4,202,0,0,4,1,0,0,0,424,2,0,8
293,R,105,H R 1661,22-Jul-1997,8:54 PM,"On Motion to Suspend the Rules and Pass, as Amended",Trademark Law Treaty Implementation Act,Passed,223,0,0,4,201,0,0,5,1,0,0,0,425,0,0,9
294,R,105,H CON RES 81,22-Jul-1997,9:02 PM,"Suspend the Rules and Agree, as Amended",Peace in Cyprus,Passed,216,4,0,7,200,0,0,6,1,0,0,0,417,4,0,13
295,R,105,H CON RES 88,22-Jul-1997,9:11 PM,Suspend the Rules and Agree,Congratulating El Salvador,Passed,217,2,0,8,201,1,0,4,1,0,0,0,419,3,0,12
296,R,105,H RES 175,22-Jul-1997,9:28 PM,"Suspend the Rules and Agree, as Amended",Violence in the Republic of Congo,Failed,79,143,0,5,199,4,0,3,1,0,0,0,279,147,0,8
297,R,105,H CON RES 99,22-Jul-1997,9:36 PM,Suspend the Rules and Agree,Concern Over Coup in Sierra Leone,Passed,217,1,1,8,200,0,0,6,1,0,0,0,418,1,1,14
298,R,105,H RES 191,22-Jul-1997,9:44 PM,Suspend the Rules and Agree,Regarding Interference of European Commission in Boeing/McDonnell Douglas Merger,Passed,216,0,0,11,199,2,0,5,1,0,0,0,416,2,0,16
299,R,105,H R 1585,22-Jul-1997,10:00 PM,"On Motion to Suspend the Rules and Pass, as Amended",Stamp Out Breast Cancer Act,Passed,219,3,0,5,202,0,0,4,1,0,0,0,422,3,0,9
300,R,105,H R 2003,23-Jul-1997,1:44 PM,On Motion to Recommit with Instructions,Budget Enforcement Act of 1997,Failed,58,165,1,3,90,113,0,3,0,1,0,0,148,279,1,6
301,R,105,H R 2003,23-Jul-1997,1:54 PM,On Passage,Budget Enforcement Act of 1997,Failed,46,178,0,3,35,168,0,3,0,1,0,0,81,347,0,6
302,R,105,H R 2169,23-Jul-1997,4:39 PM,On Passage,Transportation Appropriations for F.Y. 1998,Passed,220,4,0,3,203,1,0,2,1,0,0,0,424,5,0,5
303,R,105,ADJOURN,23-Jul-1997,4:59 PM,On Motion to Adjourn,None,Failed,0,204,0,23,121,75,0,10,1,0,0,0,122,279,0,33
304,R,105,ADJOURN,23-Jul-1997,5:24 PM,On Motion to Adjourn,None,Failed,0,215,0,12,105,96,0,5,0,0,0,1,105,311,0,18
305,R,105,H RES 193,23-Jul-1997,7:14 PM,On Ordering the Previous Question on the Amendment,Providing for further consideration of H.R. 2160; Agriculture Appropriations for F.Y. 1998,Passed,224,0,0,3,45,159,0,2,0,1,0,0,269,160,0,5
306,R,105,H RES 193,23-Jul-1997,7:34 PM,On Agreeing to the Resolution,Providing for further consideration of H.R. 2160; Agriculture Appropriations for F.Y. 1998,Passed,223,0,0,4,3,201,0,2,0,1,0,0,226,202,0,6
307,R,105,ADJOURN,24-Jul-1997,10:55 AM,On Motion to Adjourn,None,Failed,0,209,0,18,63,113,0,30,1,0,0,0,64,322,0,48
308,R,105,H R 2160,24-Jul-1997,11:56 AM,On Agreeing to the Amendment,None,Failed,36,186,0,5,158,44,0,4,1,0,0,0,195,230,0,9
309,R,105,H R 2160,24-Jul-1997,12:52 PM,On Agreeing to the Amendment,None,Failed,41,179,0,7,135,69,0,2,1,0,0,0,177,248,0,9
310,R,105,H R 2160,24-Jul-1997,2:21 PM,On Agreeing to the Amendment,None,Failed,88,133,0,6,120,83,0,3,1,0,0,0,209,216,0,9
311,R,105,H R 2160,24-Jul-1997,2:29 PM,On Agreeing to the Amendment,None,Agreed to,219,0,0,8,198,0,0,8,1,0,0,0,418,0,0,16
312,R,105,H R 2160,24-Jul-1997,3:38 PM,On Agreeing to the Amendment,None,Failed,103,120,0,4,71,133,1,1,1,0,0,0,175,253,1,5
313,R,105,H R 2160,24-Jul-1997,4:00 PM,On Motion that the Committee Rise,Agriculture Appropriations for F.Y. 1998,Failed,0,222,0,5,157,43,0,6,1,0,0,0,158,265,0,11
314,R,105,H R 2160,24-Jul-1997,5:01 PM,On Agreeing to the Amendment,None,Failed,100,123,0,4,84,119,0,3,1,0,0,0,185,242,0,7
315,R,105,MOTION,24-Jul-1997,5:30 PM,strike the enacting clause,None,Failed,1,222,0,4,123,78,0,5,1,0,0,0,125,300,0,9
316,R,105,H R 2160,24-Jul-1997,6:35 PM,On Agreeing to the Amendment,None,Failed,85,137,0,5,64,140,0,2,1,0,0,0,150,277,0,7
317,R,105,H R 2160,24-Jul-1997,6:55 PM,On ordering the previous question on motion to recommit,Agriculture Appropriations for F.Y. 1998,Passed,222,1,0,4,200,3,0,3,1,0,0,0,423,4,0,7
318,R,105,H R 2160,24-Jul-1997,7:13 PM,On Motion to Table the Motion to Reconsider,Agriculture Appropriations for F.Y. 1998,Passed,220,0,0,7,38,164,0,4,0,1,0,0,258,165,0,11
319,R,105,H R 2160,24-Jul-1997,7:23 PM,On Motion to Recommit,Agriculture Appropriations for F.Y. 1998,Failed,0,220,0,7,55,143,2,6,1,0,0,0,56,363,2,13
320,R,105,H R 2160,24-Jul-1997,7:42 PM,On Motion to Table the Motion to Reconsider,Agriculture Appropriations for F.Y. 1998,Passed,222,0,0,5,63,138,0,5,0,1,0,0,285,139,0,10
321,R,105,H R 2160,24-Jul-1997,7:52 PM,On Passage,Agriculture Appropriations for F.Y. 1998,Passed,212,9,0,6,179,23,0,4,1,0,0,0,392,32,0,10
322,R,105,H R 2160,24-Jul-1997,8:09 PM,On Motion to Table the Motion to Reconsider,Agriculture Appropriations for F.Y. 1998,Passed,217,0,0,10,67,131,0,8,0,1,0,0,284,132,0,18
323,R,105,ADJOURN,24-Jul-1997,8:29 PM,On Motion to Adjourn,None,Failed,2,213,0,12,94,101,0,11,0,1,0,0,96,315,0,23
324,R,105,H RES 197,25-Jul-1997,10:53 AM,On Ordering the Previous Question,Providing for consideration of H.R. 2209; Legislative Branch Appropriations for F.Y. 1998,Passed,221,0,0,6,1,200,0,5,0,1,0,0,222,201,0,11
325,R,105,H RES 197,25-Jul-1997,11:06 AM,On Agreeing to the Resolution,Providing for consideration of H.R. 2209; Legislative Branch Appropriations for F.Y. 1998,Passed,215,5,0,7,3,197,0,6,0,1,0,0,218,203,0,13
326,R,105,H R 2203,25-Jul-1997,11:34 AM,On Agreeing to the Amendment,None,Failed,73,150,0,4,24,177,0,5,0,1,0,0,97,328,0,9
327,R,105,H R 2203,25-Jul-1997,11:44 AM,On Agreeing to the Amendment,None,Failed,27,196,0,4,106,94,0,6,1,0,0,0,134,290,0,10
328,R,105,H R 2203,25-Jul-1997,11:53 AM,On Agreeing to the Substitute Amendment,None,Agreed to,153,70,0,4,70,130,0,6,0,1,0,0,223,201,0,10
329,R,105,H R 2203,25-Jul-1997,12:13 PM,On Passage,"Energy and Water Development Appropriations, FY 1998",Passed,217,7,0,3,200,0,0,6,1,0,0,0,418,7,0,9
330,R,105,H R 1119,25-Jul-1997,1:12 PM,On Motion to Instruct Conferees,National Defense Authorization Act,Passed,217,0,0,10,196,0,0,10,1,0,0,0,414,0,0,20
331,R,105,H R 1119,25-Jul-1997,1:35 PM,On Motion to Close Portions of the Conference,National Defense Authorization Act,Passed,212,0,0,15,196,1,0,9,1,0,0,0,409,1,0,24
332,R,105,H R 2209,28-Jul-1997,7:58 PM,On Agreeing to the Amendment,None,Failed,11,208,0,9,187,5,0,14,1,0,0,0,199,213,0,23
333,R,105,H R 2209,28-Jul-1997,8:07 PM,On Agreeing to the Amendment,None,Failed,155,62,0,10,15,179,0,12,0,1,0,0,170,242,0,22
334,R,105,H R 2209,28-Jul-1997,8:36 PM,On Motion to Recommit with Instructions,"Legislative Branch Appropriations, FY 1998",Failed,2,219,0,6,195,1,0,10,1,0,0,0,198,220,0,16
335,R,105,H R 2209,28-Jul-1997,8:54 PM,On Passage,"Legislative Branch Appropriations, FY 1998",Passed,213,7,0,7,1,195,0,10,0,1,0,0,214,203,0,17
336,R,105,H R 2266,29-Jul-1997,1:55 PM,On Agreeing to the Amendment,None,Failed,55,165,0,7,144,57,0,5,1,0,0,0,200,222,0,12
337,R,105,H R 2266,29-Jul-1997,4:12 PM,On Agreeing to the Amendment,None,Failed,37,186,0,4,99,104,0,3,1,0,0,0,137,290,0,7
338,R,105,H R 2266,29-Jul-1997,4:32 PM,On Passage,"Department of Defense Appropriations, FY 1998",Passed,200,22,0,5,122,82,0,2,0,1,0,0,322,105,0,7
339,R,105,H CON RES 75,29-Jul-1997,4:44 PM,On Motion to Suspend the Rules and Agree,Violent Crimes By Repeat Offenders,Passed,221,0,0,6,179,23,1,3,0,1,0,0,400,24,1,9
340,R,105,H R 1348,29-Jul-1997,4:53 PM,"Suspend the rules and pass, as amended",Relating to War Crimes,Passed,218,2,0,7,172,30,0,4,1,0,0,0,391,32,0,11
341,R,105,H RES 201,30-Jul-1997,11:56 AM,On Ordering the Previous Question,Waiving a requirement of clause 4(b) of rule XI with respect to consideration of certain resolutions reported from the Committee on Rules,Passed,222,0,0,5,4,200,0,2,0,1,0,0,226,201,0,7
342,R,105,H RES 201,30-Jul-1997,12:05 PM,On Agreeing to the Resolution,Waiving a requirement of clause 4(b) of rule XI with respect to consideration of certain resolutions reported from the Committee on Rules,Passed,216,4,0,7,21,182,0,3,0,1,0,0,237,187,0,10
343,R,105,H RES 202,30-Jul-1997,1:39 PM,On Ordering the Previous Question,"Waiving Points of Order Against the Conference Report on H.R. 2015, The Balanced Budget Act of 1997",Passed,220,0,0,7,6,196,0,4,0,1,0,0,226,197,0,11
344,R,105,QUORUM,30-Jul-1997,3:54 PM,Call of the House,None,Passed,0,0,215,12,0,0,194,12,0,0,1,0,0,0,410,24
345,R,105,H R 2015,30-Jul-1997,4:43 PM,On Agreeing to the Conference Report,Balanced Budget Act of 1997,Passed,193,32,0,3,153,52,0,1,0,1,0,0,346,85,0,4
346,R,105,H R 2159,30-Jul-1997,8:57 PM,On Agreeing to the Amendment,None,Failed,117,106,0,4,38,166,0,2,1,0,0,0,156,272,0,6
347,R,105,H R 2159,30-Jul-1997,9:07 PM,On Agreeing to the Amendment,None,Failed,37,185,0,5,3,201,0,2,0,1,0,0,40,387,0,7
348,R,105,H CON RES 133,30-Jul-1997,9:26 PM,On Agreeing to the Resolution,None,Passed,222,1,0,4,204,0,0,2,1,0,0,0,427,1,0,6
349,R,105,QUORUM,31-Jul-1997,3:19 PM,Call of the House,None,Passed,0,0,216,11,0,0,197,9,0,0,1,0,0,0,414,20
350,R,105,H R 2014,31-Jul-1997,4:02 PM,On Agreeing to the Conference Report,Revenue Reconciliation Act of 1997,Passed,225,1,0,2,164,41,0,1,0,1,0,0,389,43,0,3
351,R,105,H CON RES 136,31-Jul-1997,4:39 PM,On Agreeing to the Resolution,Providing for an adjournment of the two Houses,Passed,219,2,0,6,184,14,0,8,0,0,0,1,403,16,0,15
352,R,105,H R 2209,3-Sep-1997,5:27 PM,On Motion to Instruct Conferees,"Legislative Branch Appropriations, FY 1998",Failed,11,206,0,9,190,2,0,14,1,0,0,0,202,208,0,23
353,R,105,H R 2160,3-Sep-1997,6:13 PM,On Motion to Instruct Conferees,Agriculture Appropriations for F.Y. 1998,Passed,107,117,0,2,191,8,0,7,1,0,0,0,299,125,0,9
354,R,105,H R 2266,3-Sep-1997,6:44 PM,On Closing Portions of the Conference,"Department of Defense Appropriations, FY 1998",Passed,223,0,0,3,196,4,0,6,1,0,0,0,420,4,0,9
355,R,105,ADJOURN,4-Sep-1997,11:10 AM,On Motion to Adjourn,None,Failed,0,220,0,6,53,150,0,3,0,1,0,0,53,371,0,9
356,R,105,H R 2159,4-Sep-1997,1:20 PM,On Agreeing to the Amendment,None,Failed,73,149,0,4,9,192,0,5,0,1,0,0,82,342,0,9
357,R,105,H R 2159,4-Sep-1997,1:30 PM,On Agreeing to the Amendment,None,Agreed to,76,145,0,5,196,5,0,5,1,0,0,0,273,150,0,10
358,R,105,H R 2159,4-Sep-1997,1:43 PM,On Agreeing to the Amendment,None,Failed,132,87,0,7,15,190,0,1,0,1,0,0,147,278,0,8
359,R,105,H R 2159,4-Sep-1997,1:53 PM,On Agreeing to the Amendment,None,Failed,31,190,1,5,128,76,0,2,0,1,0,0,159,267,1,7
360,R,105,H R 2159,4-Sep-1997,2:02 PM,On Agreeing to the Amendment,None,Failed,47,174,0,6,162,43,0,1,1,0,0,0,210,217,0,7
361,R,105,H R 2159,4-Sep-1997,2:11 PM,On Agreeing to the Amendment,None,Agreed to,221,0,0,5,203,0,0,3,1,0,0,0,425,0,0,8
362,R,105,H R 2159,4-Sep-1997,4:32 PM,On Agreeing to the Amendment,None,Failed,38,185,0,3,171,33,0,2,1,0,0,0,210,218,0,5
363,R,105,H R 2159,4-Sep-1997,4:41 PM,On Agreeing to the Amendment,None,Agreed to,192,29,0,5,42,161,0,3,0,1,0,0,234,191,0,8
364,R,105,H R 2159,4-Sep-1997,5:13 PM,On Passage,"Foreign Operations Appropriations, FY 1998",Passed,185,35,0,6,190,13,0,3,0,1,0,0,375,49,0,9
365,R,105,JOURNAL,4-Sep-1997,8:26 PM,On Approving the Journal,None,Passed,198,15,0,13,164,31,0,11,1,0,0,0,363,46,0,24
366,R,105,ADJOURN,5-Sep-1997,9:54 AM,On Motion to Adjourn,None,Failed,1,198,0,27,43,141,0,22,0,0,0,1,44,339,0,50
367,R,105,H R 2264,5-Sep-1997,12:31 PM,On Agreeing to the Amendment,None,Failed,164,59,0,3,3,200,0,3,0,1,0,0,167,260,0,6
368,R,105,H R 1119,5-Sep-1997,1:59 PM,Motion to instruct conferees,National Defense Authorization Act,Passed,191,20,0,15,70,129,0,7,0,1,0,0,261,150,0,22
369,R,105,H R 2264,8-Sep-1997,7:38 PM,On Agreeing to the Amendment,None,Failed,155,56,0,15,5,180,0,21,0,1,0,0,160,237,0,36
370,R,105,H R 2264,8-Sep-1997,9:34 PM,On Agreeing to the Amendment,None,Failed,152,59,0,15,5,180,0,21,0,1,0,0,157,240,0,36
371,R,105,ADJOURN,9-Sep-1997,10:22 AM,On Motion to Adjourn,None,Failed,2,208,0,17,41,139,0,26,0,0,0,1,43,347,0,44
372,R,105,ADJOURN,9-Sep-1997,11:21 AM,On Motion to Adjourn,None,Failed,0,216,0,10,29,151,0,26,0,0,0,1,29,367,0,37
373,R,105,H R 2264,9-Sep-1997,12:27 PM,On Agreeing to the Amendment,None,Failed,156,64,0,6,8,190,0,8,0,1,0,0,164,255,0,14
374,R,105,MOTION,9-Sep-1997,1:21 PM,On Motion that the Committee Rise,None,Failed,39,181,0,6,3,193,0,10,0,1,0,0,42,375,0,16
375,R,105,QUORUM,9-Sep-1997,2:43 PM,Call in Committee,None,Passed,0,0,218,8,0,0,190,16,0,0,1,0,0,0,409,24
376,R,105,H R 2264,9-Sep-1997,2:53 PM,On Agreeing to the Amendment,None,Agreed to,220,3,0,3,196,0,0,10,1,0,0,0,417,3,0,13
377,R,105,H R 2264,9-Sep-1997,4:19 PM,On Agreeing to the Amendment,None,Failed,135,89,0,2,6,192,0,8,0,1,0,0,141,282,0,10
378,R,105,H R 2264,9-Sep-1997,8:45 PM,On Agreeing to the Amendment,None,Agreed to,46,178,0,2,173,23,0,10,1,0,0,0,220,201,0,12
379,R,105,H R 2264,9-Sep-1997,8:57 PM,On Agreeing to the Amendment,None,Agreed to,73,152,0,1,180,17,0,9,1,0,0,0,254,169,0,10
380,R,105,ADJOURN,10-Sep-1997,11:06 AM,On Motion to Adjourn,None,Failed,0,218,0,8,37,151,0,18,0,1,0,0,37,370,0,26
381,R,105,JOURNAL,10-Sep-1997,11:25 AM,On Approving the Journal,None,Passed,196,20,0,10,155,38,0,13,1,0,0,0,352,58,0,23
382,R,105,ADJOURN,10-Sep-1997,11:46 AM,On Motion to Adjourn,None,Failed,1,209,0,16,35,158,0,13,0,1,0,0,36,368,0,29
383,R,105,QUORUM,10-Sep-1997,1:58 PM,Call in Committee,None,Passed,0,0,220,6,0,0,190,16,0,0,1,0,0,0,411,22
384,R,105,MOTION,10-Sep-1997,2:29 PM,On Motion that the Committee Rise,None,Failed,0,219,0,7,40,149,0,17,0,1,0,0,40,369,0,24
385,R,105,H R 2264,10-Sep-1997,5:42 PM,On Agreeing to the Amendment,None,Failed,164,58,0,4,6,194,0,6,0,1,0,0,170,253,0,10
386,R,105,H R 2264,10-Sep-1997,5:52 PM,On Agreeing to the Amendment,None,Failed,180,42,0,4,5,195,0,6,0,1,0,0,185,238,0,10
387,R,105,MOTION,11-Sep-1997,12:52 PM,On Motion that the Committee Rise,None,Failed,0,217,0,9,39,144,0,23,0,1,0,0,39,362,0,32
388,R,105,H R 2264,11-Sep-1997,2:23 PM,On Agreeing to the Amendment,None,Agreed to,212,11,0,3,58,138,0,10,0,1,0,0,270,150,0,13
389,R,105,H R 2264,11-Sep-1997,2:31 PM,On Agreeing to the Amendment,None,Failed,151,70,0,5,4,194,0,8,0,1,0,0,155,265,0,13
390,R,105,H R 2264,11-Sep-1997,2:40 PM,On Agreeing to the Amendment,None,Failed,78,145,0,3,0,199,0,7,0,1,0,0,78,345,0,10
391,R,105,H R 2264,11-Sep-1997,2:49 PM,On Agreeing to the Amendment,None,Agreed to,207,16,0,3,59,141,0,6,0,1,0,0,266,158,0,9
392,R,105,H R 2264,11-Sep-1997,4:41 PM,On Agreeing to the Amendment,None,Failed,172,46,0,8,4,188,0,14,0,1,0,0,176,235,0,22
393,R,105,H RES 228,16-Sep-1997,3:32 PM,On Ordering the Previous Question,"Waiving points of order against the conference report to accompany H.R. 2016, Military Construction Appropriations, FY 1998",Passed,225,0,0,1,13,188,0,5,0,1,0,0,238,189,0,6
394,R,105,H R 2016,16-Sep-1997,4:00 PM,On Agreeing to the Conference Report,Military Construction Appropriations FY 1998,Passed,216,8,0,2,196,4,0,6,1,0,0,0,413,12,0,8
395,R,105,S 910,16-Sep-1997,5:36 PM,Suspend the rules and pass,Earthquake Hazards Reductions Act,Passed,220,0,0,6,200,0,0,6,1,0,0,0,421,0,0,12
396,R,105,H CON RES 134,16-Sep-1997,5:45 PM,"Suspend the rules and agree, as amended",Use of the Rotunda of the Capitol to Receive His All Holiness Patriarch Bartholomew,Passed,224,0,0,2,196,0,0,10,1,0,0,0,421,0,0,12
397,R,105,S 562,16-Sep-1997,5:55 PM,"Suspend the rules and Pass, as amended",Senior Citizen Home Equity Protection Act,Passed,220,1,0,5,201,0,0,5,1,0,0,0,422,1,0,10
398,R,105,H R 2264,16-Sep-1997,9:56 PM,On Agreeing to the Amendment,None,Agreed to,220,3,0,3,75,121,0,10,0,1,0,0,295,125,0,13
399,R,105,H R 2264,16-Sep-1997,10:05 PM,On Agreeing to the Amendment,None,Agreed to,201,20,0,5,24,174,0,8,0,1,0,0,225,195,0,13
400,R,105,ADJOURN,17-Sep-1997,10:22 AM,On Motion to Adjourn,None,Failed,0,210,1,15,43,145,0,18,0,0,0,1,43,355,1,34
401,R,105,ADJOURN,17-Sep-1997,11:15 AM,On Motion to Adjourn,None,Failed,1,209,0,16,38,154,0,14,0,1,0,0,39,364,0,30
402,R,105,H R 2264,17-Sep-1997,2:04 PM,On Passage,"Labor, Health, and Human Services Appropriations for F.Y. 1998",Passed,147,77,0,2,198,3,0,5,1,0,0,0,346,80,0,7
403,R,105,H R 2378,17-Sep-1997,3:44 PM,On Passage,"Treasury, Postal Appropriations, FY 1998",Passed,102,119,0,5,129,72,0,5,0,1,0,0,231,192,0,10
404,R,105,ADJOURN,17-Sep-1997,4:05 PM,On Motion to Adjourn,None,Failed,8,212,0,6,49,146,0,11,0,1,0,0,57,359,0,17
405,R,105,ADJOURN,18-Sep-1997,10:56 AM,On Motion to Adjourn,None,Failed,0,218,0,8,41,151,0,14,0,1,0,0,41,370,0,22
406,R,105,JOURNAL,18-Sep-1997,11:13 AM,On Approving the Journal,None,Passed,181,39,0,6,155,39,0,12,1,0,0,0,337,78,0,18
407,R,105,H RES 230,18-Sep-1997,12:36 PM,On Ordering the Previous Question,Providing for consideration of H.Res. 168; Ethics Reform Task Force Recommendations,Passed,220,0,0,6,7,190,0,9,0,1,0,0,227,191,0,15
408,R,105,H RES 168,18-Sep-1997,2:05 PM,On Agreeing to the Amendment,None,Agreed to,219,0,1,6,200,0,0,6,1,0,0,0,420,0,1,12
409,R,105,H RES 168,18-Sep-1997,3:01 PM,On Agreeing to the Amendment,None,Agreed to,197,22,1,6,31,170,0,5,0,1,0,0,228,193,1,11
410,R,105,H RES 168,18-Sep-1997,3:57 PM,On Agreeing to the Amendment,None,Failed,175,42,1,8,6,193,0,7,0,1,0,0,181,236,1,15
411,R,105,H RES 168,18-Sep-1997,4:52 PM,On Agreeing to the Amendment,None,Agreed to,194,23,1,8,27,170,0,9,0,1,0,0,221,194,1,17
412,R,105,H RES 168,18-Sep-1997,5:17 PM,On Motion to Recommit with Instructions,Ethics Reform Task Force Recommendations,Failed,1,216,1,8,174,20,0,12,1,0,0,0,176,236,1,20
413,R,105,H RES 168,18-Sep-1997,5:32 PM,On Agreeing to the Resolution,Ethics Reform Task Force Recommendations,Passed,210,6,1,9,48,147,0,11,0,1,0,0,258,154,1,20
414,R,105,H RES 233,18-Sep-1997,5:56 PM,On Motion to Table,None,Failed,86,106,2,32,0,184,1,21,0,1,0,0,86,291,3,53
415,R,105,H RES 233,18-Sep-1997,6:42 PM,On Agreeing to the Resolution,A resolution raising the qustion of the privilges of the House,Passed,111,64,5,46,177,1,2,26,1,0,0,0,289,65,7,72
416,R,105,H R 2343,23-Sep-1997,6:45 PM,On Passage,Abolish RTC Oversight Board,Passed,223,0,0,3,196,0,0,10,1,0,0,0,420,0,0,13
417,R,105,H R 2414,23-Sep-1997,6:56 PM,"On Motion to Suspend the Rules and Pass, as Amended",Fifty-State Commemorative Coin Program Act,Passed,217,5,0,4,195,1,0,10,1,0,0,0,413,6,0,14
418,R,105,S 996,23-Sep-1997,7:04 PM,"Suspend the rules and pass, as amended",District Court Arbitration and Extension of Judgeships,Passed,223,0,0,3,197,0,0,9,1,0,0,0,421,0,0,12
419,R,105,H R 2027,23-Sep-1997,9:25 PM,Suspend the rules and pass,Canadian Border Boat Landing Permits,Passed,222,0,0,4,189,5,0,12,1,0,0,0,412,5,0,16
420,R,105,H R 1683,23-Sep-1997,9:33 PM,"Suspend the rules and pass, as amended",Crimes Against Children and Sexually Violent Offender Registration,Passed,222,0,1,3,192,2,0,12,1,0,0,0,415,2,1,15
421,R,105,H R 643,23-Sep-1997,9:41 PM,On Motion to Suspend the Rules and Pass,Carl B. Stokes U.S. Courthouse,Passed,224,0,0,2,195,0,0,11,1,0,0,0,420,0,0,13
422,R,105,H R 824,23-Sep-1997,9:50 PM,On Motion to Suspend the Rules and Pass,Howard T. Markey National Courts Building,Passed,221,0,0,5,198,0,0,8,1,0,0,0,420,0,0,13
423,R,105,S 871,23-Sep-1997,9:59 PM,"On Motion to Suspend the Rules and Pass, as Amended",Oklahoma City National Memorial Act,Passed,215,7,0,4,198,0,0,8,1,0,0,0,414,7,0,12
424,R,105,H R 1420,23-Sep-1997,10:08 PM,Suspend the Rules and Agree to Senate Amendments,National Wildlife Refuge System Improvement Act,Passed,220,1,0,5,198,0,0,8,1,0,0,0,419,1,0,13
425,R,105,H R 1948,23-Sep-1997,10:15 PM,"On Motion to Suspend the Rules and Pass, as Amended",Hood Bay Land Exchange Act,Passed,222,0,0,4,197,0,0,9,1,0,0,0,420,0,0,13
426,R,105,ADJOURN,24-Sep-1997,10:23 AM,On Motion to Adjourn,None,Failed,1,207,0,18,58,134,0,14,0,1,0,0,59,342,0,32
427,R,105,JOURNAL,24-Sep-1997,10:43 AM,On Approving the Journal,None,Passed,184,25,0,17,139,56,0,11,1,0,0,0,324,81,0,28
428,R,105,MOTION,24-Sep-1997,11:45 AM,Table Reconsider Ordering Yeas and Nays on Adjourn,None,Passed,215,0,0,11,2,196,0,8,0,1,0,0,217,197,0,19
429,R,105,ADJOURN,24-Sep-1997,12:03 PM,On Motion to Adjourn,None,Failed,3,213,0,10,120,80,0,6,1,0,0,0,124,293,0,16
430,R,105,H RES 238,24-Sep-1997,12:52 PM,On Ordering the Previous Question,Waiving Points of Order Against the Conference Report on H.R. 2209,Passed,222,0,0,4,15,185,0,6,0,1,0,0,237,186,0,10
431,R,105,H RES 238,24-Sep-1997,1:01 PM,On Agreeing to the Resolution,Waiving Points of Order Against the Conference Report on H.R. 2209,Passed,217,2,0,7,190,3,0,13,1,0,0,0,408,5,0,20
432,R,105,H R 2209,24-Sep-1997,1:41 PM,On Agreeing to the Conference Report,"Legislative Branch Appropriations, FY 1998",Passed,158,56,0,12,150,50,0,6,1,0,0,0,309,106,0,18
433,R,105,ADJOURN,24-Sep-1997,2:02 PM,On Motion to Adjourn,None,Failed,3,211,0,12,79,114,0,13,0,0,0,1,82,325,0,26
434,R,105,ADJOURN,24-Sep-1997,3:03 PM,On Motion to Adjourn,None,Failed,2,215,0,9,64,132,0,10,0,1,0,0,66,348,0,19
435,R,105,H R 2378,24-Sep-1997,4:43 PM,On Ordering the Previous Question,"Treasury, Postal Appropriations, FY 1998",Passed,114,110,0,3,115,88,0,3,0,1,0,0,229,199,0,6
436,R,105,H R 2378,24-Sep-1997,4:51 PM,On Motion to Instruct Conferees,"Treasury, Postal Appropriations, FY 1998",Passed,213,2,5,6,198,0,1,7,1,0,0,0,412,2,6,13
437,R,105,ADJOURN,24-Sep-1997,5:16 PM,On Motion to Adjourn,None,Failed,6,210,0,10,64,132,0,10,0,0,0,1,70,342,0,21
438,R,105,ADJOURN,25-Sep-1997,10:26 AM,On Motion to Adjourn,None,Failed,5,208,0,13,66,128,0,12,0,1,0,0,71,337,0,25
439,R,105,JOURNAL,25-Sep-1997,10:43 AM,On Approving the Journal,None,Passed,180,32,0,14,150,46,0,10,1,0,0,0,331,78,0,24
440,R,105,ADJOURN,25-Sep-1997,11:43 AM,On Motion to Adjourn,None,Failed,7,210,0,9,75,124,0,7,0,0,0,1,82,334,0,17
441,R,105,H RES 242,25-Sep-1997,12:12 PM,On Agreeing to the Resolution,Waiving Points of Order Against the Conference Report on H.R. 2266,Passed,218,1,0,7,200,2,0,4,1,0,0,0,419,3,0,11
442,R,105,H R 2266,25-Sep-1997,1:03 PM,On Agreeing to the Conference Report,"Department of Defense Appropriations, FY 1998",Passed,202,17,0,7,154,47,0,5,0,1,0,0,356,65,0,12
443,R,105,H R 2267,25-Sep-1997,1:28 PM,On Agreeing to the Amendment,None,Agreed to,215,6,0,5,125,77,0,4,0,1,0,0,340,84,0,9
444,R,105,H R 2267,25-Sep-1997,1:37 PM,On Agreeing to the Amendment,None,Failed,10,206,0,10,118,85,0,3,1,0,0,0,129,291,0,13
445,R,105,H R 2267,25-Sep-1997,1:47 PM,On Agreeing to the Amendment,None,Failed,12,205,0,9,149,54,0,3,1,0,0,0,162,259,0,12
446,R,105,H R 2267,25-Sep-1997,1:56 PM,On Agreeing to the Amendment,None,Failed,147,73,0,6,16,187,0,3,0,1,0,0,163,261,0,9
447,R,105,H R 2267,25-Sep-1997,2:04 PM,On Agreeing to the Amendment,None,Failed,16,201,0,9,138,63,0,5,1,0,0,0,155,264,0,14
448,R,105,MOTION,25-Sep-1997,3:33 PM,On Motion that the Committee Rise,None,Failed,3,211,0,12,99,103,0,4,0,1,0,0,102,315,0,16
449,R,105,H R 2267,25-Sep-1997,4:41 PM,On Agreeing to the Amendment,None,Agreed to,45,173,0,8,200,3,0,3,1,0,0,0,246,176,0,11
450,R,105,H R 2267,25-Sep-1997,5:02 PM,On Motion that the Committee Rise,"Commerce, State, Justice, the Judiciary Appropriations, FY 1998",Failed,3,210,0,13,116,82,0,8,0,1,0,0,119,293,0,21
451,R,105,H R 2267,25-Sep-1997,5:49 PM,Sustaining the Ruling of the Chair,"Commerce, State, Justice, the Judiciary Appropriations, FY 1998",Passed,218,0,0,8,13,187,0,6,0,1,0,0,231,188,0,14
452,R,105,H R 2267,25-Sep-1997,6:49 PM,On Agreeing to the Amendment,None,Agreed to,164,54,0,8,191,10,0,5,1,0,0,0,356,64,0,13
453,R,105,H R 2267,25-Sep-1997,7:09 PM,On Motion that the Committee Rise,"Commerce, State, Justice, the Judiciary Appropriations, FY 1998",Failed,3,200,0,23,104,93,0,9,0,1,0,0,107,294,0,32
454,R,105,H R 2267,25-Sep-1997,7:45 PM,On Motion that the Committee Rise,"Commerce, State, Justice, the Judiciary Appropriations, FY 1998",Failed,2,188,0,36,101,93,0,12,0,0,0,1,103,281,0,49
455,R,105,H R 2267,25-Sep-1997,9:11 PM,On Agreeing to the Amendment,None,Failed,106,104,0,16,1,200,0,5,0,1,0,0,107,305,0,21
456,R,105,H R 2267,25-Sep-1997,10:33 PM,On Agreeing to the Amendment,None,Failed,168,44,0,14,9,190,0,7,0,1,0,0,177,235,0,21
457,R,105,H R 2267,26-Sep-1997,11:11 AM,On Agreeing to the Amendment,None,Agreed to,214,1,0,11,181,5,5,15,1,0,0,0,396,6,5,26
458,R,105,H R 2267,26-Sep-1997,11:21 AM,On Agreeing to the Amendment,None,Failed,157,57,0,12,8,184,0,14,0,1,0,0,165,242,0,26
459,R,105,H R 2267,26-Sep-1997,11:30 AM,On Agreeing to the Amendment,None,Agreed to,195,16,0,15,18,172,0,16,0,1,0,0,213,189,0,31
460,R,105,ADJOURN,29-Sep-1997,5:25 PM,On Motion to Adjourn,None,Failed,3,205,0,18,52,134,0,20,0,0,0,1,55,339,0,39
461,R,105,H J RES 94,29-Sep-1997,6:09 PM,On Passage,Making continuing Appropriations for the fiscal year 1998,Passed,167,52,0,7,187,5,0,14,1,0,0,0,355,57,0,21
462,R,105,S 1211,29-Sep-1997,6:28 PM,On motion to suspend rules and pass,Permanent Authorization for Au Pair Program,Passed,188,30,0,8,188,3,0,15,1,0,0,0,377,33,0,23
463,R,105,H R 2261,29-Sep-1997,6:40 PM,"Suspend the rules and pass, as amended",Small Business Programs Reauthorization,Passed,203,17,0,6,193,0,0,13,1,0,0,0,397,17,0,19
464,R,105,H R 2472,29-Sep-1997,6:50 PM,On motion to suspend the rules and pass,Energy Policy and Conservation Extension,Passed,211,8,0,7,193,0,0,13,1,0,0,0,405,8,0,20
465,R,105,ADJOURN,30-Sep-1997,10:53 AM,On Motion to Adjourn,None,Failed,4,219,0,3,127,66,0,13,1,0,0,0,132,285,0,16
466,R,105,JOURNAL,30-Sep-1997,11:11 AM,On Approving the Journal,None,Passed,202,19,0,5,157,37,0,12,1,0,0,0,360,56,0,17
467,R,105,H RES 254,30-Sep-1997,11:41 AM,On Agreeing to the Resolution,Waiving points of order against the conference report to accompany H.R. 2203; Making appropriations for Energy and Water for F.Y. 1998,Passed,219,3,0,4,195,0,0,11,1,0,0,0,415,3,0,15
468,R,105,H R 2203,30-Sep-1997,12:35 PM,On Agreeing to the Conference Report,"Energy and Water Development Appropriations, FY 1998",Passed,205,16,0,5,198,1,0,7,1,0,0,0,404,17,0,12
469,R,105,H RES 255,30-Sep-1997,1:33 PM,On Ordering the Previous Question,Providing for consideration of H.R. 1370; to reauthorize the Export- Import Bank of the United States,Passed,223,0,0,3,199,3,0,4,1,0,0,0,423,3,0,7
470,R,105,H R 1370,30-Sep-1997,3:09 PM,On Motion that the Committee Rise,None,Failed,3,218,0,5,125,72,0,9,0,1,0,0,128,291,0,14
471,R,105,H R 1370,30-Sep-1997,3:56 PM,On Motion that the Committee Rise,Export-Import Bank Reauthorization Act,Failed,3,215,0,8,158,42,0,6,1,0,0,0,162,257,0,14
472,R,105,H R 1370,30-Sep-1997,4:13 PM,On Agreeing to the Amendment,None,Agreed to,59,163,0,4,181,19,0,6,1,0,0,0,241,182,0,10
473,R,105,H R 1370,30-Sep-1997,4:49 PM,On Agreeing to the Amendment,None,Agreed to,174,45,0,7,187,11,0,8,1,0,0,0,362,56,0,15
474,R,105,H R 2378,30-Sep-1997,5:50 PM,On Agreeing to the Conference Report,"Treasury, Postal Appropriations, FY 1998",Passed,107,118,0,2,113,88,0,5,0,1,0,0,220,207,0,7
475,R,105,H R 2267,30-Sep-1997,8:01 PM,On Agreeing to the Amendment,None,Failed,3,219,0,4,193,9,0,4,1,0,0,0,197,228,0,8
476,R,105,H R 2267,30-Sep-1997,8:50 PM,On Passage,"Commerce, State, Justice, the Judiciary Appropriations, FY 1998",Passed,174,49,0,3,53,149,0,4,0,1,0,0,227,199,0,7
477,R,105,H RES 253,30-Sep-1997,10:29 PM,On Agreeing to the Resolution,"Providing for the consideration of H. Res. 244, Subpoena Enforcement in the Case of Dornan v. Sanchez",Passed,220,0,0,7,1,201,1,3,0,1,0,0,221,202,1,10
478,R,105,H RES 244,1-Oct-1997,12:05 AM,On Agreeing to the Resolution,Subpoena Enforcement in the Case of Dornan v. Sanchez,Passed,218,1,0,8,1,201,1,3,0,1,0,0,219,203,1,11
479,R,105,ADJOURN,1-Oct-1997,12:30 AM,On Motion to Adjourn,None,Passed,196,6,0,24,10,176,0,20,0,1,0,0,206,183,0,44
480,R,105,H R 1757,1-Oct-1997,11:35 AM,On Motion to Instruct Conferees,"Foreign Relations Authorization Act, FY’s 1998 and 1999",Passed,211,5,0,10,200,0,0,6,1,0,0,0,412,5,0,16
481,R,105,ADJOURN,1-Oct-1997,12:08 PM,On Motion to Adjourn,None,Failed,2,210,0,14,109,85,0,12,1,0,0,0,112,295,0,26
482,R,105,S 1161,1-Oct-1997,1:21 PM,On motion to suspend rules and pass,Refugee Assistance Authorization,Failed,197,24,0,5,33,168,0,5,0,1,0,0,230,193,0,10
483,R,105,ADJOURN,1-Oct-1997,1:40 PM,On Motion to Adjourn,None,Failed,13,207,0,6,193,6,0,7,1,0,0,0,207,213,0,13
484,R,105,H CON RES 131,1-Oct-1997,1:54 PM,"Suspend the rules and agree, as amended",Sense of Congress Regarding the Oceans,Failed,213,1,0,12,24,173,0,9,0,1,0,0,237,175,0,21
485,R,105,H R 2233,1-Oct-1997,2:03 PM,"Suspend the rules and pass, as amended",Coral Reef Conservation Act,Failed,198,20,0,8,32,160,0,14,0,1,0,0,230,181,0,22
486,R,105,ADJOURN,1-Oct-1997,2:21 PM,On Motion to Adjourn,None,Failed,8,208,0,11,193,3,0,10,1,0,0,0,202,211,0,21
487,R,105,H R 2007,1-Oct-1997,2:32 PM,"Suspend the rules and pass, as amended",Canadian River Reclamation Project,Failed,202,7,0,17,24,168,1,13,0,1,0,0,226,176,1,30
488,R,105,H R 1476,1-Oct-1997,2:43 PM,On motion to suspend the rules and pass,Miccosuke Settlement Act,Failed,204,8,0,14,25,167,0,14,0,1,0,0,229,176,0,28
489,R,105,H R 1262,1-Oct-1997,2:52 PM,On motion to suspend the rules and pass,SEC Authorization,Failed,196,14,0,16,34,155,0,17,0,1,0,0,230,170,0,33
490,R,105,H RES 232,6-Oct-1997,5:33 PM,On Agreeing to the Resolution,Waiving Points of Order Against the Conference Report on H.R. 2160,Passed,194,19,0,13,172,15,0,19,1,0,0,0,367,34,0,32
491,R,105,H R 2160,6-Oct-1997,6:05 PM,On Agreeing to the Conference Report,Agriculture Appropriations for F.Y. 1998,Passed,210,10,0,6,188,8,0,10,1,0,0,0,399,18,0,16
492,R,105,H R 1370,6-Oct-1997,6:36 PM,On Passage,Export-Import Bank Reauthorization Act,Passed,186,33,0,7,191,5,0,10,1,0,0,0,378,38,0,17
493,R,105,H R 1127,7-Oct-1997,11:54 AM,On Agreeing to the Amendment,None,Failed,22,202,0,2,178,22,0,6,1,0,0,0,201,224,0,8
494,R,105,H R 1127,7-Oct-1997,12:04 PM,On Agreeing to the Amendment,None,Agreed to,199,25,0,2,23,176,0,7,0,1,0,0,222,202,0,9
495,R,105,H R 1127,7-Oct-1997,12:23 PM,On Passage,National Monument Fairness Act,Passed,202,23,0,1,27,173,0,6,0,1,0,0,229,197,0,7
496,R,105,H R 2159,7-Oct-1997,2:07 PM,On Motion to Instruct Conferees,"Foreign Operations Appropriations, FY 1998",Passed,193,32,1,1,40,161,0,5,0,1,0,0,233,194,1,6
497,R,105,H R 629,7-Oct-1997,5:32 PM,On Passage,Texas Low-Level Radioactive Waste Disposal Compact,Passed,189,36,0,1,119,71,0,16,1,0,0,0,309,107,0,17
498,R,105,H R 901,7-Oct-1997,8:12 PM,On Agreeing to the Amendment,None,Failed,26,191,0,9,168,29,0,9,1,0,0,0,195,220,0,18
499,R,105,H RES 262,8-Oct-1997,12:09 PM,On Ordering the Previous Question,"Providing for the consideration of the Senate Amendments to H.R. 1122, Partial-Birth Abortion Ban Act",Passed,217,6,0,3,63,137,0,6,0,1,0,0,280,144,0,9
500,R,105,H R 1122,8-Oct-1997,1:49 PM,Agree to Senate Amendments,Partial-Birth Abortion Ban Act,Passed,217,8,0,2,79,123,0,4,0,1,0,0,296,132,0,6
501,R,105,H R 901,8-Oct-1997,2:09 PM,On Agreeing to the Amendment,None,Failed,14,209,0,3,185,17,0,4,1,0,0,0,200,226,0,7
502,R,105,H R 901,8-Oct-1997,2:18 PM,On Agreeing to the Amendment,None,Agreed to,43,179,0,4,198,3,0,5,1,0,0,0,242,182,0,9
503,R,105,H R 901,8-Oct-1997,2:26 PM,On Agreeing to the Amendment,None,Failed,17,205,0,4,181,22,0,3,1,0,0,0,199,227,0,7
504,R,105,H R 901,8-Oct-1997,2:46 PM,On Passage,American Land Sovereignty Protection Act,Passed,203,21,0,2,33,169,0,4,0,1,0,0,236,191,0,6
505,R,105,H R 2158,8-Oct-1997,4:30 PM,On Agreeing to the Conference Report,VA-HUD-Independent Agencies Appropriations,Passed,207,17,0,2,197,4,0,5,1,0,0,0,405,21,0,7
506,R,105,H R 1757,8-Oct-1997,5:22 PM,On Motion to Instruct Conferees,"Foreign Relations Authorization Act, FY’s 1998 and 1999",Passed,191,32,0,3,45,157,0,4,0,1,0,0,236,190,0,7
507,R,105,H RES 263,9-Oct-1997,11:21 AM,On Agreeing to the Resolution,"Waiving Points of Order Against the Conference Report on H.R. 2169, Transportation Appropriations, FY 1998",Passed,218,1,0,7,194,3,0,9,1,0,0,0,413,4,0,16
508,R,105,H RES 264,9-Oct-1997,11:41 AM,On Agreeing to the Resolution,"Providing for the consideration of H.R. 2607, District of Columbia Appopriations, FY 1998",Passed,220,1,0,5,149,49,0,8,1,0,0,0,370,50,0,13
509,R,105,JOURNAL,9-Oct-1997,11:49 AM,On Approving the Journal,None,Passed,197,18,0,11,154,40,0,12,1,0,0,0,352,58,0,23
510,R,105,H R 2169,9-Oct-1997,12:50 PM,On Agreeing to the Conference Report,Transportation Appropriations for F.Y. 1998,Passed,210,12,0,4,190,9,0,7,1,0,0,0,401,21,0,11
511,R,105,H R 2607,9-Oct-1997,2:37 PM,On Agreeing to the Amendment,None,Agreed to,38,183,0,5,195,5,0,6,1,0,0,0,234,188,0,11
512,R,105,H R 2607,9-Oct-1997,4:56 PM,On Agreeing to the Amendment,None,Failed,8,208,1,10,188,4,0,14,1,0,0,0,197,212,1,24
513,R,105,H R 2607,9-Oct-1997,5:37 PM,On Passage,"District of Columbia Appropriations, FY 1998",Passed,203,11,1,12,0,190,0,16,0,1,0,0,203,202,1,28
514,R,105,H R 2607,9-Oct-1997,5:57 PM,On Motion to Table the Motion to Reconsider,"District of Columbia Appropriations, FY 1998",Passed,161,0,0,65,1,134,0,71,0,1,0,0,162,135,0,136
515,R,105,H RES 265,21-Oct-1997,5:48 PM,On Ordering the Previous Question,"Providing for the consideration of H.R. 2204, Coast Guard Authorization Act",Passed,217,2,0,7,6,193,0,7,0,1,0,0,223,196,0,14
516,R,105,H R 2464,21-Oct-1997,6:01 PM,"Suspend Rules and Pass, As Amended",Exempt Internationally Adopted Children From Vaccines,Passed,219,0,0,7,200,0,0,6,1,0,0,0,420,0,0,13
517,R,105,H R 1962,21-Oct-1997,6:13 PM,"Suspend Rules and Pass, As Amended",Presidential and Executive Office Financial Accountability Act,Passed,213,2,0,11,199,1,0,6,1,0,0,0,413,3,0,17
518,R,105,H R 1534,22-Oct-1997,1:58 PM,On Agreeing to the Amendment,None,Failed,36,184,0,7,141,58,0,7,1,0,0,0,178,242,0,14
519,R,105,H R 1534,22-Oct-1997,2:37 PM,On Passage,Private Property Rights Implementation Act,Passed,193,30,0,4,55,147,0,4,0,1,0,0,248,178,0,8
520,R,105,H RES 270,22-Oct-1997,4:04 PM,On Agreeing to the Resolution,Providing for the consideration of H.R. 2247,Passed,220,2,0,4,6,197,0,3,0,1,0,0,226,200,0,7
521,R,105,JOURNAL,23-Oct-1997,11:07 AM,On Approving the Journal,None,Passed,199,18,0,9,164,34,0,8,1,0,0,0,364,52,0,17
522,R,105,H RES 274,23-Oct-1997,12:41 PM,On Agreeing to the Resolution,Providing for consideration of H.R. 2646; Education Savings Act for Public and Private Schools,Passed,220,0,0,6,67,134,0,5,0,1,0,0,287,135,0,11
523,R,105,H R 2646,23-Oct-1997,3:27 PM,On Agreeing to the Amendment,None,Failed,2,220,0,4,196,4,0,6,1,0,0,0,199,224,0,10
524,R,105,H R 2646,23-Oct-1997,3:53 PM,On Passage,Education Savings Act for Public and Private Schools,Passed,215,8,0,4,15,189,0,2,0,1,0,0,230,198,0,6
525,R,105,H RES 276,23-Oct-1997,5:35 PM,On Agreeing to the Resolution,Privileges of the House,Failed,1,221,0,5,202,1,1,2,1,0,0,0,204,222,1,7
526,R,105,JOURNAL,24-Oct-1997,9:39 AM,On Approving the Journal,None,Passed,175,15,0,36,143,41,0,22,0,0,0,1,318,56,0,59
527,R,105,H RES 277,24-Oct-1997,11:06 AM,On Agreeing to the Resolution,Waiving points of order against the conference report to accompany H.R. 2107; Interior Appropriations for F.Y. 1998,Passed,153,60,0,13,94,105,0,7,0,1,0,0,247,166,0,20
528,R,105,MOTION,24-Oct-1997,11:28 AM,On Motion that the Committee Rise,None,Failed,3,206,0,17,191,8,0,7,1,0,0,0,195,214,0,24
529,R,105,H R 2247,24-Oct-1997,12:47 PM,On Agreeing to the Amendment,None,Failed,190,26,0,11,5,196,0,5,0,1,0,0,195,223,0,16
530,R,105,ADJOURN,24-Oct-1997,1:11 PM,On Motion to Adjourn,None,Failed,3,208,0,15,164,36,0,6,1,0,0,0,168,244,0,21
531,R,105,H R 2107,24-Oct-1997,2:05 PM,On Agreeing to the Conference Report,Interior Appropriations for F.Y. 1998,Passed,130,77,0,19,103,93,0,10,0,1,0,0,233,171,0,29
532,R,105,ADJOURN,28-Oct-1997,5:39 PM,On Motion to Adjourn,None,Failed,2,216,0,8,50,142,1,13,0,1,0,0,52,359,1,21
533,R,105,H RES 278,28-Oct-1997,7:48 PM,On Agreeing to the Resolution,"Waiving points of order against the conference report on H.R. 1119, National Defense Authorization Act",Passed,214,4,0,8,139,54,0,13,0,1,0,0,353,59,0,21
534,R,105,H R 1119,28-Oct-1997,9:09 PM,On Agreeing to the Conference Report,National Defense Authorization Act,Passed,192,22,0,12,94,100,0,12,0,1,0,0,286,123,0,24
535,R,105,ADJOURN,29-Oct-1997,12:21 PM,On Motion to Adjourn,None,Failed,4,204,0,18,25,169,0,11,0,1,0,0,29,374,0,29
536,R,105,H RES 283,29-Oct-1997,1:43 PM,On Agreeing to the Resolution,"Providing for the consideration of H.R. 1270, Nuclear Waste Policy Act of 1997",Passed,191,24,0,11,68,130,0,7,0,1,0,0,259,155,0,18
537,R,105,H RES 287,29-Oct-1997,2:08 PM,On Motion to Table,None,Passed,217,1,0,8,1,198,1,5,0,1,0,0,218,200,1,13
538,R,105,H RES 139,29-Oct-1997,2:17 PM,"Suspend the rules and agree, as amended",Dollars to Classroom Act,Passed,216,0,0,10,94,98,0,13,0,1,0,0,310,99,0,23
539,R,105,H R 1484,29-Oct-1997,2:26 PM,"Suspend the rules and pass, as amended",Designating the J.Roy Rowland Federal Courthouse,Passed,215,0,0,11,198,0,0,7,1,0,0,0,414,0,0,18
540,R,105,H R 1479,29-Oct-1997,2:33 PM,"Suspend the rules and pass, as amended",Designating the David W. Dyer Federal Courthouse,Passed,216,0,0,10,194,0,0,11,1,0,0,0,411,0,0,21
541,R,105,H R 2267,29-Oct-1997,4:17 PM,On Motion to Instruct Conferees,"Commerce, State, Justice, the Judiciary Appropriations, FY 1998",Failed,148,71,0,7,5,196,1,3,0,1,0,0,153,268,1,10
542,R,105,H R 1270,29-Oct-1997,4:46 PM,Question on Consideration,None,Passed,196,22,0,8,116,82,0,7,0,1,0,0,312,105,0,15
543,R,105,H R 1270,29-Oct-1997,6:55 PM,On Agreeing to the Amendment,None,Agreed to,208,10,0,8,199,0,0,6,1,0,0,0,408,10,0,14
544,R,105,H R 1270,29-Oct-1997,7:06 PM,On Agreeing to the Amendment,None,Agreed to,215,1,0,10,191,10,0,4,1,0,0,0,407,11,0,14
545,R,105,H RES 284,30-Oct-1997,10:55 AM,On Agreeing to the Resolution,Providing for consideration of H.R. 2493; Forage Improvement Act of 1997,Passed,219,0,0,7,58,138,0,9,0,1,0,0,277,139,0,16
546,R,105,H R 2493,30-Oct-1997,1:44 PM,On Agreeing to the Amendment,None,Failed,48,174,0,4,156,45,0,4,1,0,0,0,205,219,0,8
547,R,105,H R 2493,30-Oct-1997,1:53 PM,On Agreeing to the Amendment,None,Failed,45,174,0,7,162,38,0,5,1,0,0,0,208,212,0,12
548,R,105,H R 2493,30-Oct-1997,2:55 PM,On Agreeing to the Amendment,None,Failed,24,194,0,8,151,50,0,4,1,0,0,0,176,244,0,12
549,R,105,H R 2493,30-Oct-1997,3:24 PM,On Passage,Forage Improvement Act,Passed,199,22,0,6,43,159,0,3,0,1,0,0,242,182,0,9
550,R,105,H R 1270,30-Oct-1997,3:52 PM,On Agreeing to the Amendment,None,Failed,34,186,0,6,101,103,0,1,0,1,0,0,135,290,0,7
551,R,105,H R 1270,30-Oct-1997,4:03 PM,On Agreeing to the Amendment,None,Failed,45,175,0,6,67,136,0,2,0,1,0,0,112,312,0,8
552,R,105,H R 1270,30-Oct-1997,4:11 PM,On Agreeing to the Amendment,None,Failed,37,181,0,8,81,123,0,1,0,1,0,0,118,305,0,9
553,R,105,H R 1270,30-Oct-1997,4:21 PM,On Agreeing to the Amendment,None,Failed,19,200,0,7,131,73,0,1,1,0,0,0,151,273,0,8
554,R,105,H R 1270,30-Oct-1997,4:31 PM,On Agreeing to the Amendment,None,Failed,9,211,0,6,58,145,0,2,0,1,0,0,67,357,0,8
555,R,105,H R 1270,30-Oct-1997,4:39 PM,On Agreeing to the Amendment,None,Agreed to,219,0,0,7,187,2,15,1,1,0,0,0,407,2,15,8
556,R,105,H R 1270,30-Oct-1997,5:15 PM,On Motion to Recommit with Instructions,Nuclear Waste Policy Act,Failed,10,212,0,4,131,71,0,3,1,0,0,0,142,283,0,7
557,R,105,H R 1270,30-Oct-1997,5:27 PM,On Passage,Nuclear Waste Policy Act,Passed,200,22,0,5,107,97,0,1,0,1,0,0,307,120,0,6
558,R,105,H RES 290,30-Oct-1997,5:53 PM,On Motion to Table,Question of the Privileges of the House,Passed,211,1,2,12,1,196,1,7,0,1,0,0,212,198,3,19
559,R,105,H RES 291,30-Oct-1997,6:16 PM,On Motion to Table,Question of the Privileges of the House,Passed,215,2,2,7,1,197,1,6,0,1,0,0,216,200,3,13
560,R,105,H RES 292,30-Oct-1997,6:38 PM,On Motion to Table,Question of the Privileges of the House,Passed,213,1,3,9,1,185,1,18,0,1,0,0,214,187,4,27
561,R,105,H RES 293,30-Oct-1997,6:58 PM,On Motion to Table,Question of the Privileges of the House,Passed,211,1,3,11,1,188,1,15,0,1,0,0,212,190,4,26
562,R,105,H RES 294,30-Oct-1997,7:20 PM,On Motion to Table,Question of the Priveleges of the House,Passed,215,1,3,7,2,192,1,10,0,0,0,1,217,193,4,18
563,R,105,H RES 295,30-Oct-1997,7:41 PM,On Motion to Table,Question of the Privileges of the House,Passed,210,1,4,11,2,195,1,7,0,1,0,0,212,197,5,18
564,R,105,H RES 296,30-Oct-1997,8:05 PM,On Motion to Table,Question of the Privileges of the House,Passed,212,1,3,10,2,194,0,9,0,1,0,0,214,196,3,19
565,R,105,H RES 297,30-Oct-1997,8:27 PM,On Motion to Table,Question of the Privileges of the House,Passed,206,2,3,15,2,189,1,13,0,1,0,0,208,192,4,28
566,R,105,H RES 288,31-Oct-1997,11:43 AM,On Ordering the Previous Question,Providing for the consideration of H.R. 2746 and H.R. 2616,Passed,219,0,0,8,3,194,0,8,0,1,0,0,222,195,0,16
567,R,105,H RES 288,31-Oct-1997,12:01 PM,On Agreeing to the Resolution,Providing for the consideration of H.R. 2746 and H.R. 2616,Passed,212,8,0,7,2,189,0,14,0,1,0,0,214,198,0,21
568,R,105,H R 2746,4-Nov-1997,8:17 PM,On Motion to Recommit with Instructions,Helping Empower Low-Income Parents (HELP) Scholarships Amendments,Failed,9,212,0,6,193,3,0,9,1,0,0,0,203,215,0,15
569,R,105,H R 2746,4-Nov-1997,8:25 PM,On Passage,Helping Empower Low-Income Parents (HELP) Scholarships Amendments,Failed,187,35,0,5,4,192,0,9,0,1,0,0,191,228,0,14
570,R,105,H R 2644,4-Nov-1997,8:34 PM,Suspend the rules and pass,U.S. Caribbean Trade Partnership Act,Failed,136,83,0,7,46,150,0,9,0,1,0,0,182,234,0,16
571,R,105,H R 1493,4-Nov-1997,8:43 PM,"Suspend the rules and pass, as amended",Identification of Criminal Aliens,Passed,215,2,0,9,194,0,0,11,1,0,0,0,410,2,0,20
572,R,105,S 587,4-Nov-1997,10:59 PM,On Motion to Suspend the Rules and Pass,"Hinsdale, Colorado, Land Exchange",Passed,213,0,0,13,192,0,0,13,1,0,0,0,406,0,0,26
573,R,105,H R 1839,4-Nov-1997,11:12 PM,"Suspend the rules and pass, as amended",National Salvage Vehicle Consumer Protection Act,Passed,212,3,0,11,124,68,0,13,0,1,0,0,336,72,0,24
574,R,105,H R 948,4-Nov-1997,11:22 PM,On Motion to Suspend the Rules and Pass,Burt Lake Band of Ottawa and Chippewa Indians Act,Failed,58,157,0,11,181,10,0,14,1,0,0,0,240,167,0,25
575,R,105,JOURNAL,5-Nov-1997,10:56 AM,On Approving the Journal,None,Passed,197,14,0,15,155,34,0,16,1,0,0,0,353,48,0,31
576,R,105,QUORUM,5-Nov-1997,2:13 PM,Call of the House,None,Passed,0,0,211,16,0,0,195,10,0,0,1,0,0,0,407,26
577,R,105,H R 2676,5-Nov-1997,2:47 PM,On Passage,Internal Revenue Service Restructuring And Reform Act,Passed,225,0,0,3,200,4,0,1,1,0,0,0,426,4,0,4
578,R,105,H RES 302,5-Nov-1997,5:29 PM,On Agreeing to the Resolution,Providing for consideration of nine measures relating to the policy of the United States with respect to the People’s Republic of China,Passed,222,0,0,5,15,183,0,7,0,1,0,0,237,184,0,12
579,R,105,H R 2358,5-Nov-1997,7:36 PM,On Agreeing to the Amendment,None,Agreed to,209,13,0,5,184,16,0,5,1,0,0,0,394,29,0,10
580,R,105,H R 2358,5-Nov-1997,7:45 PM,On Passage,Political Freedom in China Act,Passed,220,1,0,6,195,4,0,6,1,0,0,0,416,5,0,12
581,R,105,H R 2195,5-Nov-1997,9:10 PM,On Motion to Table the Appeal of the Ruling of the Chair,Enforce Ban on Slave Labor Products,Passed,214,6,0,7,3,195,0,7,0,1,0,0,217,202,0,14
582,R,105,H R 2195,5-Nov-1997,9:27 PM,On Passage,Enforce Ban on Slave Labor Products,Passed,221,0,1,5,197,2,0,6,1,0,0,0,419,2,1,11
583,R,105,H RES 307,5-Nov-1997,11:05 PM,On Motion to Table,Question of the Privileges of the House,Passed,216,1,0,10,1,192,1,11,0,1,0,0,217,194,1,21
584,R,105,ADJOURN,5-Nov-1997,11:25 PM,On Motion to Adjourn,None,Passed,214,2,0,11,2,189,0,14,0,1,0,0,216,192,0,25
585,R,105,ADJOURN,6-Nov-1997,10:53 AM,On Motion to Adjourn,None,Failed,3,208,0,16,82,106,0,17,0,1,0,0,85,315,0,33
586,R,105,ADJOURN,6-Nov-1997,11:19 AM,On Motion to Adjourn,None,Failed,3,211,0,13,97,97,0,11,0,1,0,0,100,309,0,24
587,R,105,H RES 305,6-Nov-1997,12:52 PM,On Ordering the Previous Question,"Waiving a requirement of clause 4(b) of rule XI with respect to consideration of certain resolutions reported from the Committee on Rules, and for other purposes.",Passed,221,0,0,6,3,197,0,5,0,1,0,0,224,198,0,11
588,R,105,H RES 305,6-Nov-1997,1:09 PM,On Motion to Table the Motion to Reconsider,"Waiving a requirement of clause 4(b) of rule XI with respect to consideration of certain resolutions reported from the Committee on Rules, and for other purposes.",Passed,221,0,0,6,1,199,0,5,0,1,0,0,222,200,0,11
589,R,105,H RES 305,6-Nov-1997,1:21 PM,On Agreeing to the Resolution,"Waiving a requirement of clause 4(b) of rule XI with respect to consideration of certain resolutions reported from the Committee on Rules, and for other purposes.",Passed,217,0,0,10,2,194,0,9,0,1,0,0,219,195,0,19
590,R,105,H RES 305,6-Nov-1997,1:39 PM,On Motion to Table the Motion to Reconsider,"Waiving a requirement of clause 4(b) of rule XI with respect to consideration of certain resolutions reported from the Committee on Rules, and for other purposes.",Passed,217,0,0,10,1,200,0,4,0,1,0,0,218,201,0,14
591,R,105,ADJOURN,6-Nov-1997,1:59 PM,On Motion to Adjourn,None,Failed,0,217,0,10,79,115,0,11,0,1,0,0,79,333,0,21
592,R,105,H RES 188,6-Nov-1997,2:59 PM,On Agreeing to the Resolution,Acquisition By Iran of C-802 Cruise Missiles,Passed,220,1,0,6,193,7,0,5,1,0,0,0,414,8,0,11
593,R,105,H RES 188,6-Nov-1997,3:18 PM,On motion to table the motion to reconsider,Acquisition By Iran of C-802 Cruise Missiles,Passed,219,0,0,8,21,175,0,9,0,1,0,0,240,176,0,17
594,R,105,ADJOURN,6-Nov-1997,3:39 PM,On Motion to Adjourn,None,Failed,0,215,0,12,74,120,0,11,0,1,0,0,74,336,0,23
595,R,105,H R 967,6-Nov-1997,4:58 PM,On Passage,Prohibiting Certain Chinese Government and Religious Officials from Participating in International Conferences,Passed,217,3,0,7,148,51,0,6,1,0,0,0,366,54,0,13
596,R,105,H R 967,6-Nov-1997,5:18 PM,On Motion to Table the Motion to Reconsider,Prohibiting Certain Chinese Government and Religious Officials from Participating in International Conferences,Passed,217,0,0,10,10,184,0,11,0,1,0,0,227,185,0,21
597,R,105,ADJOURN,6-Nov-1997,5:36 PM,On Motion to Adjourn,None,Failed,2,209,0,16,73,123,0,9,0,1,0,0,75,333,0,25
598,R,105,H R 2570,6-Nov-1997,6:40 PM,On Passage,Forced Abortion Condemnation Act,Passed,221,0,0,6,193,1,0,11,1,0,0,0,415,1,0,17
599,R,105,H R 2570,6-Nov-1997,6:58 PM,On motion to table the motion to reconsider,Forced Abortion Condemnation Act,Passed,220,0,0,7,25,170,0,10,0,1,0,0,245,171,0,17
600,R,105,ADJOURN,6-Nov-1997,7:21 PM,On Motion to Adjourn,None,Failed,0,222,0,5,66,127,0,12,0,1,0,0,66,350,0,17
601,R,105,H R 2386,6-Nov-1997,8:43 PM,On Passage,United States-Taiwan Anti-Ballistic Missile Defense Cooperation Act,Passed,213,7,0,7,88,108,0,9,0,1,0,0,301,116,0,16
602,R,105,H R 2386,6-Nov-1997,9:03 PM,On Motion to Table the Motion to Reconsider,United States-Taiwan Anti-Ballistic Missile Defense Cooperation Act,Passed,223,0,0,4,22,174,0,9,0,1,0,0,245,175,0,13
603,R,105,ADJOURN,6-Nov-1997,9:21 PM,On Motion to Adjourn,None,Failed,5,212,0,10,86,108,0,11,0,1,0,0,91,321,0,21
604,R,105,H R 2605,6-Nov-1997,10:56 PM,Table motion to appeal the ruling of the Chair,Communist China Subsidy Reduction Act,Passed,218,0,0,9,2,191,0,12,0,1,0,0,220,192,0,21
605,R,105,H R 2605,6-Nov-1997,11:16 PM,On Passage,Communist China Subsidy Reduction Act,Passed,211,9,0,7,142,50,0,13,1,0,0,0,354,59,0,20
606,R,105,ADJOURN,7-Nov-1997,9:40 AM,On Motion to Adjourn,None,Failed,1,181,0,45,37,127,0,41,0,0,0,1,38,308,0,87
607,R,105,S 858,7-Nov-1997,10:50 AM,On Agreeing to the Conference Report,"Intelligence Authorization, FY 1998",Passed,217,4,0,6,168,31,0,6,0,1,0,0,385,36,0,12
608,R,105,H R 2616,7-Nov-1997,11:53 AM,On motion that the Committee Rise,Charter Schools Amendments Act,Failed,0,222,0,5,70,126,0,9,1,0,0,0,71,348,0,14
609,R,105,H R 2616,7-Nov-1997,12:25 PM,On Motion that the Committee Rise,Charter Schools Amendments Act,Failed,1,209,0,17,74,124,0,7,0,1,0,0,75,334,0,24
610,R,105,H R 2616,7-Nov-1997,2:00 PM,On Agreeing to the Amendment,None,Failed,5,216,0,6,158,44,0,3,1,0,0,0,164,260,0,9
611,R,105,H R 2616,7-Nov-1997,2:22 PM,On Passage,Charter Schools Amendments Act,Passed,215,8,0,4,151,49,0,5,1,0,0,0,367,57,0,9
612,R,105,H R 2616,7-Nov-1997,2:42 PM,On Motion to Table the Motion to Reconsider,Charter Schools Amendments Act,Passed,217,1,0,9,39,161,0,5,0,1,0,0,256,163,0,14
613,R,105,ADJOURN,7-Nov-1997,3:45 PM,On Motion to Adjourn,None,Failed,0,215,0,12,61,133,0,11,0,0,0,1,61,348,0,24
614,R,105,H R 2647,7-Nov-1997,5:06 PM,On Passage,Monitor Chinese Military Products,Passed,216,2,0,9,191,8,0,6,1,0,0,0,408,10,0,15
615,R,105,H R 2264,7-Nov-1997,6:39 PM,On Agreeing to the Conference Report,"Labor, Health, and Human Services Appropriations for F.Y. 1998",Passed,157,60,0,10,194,5,0,6,1,0,0,0,352,65,0,16
616,R,105,JOURNAL,8-Nov-1997,12:32 PM,On Approving the Journal,None,Passed,193,16,0,18,151,40,0,14,1,0,0,0,345,56,0,32
617,R,105,H R 2631,8-Nov-1997,3:25 PM,On Motion to Suspend the Rules and Pass,Regarding Items Line Item Vetoed in the Military Construction Appropriations Conference Report,Passed,193,23,0,12,158,41,0,6,1,0,0,0,352,64,0,18
618,R,105,H R 2534,8-Nov-1997,3:39 PM,"On Motion to Suspend the Rules and Pass, as Amended","Agricultural Research, Extension, and Education Reauthorization Act",Passed,208,8,0,12,83,116,0,6,0,1,0,0,291,125,0,18
619,R,105,H R 2813,8-Nov-1997,5:50 PM,On Motion to Suspend the Rules and Pass,Medal of Honor,Passed,215,0,0,12,197,0,0,8,0,0,0,1,412,0,0,21
620,R,105,H RES 315,8-Nov-1997,6:13 PM,On Motion to Table,Question of the Privileges of the House,Passed,214,1,1,12,1,192,1,11,0,0,0,1,215,193,2,24
621,R,105,ADJOURN,8-Nov-1997,6:31 PM,On Motion to Adjourn,None,Passed,210,4,0,13,23,166,0,16,0,0,0,1,233,170,0,30
622,R,105,H RES 318,9-Nov-1997,2:54 PM,On Motion to Table,Question of the Privileges of the House,Passed,216,1,1,9,2,192,0,11,0,1,0,0,218,194,1,20
623,R,105,H R 2232,9-Nov-1997,6:59 PM,On Passage,Radio Free Asia Act,Passed,211,8,0,8,190,12,0,3,0,1,0,0,401,21,0,11
624,R,105,H R 1129,9-Nov-1997,7:08 PM,"Suspend rules and pass, as amended",Microenterprise Act,Passed,196,18,0,13,196,3,0,6,1,0,0,0,393,21,0,19
625,R,105,H CON RES 22,9-Nov-1997,7:18 PM,"Suspend the rules and agree, as amended",Regarding Religious Persecution in Germany,Failed,42,177,1,7,59,140,3,3,0,1,0,0,101,318,4,10
626,R,105,H CON RES 139,9-Nov-1997,7:26 PM,"Suspend the rules and agree, as amended",Encourage U.S. Participation in EXPO 2000,Passed,214,1,0,12,200,1,0,4,1,0,0,0,415,2,0,16
627,R,105,H R 2920,10-Nov-1997,12:55 AM,On motion to suspend the rules and pass,U.S.-Canadian Border Controls,Passed,205,11,0,11,119,79,0,7,1,0,0,0,325,90,0,18
628,R,105,H RES 311,10-Nov-1997,1:43 AM,On Agreeing to the Resolution,Providing for consideration of certain resolutions in preparation for the adjournment of the first session sine die,Passed,213,5,0,9,44,153,0,8,0,1,0,0,257,159,0,17
629,R,105,H RES 319,12-Nov-1997,5:40 PM,On Agreeing to the Resolution,Providing for consideration of S. 738; Amtrack Reform and Accountability Act,Passed,208,1,0,18,115,71,0,18,1,0,0,0,324,72,0,36
630,R,105,H RES 314,12-Nov-1997,6:08 PM,On Agreeing to the Resolution,Waiving a requirement of clause 4(b) of rule XI with respect to consideration of certain resolutions reported from the Committee on Rules,Passed,212,0,0,15,1,192,0,11,0,1,0,0,213,193,0,26
631,R,105,H R 2159,13-Nov-1997,12:17 AM,On Agreeing to the Conference Report,"Foreign Operations Appropriations, FY 1998",Passed,150,64,0,13,182,12,1,9,1,0,0,0,333,76,1,22
632,R,105,H RES 301,13-Nov-1997,12:34 AM,On Agreeing to the Resolution,Amending the Rules of the House of Representatives to repeal the exception to the requirement that public committee proceedings be open to all the media.,Passed,206,7,0,15,35,157,0,12,0,1,0,0,241,165,0,27
633,R,105,H RES 326,13-Nov-1997,11:47 AM,On Ordering the Previous Question,Committee on Government Reform and Oversight,Passed,219,0,0,8,1,193,0,10,0,1,0,0,220,194,0,18
634,R,105,H RES 326,13-Nov-1997,12:05 PM,On Agreeing to the Resolution,Committee on Government Reform and Oversight,Passed,217,1,0,9,2,193,0,9,0,1,0,0,219,195,0,18
635,R,105,H RES 327,13-Nov-1997,12:17 PM,On Motion to Suspend the Rules and Agree,Providing for the consideration of H.R. 865 and the Senate Amendment thereto,Passed,212,5,0,10,193,2,0,9,1,0,0,0,406,7,0,19
636,R,105,H RES 330,13-Nov-1997,7:31 PM,On Agreeing to the Resolution,"Waiving points of order against the conference report on H.R. 2267; Commerce, Justice, and State, the Judiciary Appropriations for F.Y. 1998",Passed,209,1,0,17,76,111,0,17,0,1,0,0,285,113,0,34
637,R,105,H CON RES 137,13-Nov-1997,7:43 PM,On motion to suspend the rules and agree,International Tribunal to Try Iraqi War Criminals,Passed,209,1,0,17,186,1,0,17,1,0,0,0,396,2,0,34
638,R,105,S CON RES 68,13-Nov-1997,8:04 PM,On Agreeing to the Resolution,Providing for the adjournment of the two Houses,Passed,204,4,0,19,1,188,0,15,0,1,0,0,205,193,0,34
639,R,105,H R 2267,13-Nov-1997,9:41 PM,On Motion to Recommit,"Commerce, State, Justice, the Judiciary Appropriations, FY 1998",Failed,3,200,0,24,167,16,0,21,1,0,0,0,171,216,0,45
640,R,105,H R 2267,13-Nov-1997,10:10 PM,On Agreeing to the Conference Report,"Commerce, State, Justice, the Judiciary Appropriations, FY 1998",Passed,160,46,0,21,122,63,0,19,0,1,0,0,282,110,0,40
