Roll Call,Majority,Congress Num,Legislation Number,Date,Time,Question,Description,Result,Republican Yes,Republican No,Republican Present,Republican Not Voting,Democrat Yes,Democrat No,Democrat Present,Democrat Not Voting,Independent Yes,Independent No,Independent Present,Independent Not Voting,Total Yes,Total No,Total Present,Total Not Voting
1,R,105,QUORUM,27-Jan-1998,12:38 PM,Call of the House,None,Passed,0,0,195,32,0,0,168,35,0,0,1,0,0,0,364,67
2,R,105,H RES 341,28-Jan-1998,2:04 PM,On Motion to Table,Relating to a question of the privileges of the House.,Passed,213,1,0,12,1,187,0,15,0,1,0,0,214,189,0,27
3,R,105,H RES 344,4-Feb-1998,11:34 AM,On Ordering the Previous Question,"Providing for the consideration of H.R. 2625, to redesignate Washington National Airport as “Ronald Reagan Washington National Airport”",Passed,222,0,0,4,5,188,0,10,0,1,0,0,227,189,0,14
4,R,105,H R 2625,4-Feb-1998,3:08 PM,On Agreeing to the Amendment,None,Failed,10,214,0,3,195,1,0,7,1,0,0,0,206,215,0,10
5,R,105,H R 2625,4-Feb-1998,3:43 PM,On Motion to Recommit with Instructions,To Redesignate Washington National Airport as “Ronald Reagan Washington National Airport”.,Failed,0,223,0,4,185,14,0,4,1,0,0,0,186,237,0,8
6,R,105,H R 2625,4-Feb-1998,3:54 PM,On Passage,To Redesignate Washington National Airport as “Ronald Reagan Washington National Airport”.,Passed,222,3,0,2,18,182,0,3,0,1,0,0,240,186,0,5
7,R,105,H J RES 107,4-Feb-1998,6:45 PM,On Passage,"A Resolution Concerning Attorneys’ Fees, Costs, and Sanctions Payable by the White House Health Care Task Force",Passed,209,3,0,14,64,122,0,17,0,1,0,0,273,126,0,31
8,R,105,H RES 348,5-Feb-1998,11:21 AM,On Ordering the Previous Question,Providing for the consideration of H.R. 2846,Passed,214,0,0,12,6,184,0,13,0,1,0,0,220,185,0,25
9,R,105,H R 2846,5-Feb-1998,12:50 PM,On Passage,Prohibition on Federal Education Funds on National Testing,Passed,217,2,0,7,25,171,0,7,0,1,0,0,242,174,0,14
10,R,105,H R 2631,5-Feb-1998,1:45 PM,"Passage, Objections of the President Notwithstanding",Disapproving the cancellations on Military Construction,Passed,197,23,0,6,149,46,0,8,1,0,0,0,347,69,0,14
11,R,105,QUORUM,5-Feb-1998,2:21 PM,Call of the House,None,Passed,0,0,178,48,0,0,177,26,0,0,1,0,0,0,356,74
12,R,105,H RES 352,11-Feb-1998,5:23 PM,On Agreeing to the Resolution,Providing for consideration of motions to suspend the rules.,Passed,213,0,0,13,4,190,0,9,0,1,0,0,217,191,0,22
13,R,105,H CON RES 202,11-Feb-1998,6:36 PM,"Suspend the rules and agree, as amended",Daycare Fairness for Stay-At-Home Parents,Passed,219,0,0,7,189,0,3,11,1,0,0,0,409,0,3,18
14,R,105,JOURNAL,12-Feb-1998,10:23 AM,On Approving the Journal,None,Passed,198,12,0,16,154,31,1,17,1,0,0,0,353,43,1,33
15,R,105,H RES 355,12-Feb-1998,12:32 PM,On Motion to Recommit with Instructions,Dismissing the election contest against Loretta Sanchez,Failed,1,214,0,11,192,1,0,10,1,0,0,0,194,215,0,21
16,R,105,H RES 355,12-Feb-1998,12:52 PM,On Agreeing to the Resolution,Dismissing the election contest against Loretta Sanchez,Passed,184,33,0,9,193,0,0,10,1,0,0,0,378,33,0,19
17,R,105,H R 1428,12-Feb-1998,2:12 PM,"On Motion to Suspend the Rules and Pass, as Amended",Voter Eligibility Verification Act,Failed,203,13,0,11,7,186,0,10,0,1,0,0,210,200,0,21
18,R,105,H R 424,24-Feb-1998,5:35 PM,"On Motion to Suspend the Rules and Pass, as Amended","To provide for increased mandatory minimum sentences for criminals possessing firearms, and for other purposes.",Passed,219,4,0,3,130,55,0,18,1,0,0,0,350,59,0,21
19,R,105,H R 1544,25-Feb-1998,12:14 PM,On Agreeing to the Amendment,None,Failed,8,212,0,6,163,26,0,14,1,0,0,0,172,238,0,20
20,R,105,H R 2181,25-Feb-1998,2:08 PM,On Agreeing to the Amendment,None,Failed,7,214,0,5,105,86,0,12,1,0,0,0,113,300,0,17
21,R,105,H R 2181,25-Feb-1998,2:46 PM,On Passage,Witness Protection and Interstate Relocation Act,Passed,221,2,0,3,144,47,1,11,1,0,0,0,366,49,1,14
22,R,105,H R 1544,25-Feb-1998,3:09 PM,On Agreeing to the Amendment,None,Failed,2,220,0,4,161,33,0,9,1,0,0,0,164,253,0,13
23,R,105,H R 1544,25-Feb-1998,3:19 PM,On Agreeing to the Amendment,None,Failed,1,217,0,8,152,41,0,10,1,0,0,0,154,258,0,18
24,R,105,H R 1544,25-Feb-1998,3:39 PM,On Passage,Federal Agency Compliance Act,Passed,191,31,0,4,50,144,0,9,0,1,0,0,241,176,0,13
25,R,105,H R 2460,26-Feb-1998,11:32 AM,On Passage,Wireless Telephone Protection Act,Passed,220,1,0,5,194,0,0,9,0,0,0,1,414,1,0,15
26,R,105,H R 217,3-Mar-1998,5:25 PM,"On Motion to Suspend the Rules and Pass, as Amended",Homeless Housing Programs Consolidation and Flexibility Act,Passed,195,19,0,12,190,4,0,9,1,0,0,0,386,23,0,21
27,R,105,H RES 376,4-Mar-1998,12:09 PM,On Agreeing to the Resolution,Providing for consideration of H.R. 856; U.S.- Puerto Rico Political Status Act,Passed,180,36,0,10,189,5,0,9,1,0,0,0,370,41,0,19
28,R,105,H R 856,4-Mar-1998,4:51 PM,On Agreeing to the Amendment,None,Failed,0,223,0,3,13,182,1,7,0,1,0,0,13,406,1,10
29,R,105,H R 856,4-Mar-1998,5:01 PM,On Agreeing to the Amendment,None,Agreed to,55,168,0,3,182,14,0,7,1,0,0,0,238,182,0,10
30,R,105,H R 856,4-Mar-1998,5:11 PM,"On Agreeing to the Amendment, as amended",None,Agreed to,85,138,0,3,179,15,0,9,1,0,0,0,265,153,0,12
31,R,105,QUORUM,4-Mar-1998,6:40 PM,Call in Committee,None,Passed,0,0,214,12,0,0,190,13,0,0,1,0,0,0,405,25
32,R,105,H R 856,4-Mar-1998,6:48 PM,On Agreeing to the Amendment,None,Failed,9,208,0,9,47,148,0,8,1,0,0,0,57,356,0,17
33,R,105,H R 856,4-Mar-1998,9:05 PM,On Agreeing to the Amendment,None,Failed,26,190,0,10,2,193,0,8,0,1,0,0,28,384,0,18
34,R,105,H R 856,4-Mar-1998,9:12 PM,On Agreeing to the Amendment,None,Failed,124,95,0,7,7,186,0,10,0,1,0,0,131,282,0,17
35,R,105,H R 856,4-Mar-1998,9:22 PM,On Agreeing to the Amendment,None,Failed,0,219,0,7,2,193,1,7,0,1,0,0,2,413,1,14
36,R,105,H R 856,4-Mar-1998,9:47 PM,"On agreeing to the amendment, as amended",None,Agreed to,56,164,0,6,183,13,0,7,1,0,0,0,240,177,0,13
37,R,105,H R 856,4-Mar-1998,10:07 PM,On Passage,United States - Puerto Rico Political Status Act,Passed,43,177,0,6,165,31,0,7,1,0,0,0,209,208,0,13
38,R,105,H R 2369,5-Mar-1998,11:44 AM,On Passage,Wireless Privacy Enhancement Act,Passed,219,1,0,6,194,0,0,9,1,0,0,0,414,1,0,15
39,R,105,H R 3130,5-Mar-1998,1:14 PM,On Passage,Child Support Performance Act of 1998,Passed,218,1,0,7,195,0,0,8,1,0,0,0,414,1,0,15
40,R,105,JOURNAL,10-Mar-1998,5:22 PM,On Approving the Journal,None,Passed,196,19,0,11,168,20,0,15,1,0,0,0,365,39,0,26
41,R,105,H CON RES 206,10-Mar-1998,5:33 PM,On Motion to Suspend the Rules and Agree,Permitting the use of the rotunda of the Capitol for a ceremony as part of the commemmeration of the days of remembrance of victims of the Holocaust.,Passed,215,0,0,11,190,0,0,13,1,0,0,0,406,0,0,24
42,R,105,S 419,10-Mar-1998,5:41 PM,On Motion to Suspend the Rules and Pass,"To provide surveillance, research, and services aimed at prevention of birth defects, and for other purposes.",Passed,213,2,0,11,191,0,0,12,1,0,0,0,405,2,0,23
43,R,105,H RES 383,11-Mar-1998,12:11 PM,On Agreeing to the Resolution,Providing for the consideration of H.R. 1432,Passed,172,48,0,7,55,141,0,7,0,1,0,0,227,190,0,14
44,R,105,H R 1432,11-Mar-1998,4:23 PM,On Agreeing to the Amendment,None,Failed,3,218,0,5,77,116,0,10,1,0,0,0,81,334,0,15
45,R,105,H R 1432,11-Mar-1998,4:31 PM,On Agreeing to the Amendment,None,Failed,131,91,0,4,25,166,0,12,0,1,0,0,156,258,0,16
46,R,105,H R 1432,11-Mar-1998,5:11 PM,On Motion to Recommit with Instructions,African Growth and Opportunity Act,Failed,66,157,0,3,126,67,0,10,1,0,0,0,193,224,0,13
47,R,105,H R 1432,11-Mar-1998,5:21 PM,On Passage,African Growth and Opportunity Act,Passed,141,84,0,2,92,101,0,10,0,1,0,0,233,186,0,12
48,R,105,H RES 384,12-Mar-1998,11:11 AM,On Agreeing to the Resolution,Providing for the consideration of H.R. 2883,Passed,218,0,0,8,193,0,0,10,1,0,0,0,412,0,0,18
49,R,105,JOURNAL,12-Mar-1998,11:21 AM,On Approving the Journal,None,Passed,205,14,0,7,162,29,1,11,1,0,0,0,368,43,1,18
50,R,105,H R 2883,12-Mar-1998,1:21 PM,On Passage,Government Performance and Results Act Technical Amendments,Passed,221,0,0,5,21,167,0,15,0,1,0,0,242,168,0,20
51,R,105,H R 992,12-Mar-1998,2:11 PM,On Agreeing to the Amendment,None,Failed,36,185,0,6,169,21,0,13,1,0,0,0,206,206,0,19
52,R,105,H R 992,12-Mar-1998,2:36 PM,On Passage,Tucker Act Shuffle Relief Act,Passed,184,36,0,6,46,143,0,14,0,1,0,0,230,180,0,20
53,R,105,JOURNAL,17-Mar-1998,5:50 PM,On Approving the Journal,None,Passed,194,15,0,17,164,23,0,16,1,0,0,0,359,38,0,33
54,R,105,H RES 364,17-Mar-1998,6:26 PM,On Motion to Suspend the Rules and Agree,Human Rights Situation in the People’s Republic of China,Passed,209,0,0,17,187,0,0,17,1,0,0,0,397,0,0,34
55,R,105,H RES 361,17-Mar-1998,6:35 PM,"On Motion to Suspend the Rules and Agree, as Amended",Calling for Free and Impartial Elections in Cambodia,Passed,205,1,0,20,187,0,0,17,1,0,0,0,393,1,0,37
56,R,105,H CON RES 152,18-Mar-1998,11:39 AM,"On Motion to Suspend the Rules and Agree, As Amended",Expressing the sense of the Congress that all parties to the multiparty peace talks regarding Northern Ireland should condemn violence and fully integrate internationally recognized human rights standards and adequately address outstanding human rights violations as part of the peace process,Passed,213,2,1,10,193,0,0,11,1,0,0,0,407,2,1,21
57,R,105,H CON RES 235,18-Mar-1998,11:49 AM,"On Motion to Suspend the Rules and Agree, As Amended",Calling for an end to the violent repression of the legitimate rights of the people of Kosova,Passed,211,1,1,13,194,0,0,10,1,0,0,0,406,1,1,23
58,R,105,H CON RES 227,18-Mar-1998,2:31 PM,On Agreeing to the Resolution,Directing the President to Remove United States Armed Forces from the Republic of Bosnia and Herzegovina,Failed,180,43,0,3,13,181,0,10,0,1,0,0,193,225,0,13
59,R,105,H RES 388,19-Mar-1998,10:59 AM,On Agreeing to the Resolution,Providing for consideration of H.R. 2870; Tropical Forest Conservation Act,Passed,216,0,0,10,194,0,0,10,1,0,0,0,411,0,0,20
60,R,105,JOURNAL,19-Mar-1998,11:09 AM,On Approving the Journal,None,Passed,194,19,0,13,164,30,0,10,1,0,0,0,359,49,0,23
61,R,105,H R 2870,19-Mar-1998,12:20 PM,On Agreeing to the Amendment,None,Agreed to,220,0,0,6,195,1,0,8,1,0,0,0,416,1,0,14
62,R,105,H R 2870,19-Mar-1998,12:31 PM,On Agreeing to the Amendment,None,Agreed to,139,79,0,8,195,0,0,9,1,0,0,0,335,79,0,17
63,R,105,H R 2870,19-Mar-1998,12:49 PM,On Passage,Tropical Forest Conservation Act,Passed,161,60,0,5,194,1,0,9,1,0,0,0,356,61,0,14
64,R,105,JOURNAL,24-Mar-1998,5:23 PM,On Approving the Journal,None,Passed,200,16,0,10,167,24,0,13,1,0,0,0,368,40,0,23
65,R,105,H R 3211,24-Mar-1998,5:34 PM,"On Motion to Suspend the Rules and Pass, as Amended",Arlington National Cemetery Burial Eligibility Act,Passed,220,0,0,6,191,0,0,13,1,0,0,0,412,0,0,19
66,R,105,H R 3412,24-Mar-1998,5:43 PM,"On Motion to Suspend the Rules and Pass, as Amended",SBIC Technical Corrections Act,Passed,215,0,0,11,191,0,0,13,1,0,0,0,407,0,0,24
67,R,105,H R 3096,24-Mar-1998,5:51 PM,On Passage,Federal Employees’ Compensation Technical Correction,Passed,216,0,0,10,191,0,0,13,1,0,0,0,408,0,0,23
68,R,105,H R 2589,25-Mar-1998,2:00 PM,On Agreeing to the Amendment,None,Failed,34,187,0,5,115,72,0,17,1,0,0,0,150,259,0,22
69,R,105,H R 2589,25-Mar-1998,2:14 PM,On Agreeing to the Amendment,None,Agreed to,205,16,0,5,92,95,0,17,0,1,0,0,297,112,0,22
70,R,105,H R 2578,25-Mar-1998,5:01 PM,On Agreeing to the Amendment,None,Agreed to,179,41,0,6,180,5,0,19,1,0,0,0,360,46,0,25
71,R,105,H R 2578,25-Mar-1998,5:26 PM,On Passage,Visa Waiver Pilot Program,Passed,221,0,0,4,185,0,0,19,1,0,0,0,407,0,0,23
72,R,105,H R 3310,26-Mar-1998,1:25 PM,On Agreeing to the Amendment,None,Failed,7,209,0,9,175,12,0,17,1,0,0,0,183,221,0,26
73,R,105,H R 3310,26-Mar-1998,1:37 PM,On Agreeing to the Amendment,None,Agreed to,203,12,0,10,21,167,0,16,0,0,0,1,224,179,0,27
74,R,105,H R 3310,26-Mar-1998,1:59 PM,On Passage,Small Business Paperwork Reduction Act Amendments,Passed,213,4,0,8,54,135,0,15,0,1,0,0,267,140,0,23
75,R,105,H RES 385,26-Mar-1998,3:25 PM,On Agreeing to the Resolution,"Waiving points of order against the conference report on H.R. 1757, State Department Authorization",Passed,215,4,0,6,19,167,0,18,0,1,0,0,234,172,0,24
76,R,105,H RES 393,26-Mar-1998,6:12 PM,On Agreeing to the Resolution,Providing for the consideration of H.R. 3246,Passed,216,1,0,8,4,183,0,17,0,1,0,0,220,185,0,25
77,R,105,H R 3246,26-Mar-1998,8:03 PM,On Agreeing to the Amendment,None,Agreed to,214,0,0,11,183,0,0,21,1,0,0,0,398,0,0,32
78,R,105,H R 3246,26-Mar-1998,8:22 PM,On Passage,Fairness for Small Business and Employees Act,Passed,194,20,0,12,8,179,0,17,0,1,0,0,202,200,0,29
79,R,105,H R 2515,27-Mar-1998,1:49 PM,On Agreeing to the Amendment,None,Agreed to,52,156,0,17,147,31,0,26,1,0,0,0,200,187,0,43
80,R,105,H R 2515,27-Mar-1998,2:09 PM,On Passage,Forest Recovery and Protection Act,Failed,153,51,0,21,28,149,0,27,0,1,0,0,181,201,0,48
81,R,105,H R 3581,30-Mar-1998,10:19 PM,On Motion to Suspend the Rules and Pass,Campaign Reform and Election Integrity Act of 1998,Failed,74,140,1,10,0,196,0,8,0,1,0,0,74,337,1,18
82,R,105,H R 34,30-Mar-1998,10:26 PM,"On Motion to Suspend the Rules and Pass, as Amended",Illegal Foreign Contributions Act of 1998,Passed,209,6,1,9,159,37,0,8,1,0,0,0,369,43,1,17
83,R,105,H R 2608,30-Mar-1998,10:33 PM,On Motion to Suspend the Rules and Pass,Paycheck Protection Act,Failed,163,52,1,10,3,193,0,8,0,1,0,0,166,246,1,18
84,R,105,H R 3582,30-Mar-1998,10:39 PM,On Motion to Suspend the Rules and Pass,Campaign Reporting and Disclosure Act of 1998,Passed,213,1,1,10,191,5,0,8,1,0,0,0,405,6,1,18
85,R,105,H RES 402,31-Mar-1998,1:24 PM,On Agreeing to the Resolution,Providing for consideration of H.R. 3579; Emergency Appropriations for F.Y. 1998,Passed,218,3,0,4,2,195,0,7,0,1,0,0,220,199,0,11
86,R,105,MOTION,31-Mar-1998,1:45 PM,Motion For A Secret Session,None,Failed,0,223,0,3,193,4,0,7,1,0,0,0,194,227,0,10
87,R,105,H R 3579,31-Mar-1998,4:16 PM,On Motion to Recommit with Instructions,"Emergency Supplemental Appropriations, FY 1998",Failed,0,220,0,5,194,4,0,6,1,0,0,0,195,224,0,11
88,R,105,H R 3579,31-Mar-1998,4:34 PM,On Passage,"Emergency Supplemental Appropriations, FY 1998",Passed,205,17,0,3,7,190,0,7,0,1,0,0,212,208,0,10
89,R,105,QUORUM,31-Mar-1998,5:32 PM,Call of the House,None,Passed,0,0,213,12,0,0,173,31,0,0,1,0,0,0,387,43
90,R,105,H RES 405,1-Apr-1998,12:00 PM,On Agreeing to the Resolution,Providing for consideration of H.R. 2400; Surface Transportation and Equity Act,Passed,203,16,0,6,153,45,0,6,1,0,0,0,357,61,0,12
91,R,105,H CON RES 257,1-Apr-1998,12:22 PM,On Agreeing to the Resolution,Providiing for an adjournment of the two Houses,Passed,212,2,1,10,11,184,0,9,0,1,0,0,223,187,1,19
92,R,105,H R 1151,1-Apr-1998,1:36 PM,"On Motion to Suspend the Rules and Pass, as Amended",Credit Union Membership Access Act,Passed,213,8,0,4,197,0,0,7,1,0,0,0,411,8,0,11
93,R,105,H R 2400,1-Apr-1998,6:44 PM,On Agreeing to the Amendment,None,Failed,191,29,1,5,3,195,0,6,0,1,0,0,194,225,1,11
94,R,105,H R 2400,1-Apr-1998,6:53 PM,On Agreeing to the Amendment,None,Agreed to,48,171,0,6,193,4,0,7,1,0,0,0,242,175,0,13
95,R,105,H R 2400,1-Apr-1998,8:59 PM,On Agreeing to the Amendment,None,Failed,67,152,1,5,12,184,1,7,0,1,0,0,79,337,2,12
96,R,105,H R 2400,1-Apr-1998,9:10 PM,On Agreeing to the Amendment,None,Failed,51,169,1,4,55,142,0,7,0,1,0,0,106,312,1,11
97,R,105,H R 2400,1-Apr-1998,9:18 PM,On Agreeing to the Amendment,None,Failed,82,138,1,4,16,179,1,8,0,1,0,0,98,318,2,12
98,R,105,H R 2400,1-Apr-1998,9:44 PM,On Passage,Building Efficient Surface Transportation and Equity Act,Passed,165,54,2,4,171,26,1,6,1,0,0,0,337,80,3,10
99,R,105,QUORUM,21-Apr-1998,5:32 PM,Call of the House,None,Passed,0,0,208,17,0,0,180,24,0,0,1,0,0,0,389,41
100,R,105,H R 3565,21-Apr-1998,6:17 PM,Suspend the rules and pass,Care for Police Survivors Act,Passed,208,8,0,10,194,0,0,11,1,0,0,0,403,8,0,21
101,R,105,H R 3528,21-Apr-1998,6:26 PM,"Suspend the rules and pass, as amended",Alternative Dispute Resolution Act,Passed,211,1,0,14,193,1,0,11,1,0,0,0,405,2,0,25
102,R,105,H J RES 111,22-Apr-1998,5:58 PM,On Passage,Proposing an Amendment to the Constitution of the United States with Respect to Tax Limitations,Failed,213,12,0,2,25,173,0,7,0,1,0,0,238,186,0,9
103,R,105,H R 1252,23-Apr-1998,12:55 PM,On Agreeing to the Amendment,None,Agreed to,47,168,0,11,182,13,0,10,1,0,0,0,230,181,0,21
104,R,105,H R 1252,23-Apr-1998,1:51 PM,On Agreeing to the Amendment,None,Failed,9,211,0,6,167,31,0,7,1,0,0,0,177,242,0,13
105,R,105,H R 1252,23-Apr-1998,3:52 PM,On Agreeing to the Amendment,None,Agreed to,220,2,0,4,147,49,0,9,0,1,0,0,367,52,0,13
106,R,105,H R 1252,23-Apr-1998,4:03 PM,On Agreeing to the Amendment,None,Failed,10,211,0,5,151,45,0,9,1,0,0,0,162,256,0,14
107,R,105,H R 1252,23-Apr-1998,5:09 PM,On Agreeing to the Amendment,None,Failed,18,201,0,7,181,15,0,9,1,0,0,0,200,216,0,16
108,R,105,H R 1252,23-Apr-1998,5:18 PM,On Agreeing to the Amendment,None,Failed,162,53,0,11,12,182,0,11,0,1,0,0,174,236,0,22
109,R,105,H R 3579,23-Apr-1998,7:29 PM,On Motion to Instruct Conferees,"Emergency Supplemental Appropriations, FY 1998",Failed,22,193,0,11,164,28,0,13,0,1,0,0,186,222,0,24
110,R,105,H CON RES 218,28-Apr-1998,5:25 PM,"On Motion to Suspend the Rules and Agree, as Amended",Urgent Need to Establish a Cease Fire in Afghanistan,Passed,205,1,0,20,185,0,0,20,1,0,0,0,391,1,0,40
111,R,105,S CON RES 37,28-Apr-1998,5:36 PM,On Motion to Suspend the Rules and Agree,"Recognize International Character of Little League Baseball, Inc.",Passed,210,0,0,16,187,0,0,18,1,0,0,0,398,0,0,34
112,R,105,H J RES 102,28-Apr-1998,5:46 PM,On Motion to Suspend the Rules and Pass,Fiftieth Anniversary of the Founding of the Modern State of Israel,Passed,211,0,0,15,190,0,0,15,1,0,0,0,402,0,0,30
113,R,105,H R 3717,29-Apr-1998,2:40 PM,On Motion to Recommit with Instructions,Prohibit Federal Funds for Needle Distribution Programs,Failed,7,216,0,4,141,61,0,3,1,0,0,0,149,277,0,7
114,R,105,H R 3717,29-Apr-1998,2:50 PM,On Passage,Prohibit Federal Funds for Needle Distribution Programs,Passed,213,11,0,3,74,128,0,3,0,1,0,0,287,140,0,6
115,R,105,H R 3546,29-Apr-1998,6:35 PM,On Motion to Recommit with Instructions,National Dialogue on Social Security and establishment of Bipartisan Panel to Design Long-Range Social Security Reform.,Failed,0,223,0,3,196,0,0,9,1,0,0,0,197,223,0,12
116,R,105,H R 3546,29-Apr-1998,6:48 PM,On Passage,National Dialogue on Social Security and establishment of Bipartisan Panel to Design Long-Range Social Security Reform.,Passed,222,1,0,3,191,6,0,8,0,1,0,0,413,8,0,11
117,R,105,H RES 413,30-Apr-1998,11:52 AM,On Agreeing to the Resolution,Providing for consideration of S. 1502; District of Columbia Student Opportunity Scholarship Act,Passed,223,1,0,2,1,197,0,7,0,1,0,0,224,199,0,9
118,R,105,S 1502,30-Apr-1998,2:53 PM,On motion to commit,District of Columbia Student Opportunity Scholarship Act,Failed,2,219,0,6,195,5,0,5,1,0,0,0,198,224,0,11
119,R,105,S 1502,30-Apr-1998,3:04 PM,On Passage,District of Columbia Student Opportunity Scholarship Act,Passed,208,13,1,5,6,192,0,7,0,1,0,0,214,206,1,12
120,R,105,H RES 414,30-Apr-1998,4:24 PM,On Agreeing to the Resolution,Waiving a requirement of clause 4(b) of rule XI with respect to consideration of certain resolutions reported from the Committee on Rules,Passed,211,0,0,15,0,195,0,10,0,1,0,0,211,196,0,25
121,R,105,H R 3579,30-Apr-1998,5:50 PM,On Agreeing to the Conference Report,"Emergency Supplemental Appropriations, FY 1998",Passed,192,21,1,12,50,141,1,13,0,1,0,0,242,163,2,25
122,R,105,H R 6,5-May-1998,5:30 PM,On Agreeing to the Amendment,None,Failed,93,122,0,11,19,163,0,23,0,1,0,0,112,286,0,34
123,R,105,H R 6,5-May-1998,5:42 PM,On Agreeing to the Amendment,None,Failed,4,213,0,9,167,21,0,17,1,0,0,0,172,234,0,26
124,R,105,H R 6,5-May-1998,5:51 PM,On Agreeing to the Amendment,None,Agreed to,33,184,0,9,186,3,0,16,1,0,0,0,220,187,0,25
125,R,105,H CON RES 220,5-May-1998,6:03 PM,"On Motion to Suspend the Rules and Agree, as Amended",Regarding American Victims of Terrorism,Passed,216,0,0,10,189,0,0,16,1,0,0,0,406,0,0,26
126,R,105,H RES 267,5-May-1998,6:14 PM,"On Motion to Suspend the Rules and Agree, as Amended",Combat Use of Illegal Drugs by the Nations’s Youth,Passed,218,1,0,7,189,0,0,16,1,0,0,0,408,1,0,23
127,R,105,H R 1872,6-May-1998,1:40 PM,On Agreeing to the Amendment,None,Failed,50,167,0,9,61,136,2,6,0,1,0,0,111,304,2,15
128,R,105,H R 1872,6-May-1998,3:18 PM,On Agreeing to the Amendment,None,Failed,41,179,0,6,39,159,2,5,0,1,0,0,80,339,2,11
129,R,105,H R 1872,6-May-1998,3:42 PM,On Passage,Communication Satellite Competition and Privatization Act,Passed,219,1,0,6,183,15,2,5,1,0,0,0,403,16,2,11
130,R,105,H R 6,6-May-1998,6:44 PM,On Agreeing to the Amendment,None,Agreed to,98,124,0,4,193,5,0,7,1,0,0,0,292,129,0,11
131,R,105,H R 6,6-May-1998,6:55 PM,On Agreeing to the Amendment,None,Agreed to,195,27,0,4,197,1,0,7,1,0,0,0,393,28,0,11
132,R,105,H R 6,6-May-1998,7:02 PM,On Agreeing to the Amendment,None,Agreed to,37,183,0,6,181,17,0,7,1,0,0,0,219,200,0,13
133,R,105,H R 6,6-May-1998,9:56 PM,On Agreeing to the Amendment,None,Failed,166,55,0,6,5,193,0,7,0,1,0,0,171,249,0,13
134,R,105,H R 6,6-May-1998,10:36 PM,On Agreeing to the Amendment,None,Failed,184,34,0,8,5,192,0,8,0,1,0,0,189,227,0,16
135,R,105,H R 6,6-May-1998,10:55 PM,On Passage,Higher Education Amendments of 1998,Passed,215,4,0,7,198,0,0,7,1,0,0,0,414,4,0,14
136,R,105,H R 2646,7-May-1998,11:51 AM,On Motion to Instruct Conferees,Education Savings Act for Public and Private Schools,Failed,5,214,0,7,186,8,0,11,1,0,0,0,192,222,0,18
137,R,105,H R 3694,7-May-1998,2:45 PM,On Agreeing to the Amendment,None,Failed,21,196,0,9,98,95,0,12,1,0,0,0,120,291,0,21
138,R,105,H RES 423,12-May-1998,6:13 PM,Suspend the rules and agree,War on Drugs to Protect Children,Passed,217,2,0,7,194,0,0,11,1,0,0,0,412,2,0,18
139,R,105,H R 3811,12-May-1998,6:22 PM,Suspend the rules and pass,Deadbeat Parents Punishment Act,Passed,213,8,0,5,188,8,0,9,1,0,0,0,402,16,0,14
140,R,105,H R 2829,12-May-1998,6:30 PM,"On Motion to Suspend the Rules and Pass, as Amended",Bulletproof Vest Partnership Grant Act of 1997,Passed,216,4,0,6,195,0,0,10,1,0,0,0,412,4,0,16
141,R,105,H RES 422,12-May-1998,6:38 PM,On Motion to Suspend the Rules and Agree,Honoring Slain Law Enforcement Officers,Passed,220,0,0,6,195,0,0,10,1,0,0,0,416,0,0,16
142,R,105,H RES 428,13-May-1998,12:54 PM,On Agreeing to the Resolution,Providing for consideration of H.R. 10; Financial Services Competition Act,Passed,201,18,0,7,109,87,0,9,1,0,0,0,311,105,0,16
143,R,105,H R 10,13-May-1998,3:03 PM,On Agreeing to the Amendment,None,Agreed to,210,10,0,6,196,1,0,8,1,0,0,0,407,11,0,14
144,R,105,H R 10,13-May-1998,4:19 PM,On Agreeing to the Amendment,None,Failed,15,207,0,4,99,99,0,7,1,0,0,0,115,306,0,11
145,R,105,H R 10,13-May-1998,5:37 PM,On Agreeing to the Amendment,None,Failed,133,89,0,4,7,191,1,6,0,1,0,0,140,281,1,10
146,R,105,H R 10,13-May-1998,7:24 PM,On Agreeing to the Amendment,None,Agreed to,138,83,0,5,90,110,0,5,1,0,0,0,229,193,0,10
147,R,105,H R 10,13-May-1998,7:37 PM,On Agreeing to the Amendment,None,Agreed to,131,91,0,4,86,113,0,6,1,0,0,0,218,204,0,10
148,R,105,H R 10,13-May-1998,7:47 PM,On Agreeing to the Amendment,None,Agreed to,221,2,0,3,182,16,1,6,1,0,0,0,404,18,1,9
149,R,105,H R 10,13-May-1998,7:56 PM,On Agreeing to the Amendment,None,Agreed to,212,7,0,7,193,6,0,6,1,0,0,0,406,13,0,13
150,R,105,H R 10,13-May-1998,8:48 PM,On Agreeing to the Amendment,None,Agreed to,211,11,0,4,44,155,0,6,1,0,0,0,256,166,0,10
151,R,105,H R 10,13-May-1998,9:12 PM,On Passage,Financial Services Competition Act,Passed,153,73,0,1,61,139,0,5,0,1,0,0,214,213,0,6
152,R,105,ADJOURN,14-May-1998,10:26 AM,On Motion to Adjourn,None,Failed,0,206,0,20,15,172,1,17,0,1,0,0,15,379,1,37
153,R,105,MOTION,14-May-1998,10:57 AM,On motion to table,None,Passed,220,0,0,6,3,195,0,7,0,1,0,0,223,196,0,13
154,R,105,H R 2431,14-May-1998,1:51 PM,On Agreeing to the Amendment,None,Agreed to,216,2,0,8,198,1,0,6,1,0,0,0,415,3,0,14
155,R,105,H R 2431,14-May-1998,2:26 PM,On Passage,Freedom from Religious Persecution Act,Passed,206,14,0,6,169,27,1,8,0,0,0,1,375,41,1,15
156,R,105,H R 3534,19-May-1998,6:53 PM,On Agreeing to the Amendment,None,Failed,1,212,0,13,174,21,0,10,1,0,0,0,176,233,0,23
157,R,105,H R 3534,19-May-1998,7:02 PM,On Agreeing to the Amendment,None,Failed,22,192,0,12,167,29,0,9,1,0,0,0,190,221,0,21
158,R,105,H R 3534,19-May-1998,7:12 PM,On Agreeing to the Amendment,None,Failed,27,188,0,11,161,35,0,9,1,0,0,0,189,223,0,20
159,R,105,H R 3534,19-May-1998,7:20 PM,On Agreeing to the Amendment,None,Failed,6,208,0,12,173,23,0,9,1,0,0,0,180,231,0,21
160,R,105,H R 3534,19-May-1998,7:40 PM,On Passage,Mandates Information Act,Passed,205,9,0,12,74,122,0,9,0,1,0,0,279,132,0,21
161,R,105,H RES 440,19-May-1998,8:54 PM,Suspend the rules and agree,Sense of the Congress Concerning the Committee on Government Reform and Oversight,Passed,210,0,0,16,191,0,0,14,1,0,0,0,402,0,0,30
162,R,105,H R 3039,19-May-1998,9:03 PM,"Suspend the rules and pass, as amended",Veterans Transitional Housing Opportunities Act,Passed,212,1,0,13,192,0,0,13,1,0,0,0,405,1,0,26
163,R,105,H R 3718,19-May-1998,9:11 PM,Suspend the rules and pass,Limit the Jurisdiction of the Federal Courts with Respect to Prison Release Orders,Passed,211,2,0,13,141,50,0,14,0,1,0,0,352,53,0,27
164,R,105,H R 3809,19-May-1998,9:19 PM,"Suspend the rules and pass, as amended",Drug Free Borders Act of 1998,Passed,208,4,0,14,112,81,0,12,0,1,0,0,320,86,0,26
165,R,105,H RES 441,20-May-1998,12:00 PM,On Ordering the Previous Question,Providing for the further consideration of H.R. 3616,Passed,216,1,0,9,65,132,0,8,0,1,0,0,281,134,0,17
166,R,105,H RES 441,20-May-1998,12:12 PM,On Agreeing to the Resolution,Providing for the further consideration of H.R. 3616,Passed,213,3,0,10,91,104,0,10,0,1,0,0,304,108,0,20
167,R,105,H R 3616,20-May-1998,2:29 PM,On Agreeing to the Amendment,None,Agreed to,223,0,0,3,193,4,0,8,1,0,0,0,417,4,0,11
168,R,105,H R 3616,20-May-1998,2:39 PM,On Agreeing to the Amendment,None,Agreed to,220,1,0,5,193,6,0,6,1,0,0,0,414,7,0,11
169,R,105,H R 3616,20-May-1998,2:48 PM,On Agreeing to the Amendment,None,Agreed to,217,1,0,8,194,5,0,6,1,0,0,0,412,6,0,14
170,R,105,H R 3616,20-May-1998,2:57 PM,On Agreeing to the Amendment,None,Agreed to,210,10,0,6,153,44,0,8,1,0,0,0,364,54,0,14
171,R,105,H R 3616,20-May-1998,5:16 PM,On Agreeing to the Amendment,None,Failed,30,194,0,2,159,38,0,8,1,0,0,0,190,232,0,10
172,R,105,H R 3616,20-May-1998,5:25 PM,On Agreeing to the Amendment,None,Agreed to,223,0,0,3,196,0,1,8,1,0,0,0,420,0,1,11
173,R,105,H R 3616,20-May-1998,5:33 PM,On Agreeing to the Amendment,None,Agreed to,213,11,0,2,37,160,0,8,0,1,0,0,250,172,0,10
174,R,105,H R 2400,20-May-1998,6:31 PM,On Motion to Instruct Conferees,Building Efficient Surface Transportation and Equity Act,Passed,224,0,0,2,197,0,0,8,1,0,0,0,422,0,0,10
175,R,105,JOURNAL,21-May-1998,10:32 AM,On Approving the Journal,None,Passed,188,17,1,20,150,41,1,13,1,0,0,0,339,58,2,33
176,R,105,H RES 432,21-May-1998,1:18 PM,On Agreeing to the Resolution,Expressing the Sense of the House Concerning the President’s Assertions of Executive Privilege,Passed,223,1,0,2,36,155,6,9,0,1,0,0,259,157,6,11
177,R,105,H RES 433,21-May-1998,2:47 PM,On Agreeing to the Resolution,Calling upon the President to Cooperate with Congressional Investigations,Passed,221,0,0,5,120,69,12,5,1,0,0,0,342,69,12,10
178,R,105,H R 3616,21-May-1998,5:02 PM,On Agreeing to the Amendment,None,Agreed to,220,1,1,4,199,0,0,7,1,0,0,0,420,1,1,11
179,R,105,H R 3616,21-May-1998,6:41 PM,On Agreeing to the Amendment,None,Failed,9,210,0,7,169,33,0,4,1,0,0,0,179,243,0,11
180,R,105,H R 3616,21-May-1998,6:50 PM,On Agreeing to the Amendment,None,Agreed to,203,14,0,9,85,117,0,4,0,1,0,0,288,132,0,13
181,R,105,H R 3616,21-May-1998,7:42 PM,On Agreeing to the Amendment,None,Agreed to,217,0,0,9,187,9,0,10,1,0,0,0,405,9,0,19
182,R,105,H R 3616,21-May-1998,8:13 PM,On Motion to Recommit with Instructions,National Defense Authorization for Fiscal Year 1999,Failed,129,89,0,8,38,161,0,7,0,1,0,0,167,251,0,15
183,R,105,H R 3616,21-May-1998,8:21 PM,On Passage,National Defense Authorization for Fiscal Year 1999,Passed,207,10,0,9,150,49,0,7,0,1,0,0,357,60,0,16
184,R,105,H R 2400,21-May-1998,9:43 PM,On Motion to Instruct Conferees,Building Efficient Surface Transportation and Equity Act,Failed,52,163,0,11,25,168,1,12,0,1,0,0,77,332,1,23
185,R,105,H R 2400,21-May-1998,9:53 PM,On Motion to Instruct Conferees,Building Efficient Surface Transportation and Equity Act,Failed,92,122,0,12,64,128,2,12,0,1,0,0,156,251,2,24
186,R,105,H RES 442,21-May-1998,11:33 PM,On Ordering the Previous Question,"Providing for consideration of H.J. Res. 119 and H.R. 2183, Campaign Finance Reform.",Passed,205,0,0,21,3,189,0,14,0,1,0,0,208,190,0,35
187,R,105,ADJOURN,22-May-1998,9:57 AM,On Motion to Adjourn,None,Failed,3,191,0,32,56,113,0,37,0,0,0,1,59,304,0,70
188,R,105,H RES 446,22-May-1998,11:54 AM,On Agreeing to the Resolution As Amended,Disposing of the Conference Report to Accompany S. 1150,Failed,118,98,1,9,2,190,0,14,0,1,0,0,120,289,1,23
189,R,105,H R 2676,22-May-1998,3:21 PM,On Motion to Instruct Conferees,to amend the Internal Revenue Code of 1986 to restructure and reform the Internal Revenue Service,Passed,200,1,0,25,187,0,0,19,1,0,0,0,388,1,0,44
190,R,105,H RES 449,22-May-1998,4:41 PM,On Agreeing to the Resolution,Waiving points of order against the conference report on H.R. 2400,Passed,192,11,0,23,166,18,0,22,1,0,0,0,359,29,0,45
191,R,105,H R 2400,22-May-1998,5:57 PM,Recommit Conference Report With Instructions,Building Efficient Surface Transportation and Equity Act,Failed,87,114,0,26,102,81,0,23,1,0,0,0,190,195,0,49
192,R,105,H R 2400,22-May-1998,6:07 PM,On Agreeing to the Conference Report,Building Efficient Surface Transportation and Equity Act,Passed,143,56,0,27,153,30,0,23,1,0,0,0,297,86,0,50
193,R,105,JOURNAL,3-Jun-1998,5:20 PM,On Approving the Journal,None,Passed,188,14,0,24,165,21,0,20,1,0,0,0,354,35,0,44
194,R,105,H R 3808,3-Jun-1998,5:29 PM,"On Motion to Suspend the Rules and Pass, as Amended",Designating the Carl D. Pursell Post Office,Passed,201,0,0,25,187,0,0,19,1,0,0,0,389,0,0,44
195,R,105,H R 3630,3-Jun-1998,5:38 PM,"On Motion to Suspend the Rules and Pass, as Amended",Designating the Steven Schiff Post Office,Passed,202,0,0,24,188,0,0,18,1,0,0,0,391,0,0,42
196,R,105,H RES 453,4-Jun-1998,12:10 PM,On Agreeing to the Resolution,Providing for consideration of H.J.Res. 78; Religious Freedom Constitutional Amendment,Passed,221,1,0,4,27,167,0,12,0,1,0,0,248,169,0,16
197,R,105,H R 3433,4-Jun-1998,12:29 PM,On Passage,Ticket to Work and Self-Sufficiency Act,Passed,218,0,0,8,191,1,2,12,1,0,0,0,410,1,2,20
198,R,105,H J RES 78,4-Jun-1998,4:33 PM,On Agreeing to Part 1 of the amendment,None,Failed,1,223,0,2,5,195,0,6,0,1,0,0,6,419,0,8
199,R,105,H J RES 78,4-Jun-1998,4:43 PM,On agreeing to Part 2 of the amendment,None,Failed,5,217,0,4,18,181,0,7,0,1,0,0,23,399,0,11
200,R,105,H J RES 78,4-Jun-1998,5:14 PM,On Motion to Recommit with Instructions,Religious Freedom Constitutional Amendment,Failed,23,201,0,2,179,22,0,5,1,0,0,0,203,223,0,7
201,R,105,H J RES 78,4-Jun-1998,5:24 PM,On Passage,Religious Freedom Constitutional Amendment,Failed,197,28,0,2,27,174,0,5,0,1,0,0,224,203,0,7
202,R,105,H CON RES 285,4-Jun-1998,7:16 PM,On Agreeing to the Resolution,Sense of Congress Regarding Tiananmen Square,Passed,219,4,0,4,85,112,0,9,1,0,0,0,305,116,0,13
203,R,105,S 1150,4-Jun-1998,8:05 PM,On Consideration of the Conference Report,"Agricultural Research, Extension, and Education Reform Act",Passed,135,86,0,5,188,5,0,13,1,0,0,0,324,91,0,18
204,R,105,S 1150,4-Jun-1998,9:19 PM,On Agreeing to the Conference Report,"Agricultural Research, Extension, and Education Reform Act",Passed,170,48,0,8,193,2,0,11,1,0,0,0,364,50,0,19
205,R,105,H RES 455,4-Jun-1998,10:57 PM,On Agreeing to the Resolution,Providing for consideration of H.Con.Res. 284; Budget Resolution for Fiscal Year 1999,Passed,215,4,0,7,1,192,0,13,0,1,0,0,216,197,0,20
206,R,105,H R 3989,5-Jun-1998,10:42 AM,On Motion to Recommit with Instructions,User Fee Act,Failed,0,221,0,6,0,194,1,11,0,1,0,0,0,416,1,17
207,R,105,H R 3989,5-Jun-1998,11:04 AM,On Passage,User Fee Act,Failed,0,223,0,4,0,197,1,8,0,1,0,0,0,421,1,12
208,R,105,H CON RES 284,5-Jun-1998,12:42 PM,On Agreeing to the Amendment,None,Failed,155,67,0,4,3,194,0,9,0,1,0,0,158,262,0,13
209,R,105,H CON RES 284,5-Jun-1998,2:27 PM,On Agreeing to the Amendment,None,Failed,0,223,0,4,164,33,0,9,0,1,0,0,164,257,0,13
210,R,105,H CON RES 284,5-Jun-1998,2:46 PM,On Agreeing to the Resolution,Budget Resolution for Fiscal Year 1999,Passed,213,9,1,4,3,194,0,9,0,1,0,0,216,204,1,13
211,R,105,H R 2709,9-Jun-1998,7:32 PM,On Agreeing to the Senate Amendments,Iran Missile Proliferation Sanctions Act,Passed,216,3,0,7,175,19,3,9,1,0,0,0,392,22,3,16
212,R,105,H RES 417,9-Jun-1998,7:41 PM,"Suspend the rules and agree, as amended",Importance of Fathers in Raising their Children,Passed,217,0,0,9,197,0,0,9,1,0,0,0,415,0,0,18
213,R,105,H RES 447,9-Jun-1998,7:52 PM,"Suspend the rules and agree, as amended",Financial Management by Federal Agencies,Passed,217,0,0,9,197,0,0,9,1,0,0,0,415,0,0,18
214,R,105,H R 1635,9-Jun-1998,8:01 PM,"Suspend the rules and pass, as amended",National Underground Railroad Network to Freedom Act,Passed,217,2,0,7,197,0,0,9,1,0,0,0,415,2,0,16
215,R,105,H CON RES 270,9-Jun-1998,8:10 PM,"On Motion to Suspend the Rules and Agree, as Amended",U.S. Support for Taiwan,Passed,216,0,0,10,194,0,0,12,1,0,0,0,411,0,0,22
216,R,105,H RES 462,10-Jun-1998,12:19 PM,On Consideration of the Resolution,"Providing for the consideration of H.R. 3150, Bankruptcy Reform Act",Passed,215,1,0,10,33,164,0,9,0,1,0,0,248,166,0,19
217,R,105,H RES 462,10-Jun-1998,1:51 PM,On Ordering the Previous Question,"Providing for the consideration of H.R. 3150, Bankruptcy Reform Act",Passed,217,0,0,9,19,182,0,5,0,1,0,0,236,183,0,14
218,R,105,H RES 462,10-Jun-1998,2:02 PM,On Agreeing to the Resolution,"Providing for the consideration of H.R. 3150, Bankruptcy Reform Act",Passed,222,1,0,3,29,170,0,7,0,1,0,0,251,172,0,10
219,R,105,H R 3150,10-Jun-1998,6:28 PM,On Agreeing to the Amendment,None,Failed,4,222,0,0,131,68,0,7,1,0,0,0,136,290,0,7
220,R,105,H R 3150,10-Jun-1998,6:37 PM,On Agreeing to the Amendment,None,Failed,2,224,0,0,146,54,0,6,1,0,0,0,149,278,0,6
221,R,105,H R 3150,10-Jun-1998,6:46 PM,On Agreeing to the Amendment,None,Agreed to,181,44,0,1,41,159,0,6,0,1,0,0,222,204,0,7
222,R,105,H R 3150,10-Jun-1998,6:53 PM,On Agreeing to the Amendment,None,Failed,4,222,0,0,106,94,0,6,1,0,0,0,111,316,0,6
223,R,105,H R 3150,10-Jun-1998,7:01 PM,On Agreeing to the Amendment,None,Failed,0,226,0,0,139,62,0,5,1,0,0,0,140,288,0,5
224,R,105,H R 3150,10-Jun-1998,7:31 PM,On Motion to Recommit with Instructions,Bankruptcy Reform Act,Failed,1,221,0,4,151,49,0,6,1,0,0,0,153,270,0,10
225,R,105,H R 3150,10-Jun-1998,7:38 PM,On Passage,Bankruptcy Reform Act,Passed,222,0,0,4,84,117,0,5,0,1,0,0,306,118,0,9
226,R,105,H J RES 119,11-Jun-1998,11:17 AM,On Passage,Constitutional Amendment to Permit Limits on Campaign Spending,Failed,6,220,0,0,23,124,51,8,0,1,0,0,29,345,51,8
227,R,105,H R 2888,11-Jun-1998,11:38 AM,On Agreeing to the Amendment,None,Failed,1,225,0,0,179,21,0,6,1,0,0,0,181,246,0,6
228,R,105,H R 2888,11-Jun-1998,12:02 PM,On Passage,Sales Incentive Compensation Act,Passed,218,7,0,1,43,157,0,6,0,1,0,0,261,165,0,7
229,R,105,H R 3494,11-Jun-1998,4:11 PM,On Agreeing to the Amendment,None,Agreed to,124,98,0,4,123,76,0,7,0,1,0,0,247,175,0,11
230,R,105,H R 3494,11-Jun-1998,4:37 PM,On Passage,Child Protection and Sexual Predator Punishment Act,Passed,218,0,1,7,197,0,0,9,1,0,0,0,416,0,1,16
231,R,105,H RES 466,11-Jun-1998,5:35 PM,On Agreeing to the Resolution,"Condemning the brutal killing of Mr. James Byrd, Jr.",Passed,208,0,0,18,188,0,0,18,1,0,0,0,397,0,0,36
232,R,105,H R 1847,16-Jun-1998,5:32 PM,Suspend the Rules and Agree to Senate Amendment,Telemarketing Fraud Prevention Act,Passed,218,1,0,7,192,0,0,14,1,0,0,0,411,1,0,21
233,R,105,H RES 401,16-Jun-1998,5:42 PM,"Suspend the rules and agree, as amended",Expressing the Sense of the House of Representatives concerning promotions in American Schools,Passed,217,0,0,9,187,1,0,18,1,0,0,0,405,1,0,27
234,R,105,H RES 472,17-Jun-1998,12:13 PM,On Ordering the Previous Question,Providing for consideration of H.R. 3097; Tax Code Termination Act,Passed,221,0,0,5,8,193,0,5,0,1,0,0,229,194,0,10
235,R,105,H RES 472,17-Jun-1998,12:24 PM,On Agreeing to the Resolution,Providing for consideration of H.R. 3097; Tax Code Termination Act,Passed,220,0,0,6,12,187,0,7,0,1,0,0,232,188,0,13
236,R,105,H RES 471,17-Jun-1998,12:33 PM,On Agreeing to the Resolution,Waiving points of order against the conference report to accompany H.R. 2646; Education Savings Act,Passed,219,0,0,7,9,190,0,7,0,1,0,0,228,191,0,14
237,R,105,QUORUM,17-Jun-1998,3:25 PM,Call of the House,None,Passed,0,0,221,6,0,0,191,15,0,0,1,0,0,0,413,21
238,R,105,H R 3097,17-Jun-1998,3:43 PM,On Motion to Recommit with Instructions,Tax Code Termination Act,Failed,6,217,0,3,196,6,0,4,1,0,0,0,203,223,0,7
239,R,105,H R 3097,17-Jun-1998,4:00 PM,On Passage,Tax Code Termination Act,Passed,204,20,0,3,15,188,0,3,0,1,0,0,219,209,0,6
240,R,105,QUORUM,17-Jun-1998,5:05 PM,Call in Committee,None,Passed,0,0,199,27,0,0,192,14,0,0,1,0,0,0,392,41
241,R,105,H R 2183,17-Jun-1998,7:13 PM,On Agreeing to the Amendment,None,Failed,151,64,9,3,5,136,59,6,0,1,0,0,156,201,68,9
242,R,105,H R 2646,18-Jun-1998,12:09 PM,On Motion to Recommit with Instructions,Education Savings Act for Public and Private Schools,Failed,5,216,0,5,190,9,0,7,1,0,0,0,196,225,0,12
243,R,105,H R 2646,18-Jun-1998,12:19 PM,On Agreeing to the Conference Report,Education Savings Act for Public and Private Schools,Passed,213,10,0,4,12,186,0,8,0,1,0,0,225,197,0,12
244,R,105,H RES 476,18-Jun-1998,1:45 PM,On Ordering the Previous Question,Providing for consideration of H.Res. 463; To establish the Select Committee on U.S. National Security regarding the People’s Republic of China,Passed,224,0,0,3,2,196,0,8,0,1,0,0,226,197,0,11
245,R,105,H RES 463,18-Jun-1998,3:11 PM,On Agreeing to the Resolution,Establish the Select Committee on U.S. National Security and Military/Commercial Concerns With the People’s Republic of China,Passed,222,0,0,4,186,10,0,10,1,0,0,0,409,10,0,14
246,R,105,H RES 458,18-Jun-1998,4:43 PM,On Ordering the Previous Question,Providing for the further consideration of H.R. 2183,Passed,219,0,0,7,2,193,0,11,0,1,0,0,221,194,0,18
247,R,105,H RES 458,18-Jun-1998,4:52 PM,On Agreeing to the Resolution,Providing for the further consideration of H.R. 2183,Passed,215,0,0,11,6,188,0,12,0,1,0,0,221,189,0,23
248,R,105,H RES 477,19-Jun-1998,11:07 AM,On Agreeing to the Resolution,Providing for consideration of H.R. 4059; Military Construction Appropriations for F.Y. 1999,Passed,214,0,0,12,17,177,0,12,0,1,0,0,231,178,0,24
249,R,105,H R 2183,19-Jun-1998,11:27 AM,On Agreeing to the Amendment,None,Failed,149,65,0,12,6,188,0,12,0,1,0,0,155,254,0,24
250,R,105,H R 2183,19-Jun-1998,12:24 PM,On Agreeing to the Amendment,None,Agreed to,141,70,1,14,183,8,0,15,1,0,0,0,325,78,1,29
251,R,105,H R 2183,19-Jun-1998,1:00 PM,On Agreeing to the Amendment,None,Agreed to,205,0,1,20,189,0,2,15,1,0,0,0,395,0,3,35
252,R,105,H R 4060,22-Jun-1998,7:52 PM,On Agreeing to the Amendment,None,Failed,58,162,0,6,88,99,0,19,1,0,0,0,147,261,0,25
253,R,105,H R 4060,22-Jun-1998,8:10 PM,On Passage,Energy and Water Development Appropriations for F.Y. 1999,Passed,217,4,0,5,187,0,0,19,1,0,0,0,405,4,0,24
254,R,105,H R 4059,22-Jun-1998,8:18 PM,On Passage,Military Construction Appropriations for F.Y. 1999,Passed,216,3,0,7,179,7,0,20,1,0,0,0,396,10,0,27
255,R,105,H CON RES 288,22-Jun-1998,8:26 PM,On Motion to Suspend the Rules and Agree,Money Laundering Associated with Mexican Financial Institutions,Passed,217,3,0,6,186,0,0,20,1,0,0,0,404,3,0,26
256,R,105,H RES 452,22-Jun-1998,8:34 PM,On Motion to Suspend the Rules and Agree,Sense of the House of Representatives Concerning Increase in Postage Rates,Passed,212,6,0,8,180,6,0,20,1,0,0,0,393,12,0,28
257,R,105,H R 3853,23-Jun-1998,11:44 AM,"On Motion to Suspend the Rules and Pass, as Amended",Drug-Free Workplace Act,Passed,217,1,0,8,185,8,0,13,0,0,0,1,402,9,0,22
258,R,105,H R 4101,23-Jun-1998,4:35 PM,On Agreeing to the Amendment,None,Failed,101,123,0,2,80,120,0,6,0,1,0,0,181,244,0,8
259,R,105,H R 4101,23-Jun-1998,4:44 PM,On Agreeing to the Amendment,None,Agreed to,75,147,0,4,153,46,0,7,1,0,0,0,229,193,0,11
260,R,105,H R 4101,24-Jun-1998,2:49 PM,On Agreeing to the Amendment,None,Agreed to,188,37,0,1,35,164,0,7,0,1,0,0,223,202,0,8
261,R,105,H R 4101,24-Jun-1998,3:06 PM,On Agreeing to the Amendment,None,Failed,109,116,0,1,58,141,1,6,0,1,0,0,167,258,1,7
262,R,105,H R 4101,24-Jun-1998,3:15 PM,On Agreeing to the Amendment,None,Failed,75,150,0,1,42,157,0,7,1,0,0,0,118,307,0,8
263,R,105,H R 4101,24-Jun-1998,4:38 PM,On Agreeing to the Amendment,None,Failed,60,164,0,2,131,68,0,7,1,0,0,0,192,232,0,9
264,R,105,H R 4101,24-Jun-1998,4:47 PM,On Passage,"Agriculture, Rural Development, Food and Drug Administration, and Related Agencies Appropriations Act, 1999",Passed,199,23,0,4,173,25,0,8,1,0,0,0,373,48,0,12
265,R,105,H RES 484,24-Jun-1998,6:14 PM,On Agreeing to the Resolution,Providing for consideration of H.R. 4103; Defense Appropriations for F.Y. 1999,Passed,219,2,0,5,2,198,0,6,0,1,0,0,221,201,0,11
266,R,105,H R 4103,24-Jun-1998,8:07 PM,On Passage,Defense Appropriations Act for F.Y. 1999,Passed,209,13,0,4,149,47,0,10,0,1,0,0,358,61,0,14
267,R,105,H RES 491,25-Jun-1998,1:28 PM,On Agreeing to the Resolution,Providing for the consideration of an adjournment resolution,Passed,218,0,0,8,7,187,0,12,0,1,0,0,225,188,0,20
268,R,105,H RES 485,25-Jun-1998,1:44 PM,On Agreeing to the Resolution,Providing for the consideration of H.R. 4104; Treasury-Postal Appropriations for F.Y. 1999,Failed,65,155,0,6,60,135,0,11,0,1,0,0,125,291,0,17
269,R,105,H RES 489,25-Jun-1998,1:54 PM,On Ordering the Previous Question,Providing for the consideration of H.R. 4112; Legislative Appropriations for F.Y. 1999,Passed,220,0,0,6,2,193,0,11,0,1,0,0,222,194,0,17
270,R,105,H RES 489,25-Jun-1998,2:01 PM,On Agreeing to the Resolution,Providing for the consideration of H.R. 4112; Legislative Appropriations for F.Y. 1999,Passed,219,0,0,7,9,187,0,10,0,1,0,0,228,188,0,17
271,R,105,H R 4112,25-Jun-1998,3:23 PM,On Motion to Recommit with Instructions,"Legislative Branch Appropriations, FY 1999",Failed,0,219,0,7,191,3,0,12,1,0,0,0,192,222,0,19
272,R,105,H R 4112,25-Jun-1998,3:33 PM,On Passage,"Legislative Branch Appropriations, FY 1999",Passed,199,20,0,7,36,158,0,12,0,1,0,0,235,179,0,19
273,R,105,H R 2676,25-Jun-1998,5:20 PM,On Motion to Recommit the Conference Report,to amend the Internal Revenue Code of 1986 to restructure and reform the Internal Revenue Service,Failed,0,218,0,9,115,74,0,17,1,0,0,0,116,292,0,26
274,R,105,H R 2676,25-Jun-1998,5:33 PM,On Agreeing to the Conference Report,to amend the Internal Revenue Code of 1986 to restructure and reform the Internal Revenue Service,Passed,220,1,0,7,181,7,0,18,1,0,0,0,402,8,0,25
275,R,105,H R 2183,14-Jul-1998,8:07 PM,On Agreeing to the Amendment,None,Failed,183,40,0,5,18,178,0,10,0,1,0,0,201,219,0,15
276,R,105,H R 2183,14-Jul-1998,9:29 PM,On Agreeing to the Amendment,None,Agreed to,200,17,0,10,81,109,0,16,1,0,0,0,282,126,0,26
277,R,105,H RES 499,15-Jul-1998,1:30 PM,On Ordering the Previous Question,"Providing for the consideration of H.R. 3682, Child Custody Protection Act",Passed,217,9,0,1,35,164,0,7,0,1,0,0,252,174,0,8
278,R,105,H RES 499,15-Jul-1998,1:39 PM,On Agreeing to the Resolution,"Providing for the consideration of H.R. 3682, Child Custody Protection Act",Passed,209,14,0,4,38,158,0,10,0,1,0,0,247,173,0,14
279,R,105,H R 3682,15-Jul-1998,4:26 PM,On Motion to Recommit with Instructions,Child Custody Protection Act,Failed,10,216,0,1,147,53,0,6,1,0,0,0,158,269,0,7
280,R,105,H R 3682,15-Jul-1998,4:36 PM,On Passage,Child Custody Protection Act,Passed,209,14,0,4,67,135,0,4,0,1,0,0,276,150,0,8
281,R,105,H R 3267,15-Jul-1998,7:23 PM,On Agreeing to the Amendment,None,Failed,10,212,0,5,191,6,0,9,1,0,0,0,202,218,0,14
282,R,105,H R 3267,15-Jul-1998,7:41 PM,On Passage,Sonny Bono Memorial Salton Sea Reclamation Act,Passed,195,28,0,4,26,171,0,9,0,1,0,0,221,200,0,13
283,R,105,H RES 498,15-Jul-1998,9:06 PM,On Ordering the Previous Question,"Providing for consideration of H.R. 4101; Treasury, Postal Service Appropriations for F.Y. 1999",Passed,222,0,0,5,9,184,0,13,0,1,0,0,231,185,0,18
284,R,105,H RES 498,15-Jul-1998,9:23 PM,On Agreeing to the Resolution,"Providing for consideration of H.R. 4101; Treasury, Postal Service Appropriations for F.Y. 1999",Passed,198,23,1,5,20,177,0,9,0,1,0,0,218,201,1,14
285,R,105,H RES 501,16-Jul-1998,12:07 PM,On Agreeing to the Resolution,"Providing for the consideration of H.R. 4194, VA, HUD Approriations, FY 99",Passed,222,1,0,4,5,193,0,8,0,1,0,0,227,195,0,12
286,R,105,H R 4104,16-Jul-1998,1:57 PM,On Agreeing to the Amendment,None,Failed,3,221,0,3,119,79,0,8,0,1,0,0,122,301,0,11
287,R,105,H R 4104,16-Jul-1998,2:09 PM,On Agreeing to the Amendment,None,Agreed to,27,196,0,4,186,14,0,6,1,0,0,0,214,210,0,10
288,R,105,H R 4104,16-Jul-1998,8:33 PM,On Agreeing to the Amendment,None,Failed,29,196,0,2,153,43,0,10,1,0,0,0,183,239,0,12
289,R,105,H R 4104,16-Jul-1998,8:42 PM,On Agreeing to the Amendment,None,Failed,29,195,0,3,50,146,0,10,0,1,0,0,79,342,0,13
290,R,105,H R 4104,16-Jul-1998,8:52 PM,On Agreeing to the Amendment,None,Agreed to,48,177,0,2,175,21,0,10,1,0,0,0,224,198,0,12
291,R,105,H R 4104,16-Jul-1998,9:01 PM,On Agreeing to the Amendment,None,Failed,143,82,0,2,51,144,0,11,1,0,0,0,195,226,0,13
292,R,105,H R 4104,16-Jul-1998,9:45 PM,On Agreeing to the Amendment,None,Failed,172,51,0,4,26,170,0,10,0,1,0,0,198,222,0,14
293,R,105,H R 4104,16-Jul-1998,10:16 PM,On Passage,"Treasury, Postal Service Appropriations, FY 1999",Passed,192,33,0,3,26,169,0,11,0,1,0,0,218,203,0,14
294,R,105,H R 3731,16-Jul-1998,10:24 PM,On Passage,Steve Schiff Auditorium Designation,Passed,218,0,0,10,190,0,0,16,1,0,0,0,409,0,0,26
295,R,105,H R 4194,17-Jul-1998,1:01 PM,On Agreeing to the Amendment,None,Failed,14,209,0,4,186,6,0,14,1,0,0,0,201,215,0,18
296,R,105,H R 4194,17-Jul-1998,1:08 PM,On Agreeing to the Amendment,None,Agreed to,215,4,0,8,15,176,0,15,0,1,0,0,230,181,0,23
297,R,105,H R 3874,20-Jul-1998,5:46 PM,"Suspend the rules and pass, as amended",Child Nutrition and WIC Reauthorization Amendments of 1998,Passed,210,1,0,16,172,0,0,34,1,0,0,0,383,1,0,50
298,R,105,H CON RES 208,20-Jul-1998,5:56 PM,Suspend the rules and agree,Expressing the Sense of the Congress Regarding Access to Affordable Housing and Expansion of Homeownership Opportunities,Passed,214,0,0,13,175,0,0,31,1,0,0,0,390,0,0,44
299,R,105,H RES 392,20-Jul-1998,6:05 PM,"On Motion to Suspend the Rules and Agree, as Amended",Relating to the Importance of Japanese-American Relations,Passed,213,2,0,12,177,0,0,29,1,0,0,0,391,2,0,41
300,R,105,H CON RES 301,20-Jul-1998,6:14 PM,Suspend the rules and agree,Affirming the United States Commitment to Taiwan,Passed,213,1,0,13,176,0,0,30,1,0,0,0,390,1,0,43
301,R,105,H R 2183,20-Jul-1998,8:22 PM,On Agreeing to the Amendment,None,Agreed to,218,0,0,9,172,4,0,30,1,0,0,0,391,4,0,39
302,R,105,H R 2183,20-Jul-1998,8:32 PM,On Agreeing to the Amendment,None,Agreed to,195,23,0,9,71,108,0,27,1,0,0,0,267,131,0,36
303,R,105,H R 2183,20-Jul-1998,8:41 PM,On Agreeing to the Amendment,None,Agreed to,203,17,0,7,140,39,0,27,1,0,0,0,344,56,0,34
304,R,105,H R 2183,20-Jul-1998,8:48 PM,On Agreeing to the Amendment,None,Agreed to,219,0,0,8,140,36,0,30,1,0,0,0,360,36,0,38
305,R,105,H R 2183,20-Jul-1998,8:56 PM,On Agreeing to the Amendment,None,Agreed to,220,0,0,7,170,7,0,29,1,0,0,0,391,7,0,36
306,R,105,H R 2183,20-Jul-1998,9:04 PM,On Agreeing to the Amendment,None,Failed,148,72,0,7,2,175,0,29,0,1,0,0,150,248,0,36
307,R,105,H R 2183,20-Jul-1998,9:12 PM,On Agreeing to the Amendment,None,Agreed to,190,30,0,7,32,146,0,28,0,1,0,0,222,177,0,35
308,R,105,H R 2183,20-Jul-1998,9:20 PM,On Agreeing to the Amendment,None,Agreed to,215,4,0,8,68,110,0,28,1,0,0,0,284,114,0,36
309,R,105,ADJOURN,21-Jul-1998,11:02 AM,On Motion to Adjourn,None,Failed,0,207,0,20,7,175,0,24,0,0,0,1,7,382,0,45
310,R,105,H RES 504,21-Jul-1998,12:27 PM,On Ordering the Previous Question,Providing for consideration of H.R. 4193; Interior Appropriations for F.Y. 1999,Passed,220,0,0,7,3,195,0,8,0,1,0,0,223,196,0,15
311,R,105,H RES 504,21-Jul-1998,12:34 PM,On Agreeing to the Resolution,Providing for consideration of H.R. 4193; Interior Appropriations for F.Y. 1999,Passed,219,1,0,7,5,189,0,12,0,1,0,0,224,191,0,19
312,R,105,H R 4193,21-Jul-1998,3:21 PM,On Agreeing to the Amendment,None,Agreed to,58,166,0,3,194,7,0,5,1,0,0,0,253,173,0,8
313,R,105,H R 4193,21-Jul-1998,6:39 PM,On Agreeing to the Amendment,None,Failed,59,166,0,2,152,47,0,7,1,0,0,0,212,213,0,9
314,R,105,H R 4193,21-Jul-1998,6:48 PM,On Agreeing to the Amendment,None,Agreed to,117,109,0,1,123,76,0,7,1,0,0,0,241,185,0,8
315,R,105,H R 4193,21-Jul-1998,6:58 PM,On Agreeing to the Amendment,None,Failed,51,174,0,2,151,47,0,8,1,0,0,0,203,221,0,10
316,R,105,QUORUM,22-Jul-1998,3:17 PM,Call of the House,None,Passed,0,0,212,15,0,0,195,11,0,0,1,0,0,0,408,26
317,R,105,H J RES 121,22-Jul-1998,4:04 PM,On Passage,To Disapprove Most-Favored-Nation Treatment to China,Failed,78,149,0,1,87,115,0,4,1,0,0,0,166,264,0,5
318,R,105,H R 1689,22-Jul-1998,4:15 PM,"Suspend the rules and pass, as amended",Securities Litigation Uniform Standards Act,Passed,221,2,0,5,119,80,1,6,0,1,0,0,340,83,1,11
319,R,105,H R 4193,22-Jul-1998,6:56 PM,On Agreeing to the Amendment,None,Failed,46,178,0,3,89,110,0,7,0,1,0,0,135,289,0,10
320,R,105,H R 4193,22-Jul-1998,7:02 PM,On Agreeing to the Amendment,None,Agreed to,58,163,0,6,177,19,0,10,1,0,0,0,236,182,0,16
321,R,105,H R 1122,23-Jul-1998,12:02 PM,Motion to Discharge the Committee,Partial-Birth Abortion Ban Act,Passed,219,6,0,2,76,124,0,6,0,1,0,0,295,131,0,8
322,R,105,H R 3616,23-Jul-1998,12:21 PM,Motion to Instruct Conferees,National Defense Authorization for Fiscal Year 1999,Passed,225,0,0,2,198,0,1,7,1,0,0,0,424,0,1,9
323,R,105,H R 3616,23-Jul-1998,12:30 PM,Closing Portions of the Conference,National Defense Authorization for Fiscal Year 1999,Passed,217,0,0,10,194,5,0,7,1,0,0,0,412,5,0,17
324,R,105,QUORUM,23-Jul-1998,1:35 PM,Call of the House,None,Passed,0,0,210,17,0,0,189,17,0,0,1,0,0,0,400,34
325,R,105,H R 1122,23-Jul-1998,2:22 PM,"Passage, Objections of the President Notwithstanding",Partial-Birth Abortion Ban Act,Passed,219,8,0,1,77,123,0,6,0,1,0,0,296,132,0,7
326,R,105,H R 4193,23-Jul-1998,2:44 PM,On Agreeing to the Amendment,None,Failed,33,190,0,4,47,151,0,8,1,0,0,0,81,341,0,12
327,R,105,H R 4193,23-Jul-1998,2:53 PM,On Agreeing to the Amendment,None,Failed,15,208,0,4,186,13,0,7,1,0,0,0,202,221,0,11
328,R,105,H R 4193,23-Jul-1998,3:02 PM,On Agreeing to the Amendment,None,Failed,35,191,0,1,140,58,0,8,1,0,0,0,176,249,0,9
329,R,105,H R 4193,23-Jul-1998,3:09 PM,On Agreeing to the Amendment,None,Failed,16,206,1,4,169,31,0,6,1,0,0,0,186,237,1,10
330,R,105,H R 4193,23-Jul-1998,3:17 PM,On Agreeing to the Amendment,None,Failed,134,90,0,3,5,194,0,7,0,1,0,0,139,285,0,10
331,R,105,H R 4193,23-Jul-1998,3:48 PM,On Passage,Interior Appropriations for F.Y. 1999,Passed,207,18,0,2,38,162,0,6,0,1,0,0,245,181,0,8
332,R,105,H R 4194,23-Jul-1998,5:11 PM,On Agreeing to the Amendment,None,Agreed to,50,175,0,2,175,23,0,8,1,0,0,0,226,198,0,10
333,R,105,QUORUM,23-Jul-1998,8:03 PM,Call in Committee,None,Passed,0,0,193,34,0,0,158,48,0,0,1,0,0,0,352,82
334,R,105,H R 4194,23-Jul-1998,10:48 PM,On Agreeing to the Amendment,None,Failed,27,196,0,5,148,47,0,11,1,0,0,0,176,243,0,16
335,R,105,H RES 509,24-Jul-1998,10:40 AM,On Agreeing to the Resolution,Providing for consideration of H.R. 4250; Patient Protection Act,Passed,219,3,0,5,60,139,0,7,0,1,0,0,279,143,0,12
336,R,105,H R 4250,24-Jul-1998,1:52 PM,On Agreeing to the Amendment,None,Failed,10,217,0,1,201,0,0,5,1,0,0,0,212,217,0,6
337,R,105,H R 4250,24-Jul-1998,2:28 PM,On Motion to Table the Appeal of the Ruling of the Chair,Patient Protection Act,Passed,222,1,0,5,0,202,0,4,0,1,0,0,222,204,0,9
338,R,105,H R 4250,24-Jul-1998,2:55 PM,On Motion to Recommit with Instructions,Patient Protection Act,Failed,5,220,0,3,199,1,0,6,1,0,0,0,205,221,0,9
339,R,105,H R 4250,24-Jul-1998,3:12 PM,On Passage,Patient Protection Act,Passed,213,12,0,3,3,197,0,6,0,1,0,0,216,210,0,9
340,R,105,H CON RES 311,27-Jul-1998,8:27 PM,On Agreeing to the Resolution,Honoring the memory of Detective John Gibson and Private First Class Jacob Chestnut of the United States Capitol Police,Passed,210,0,0,18,181,0,0,25,1,0,0,0,392,0,0,43
341,R,105,QUORUM,28-Jul-1998,11:55 AM,Call of the House,None,Passed,0,0,196,31,0,0,181,25,0,0,1,0,0,0,378,56
342,R,105,ADJOURN,28-Jul-1998,2:58 PM,On Motion to Adjourn,None,Passed,211,0,1,15,180,0,0,26,1,0,0,0,392,0,1,41
343,R,105,H RES 511,29-Jul-1998,11:40 AM,On Agreeing to the Resolution,Waiving points of order against the conference report on H.R. 629,Passed,219,4,0,4,93,104,0,9,1,0,0,0,313,108,0,13
344,R,105,H R 629,29-Jul-1998,1:17 PM,On Agreeing to the Conference Report,Texas Low-Level Radioactive Waste Disposal Compact,Passed,197,26,0,4,107,91,0,8,1,0,0,0,305,117,0,12
345,R,105,H R 4194,29-Jul-1998,6:23 PM,On Agreeing to the Amendment,None,Failed,47,179,0,1,61,144,0,1,1,0,0,0,109,323,0,2
346,R,105,H R 4194,29-Jul-1998,6:32 PM,On Agreeing to the Amendment,None,Failed,62,164,0,1,83,121,0,2,1,0,0,0,146,285,0,3
347,R,105,H R 4194,29-Jul-1998,6:40 PM,On Agreeing to the Amendment,None,Agreed to,184,42,0,1,47,157,0,2,0,1,0,0,231,200,0,3
348,R,105,QUORUM,29-Jul-1998,8:09 PM,Call in Committee,None,Passed,0,0,220,7,0,0,193,13,0,0,1,0,0,0,414,20
349,R,105,H R 4194,29-Jul-1998,8:16 PM,On Agreeing to the Amendment,None,Agreed to,189,33,0,5,25,178,0,3,0,1,0,0,214,212,0,8
350,R,105,H R 4194,29-Jul-1998,8:36 PM,On Agreeing to the Amendment,None,Agreed to,215,9,0,3,135,64,0,7,1,0,0,0,351,73,0,10
351,R,105,H R 4194,29-Jul-1998,9:04 PM,On Motion to Recommit with Instructions,VA-HUD Appropriations Act for FY 1999,Failed,4,221,0,2,159,40,0,7,1,0,0,0,164,261,0,9
352,R,105,H R 4194,29-Jul-1998,9:13 PM,On Passage,VA-HUD Appropriations Act for FY 1999,Passed,205,18,0,4,54,145,0,7,0,1,0,0,259,164,0,11
353,R,105,H R 4059,29-Jul-1998,9:42 PM,On Agreeing to the Conference Report,Military Construction Appropriations for F.Y. 1999,Passed,219,1,0,7,197,0,0,9,1,0,0,0,417,1,0,16
354,R,105,QUORUM,29-Jul-1998,10:25 PM,Call of the House,None,Passed,0,0,211,16,0,0,191,15,0,0,1,0,0,0,403,31
355,R,105,H R 4328,30-Jul-1998,12:42 AM,On Passage,"Transportation and Related Agencies Appropriations, FY 1999",Passed,197,23,0,7,193,2,0,11,1,0,0,0,391,25,0,18
356,R,105,H J RES 120,30-Jul-1998,4:09 PM,On Passage,Disapproval of Presidential Waiver for Vietnam,Failed,127,93,0,7,35,167,0,4,1,0,0,0,163,260,0,11
357,R,105,H RES 507,30-Jul-1998,4:27 PM,"On agreeing to the resolution, as amended",Providing special investigative authority for the Committee on Education and the Workforce,Passed,219,2,0,7,3,197,0,6,0,1,0,0,222,200,0,13
358,R,105,H R 2183,30-Jul-1998,8:35 PM,On Agreeing to the Amendment,None,Failed,163,59,0,5,2,200,0,4,0,1,0,0,165,260,0,9
359,R,105,H R 2183,30-Jul-1998,8:42 PM,On Agreeing to the Amendment,None,Failed,185,36,0,6,7,194,0,5,0,1,0,0,192,231,0,11
360,R,105,H R 2183,30-Jul-1998,8:50 PM,On Agreeing to the Amendment,None,Failed,137,84,0,6,10,193,0,3,0,1,0,0,147,278,0,9
361,R,105,H R 2183,30-Jul-1998,8:57 PM,On Agreeing to the Amendment,None,Agreed to,151,72,0,4,191,12,0,3,1,0,0,0,343,84,0,7
362,R,105,H R 2183,30-Jul-1998,9:05 PM,On Agreeing to the Amendment,None,Failed,139,84,0,4,16,187,0,3,0,1,0,0,155,272,0,7
363,R,105,H R 2183,30-Jul-1998,9:12 PM,On Agreeing to the Amendment,None,Failed,45,176,0,6,16,187,0,3,1,0,0,0,62,363,0,9
364,R,105,H R 2183,30-Jul-1998,9:19 PM,On Agreeing to the Amendment,None,Failed,67,156,0,4,20,181,0,5,1,0,0,0,88,337,0,9
365,R,105,H R 2183,30-Jul-1998,9:27 PM,On Agreeing to the Amendment,None,Failed,175,48,0,4,10,192,0,4,0,1,0,0,185,241,0,8
366,R,105,H R 2183,30-Jul-1998,9:34 PM,On Agreeing to the Amendment,None,Failed,163,59,0,5,2,200,0,4,0,1,0,0,165,260,0,9
367,R,105,H R 2183,31-Jul-1998,1:27 PM,On Agreeing to the Amendment,None,Failed,137,74,0,16,5,186,0,15,0,1,0,0,142,261,0,31
368,R,105,H R 2183,31-Jul-1998,1:36 PM,On Agreeing to the Amendment,None,Failed,184,31,0,12,11,186,0,9,0,1,0,0,195,218,0,21
369,R,105,H R 2183,31-Jul-1998,1:42 PM,On Agreeing to the Amendment,None,Failed,91,123,0,13,25,171,0,10,1,0,0,0,117,294,0,23
370,R,105,H R 2183,31-Jul-1998,1:50 PM,On Agreeing to the Amendment,None,Failed,152,62,0,13,8,190,0,8,0,1,0,0,160,253,0,21
371,R,105,H R 2183,31-Jul-1998,1:58 PM,On Agreeing to the Amendment,None,Agreed to,149,66,0,12,191,8,0,7,1,0,0,0,341,74,0,19
372,R,105,H R 2183,31-Jul-1998,2:05 PM,On Agreeing to the Amendment,None,Agreed to,190,24,0,13,194,5,0,7,1,0,0,0,385,29,0,20
373,R,105,H R 2183,31-Jul-1998,2:11 PM,On Agreeing to the Amendment,None,Agreed to,192,21,0,14,175,23,0,8,1,0,0,0,368,44,0,22
374,R,105,H R 2183,31-Jul-1998,2:20 PM,On Agreeing to the Amendment,None,Failed,99,118,0,10,3,196,0,7,0,1,0,0,102,315,0,17
375,R,105,H R 2183,31-Jul-1998,2:26 PM,On Agreeing to the Amendment,None,Failed,164,50,0,13,9,187,0,10,0,1,0,0,173,238,0,23
376,R,105,H R 2183,31-Jul-1998,2:33 PM,On Agreeing to the Amendment,None,Failed,124,91,0,12,10,184,0,12,0,1,0,0,134,276,0,24
377,R,105,H R 3743,3-Aug-1998,6:45 PM,"Suspend the rules and pass, as amended",Concerning the Bushehr Nuclear Power Plant in Iran,Passed,224,0,0,3,180,13,0,13,1,0,0,0,405,13,0,16
378,R,105,S J RES 54,3-Aug-1998,6:53 PM,Suspend the rules and pass,Finding the Government of Iraq in Unacceptable and Material Breach of its International Obligations,Passed,219,1,0,7,187,5,0,14,1,0,0,0,407,6,0,21
379,R,105,H R 2183,3-Aug-1998,7:16 PM,"On Agreeing to the Amendment, as amended",None,Agreed to,51,175,0,2,185,11,0,10,1,0,0,0,237,186,0,12
380,R,105,H CON RES 213,4-Aug-1998,2:48 PM,"On Motion to Suspend the Rules and Agree, as Amended",Sense of Congress that the European Union in Unfairly Restricting the Importation of U.S. Agricultural Products,Passed,222,2,0,3,197,2,0,7,1,0,0,0,420,4,0,10
381,R,105,H R 4276,4-Aug-1998,3:08 PM,On Agreeing to the Amendment,None,Agreed to,57,168,0,2,197,2,0,7,1,0,0,0,255,170,0,9
382,R,105,H R 4276,4-Aug-1998,5:00 PM,On Agreeing to the Amendment,None,Failed,29,195,0,3,142,56,0,8,1,0,0,0,172,251,0,11
383,R,105,H R 4276,4-Aug-1998,9:31 PM,On Agreeing to the Amendment,None,Failed,88,133,0,6,3,193,0,10,0,1,0,0,91,327,0,16
384,R,105,H R 4276,4-Aug-1998,9:39 PM,On Agreeing to the Amendment,None,Failed,135,88,0,4,20,178,0,8,0,1,0,0,155,267,0,12
385,R,105,H R 4276,4-Aug-1998,9:45 PM,On Agreeing to the Amendment,None,Failed,12,210,0,5,136,61,0,9,1,0,0,0,149,271,0,14
386,R,105,H R 4276,4-Aug-1998,9:53 PM,On Agreeing to the Amendment,None,Failed,124,99,0,4,12,186,0,8,0,1,0,0,136,286,0,12
387,R,105,H R 4276,4-Aug-1998,9:59 PM,On Agreeing to the Amendment,None,Failed,13,209,0,5,134,62,0,10,1,0,0,0,148,271,0,15
388,R,105,H R 4276,5-Aug-1998,1:20 PM,On Agreeing to the Amendment,None,Failed,2,222,0,4,198,5,0,3,1,0,0,0,201,227,0,7
389,R,105,H R 4276,5-Aug-1998,1:28 PM,On Agreeing to the Amendment,None,Failed,44,179,0,4,114,87,0,5,0,1,0,0,158,267,0,9
390,R,105,H R 4276,5-Aug-1998,1:36 PM,On Agreeing to the Amendment,None,Failed,26,196,0,5,141,63,0,2,1,0,0,0,168,259,0,7
391,R,105,H R 4276,5-Aug-1998,1:44 PM,On Agreeing to the Amendment,None,Failed,127,98,0,2,10,192,0,4,0,1,0,0,137,291,0,6
392,R,105,H R 4276,5-Aug-1998,1:54 PM,On Agreeing to the Amendment,None,Failed,141,84,0,2,10,194,0,2,0,1,0,0,151,279,0,4
393,R,105,H R 4276,5-Aug-1998,2:01 PM,On Agreeing to the Amendment,None,Agreed to,219,4,0,4,93,109,0,4,0,1,0,0,312,114,0,8
394,R,105,H R 4276,5-Aug-1998,3:13 PM,On Agreeing to the Amendment,None,Failed,155,69,0,3,10,191,0,5,0,1,0,0,165,261,0,8
395,R,105,H R 4276,5-Aug-1998,3:20 PM,On Agreeing to the Amendment,None,Failed,121,101,0,5,20,181,0,5,0,1,0,0,141,283,0,10
396,R,105,H R 4276,5-Aug-1998,6:11 PM,On Agreeing to the Amendment,None,Agreed to,48,178,0,1,200,4,0,2,1,0,0,0,249,182,0,3
397,R,105,H R 4276,5-Aug-1998,8:48 PM,On Agreeing to the Amendment,None,Failed,55,169,0,3,27,175,0,4,0,1,0,0,82,345,0,7
398,R,105,H R 4276,5-Aug-1998,8:57 PM,On Agreeing to the Amendment,None,Failed,161,63,0,3,15,188,0,3,0,1,0,0,176,252,0,6
399,R,105,H R 4276,5-Aug-1998,9:04 PM,On Agreeing to the Amendment,None,Agreed to,220,0,0,7,196,2,0,8,1,0,0,0,417,2,0,15
400,R,105,H R 4276,5-Aug-1998,11:39 PM,On Agreeing to the Amendment,None,Agreed to,220,4,0,4,20,183,0,3,0,1,0,0,240,188,0,7
401,R,105,H R 4276,5-Aug-1998,11:46 PM,On Agreeing to the Amendment,None,Failed,71,153,0,4,128,75,0,3,1,0,0,0,200,228,0,7
402,R,105,H R 4276,6-Aug-1998,12:09 AM,On Passage,"Commerce, Justice, State, Judiciary Appropriations, FY 1999",Passed,197,27,0,4,28,175,0,3,0,1,0,0,225,203,0,7
403,R,105,H R 2183,6-Aug-1998,12:30 PM,On Agreeing to the Amendment,None,Failed,127,97,0,3,4,201,0,1,0,1,0,0,131,299,0,4
404,R,105,H R 2183,6-Aug-1998,2:40 PM,On Agreeing to the Amendment,None,Failed,121,102,1,3,26,119,60,1,0,1,0,0,147,222,61,4
405,R,105,H R 2183,6-Aug-1998,2:58 PM,On Passage,Campaign Finance Reform,Passed,61,164,0,2,190,15,0,1,1,0,0,0,252,179,0,3
406,R,105,H RES 517,6-Aug-1998,4:02 PM,On Agreeing to the Resolution,"Providing for the consideration of H.R. 4380, District of Columbia Appropriations for FY 1999",Passed,218,3,0,7,2,200,0,4,0,1,0,0,220,204,0,11
407,R,105,H R 4380,6-Aug-1998,8:15 PM,On Agreeing to the Amendment,None,Failed,8,215,0,4,178,22,0,6,1,0,0,0,187,237,0,10
408,R,105,H R 4380,6-Aug-1998,8:24 PM,On Agreeing to the Amendment,None,Failed,27,196,0,4,152,47,1,6,1,0,0,0,180,243,1,10
409,R,105,H R 4380,6-Aug-1998,8:32 PM,On Agreeing to the Amendment,None,Failed,9,214,0,4,171,29,0,6,1,0,0,0,181,243,0,10
410,R,105,H R 4380,6-Aug-1998,8:39 PM,On Agreeing to the Amendment,None,Failed,17,205,0,5,91,108,1,6,1,0,0,0,109,313,1,11
411,R,105,H R 4380,6-Aug-1998,11:57 PM,On Agreeing to the Amendment,None,Agreed to,207,15,0,6,7,192,0,7,0,1,0,0,214,208,0,13
412,R,105,H R 4380,7-Aug-1998,12:06 AM,On Agreeing to the Amendment,None,Agreed to,205,15,0,7,45,153,0,8,0,1,0,0,250,169,0,15
413,R,105,H R 4380,7-Aug-1998,12:15 AM,On Agreeing to the Amendment,None,Failed,21,200,0,6,151,47,0,8,1,0,0,0,173,247,0,14
414,R,105,H R 4380,7-Aug-1998,12:22 AM,On Agreeing to the Amendment,None,Agreed to,190,30,0,7,37,161,0,8,0,1,0,0,227,192,0,15
415,R,105,H R 4380,7-Aug-1998,12:30 AM,On Agreeing to the Amendment,None,Agreed to,207,14,0,6,76,123,0,7,0,1,0,0,283,138,0,13
416,R,105,H R 4380,7-Aug-1998,12:49 AM,On Passage,District of Columbia Appropriations for FY 1999,Passed,211,11,0,6,3,194,0,9,0,1,0,0,214,206,0,15
417,R,105,H R 678,9-Sep-1998,5:22 PM,"On Motion to Suspend the Rules and Pass, as Amended",Thomas Edison Sesquicentennial Commemorative Coin Act,Passed,215,1,0,11,181,0,0,25,1,0,0,0,397,1,0,36
418,R,105,H R 1560,9-Sep-1998,5:32 PM,"On Motion to Suspend the Rules and Pass, as Amended",Lewis and Clark Expedition Bicentennial Commemorative Coin Act,Passed,214,2,0,11,183,0,0,23,1,0,0,0,398,2,0,34
419,R,105,H RES 459,9-Sep-1998,5:41 PM,"On Motion to Suspend the Rules and Agree, as Amended",Commemorating 50 Years of Relations Between the United States and the Republic of Korea,Passed,214,0,0,13,185,0,0,21,1,0,0,0,400,0,0,34
420,R,105,H R 2863,10-Sep-1998,11:17 AM,On Passage,Migratory Bird Treaty Reform Act,Passed,216,3,0,8,105,87,0,14,1,0,0,0,322,90,0,22
421,R,105,H R 2538,10-Sep-1998,1:23 PM,On Passage,Guadalupe-Hidalgo Treaty Land Claims of 1998,Passed,211,10,0,7,12,176,0,18,0,1,0,0,223,187,0,25
422,R,105,H R 3892,10-Sep-1998,5:05 PM,On Agreeing to the Amendment,None,Failed,14,204,0,9,190,4,0,12,1,0,0,0,205,208,0,21
423,R,105,H R 3892,10-Sep-1998,5:12 PM,On Agreeing to the Amendment,None,Agreed to,215,5,0,7,15,178,0,13,0,1,0,0,230,184,0,20
424,R,105,H R 3892,10-Sep-1998,5:31 PM,On Passage,English Language Fluency Act,Passed,207,10,0,10,14,178,0,14,0,1,0,0,221,189,0,24
425,R,105,H RES 525,11-Sep-1998,12:00 PM,On Agreeing to the Resolution,"Providing for a deliberative review by the Committee on the Judiciary of a communication from an independent counsel, and for the release thereof",Passed,224,0,0,4,138,63,0,5,1,0,0,0,363,63,0,9
426,R,105,S 2206,14-Sep-1998,5:37 PM,"Suspend the rules and pass, as amended","Community Opportunities, Accountability, and Training and Educational Services Act",Passed,185,20,0,22,160,0,0,46,1,0,0,0,346,20,0,68
427,R,105,H CON RES 304,14-Sep-1998,5:45 PM,Suspend the rules and agree,Expressing the Sense of Congress Regarding War Crimes in the former Yugoslavia,Passed,204,1,0,22,164,0,1,41,1,0,0,0,369,1,1,63
428,R,105,H CON RES 254,14-Sep-1998,5:53 PM,"Suspend the rules and agree, as amended",Calling on the Government of Cuba to Extradite to the U.S. convicted felon Joanne Chesimard,Passed,205,0,0,22,165,0,0,41,1,0,0,0,371,0,0,63
429,R,105,H CON RES 185,14-Sep-1998,6:01 PM,"On Motion to Suspend the Rules and Agree, as Amended",50th Anniversary of the Signing of the Universal Declaration of Human Rights,Passed,204,2,0,21,165,0,0,41,1,0,0,0,370,2,0,62
430,R,105,H R 4101,15-Sep-1998,11:49 AM,Previous question on motion to instruct conferees,"Agriculture, Rural Development, Food and Drug Administration, and Related Agencies Appropriations Act, 1999",Passed,154,65,0,8,176,1,0,29,1,0,0,0,331,66,0,37
431,R,105,H R 4103,15-Sep-1998,6:54 PM,On Motion to Instruct Conferees,Defense Appropriations Act for F.Y. 1999,Passed,180,38,0,9,167,23,0,16,1,0,0,0,348,61,0,25
432,R,105,H R 4103,15-Sep-1998,7:04 PM,Motion to close portions of the conference,Defense Appropriations Act for F.Y. 1999,Passed,219,0,0,8,185,2,0,19,1,0,0,0,405,2,0,27
433,R,105,H R 4328,15-Sep-1998,7:14 PM,On Motion to Instruct Conferees,"Transportation and Related Agencies Appropriations, FY 1999",Passed,69,149,0,9,179,12,0,15,1,0,0,0,249,161,0,24
434,R,105,H R 4194,15-Sep-1998,7:21 PM,On Motion to Instruct Conferees,VA-HUD Appropriations Act for FY 1999,Passed,216,1,0,10,188,0,0,18,1,0,0,0,405,1,0,28
435,R,105,H J RES 117,15-Sep-1998,7:29 PM,"On Motion to Suspend the Rules and Pass, as Amended",Expressing the Sense of Congress that Marijuana is a Dangerous and Addictive Drug and Should not be Legalized for Medicinal Use,Passed,207,6,0,14,103,86,0,17,0,1,0,0,310,93,0,31
436,R,105,S 2073,15-Sep-1998,7:37 PM,"On Motion to Suspend the Rules and Pass, as Amended",Juvenile Crime Control and Delinquency Prevention Act,Passed,209,6,0,12,71,119,0,16,0,1,0,0,280,126,0,28
437,R,105,H R 4382,15-Sep-1998,7:43 PM,"On Motion to Suspend the Rules and Pass, as Amended",Mammography Quality Standards Reauthorization,Passed,211,1,0,15,189,0,0,17,1,0,0,0,401,1,0,32
438,R,105,H R 4300,16-Sep-1998,3:38 PM,On Agreeing to the Amendment,None,Agreed to,215,7,0,5,147,53,0,6,0,1,0,0,362,61,0,11
439,R,105,H R 4300,16-Sep-1998,3:48 PM,On Agreeing to the Amendment,None,Failed,21,201,0,5,145,55,0,6,1,0,0,0,167,256,0,11
440,R,105,H R 4300,16-Sep-1998,3:58 PM,On Agreeing to the Amendment,None,Agreed to,203,19,0,5,88,113,0,5,0,1,0,0,291,133,0,10
441,R,105,H R 4300,16-Sep-1998,4:07 PM,On Agreeing to the Amendment,None,Failed,1,220,0,6,65,134,0,7,1,0,0,0,67,354,0,13
442,R,105,H R 4300,16-Sep-1998,4:28 PM,On Passage,Western Hemisphere Drug Elimination Act,Passed,219,3,0,6,165,35,0,6,0,1,0,0,384,39,0,12
443,R,105,H R 4550,16-Sep-1998,7:43 PM,On Agreeing to the Amendment,None,Failed,113,105,0,9,10,175,0,21,0,1,0,0,123,281,0,30
444,R,105,H R 4550,16-Sep-1998,8:06 PM,On Passage,Drug Demand Reduction Act,Passed,216,1,0,10,179,8,0,19,1,0,0,0,396,9,0,29
445,R,105,H J RES 128,17-Sep-1998,11:46 AM,On Passage,Making continuing appropriations for F.Y. 1999,Passed,221,0,0,6,199,0,0,7,1,0,0,0,421,0,0,13
446,R,105,H RES 542,17-Sep-1998,1:21 PM,On Agreeing to the Resolution,Providing for consideration of H.R. 4569; Foreign Operations Appropriations for F.Y. 1999,Passed,211,8,0,8,18,179,0,9,0,1,0,0,229,188,0,17
447,R,105,H R 4569,17-Sep-1998,6:23 PM,On Agreeing to the Amendment,None,Agreed to,88,131,0,8,142,51,0,13,1,0,0,0,231,182,0,21
448,R,105,H R 4569,17-Sep-1998,7:58 PM,On Agreeing to the Amendment,None,Failed,49,171,0,7,151,41,0,14,1,0,0,0,201,212,0,21
449,R,105,H R 4569,17-Sep-1998,8:19 PM,On Passage,Foreign Operations Appropriations for F.Y. 1999,Passed,186,34,0,7,69,126,0,11,0,1,0,0,255,161,0,18
450,R,105,H R 3248,18-Sep-1998,12:05 PM,On Agreeing to the Amendment,None,Failed,8,207,0,13,191,0,0,15,1,0,0,0,200,207,0,28
451,R,105,H R 3248,18-Sep-1998,12:13 PM,On Agreeing to the Amendment,None,Failed,5,211,0,11,184,4,0,18,1,0,0,0,190,215,0,29
452,R,105,H R 3248,18-Sep-1998,12:33 PM,On Passage,To Provide Dollars to the Classroom,Passed,207,11,1,9,5,186,0,15,0,1,0,0,212,198,1,24
453,R,105,H RES 545,23-Sep-1998,5:24 PM,On Motion to Table the Resolution,Impeachment of Kenneth W. Starr,Passed,215,0,0,12,125,71,0,10,0,0,0,1,340,71,0,23
454,R,105,H RES 144,23-Sep-1998,5:54 PM,"Suspend the Rules and Agree, as amended",Bicentennial of the Lewis and Clark Expedition,Passed,218,0,0,9,198,0,0,8,0,0,0,1,416,0,0,18
455,R,105,H RES 505,23-Sep-1998,6:04 PM,Suspend the Rules and Agree,Diplomatic Relations with Pacific Island Nations,Passed,218,1,0,8,196,0,0,10,0,0,0,1,414,1,0,19
456,R,105,H CON RES 315,23-Sep-1998,6:12 PM,"Suspend the Rules and Agree, as amended",Condemn Serbian Atrocities in Kosovo,Passed,216,0,1,10,194,0,0,12,0,0,0,1,410,0,1,23
457,R,105,H R 4112,24-Sep-1998,12:25 PM,On Agreeing to the Conference Report,"Legislative Branch Appropriations, FY 1999",Passed,187,31,0,9,168,34,0,4,1,0,0,0,356,65,0,13
458,R,105,H R 3616,24-Sep-1998,2:38 PM,On Agreeing to the Conference Report,National Defense Authorization for Fiscal Year 1999,Passed,207,11,0,9,166,38,0,2,0,1,0,0,373,50,0,11
459,R,105,H R 3736,24-Sep-1998,5:58 PM,On Agreeing to the Amendment,None,Failed,21,201,0,5,156,40,0,10,0,1,0,0,177,242,0,15
460,R,105,H R 3736,24-Sep-1998,6:14 PM,On Passage,Workforce Improvement and Protection Act,Passed,189,34,0,5,99,98,0,9,0,1,0,0,288,133,0,14
461,R,105,H RES 552,25-Sep-1998,10:56 AM,On Ordering the Previous Question,Providing for the consideration of H.R. 4578 and H.R. 4579,Passed,217,1,0,9,2,200,0,4,0,1,0,0,219,202,0,13
462,R,105,H RES 552,25-Sep-1998,11:06 AM,On Agreeing to the Resolution,Providing for the consideration of H.R. 4578 and H.R. 4579,Passed,212,7,0,8,3,200,0,3,0,1,0,0,215,208,0,11
463,R,105,H R 4578,25-Sep-1998,1:59 PM,On Agreeing to the Amendment,None,Failed,8,215,0,5,201,1,0,4,1,0,0,0,210,216,0,9
464,R,105,H R 4578,25-Sep-1998,2:20 PM,On Passage,Protect Social Security Account,Passed,220,5,0,3,20,182,0,4,0,1,0,0,240,188,0,7
465,R,105,H RES 553,25-Sep-1998,3:52 PM,On Ordering the Previous Question,Providing for the consideration of H.R. 2621,Passed,223,0,0,4,7,192,0,7,0,1,0,0,230,193,0,11
466,R,105,H R 2621,25-Sep-1998,6:59 PM,On Passage,Reciprocal Trade Agreement Authorities Act,Failed,151,71,0,6,29,171,3,3,0,1,0,0,180,243,3,9
467,R,105,JOURNAL,26-Sep-1998,9:28 AM,On Approving the Journal,None,Passed,181,18,1,27,152,32,1,21,1,0,0,0,334,50,2,48
468,R,105,H R 4579,26-Sep-1998,11:51 AM,On Agreeing to the Amendment,None,Failed,0,221,0,7,196,6,0,4,1,0,0,0,197,227,0,11
469,R,105,H R 4579,26-Sep-1998,12:12 PM,On Passage,Taxpayer Relief Act,Passed,210,11,0,7,19,183,0,4,0,1,0,0,229,195,0,11
470,R,105,H R 3891,28-Sep-1998,5:31 PM,"Suspend the rules and pass, as amended",Trademark Anticounterfeiting Act,Failed,177,37,0,13,68,129,0,9,0,1,0,0,245,167,0,22
471,R,105,H R 4103,28-Sep-1998,5:38 PM,On Agreeing to the Conference Report,Defense Appropriations Act for F.Y. 1999,Passed,204,10,0,13,165,32,0,9,0,1,0,0,369,43,0,22
472,R,105,H R 4060,28-Sep-1998,5:46 PM,On Agreeing to the Conference Report,Energy and Water Development Appropriations for F.Y. 1999,Passed,199,16,0,12,189,9,0,8,1,0,0,0,389,25,0,20
473,R,105,H R 3150,28-Sep-1998,5:56 PM,On Motion to Instruct Conferees,Bankruptcy Reform Act,Passed,100,115,0,12,194,4,0,8,1,0,0,0,295,119,0,20
474,R,105,S 2073,1-Oct-1998,5:23 PM,On Motion to Go to Conference,Juvenile Crime Control and Delinquency Prevention Act,Passed,212,0,0,15,164,35,0,7,0,1,0,0,376,36,0,22
475,R,105,H RES 563,1-Oct-1998,9:07 PM,On Agreeing to the Resolution,Waiving points of order against the conference report on H.R. 4104,Failed,89,117,0,21,17,176,0,13,0,1,0,0,106,294,0,34
476,R,105,H RES 564,2-Oct-1998,2:02 PM,On Agreeing to the Resolution,"Providing for consideration of H.R. 4274; Labor, Health, and Human Services Appropriations for F.Y. 1999",Passed,211,6,0,10,5,193,0,8,0,1,0,0,216,200,0,18
477,R,105,JOURNAL,2-Oct-1998,2:21 PM,On Approving the Journal,None,Passed,195,16,0,16,150,44,1,11,1,0,0,0,346,60,1,27
478,R,105,H R 4101,2-Oct-1998,3:51 PM,Recommit the Conference Report with Instructions,"Agriculture, Rural Development, Food and Drug Administration, and Related Agencies Appropriations Act, 1999",Failed,8,200,0,19,147,36,0,23,1,0,0,0,156,236,0,42
479,R,105,H R 4101,2-Oct-1998,4:09 PM,On Agreeing to the Conference Report,"Agriculture, Rural Development, Food and Drug Administration, and Related Agencies Appropriations Act, 1999",Passed,179,25,0,23,153,28,0,25,1,0,0,0,333,53,0,48
480,R,105,H R 4614,5-Oct-1998,7:15 PM,"On Motion to Suspend the Rules and Pass, as Amended",New Hampshire Land Conveyance,Failed,210,0,0,17,20,167,0,19,0,1,0,0,230,168,0,36
481,R,105,H R 1154,5-Oct-1998,7:23 PM,"On Motion to Suspend the Rules and Pass, as Amended",Indian Federal Recognition Administrative Procedures Act of 1997,Failed,40,171,0,16,149,37,0,20,1,0,0,0,190,208,0,36
482,R,105,H R 4655,5-Oct-1998,7:32 PM,"On Motion to Suspend the Rules and Pass, as Amended",Establishing a Program to Support a Transition to Democracy in Iraq,Passed,202,9,0,16,157,29,0,20,1,0,0,0,360,38,0,36
483,R,105,H R 4194,6-Oct-1998,1:34 PM,On Agreeing to the Conference Report,VA-HUD Appropriations Act for FY 1999,Passed,213,9,0,5,195,5,0,6,1,0,0,0,409,14,0,11
484,R,105,H RES 575,6-Oct-1998,2:18 PM,On Agreeing to the Resolution,Waiving a requirement of clause 4(b) of rule XI with respect to consideration of certain resolutions reported from the Committtee on Rules,Passed,218,3,0,6,0,202,0,4,0,1,0,0,218,206,0,10
485,R,105,H R 4259,6-Oct-1998,4:09 PM,On Agreeing to the Amendment,None,Failed,0,224,0,3,180,20,0,6,1,0,0,0,181,244,0,9
486,R,105,H R 3694,7-Oct-1998,12:15 PM,Recommit Conference Report with Instructions,FY 1999 Intelligence Authorization,Failed,89,128,0,10,58,139,0,9,1,0,0,0,148,267,0,19
487,R,105,H R 3694,7-Oct-1998,12:25 PM,On Agreeing to the Conference Report,FY 1999 Intelligence Authorization,Passed,174,47,0,6,163,35,0,8,0,1,0,0,337,83,0,14
488,R,105,H RES 573,7-Oct-1998,1:35 PM,On Agreeing to the Resolution,Providing for consideration of H.R. 4570; Omnibus National Parks and Public Lands Act,Passed,222,0,0,5,3,197,0,6,0,1,0,0,225,198,0,11
489,R,105,H R 4570,7-Oct-1998,3:43 PM,On Passage,Omnibus National Parks and Public Lands Act,Failed,117,107,0,3,6,194,0,6,0,1,0,0,123,302,0,9
490,R,105,H RES 579,7-Oct-1998,6:19 PM,On Agreeing to the Resolution,Waiving points of order against the conference report on H.R. 4104,Passed,217,6,0,4,14,187,0,5,0,1,0,0,231,194,0,9
491,R,105,H R 4616,7-Oct-1998,8:55 PM,On Motion to Suspend the Rules and Pass,Designating the Corporal Harold Gomez Post Office,Passed,222,0,0,5,202,0,0,4,1,0,0,0,425,0,0,9
492,R,105,H R 2348,7-Oct-1998,9:05 PM,On Motion to Suspend the Rules and Pass,Designating the Mervyn Dymally Post Office Building,Passed,221,1,0,5,199,0,0,7,1,0,0,0,421,1,0,12
493,R,105,H R 4104,7-Oct-1998,9:22 PM,Recommit Conference Report with Instructions,"Treasury, Postal Service, Independent Agencies Appropriations, FY 1999",Failed,21,203,0,3,180,23,0,3,1,0,0,0,202,226,0,6
494,R,105,H R 4104,7-Oct-1998,9:38 PM,On Agreeing to the Conference Report,"Treasury, Postal Service, Independent Agencies Appropriations, FY 1999",Passed,209,15,0,3,81,121,0,4,0,1,0,0,290,137,0,7
495,R,105,JOURNAL,8-Oct-1998,10:20 AM,On Approving the Journal,None,Passed,190,19,5,13,134,53,4,15,1,0,0,0,325,72,9,28
496,R,105,QUORUM,8-Oct-1998,1:57 PM,Call of the House,None,Passed,0,0,225,2,0,0,197,9,0,0,1,0,0,0,423,11
497,R,105,H RES 581,8-Oct-1998,2:55 PM,On Motion to Recommit with Instructions,"Authorizing and directing the Committee on the Judiciary to investigate whether sufficient grounds exist for the impeachment of William Jefferson Clinton, President of the United States",Failed,1,226,0,1,196,10,0,0,1,0,0,0,198,236,0,1
498,R,105,H RES 581,8-Oct-1998,3:12 PM,On Agreeing to the Resolution,"Authorizing and directing the Committee on the Judiciary to investigate whether sufficient grounds exist for the impeachment of William Jefferson Clinton, President of the United States",Passed,227,0,0,1,31,175,0,0,0,1,0,0,258,176,0,1
499,R,105,ADJOURN,8-Oct-1998,4:59 PM,On Motion to Adjourn,None,Failed,0,209,0,18,58,139,0,9,0,1,0,0,58,349,0,27
500,R,105,H RES 584,8-Oct-1998,5:48 PM,On Ordering the Previous Question,Further providing for the consideration of H.R. 4274,Passed,220,0,0,7,4,200,0,2,0,1,0,0,224,201,0,9
501,R,105,H RES 584,8-Oct-1998,6:06 PM,table motion to reconsider,Further providing for the consideration of H.R. 4274,Passed,223,0,0,4,8,196,0,2,0,1,0,0,231,197,0,6
502,R,105,H RES 584,8-Oct-1998,6:20 PM,On Agreeing to the Resolution,Further providing for the consideration of H.R. 4274,Passed,201,22,1,4,13,186,0,7,0,1,0,0,214,209,1,11
503,R,105,H RES 584,8-Oct-1998,6:41 PM,table motion to reconsider,Further providing for the consideration of H.R. 4274,Passed,221,0,0,6,9,191,0,6,0,1,0,0,230,192,0,12
504,R,105,H R 4274,8-Oct-1998,8:01 PM,On Agreeing to the Amendment,None,Agreed to,190,33,0,4,34,166,0,6,0,1,0,0,224,200,0,10
505,R,105,H R 3150,9-Oct-1998,11:22 AM,Recommit Conference Report with Instructions,Bankruptcy Reform Act,Failed,3,219,0,5,153,47,0,6,1,0,0,0,157,266,0,11
506,R,105,H R 3150,9-Oct-1998,11:30 AM,On Agreeing to the Conference Report,Bankruptcy Reform Act,Passed,224,1,0,2,76,123,0,7,0,1,0,0,300,125,0,9
507,R,105,H RES 565,9-Oct-1998,11:40 AM,On Motion to Suspend the Rules and Agree,Expressing the Sense of the House of Representatives Regarding the Importance of Mammograms and Biopsies in the Fight Against Breast Cancer,Passed,224,0,0,3,199,0,0,7,1,0,0,0,424,0,0,10
508,R,105,H CON RES 331,9-Oct-1998,11:49 AM,On Motion to Suspend the Rules and Agree,"Expressing the sense of Congress Concerning the Inadequacy of Sewage Infrastructute Facilities in Tijuana, Mexico",Failed,222,2,0,3,28,171,0,7,0,1,0,0,250,174,0,10
509,R,105,H RES 557,9-Oct-1998,11:57 AM,On Motion to Suspend the Rules and Agree,Expressing Support for U.S. Government Efforts to Identify Holocaust-Era Assets,Passed,225,0,0,2,201,0,0,5,1,0,0,0,427,0,0,7
510,R,105,H R 3874,9-Oct-1998,12:05 PM,Suspend the rules and agree to Conference Report,Child Nutrition and WIC Reauthorization Amendments of 1998,Passed,225,1,0,1,196,0,0,10,1,0,0,0,422,1,0,11
511,R,105,H J RES 133,9-Oct-1998,6:24 PM,On Passage,"Further Continuing Approriations, FY 1999",Passed,223,0,0,4,197,0,0,9,1,0,0,0,421,0,0,13
512,R,105,MOTION,10-Oct-1998,1:45 PM,Table appeal from ruling of the chair,None,Passed,218,4,0,5,1,199,0,6,0,1,0,0,219,204,0,11
513,R,105,H RES 589,10-Oct-1998,1:55 PM,On Ordering the Previous Question,Waiving a requirement of clause 4(b) of rule XI with respect to consideration of certain resolutions reported from the Committee on Rules,Passed,221,0,0,6,0,200,0,6,0,1,0,0,221,201,0,12
514,R,105,H RES 588,10-Oct-1998,2:02 PM,On Agreeing to the Resolution,Providing for consideration of H.R. 4761; Uruguay Round Agreements Compliance Act,Passed,218,4,0,5,25,174,0,7,0,1,0,0,243,179,0,12
515,R,105,H RES 592,10-Oct-1998,2:10 PM,Suspend the rules and agree,Concurrence by the House with amendments in the Senate Amendment to H.R. 4110; Veterans Benefits Improvement Act,Passed,222,0,0,5,200,0,0,6,1,0,0,0,423,0,0,11
516,R,105,H R 4567,10-Oct-1998,2:17 PM,"Suspend the rules and pass, as amended",Medicare Home Health Care and Veterans Health Care Improvement Act,Passed,214,1,0,12,197,1,0,8,1,0,0,0,412,2,0,20
517,R,105,H CON RES 334,10-Oct-1998,2:26 PM,Suspend the rules and agree,Taiwan World Health Organization,Passed,217,0,0,10,200,0,0,6,1,0,0,0,418,0,0,16
518,R,105,H CON RES 320,10-Oct-1998,2:33 PM,"Suspend the rules and agree, as amended","Supporting the Baltic People of Estonia, Latvia, and Lithuania",Passed,216,0,0,11,200,0,0,6,1,0,0,0,417,0,0,17
519,R,105,H R 2616,10-Oct-1998,2:40 PM,Suspend the Rules and Agree to the Senate Amendment,Charter Schools,Passed,208,10,0,9,160,40,0,6,1,0,0,0,369,50,0,15
520,R,105,S 852,10-Oct-1998,2:47 PM,"On Motion to Suspend the Rules and Pass, as Amended",National Salvage Motor Vehicle Consumer Protection Act,Passed,205,1,1,20,66,131,1,8,0,1,0,0,271,133,2,28
521,R,105,H R 3494,12-Oct-1998,7:05 PM,Suspend the rules and agree to Senate amendments,Child Protection and Sexual Predator Punishment Act,Passed,215,0,1,11,184,0,1,21,1,0,0,0,400,0,2,32
522,R,105,H CON RES 350,12-Oct-1998,7:15 PM,On Motion to Suspend the Rules and Agree,Calling Upon the President to Respond to the Significant Increase of Steel Imports,Failed,153,62,0,12,0,186,0,20,0,1,0,0,153,249,0,32
523,R,105,S 2095,12-Oct-1998,7:25 PM,"On Motion to Suspend the Rules and Pass, as Amended",National Fish and Wildlife Foundation Establishment Act,Failed,148,66,0,13,5,181,0,20,0,1,0,0,153,248,0,33
524,R,105,H RES 494,13-Oct-1998,4:11 PM,Suspend the rules and agree,Expressing the Sense of the House of Representatives that the U.S. has enjoyed the loyalty of the U.S. citizens of Guam,Passed,217,0,0,10,192,0,0,14,1,0,0,0,410,0,0,24
525,R,105,S 1364,13-Oct-1998,4:23 PM,"Suspend the rules and pass, as amended",Federal Reports Elimination Act of 1998,Passed,216,0,0,11,173,19,0,14,1,0,0,0,390,19,0,25
526,R,105,H R 4756,13-Oct-1998,4:36 PM,"Suspend the rules and pass, as amended",Year 2000 Preparedness Act of 1998,Passed,214,3,0,10,192,0,0,14,1,0,0,0,407,3,0,24
527,R,105,S 1754,13-Oct-1998,6:14 PM,"On Motion to Suspend the Rules and Pass, as Amended",Health Professions Education Partnerships Act,Passed,115,101,0,11,187,1,0,18,1,0,0,0,303,102,0,29
528,R,105,S 1260,13-Oct-1998,6:24 PM,Suspend the Rules and Agree to Conference Report,Securities Litigation Uniform Standards Act,Passed,213,1,0,13,106,80,1,19,0,1,0,0,319,82,1,32
529,R,105,S 1722,13-Oct-1998,6:34 PM,On Motion to Suspend the Rules and Pass,Women’s Health Research and Prevention Amendments,Passed,212,1,0,14,188,0,0,18,1,0,0,0,401,1,0,32
530,R,105,H R 3963,14-Oct-1998,2:35 PM,"On Motion to Suspend the Rules and Pass, as Amended",Sell Canyon Ferry Reservoir Cabins,Failed,210,0,0,17,7,180,0,19,0,1,0,0,217,181,0,36
531,R,105,H R 559,14-Oct-1998,2:47 PM,On Motion to Suspend the Rules and Pass,Add Bronchiolo-Alveolar Carcinoma to Service-Connected Diseases,Passed,213,0,0,14,186,0,0,20,1,0,0,0,400,0,0,34
532,R,105,H RES 598,15-Oct-1998,4:15 PM,On Motion to Suspend the Rules and Agree,Steel Imports,Passed,159,44,0,24,185,0,0,21,1,0,0,0,345,44,0,45
533,R,105,S 1733,15-Oct-1998,4:24 PM,On Motion to Suspend the Rules and Pass,To require the Commissioner of Social Security and Food Stamp Agencies to take certain actions to ensure that food stamp coupons are not issued for deceased individuals,Passed,200,1,0,26,185,0,0,21,1,0,0,0,386,1,0,47
534,R,105,S 2133,15-Oct-1998,4:36 PM,On Motion to Suspend the Rules and Pass,To preserve the cultural resources of the Route 66 corridor,Failed,193,12,0,22,8,177,0,21,0,1,0,0,201,190,0,43
535,R,105,S 1132,15-Oct-1998,4:43 PM,On Motion to Suspend the Rules and Pass,Bandelier National Monument Administrative Improvement and Watershed Protection Act,Failed,191,10,0,26,3,179,0,24,0,1,0,0,194,190,0,50
536,R,105,H RES 605,20-Oct-1998,5:53 PM,On Agreeing to the Resolution,Waiving points of order against the Conference Report to accompany H.R. 4328,Passed,217,7,0,3,116,80,0,10,0,1,0,0,333,88,0,13
537,R,105,H RES 604,20-Oct-1998,6:04 PM,On Agreeing to the Resolution,Providing for the consideration of S. 1132 and S. 2133,Passed,224,0,0,3,5,188,0,13,0,1,0,0,229,189,0,16
538,R,105,H R 4328,20-Oct-1998,7:45 PM,On Agreeing to the Conference Report,"Transportation and Related Agencies Appropriations, FY 1999",Passed,162,64,0,2,170,31,0,5,1,0,0,0,333,95,0,7
539,R,105,H RES 612,17-Dec-1998,1:00 PM,On Agreeing to the Resolution,Supporting United States Troops in the Persian Gulf,Passed,221,2,0,5,195,3,1,7,1,0,0,0,417,5,1,12
540,R,105,ADJOURN,18-Dec-1998,9:27 AM,On Motion to Adjourn,None,Failed,0,220,0,7,182,5,0,19,1,0,0,0,183,225,0,26
541,R,105,JOURNAL,19-Dec-1998,9:21 AM,On Approving the Journal,None,Passed,202,4,0,21,74,121,0,11,1,0,0,0,277,125,0,32
542,R,105,MOTION,19-Dec-1998,1:04 PM,Table appeal from ruling of the chair,None,Passed,226,2,0,0,4,201,0,1,0,1,0,0,230,204,0,1
543,R,105,H RES 611,19-Dec-1998,1:23 PM,Adopting the First Article,None,Agreed to,223,5,0,0,5,200,0,1,0,1,0,0,228,206,0,1
544,R,105,H RES 611,19-Dec-1998,1:40 PM,Adopting the Second Article,None,Failed,200,28,0,0,5,200,0,1,0,1,0,0,205,229,0,1
545,R,105,H RES 611,19-Dec-1998,1:56 PM,Adopting the Third Article,None,Agreed to,216,12,0,0,5,199,0,2,0,1,0,0,221,212,0,2
546,R,105,H RES 611,19-Dec-1998,2:13 PM,Adopting the Fourth Article,None,Failed,147,81,0,0,1,203,0,2,0,1,0,0,148,285,0,2
547,R,105,H RES 614,19-Dec-1998,2:34 PM,On Agreeing to the Resolution,Appointment of Managers,Passed,223,2,0,3,5,187,0,14,0,1,0,0,228,190,0,17
