Roll Call,Majority,Congress Num,Legislation Number,Date,Time,Question,Description,Result,Republican Yes,Republican No,Republican Present,Republican Not Voting,Democrat Yes,Democrat No,Democrat Present,Democrat Not Voting,Independent Yes,Independent No,Independent Present,Independent Not Voting,Total Yes,Total No,Total Present,Total Not Voting
1,R,106,QUORUM,6-Jan-1999,12:29 PM,Call of the House,None,Passed,0,0,221,1,0,0,205,6,0,0,1,0,0,0,427,7
2
3,R,106,H RES 5,6-Jan-1999,3:47 PM,On Ordering the Previous Question,Adopting rules for the One Hundred Sixth Congress,Passed,216,0,0,4,0,206,0,0,0,1,0,0,216,207,0,4
4,R,106,H RES 5,6-Jan-1999,4:06 PM,On Motion to Commit with Instructions,Adopting rules for the One Hundred Sixth Congress,Failed,0,218,0,2,200,0,0,6,1,0,0,0,201,218,0,8
5,R,106,H RES 5,6-Jan-1999,4:24 PM,On Agreeing to the Resolution,Adopting rules for the One Hundred Sixth Congress,Passed,217,0,0,3,0,203,0,3,0,1,0,0,217,204,0,6
6,R,106,H RES 10,6-Jan-1999,5:58 PM,On Agreeing to the Resolution,Appointment of Managers to Conduct an Impeachment Trial,Passed,218,0,0,3,5,197,0,4,0,1,0,0,223,198,0,7
7,R,106,H R 68,2-Feb-1999,3:34 PM,"On Motion to Suspend the Rules and Pass, as Amended",Small Business Investment Company Technical Corrections Act,Passed,209,2,0,10,192,0,0,19,1,0,0,0,402,2,0,29
8,R,106,H R 432,2-Feb-1999,3:50 PM,On Motion to Suspend the Rules and Pass,Dante B. Fascell North-South Center Designation,Passed,213,0,0,8,195,0,0,16,1,0,0,0,409,0,0,24
9,R,106,H R 99,3-Feb-1999,12:23 PM,On Passage,Federal Aviation Administration Programs Extension,Passed,207,1,0,13,200,2,0,9,1,0,0,0,408,3,0,22
10,R,106,H R 98,3-Feb-1999,12:33 PM,"On Motion to Suspend the Rules and Pass, as Amended",Aviation War Risk Insurance Program Extension,Passed,204,1,0,16,202,0,0,9,1,0,0,0,407,1,0,25
11,R,106,JOURNAL,3-Feb-1999,12:41 PM,On Approving the Journal,None,Passed,196,8,0,17,186,10,1,14,1,0,0,0,383,18,1,31
12,R,106,H R 440,9-Feb-1999,5:36 PM,"On Motion to Suspend the Rules and Pass, as Amended",Microloan Program Technical Corrections Act,Passed,213,4,0,4,197,0,0,14,1,0,0,0,411,4,0,18
13,R,106,H R 439,9-Feb-1999,5:46 PM,On Motion to Suspend the Rules and Pass,Paperwork Elimination Act,Passed,216,0,0,5,196,0,0,15,1,0,0,0,413,0,0,20
14,R,106,H R 435,9-Feb-1999,5:55 PM,On Motion to Suspend the Rules and Pass,Miscellaneous Trade and Technical Corrections Act,Passed,216,1,0,4,197,0,0,14,1,0,0,0,414,1,0,18
15,R,106,H R 350,10-Feb-1999,11:39 AM,On Agreeing to the Amendment,None,Failed,34,187,0,1,175,29,0,7,1,0,0,0,210,216,0,8
16,R,106,H R 350,10-Feb-1999,12:49 PM,On Agreeing to the Amendment,None,Failed,19,196,0,6,183,20,0,8,1,0,0,0,203,216,0,14
17,R,106,H R 350,10-Feb-1999,1:11 PM,On Passage,Mandates Information Act,Passed,207,11,0,4,67,137,0,7,0,1,0,0,274,149,0,11
18,R,106,S CON RES 7,10-Feb-1999,2:05 PM,On Agreeing to the Resolution,Honoring the life and legacy of King Hussein ibn Talal al-Hashem,Passed,216,0,0,5,203,0,0,8,1,0,0,0,420,0,0,13
19,R,106,H R 391,11-Feb-1999,1:37 PM,On Agreeing to the Amendment,None,Failed,13,204,0,5,196,10,0,5,1,0,0,0,210,214,0,10
20,R,106,H R 391,11-Feb-1999,1:56 PM,On Passage,Small Business Paperwork Reduction Act Amendments,Passed,210,7,0,4,64,143,0,4,0,1,0,0,274,151,0,8
21,R,106,H R 437,11-Feb-1999,3:08 PM,On Passage,Presidential and Executive Office Financial Accountability Act,Passed,210,2,0,9,203,0,0,8,0,0,0,1,413,2,0,18
22,R,106,H R 171,23-Feb-1999,3:45 PM,On Motion to Suspend the Rules and Pass,Coastal Heritage Trail Route in New Jersey,Passed,194,21,0,6,199,0,0,12,1,0,0,0,394,21,0,18
23,R,106,H R 193,23-Feb-1999,3:58 PM,"On Motion to Suspend the Rules and Pass, as Amended","Sudbury, Assabet, and Concord Wild and Scenic River Act",Passed,195,22,0,4,199,0,0,12,1,0,0,0,395,22,0,16
24,R,106,H R 438,24-Feb-1999,11:51 AM,On Passage,Wireless Communications and Public Safety Act,Passed,214,2,0,5,201,0,0,10,0,0,0,1,415,2,0,16
25,R,106,H R 436,24-Feb-1999,1:12 PM,On Passage,"Government Waste, Fraud and Error Reduction Act",Passed,214,1,0,6,204,0,0,7,1,0,0,0,419,1,0,13
26,R,106,H R 409,24-Feb-1999,2:29 PM,On Passage,Federal Financial Assistance Management Improvement Act,Passed,219,0,0,2,206,0,0,5,1,0,0,0,426,0,0,7
27,R,106,JOURNAL,25-Feb-1999,10:22 AM,On Approving the Journal,None,Passed,196,8,0,17,165,20,2,24,1,0,0,0,362,28,2,41
28,R,106,H R 514,25-Feb-1999,11:47 AM,On Passage,Wireless Privacy Enhancement Act,Passed,212,1,0,9,190,2,0,19,1,0,0,0,403,3,0,28
29,R,106,H J RES 32,2-Mar-1999,2:55 PM,"Suspend the rules and pass, as amended",Expressing the Sense of the Congress Concerning the Social Security Guarantee Initiative,Passed,209,1,0,12,206,0,0,5,1,0,0,0,416,1,0,17
30,R,106,H R 609,2-Mar-1999,3:05 PM,Suspend the rules and pass,To Amend the Export Apple and Pear Act to Limit the Applicability of the Act to Apples,Passed,210,0,0,11,205,0,0,6,1,0,0,0,416,0,0,17
31,R,106,H R 669,3-Mar-1999,12:41 PM,On Passage,Peace Corps Authorizations FY2000-FY2003,Passed,128,86,0,7,197,4,0,10,1,0,0,0,326,90,0,17
32,R,106,H R 603,3-Mar-1999,12:49 PM,On Passage,Clarify the Application of the “Death on the High Seas Act” to Aviation Incidents,Passed,211,2,0,8,200,0,0,11,1,0,0,0,412,2,0,19
33,R,106,H R 707,4-Mar-1999,12:07 PM,On Passage,Disaster Mitigation and Cost Reduction Act,Passed,212,2,0,7,202,0,0,9,1,0,0,0,415,2,0,16
34,R,106,JOURNAL,10-Mar-1999,10:55 AM,On Approving the Journal,None,Passed,191,15,0,15,164,24,0,23,1,0,0,0,356,39,0,38
35,R,106,H R 540,10-Mar-1999,11:14 AM,Suspend the Rules and Pass,Nursing Home Resident Protection Amendments,Passed,198,12,0,11,199,0,0,12,1,0,0,0,398,12,0,23
36,R,106,H RES 100,10-Mar-1999,12:28 PM,On Ordering the Previous Question,Providing for consideration of H.R. 800; Education Flexibility Partnership Act,Passed,215,0,0,7,2,197,0,12,0,1,0,0,217,198,0,19
37,R,106,H R 800,10-Mar-1999,3:20 PM,On Agreeing to the Amendment,None,Failed,2,216,0,3,201,2,0,8,1,0,0,0,204,218,0,11
38,R,106,H R 800,10-Mar-1999,3:29 PM,On Agreeing to the Amendment,None,Agreed to,207,10,0,4,198,3,0,10,1,0,0,0,406,13,0,14
39,R,106,H R 800,10-Mar-1999,6:05 PM,On Agreeing to the Amendment,None,Failed,0,219,0,2,195,9,0,7,1,0,0,0,196,228,0,9
40,R,106,H R 800,11-Mar-1999,10:43 AM,On Agreeing to the Amendment,None,Failed,1,216,0,4,193,7,0,11,1,0,0,0,195,223,0,15
41,R,106,H R 800,11-Mar-1999,11:04 AM,On Passage,Education Flexibility Partnership Act,Passed,217,0,0,5,112,90,0,9,1,0,0,0,330,90,0,14
42,R,106,H R 808,11-Mar-1999,11:13 AM,"Suspend the rules and pass, as amended",Short-Term Extension of Farm Bankruptcy Law,Passed,216,1,0,4,201,0,0,10,1,0,0,0,418,1,0,14
43,R,106,H RES 32,11-Mar-1999,11:20 AM,Suspend the Rules and Agree,Expressing Support for Open Elections in Indonesia,Passed,212,6,0,3,200,0,0,11,1,0,0,0,413,6,0,14
44,R,106,H CON RES 28,11-Mar-1999,11:30 AM,"Suspend the rules and agree, as amended",Expressing the Sense of Congress criticizing China for its Human Rights Abuses,Passed,218,0,0,3,202,0,0,9,1,0,0,0,421,0,0,12
45,R,106,H RES 103,11-Mar-1999,1:08 PM,On Ordering the Previous Question,Providing for consideration of H.Con.Res. 42; Peacekeeping Operations in Kosovo,Passed,217,0,0,5,2,202,0,7,0,1,0,0,219,203,0,12
46,R,106,H RES 103,11-Mar-1999,1:19 PM,On Agreeing to the Resolution,Providing for consideration of H.Con.Res. 42; Peacekeeping Operations in Kosovo,Passed,213,1,0,8,5,199,0,7,0,1,0,0,218,201,0,15
47,R,106,MOTION,11-Mar-1999,4:14 PM,Sustain the ruling of the chair,None,Passed,218,0,0,3,0,204,0,7,0,1,0,0,218,205,0,10
48,R,106,H CON RES 42,11-Mar-1999,9:15 PM,On Agreeing to the Amendment,None,Failed,169,48,1,3,9,188,1,13,0,1,0,0,178,237,2,16
49,R,106,H CON RES 42,11-Mar-1999,9:55 PM,On Agreeing to the Resolution,Peacekeeping Operations in Kosovo,Passed,44,173,2,3,174,18,7,12,1,0,0,0,219,191,9,15
50,R,106,H R 819,16-Mar-1999,2:19 PM,On Passage,Federal Maritime Commission Authorization Act,Passed,201,3,0,17,201,0,0,10,1,0,0,0,403,3,0,27
51,R,106,H R 774,16-Mar-1999,2:37 PM,"On Motion to Suspend the Rules and Pass, as Amended",Women’s Business Center Amendments Act of 1999,Passed,182,22,0,17,202,1,0,8,1,0,0,0,385,23,0,25
52,R,106,H CON RES 24,16-Mar-1999,2:48 PM,On Motion to Suspend the Rules and Agree,Expressing Congressional Opposition to the Unilateral Declaration of a Palestinian State,Passed,196,6,1,19,183,18,1,9,1,0,0,0,380,24,2,28
53,R,106,H R 820,17-Mar-1999,2:55 PM,On Agreeing to the Amendment,None,Agreed to,216,0,0,5,211,0,0,0,1,0,0,0,428,0,0,5
54,R,106,H R 820,17-Mar-1999,3:07 PM,On Agreeing to the Amendment,None,Agreed to,212,4,0,5,211,0,0,0,1,0,0,0,424,4,0,5
55,R,106,H R 820,17-Mar-1999,3:25 PM,On Passage,Coast Guard Authorization Act of 1999,Passed,212,7,0,2,211,0,0,0,1,0,0,0,424,7,0,2
56,R,106,H R 975,17-Mar-1999,3:34 PM,On Passage,Provide for a Reduction in the Volume of Steel Imports,Passed,91,128,0,2,197,13,0,1,1,0,0,0,289,141,0,3
57,R,106,H RES 120,18-Mar-1999,1:43 PM,On Agreeing to the Resolution,Providing for consideration of H.R. 4; National Missile Defense System,Passed,215,0,0,6,24,184,0,3,0,1,0,0,239,185,0,9
58,R,106,H R 4,18-Mar-1999,4:42 PM,On Motion to Recommit with Instructions,National Missile Defense System,Failed,2,212,0,7,150,56,1,4,0,1,0,0,152,269,1,11
59,R,106,H R 4,18-Mar-1999,5:01 PM,On Passage,National Missile Defense System,Passed,214,2,0,6,103,102,0,6,0,1,0,0,317,105,0,12
60,R,106,H RES 121,23-Mar-1999,4:30 PM,On Motion to Suspend the Rules and Agree,Affirming the Congress’ Opposition to All Forms of Racism and Bigotry,Failed,218,1,1,2,36,150,23,2,0,1,0,0,254,152,24,4
61,R,106,H R 70,23-Mar-1999,4:41 PM,On Motion to Suspend the Rules and Pass,Arlington National Cemetery Burial Eligibility Act,Passed,219,0,0,2,208,2,0,1,1,0,0,0,428,2,0,3
62,R,106,H CON RES 56,23-Mar-1999,4:54 PM,Suspend the Rules and Agree,Commemorating the 20th Anniversary of the Taiwan Relations Act,Passed,219,1,0,1,209,0,0,2,1,0,0,0,429,1,0,3
63,R,106,H CON RES 37,23-Mar-1999,5:01 PM,"Suspend the Rules and Agree, as amended",Concerning Anti-Semitic Statements Made by Members of the Duma of the Russian Federation,Passed,212,0,0,9,208,0,0,3,1,0,0,0,421,0,0,12
64,R,106,H R 800,23-Mar-1999,6:20 PM,On Motion to Instruct Conferees,Education Flexibility Partnership Act,Failed,1,216,0,4,203,6,0,2,1,0,0,0,205,222,0,6
65,R,106,H RES 101,23-Mar-1999,7:52 PM,On Motion to Recommit with Instructions,Committee Funding Resolution for the 106th Congress,Failed,0,217,0,5,204,1,0,6,1,0,0,0,205,218,0,11
66,R,106,H RES 101,23-Mar-1999,8:10 PM,On Agreeing to the Resolution,Committee Funding Resolution for the 106th Congress,Passed,216,3,0,3,0,206,0,5,0,1,0,0,216,210,0,8
67,R,106,H R 1141,24-Mar-1999,1:18 PM,On Agreeing to the Amendment,None,Failed,6,210,0,5,71,134,2,4,0,1,0,0,77,345,2,9
68,R,106,H R 1141,24-Mar-1999,3:41 PM,On Agreeing to the Amendment,Emergency Supplemental Appropriations for FY 1999,Failed,2,217,0,2,198,11,0,2,1,0,0,0,201,228,0,4
69,R,106,H R 1141,24-Mar-1999,5:04 PM,On Agreeing to the Amendment,None,Failed,153,66,0,2,11,198,0,2,0,0,0,1,164,264,0,5
70,R,106,H R 1141,24-Mar-1999,5:50 PM,On Passage,Emergency Supplemental Appropriations for FY 1999,Passed,210,11,0,1,10,199,0,2,0,1,0,0,220,211,0,3
71,R,106,H RES 130,24-Mar-1999,7:24 PM,On Agreeing to the Resolution,Expressing support of the House of Representatives for the members of the U.S. Armed Forces engaged in military operations against the Federal Republic of Yugoslavia,Passed,215,0,0,7,208,1,0,2,1,0,0,0,424,1,0,9
72,R,106,H RES 131,25-Mar-1999,11:34 AM,On Ordering the Previous Question,"Providing for the consideration of H. Con. Res. 68, Congressional Budget for U.S. Government for FY 2000",Passed,219,0,0,3,5,202,0,4,0,1,0,0,224,203,0,7
73,R,106,H RES 131,25-Mar-1999,11:44 AM,On Agreeing to the Resolution,"Providing for the consideration of H. Con. Res. 68, Congressional Budget for U.S. Government for FY 2000",Passed,214,0,0,7,14,193,0,4,0,1,0,0,228,194,0,11
74,R,106,H CON RES 68,25-Mar-1999,4:35 PM,On Agreeing to the Amendment,None,Failed,0,220,0,1,2,205,1,3,0,1,0,0,2,426,1,4
75,R,106,H CON RES 68,25-Mar-1999,5:52 PM,On Agreeing to the Amendment,None,Failed,26,193,0,2,108,101,0,2,0,1,0,0,134,295,0,4
76,R,106,H CON RES 68,25-Mar-1999,6:53 PM,On Agreeing to the Amendment,None,Failed,0,216,0,5,173,33,0,5,0,1,0,0,173,250,0,10
77,R,106,H CON RES 68,25-Mar-1999,7:24 PM,On Agreeing to the Resolution,Congressional Budget for U.S. Government for FY 2000,Passed,217,2,0,3,4,205,0,2,0,1,0,0,221,208,0,5
78,R,106,H RES 135,12-Apr-1999,7:25 PM,On Motion to Suspend the Rules and Agree,"Agree to Senate Amendments with Amendment to H.R. 98, Aviation War Risk Insurance Program Extension",Passed,202,1,0,18,189,0,0,22,1,0,0,0,392,1,0,40
79,R,106,H R 911,12-Apr-1999,7:41 PM,"On Motion to Suspend the Rules and Pass, as Amended","To Designate the Federal Building located at 310 New Bern Avenue in Raleigh, North Carolina, as the “Terry Sanford Federal Building”.",Passed,205,0,0,16,188,0,0,23,1,0,0,0,394,0,0,39
80,R,106,H CON RES 68,12-Apr-1999,7:49 PM,On Motion to Instruct Conferees,Congressional Budget for U.S. Government for FY 2000,Passed,161,44,0,16,187,0,0,24,1,0,0,0,349,44,0,40
81,R,106,H R 46,13-Apr-1999,2:01 PM,On Motion to Suspend Rules and Pass,Public Safety Officer Medal of Valor Act of 1999,Passed,210,2,0,9,201,0,0,10,1,0,0,0,412,2,0,19
82,R,106,H CON RES 35,13-Apr-1999,2:13 PM,"On Motion to Suspend Rules and Agree, as Amended",Congratulating the State of Qatar and its Citizens for their Commitment to Democratic Ideals and Women’s Suffrage,Passed,217,0,0,4,200,0,0,11,1,0,0,0,418,0,0,15
83,R,106,JOURNAL,14-Apr-1999,10:21 AM,On Approving the Journal,None,Passed,191,15,0,15,151,38,1,21,1,0,0,0,343,53,1,36
84,R,106,H RES 137,14-Apr-1999,11:52 AM,On Agreeing to the Resolution,"Waiving Points of Order Against the Conference Report H. Con. Res 68, Congressional Budget for U.S.Government for FY 2000",Passed,218,0,0,3,3,204,0,4,0,1,0,0,221,205,0,7
85,R,106,H CON RES 68,14-Apr-1999,1:32 PM,On Agreeing to the Conference Report,Congressional Budget for U.S. Government for FY 2000,Passed,217,3,0,2,3,204,0,4,0,1,0,0,220,208,0,6
86,R,106,H RES 138,14-Apr-1999,3:02 PM,On Ordering the Previous Question,"Providing for the consideration of H.R. 472, Local Census Quality Control Act",Passed,219,0,0,2,1,206,0,4,0,1,0,0,220,207,0,6
87,R,106,H RES 138,14-Apr-1999,3:12 PM,On Agreeing to the Resolution,"Providing for the consideration of H.R. 472, Local Census Quality Control Act",Passed,217,0,0,4,2,204,0,5,0,1,0,0,219,205,0,9
88,R,106,H R 472,14-Apr-1999,6:09 PM,On Agreeing to the Amendment,None,Failed,1,220,0,1,200,6,0,5,1,0,0,0,202,226,0,6
89,R,106,H R 472,14-Apr-1999,6:28 PM,On Passage,Local Census Quality Control Act,Passed,219,1,0,2,4,204,0,3,0,1,0,0,223,206,0,5
90,R,106,H J RES 37,15-Apr-1999,3:28 PM,On Passage,Proposing an Amendment to the Constitution of the United States With Respect to Tax Limitations,Failed,203,17,0,2,26,181,0,4,0,1,0,0,229,199,0,6
91,R,106,H R 1376,15-Apr-1999,4:12 PM,On Passage,Availability of Certain Tax Benefits For Services As Part of Operation Allied Force,Passed,217,0,0,5,206,0,0,5,1,0,0,0,424,0,0,10
92,R,106,H R 573,20-Apr-1999,5:17 PM,"On Motion to Suspend the Rules and Pass, as Amended",To Authorize the President to Award a Gold Medal on Behalf of the Congress to Rosa Parks in Recognition of Her Contribution to the Nation,Passed,213,1,0,8,210,0,0,1,1,0,0,0,424,1,0,9
93,R,106,H RES 128,20-Apr-1999,5:27 PM,"On Motion to Suspend the Rules and Agree, as Amended",Condemning the Murder of Human Rights Lawyer Rosemary Nelson and Calling for the Protection of Defense Attorneys in Northern Ireland,Passed,211,2,0,8,209,0,0,2,1,0,0,0,421,2,0,10
94,R,106,H R 800,21-Apr-1999,12:07 PM,On Agreeing to the Conference Report,Education Flexibility Partnership Act,Passed,218,0,0,4,149,57,0,5,1,0,0,0,368,57,0,9
95,R,106,H R 1184,21-Apr-1999,1:15 PM,On Passage,Earthquake Hazards Reduction Authorization Act,Passed,206,3,0,12,207,0,0,4,1,0,0,0,414,3,0,16
96,R,106,H R 1141,22-Apr-1999,11:26 AM,On Motion to Instruct Conferees,Emergency Supplemental Appropriations for FY 1999,Passed,213,0,0,8,200,0,0,11,1,0,0,0,414,0,0,19
97,R,106,H R 1554,27-Apr-1999,4:35 PM,"On Motion to Suspend the Rules and Pass, as Amended","Satellite Copyright, Competition, and Consumer Protection Act",Passed,218,0,1,2,203,1,0,7,1,0,0,0,422,1,1,9
98,R,106,JOURNAL,28-Apr-1999,10:24 AM,On Approving the Journal,None,Passed,191,12,0,18,156,34,0,21,1,0,0,0,348,46,0,39
99,R,106,H RES 151,28-Apr-1999,12:20 PM,On Agreeing to the Resolution,Providing for Consideration of Certain Bills and Resolutions Concerning the Federal Republic of Yugoslavia,Passed,213,2,0,7,0,207,0,4,0,1,0,0,213,210,0,11
100,R,106,H R 1569,28-Apr-1999,3:21 PM,On Passage,Military Operations in the Federal Republic of Yugoslavia Limitation Act,Passed,203,16,0,3,45,164,0,2,1,0,0,0,249,180,0,5
101,R,106,H CON RES 82,28-Apr-1999,5:03 PM,On Agreeing to the Resolution,"Directing the President, pursuant to section 5(c) of the War Powers Resolution, to remove U.S. Armed Forces from their positions in connection with the present operations against the Federal Republic of Yugoslavia",Failed,127,92,0,2,12,197,0,2,0,1,0,0,139,290,0,4
102,R,106,H J RES 44,28-Apr-1999,6:37 PM,On Passage,Declaring a State of War Between the United States and the Government of the Federal Republic of Yugoslavia,Failed,1,219,0,2,1,207,0,3,0,1,0,0,2,427,0,5
103,R,106,S CON RES 21,28-Apr-1999,8:18 PM,On Agreeing to the Resolution,Authorizing the President of the United States to Conduct Military Air Operations and Missile Strikes Against the Federal Republic of Yugoslavia (Serbia and Montenegro),Failed,31,187,0,4,181,26,0,4,1,0,0,0,213,213,0,8
104,R,106,H R 1480,29-Apr-1999,12:19 PM,On Passage,Water Resources Development Act,Passed,212,5,0,5,205,0,0,6,1,0,0,0,418,5,0,11
105,R,106,H CON RES 84,4-May-1999,5:03 PM,"On Motion to Suspend Rules and Agree, as Amended",Urging the Congress and the President to Fully Fund the Federal Government’s Obligation Under the Individuals with Disabilities Education Act,Passed,209,1,0,11,203,1,1,6,1,0,0,0,413,2,1,17
106,R,106,H CON RES 88,4-May-1999,5:20 PM,On Motion to Suspend the Rules and Agree,Urging the Congress and the President to Increase Funding for the Pell Grant Program and Existing Campus-Based Aid Programs,Passed,207,2,0,12,189,11,4,7,1,0,0,0,397,13,4,19
107,R,106,H RES 157,4-May-1999,5:30 PM,On Motion to Suspend the Rules and Agree,Expressing the sense of the House of Representatives in support of America’s teachers.,Passed,204,1,0,16,203,0,0,8,1,0,0,0,408,1,0,24
108,R,106,JOURNAL,5-May-1999,10:52 AM,On Approving the Journal,None,Passed,192,11,0,18,167,30,0,14,0,0,0,1,359,41,0,33
109,R,106,H RES 158,5-May-1999,12:22 PM,On Ordering the Previous Question,"Providing for Consideration of the Bill H.R. 833, Bankruptcy Reform Act",Passed,214,0,0,7,13,189,0,9,0,1,0,0,227,190,0,16
110,R,106,H R 833,5-May-1999,4:45 PM,On Agreeing to the Amendment,None,Failed,26,192,0,3,157,46,0,8,1,0,0,0,184,238,0,11
111,R,106,H R 833,5-May-1999,4:54 PM,On Agreeing to the Amendment,None,Agreed to,198,17,0,6,174,30,0,7,1,0,0,0,373,47,0,13
112,R,106,H R 833,5-May-1999,5:04 PM,On Agreeing to the Amendment,None,Failed,3,213,0,5,139,65,0,7,1,0,0,0,143,278,0,12
113,R,106,H R 833,5-May-1999,5:15 PM,On Agreeing to the Amendment,None,Failed,30,188,0,3,161,42,0,8,1,0,0,0,192,230,0,11
114,R,106,H R 833,5-May-1999,6:37 PM,On Agreeing to the Amendment,None,Failed,0,216,0,5,148,56,0,7,1,0,0,0,149,272,0,12
115,R,106,H R 833,5-May-1999,7:07 PM,On Passage,Bankruptcy Reform Act of 1999,Passed,217,0,0,5,96,107,0,8,0,1,0,0,313,108,0,13
116,R,106,H RES 159,6-May-1999,11:34 AM,On Agreeing to the Resolution,Providing for consideration of H.R. 1664; Making emergency supplemental appropriations relating to the conflict in Kosovo,Passed,216,1,0,5,37,169,0,5,0,1,0,0,253,171,0,10
117,R,106,H R 1664,6-May-1999,3:06 PM,On Agreeing to the Amendment,None,Failed,97,120,0,4,4,201,0,6,0,1,0,0,101,322,0,10
118,R,106,H R 1664,6-May-1999,3:17 PM,On Agreeing to the Amendment,None,Failed,3,215,0,3,160,45,0,6,1,0,0,0,164,260,0,9
119,R,106,H R 1664,6-May-1999,7:03 PM,On Agreeing to the Amendment,None,Failed,97,116,0,9,19,185,0,7,1,0,0,0,117,301,0,16
120,R,106,H R 1664,6-May-1999,7:40 PM,On Passage,"Kosovo and Southwest Asia Supplemental Appropriations Act, 1999",Passed,174,38,0,10,137,66,0,8,0,1,0,0,311,105,0,18
121,R,106,H R 1550,11-May-1999,6:21 PM,"On Motion to Suspend Rules and Pass, as Amended",Fire Administration Authorization Act of 1999,Passed,212,3,0,6,204,0,0,7,1,0,0,0,417,3,0,13
122,R,106,H RES 165,11-May-1999,6:32 PM,On Motion to Suspend Rules and Agree,Honoring and Recognizing Slain Peace Officers,Passed,217,0,0,4,202,0,0,9,1,0,0,0,420,0,0,13
123,R,106,H RES 166,12-May-1999,11:47 AM,On Agreeing to the Resolution,Providing for consideration of H.R. 775; Year 2000 Readiness and Responsibility Act,Passed,216,0,0,5,20,187,0,4,0,1,0,0,236,188,0,9
124,R,106,H R 775,12-May-1999,2:22 PM,On Agreeing to the Amendment,None,Failed,11,207,0,3,180,28,0,3,1,0,0,0,192,235,0,6
125,R,106,H R 775,12-May-1999,2:30 PM,On Agreeing to the Amendment,None,Failed,7,209,0,5,172,35,0,4,1,0,0,0,180,244,0,9
126,R,106,H R 775,12-May-1999,4:10 PM,On Agreeing to the Amendment,None,Failed,7,212,0,3,182,24,0,5,1,0,0,0,190,236,0,8
127,R,106,H R 775,12-May-1999,4:43 PM,On Motion to Recommit with Instructions,Year 2000 Readiness and Responsibility Act,Failed,1,220,0,1,182,26,0,3,1,0,0,0,184,246,0,4
128,R,106,H R 775,12-May-1999,4:52 PM,On Passage,Year 2000 Readiness and Responsibility Act,Passed,208,9,0,5,28,180,0,3,0,1,0,0,236,190,0,8
129,R,106,H R 1555,13-May-1999,1:57 PM,On Agreeing to the Amendment,None,Failed,6,213,0,2,61,130,0,20,1,0,0,0,68,343,0,22
130,R,106,H R 1141,13-May-1999,3:25 PM,On Motion to Instruct Conferees,Emergency Supplemental Appropriations for FY 1999,Passed,201,17,1,2,179,29,0,3,1,0,0,0,381,46,1,5
131,R,106,H RES 173,18-May-1999,6:37 PM,On Agreeing to the Resolution,Waiving points of order against the conference report to accompany H.R. 1141; Emergency Supplemental Appropriations FY 1999,Passed,218,0,0,3,97,108,0,6,0,1,0,0,315,109,0,9
132,R,106,H R 1141,18-May-1999,8:14 PM,On Motion to Recommit the Conference Report,Emergency Supplemental Appropriations for FY 1999,Failed,13,207,0,1,168,36,0,7,1,0,0,0,182,243,0,8
133,R,106,H R 1141,18-May-1999,8:32 PM,On Agreeing to the Conference Report,Emergency Supplemental Appropriations for FY 1999,Passed,152,68,0,2,117,89,0,5,0,1,0,0,269,158,0,7
134,R,106,H R 1654,19-May-1999,3:34 PM,On Agreeing to the Amendment,None,Agreed to,29,191,0,1,195,12,0,4,1,0,0,0,225,203,0,5
135,R,106,H R 1654,19-May-1999,3:44 PM,On Agreeing to the Amendment,None,Failed,53,168,0,0,60,147,0,4,1,0,0,0,114,315,0,4
136,R,106,H R 1654,19-May-1999,3:54 PM,On Agreeing to the Amendment,None,Failed,95,126,0,0,22,186,0,3,0,1,0,0,117,313,0,3
137,R,106,H R 1654,19-May-1999,4:02 PM,On Agreeing to the Amendment,None,Failed,43,177,0,1,48,160,0,3,1,0,0,0,92,337,0,4
138,R,106,H R 1654,19-May-1999,4:36 PM,On Agreeing to the Amendment,None,Failed,65,154,0,2,74,132,0,5,1,0,0,0,140,286,0,7
139,R,106,H R 1654,19-May-1999,4:58 PM,On Passage,National Aeronautics and Space Administration Authorization Act of 1999,Passed,206,14,0,2,53,153,0,5,0,1,0,0,259,168,0,7
140,R,106,H RES 180,20-May-1999,11:11 AM,On Agreeing to the Resolution,Providing for consideration of H.R. 883; American Land Sovereignty Protection Act,Passed,214,0,0,7,26,177,0,8,0,1,0,0,240,178,0,15
141,R,106,H R 883,20-May-1999,1:34 PM,On Agreeing to the Amendment,None,Agreed to,63,153,0,5,198,5,0,8,1,0,0,0,262,158,0,13
142,R,106,H R 883,20-May-1999,1:44 PM,On Agreeing to the Amendment,None,Failed,7,209,0,5,183,22,0,6,1,0,0,0,191,231,0,11
143,R,106,H R 883,20-May-1999,1:52 PM,"on agreeing to the amendment, as amended",None,Agreed to,211,5,0,5,195,10,0,6,1,0,0,0,407,15,0,11
144,R,106,H R 4,20-May-1999,3:55 PM,On Agreeing to the Senate Amendment,National Missile Defense System,Passed,213,1,0,8,132,69,0,10,0,1,0,0,345,71,0,18
145,R,106,H R 1251,24-May-1999,6:22 PM,Suspend the rules and pass,Designating the Noal Cushing Bateman Post Office Building,Passed,198,0,0,23,164,0,0,47,0,0,0,1,362,0,0,71
146,R,106,H R 100,24-May-1999,6:30 PM,On Motion to Suspend the Rules and Pass,"To establish designations for United States Postal Service Buildings in Philadelphia, Pennsylvania",Passed,201,0,0,20,167,0,0,44,0,0,0,1,368,0,0,65
147,R,106,H RES 185,25-May-1999,1:01 PM,On Agreeing to the Resolution,"Providing for Consideration of H.R. 1906; Agriculture, Rural Development, Food and Drug Administration, and Related Agencies for FY 2000",Passed,208,4,0,9,193,6,0,12,1,0,0,0,402,10,0,21
148,R,106,S 249,25-May-1999,1:10 PM,"On Motion to Suspend the Rules and Pass, as Amended","Missing, Exploited, and Runaway Children Protection Act",Passed,213,1,0,7,200,0,0,11,1,0,0,0,414,1,0,18
149,R,106,H R 1833,25-May-1999,1:20 PM,"On Motion to Suspend Rules and Pass, as Amended","Trade Agency Authorizations, Drug Free Borders, and Prevention of On-Line Child Pornography Act of 1999",Passed,208,2,0,11,201,0,0,10,1,0,0,0,410,2,0,21
150,R,106,H RES 178,25-May-1999,1:29 PM,On Motion to Suspend Rules and Agree,Concerning the Tenth Anniversary of the Tiananmen Square Massacre,Passed,215,0,0,6,202,0,0,9,1,0,0,0,418,0,0,15
151,R,106,QUORUM,25-May-1999,3:15 PM,Call in Committee,None,Passed,0,0,213,8,0,0,185,26,0,0,1,0,0,0,399,34
152,R,106,H R 1906,25-May-1999,3:23 PM,On Agreeing to the Amendment,None,Failed,120,94,0,7,13,190,0,8,0,1,0,0,133,285,0,15
153,R,106,H R 1906,25-May-1999,3:58 PM,On Agreeing to the Amendment,None,Failed,132,81,0,8,14,185,0,12,0,1,0,0,146,267,0,20
154,R,106,H R 1906,25-May-1999,6:00 PM,On Agreeing to the Amendment,None,Agreed to,144,74,0,3,95,102,3,11,0,1,0,0,239,177,3,14
155,R,106,H R 1906,25-May-1999,8:39 PM,On Agreeing to the Amendment,None,Failed,107,107,0,7,36,166,0,9,0,1,0,0,143,274,0,16
156,R,106,H R 1906,25-May-1999,8:49 PM,On Agreeing to the Amendment,None,Failed,121,93,0,7,8,195,0,8,0,1,0,0,129,289,0,15
157,R,106,H R 1906,25-May-1999,8:58 PM,On Agreeing to the Amendment,None,Failed,104,110,0,7,35,167,0,9,0,1,0,0,139,278,0,16
158,R,106,H R 1906,26-May-1999,2:32 PM,On Agreeing to the Amendment,None,Failed,30,185,0,6,5,204,0,2,0,1,0,0,35,390,0,8
159,R,106,H R 1906,26-May-1999,2:41 PM,On Agreeing to the Amendment,None,Failed,85,128,0,8,8,201,0,2,0,1,0,0,93,330,0,10
160,R,106,H R 1906,26-May-1999,2:49 PM,On Agreeing to the Amendment,None,Failed,65,152,0,4,14,195,0,2,0,1,0,0,79,348,0,6
161,R,106,H R 1906,26-May-1999,2:57 PM,On Agreeing to the Amendment,None,Failed,85,131,0,5,34,176,0,1,0,1,0,0,119,308,0,6
162,R,106,H RES 186,26-May-1999,4:33 PM,On Agreeing to the Resolution,"Providing for the consideration of H.R. 1259, Social Security and Medicare Safe Deposit Box Act",Passed,218,0,0,4,5,204,0,2,0,1,0,0,223,205,0,6
163,R,106,H R 1259,26-May-1999,7:30 PM,On Motion to Recommit with Instructions,Social Security and Medicare Safe Deposit Box Act,Failed,1,217,0,3,203,5,0,3,1,0,0,0,205,222,0,6
164,R,106,H R 1259,26-May-1999,7:40 PM,On Passage,Social Security and Medicare Safe Deposit Box Act,Passed,217,1,0,4,198,11,0,2,1,0,0,0,416,12,0,6
165,R,106,S CON RES 35,26-May-1999,8:00 PM,On Agreeing to the Resolution,Adjournment of the two Houses,Passed,218,1,0,3,31,176,0,4,0,1,0,0,249,178,0,7
166,R,106,JOURNAL,27-May-1999,10:21 AM,On Approving the Journal,None,Passed,187,18,0,17,122,58,0,31,0,0,0,1,309,76,0,49
167,R,106,JOURNAL,7-Jun-1999,6:28 PM,On Approving the Journal,None,Passed,177,16,1,27,148,26,2,35,0,0,0,1,325,42,3,63
168,R,106,H R 435,7-Jun-1999,6:45 PM,Suspend the Rules and Agree to Senate Amendment,Miscellaneous Trade and Technical Corrections Act,Passed,194,1,0,26,181,0,0,30,0,0,0,1,375,1,0,57
169,R,106,H R 1915,7-Jun-1999,6:53 PM,On Motion to Suspend the Rules and Pass,To Provide Grants to the States to Improve the Reporting of Unidentified and Missing Persons,Passed,191,4,0,26,179,0,0,32,0,0,0,1,370,4,0,59
170,R,106,JOURNAL,8-Jun-1999,10:56 AM,On Approving the Journal,None,Passed,192,16,1,12,163,30,0,18,0,0,0,1,355,46,1,31
171,R,106,H R 150,8-Jun-1999,12:11 PM,On Passage,Education Land Grant Act,Passed,215,0,0,7,204,0,0,7,1,0,0,0,420,0,0,14
172,R,106,H R 1906,8-Jun-1999,1:58 PM,On Agreeing to the Amendment,None,Failed,63,153,0,6,129,77,0,5,1,0,0,0,193,230,0,11
173,R,106,H R 1906,8-Jun-1999,4:46 PM,On Agreeing to the Amendment,"Agriculture, Rural Development, Food and Drug Administration, and Related Agencies Appropriations, FY 2000",Agreed to,181,40,0,2,36,173,0,2,0,1,0,0,217,214,0,4
174,R,106,H R 1906,8-Jun-1999,5:55 PM,On Agreeing to the Amendment,None,Failed,55,163,0,4,17,191,0,3,0,1,0,0,72,355,0,7
175,R,106,H R 1906,8-Jun-1999,6:34 PM,On Agreeing to the Amendment,None,Agreed to,217,4,0,2,17,190,0,4,0,1,0,0,234,195,0,6
176,R,106,H R 1906,8-Jun-1999,7:07 PM,On Motion to Recommit with Instructions,"Agriculture, Rural Development, Food and Drug Administration, and Related Agencies Appropriations, FY 2000",Failed,0,218,0,5,206,2,0,3,1,0,0,0,207,220,0,8
177,R,106,H R 1906,8-Jun-1999,7:23 PM,On Passage,"Agriculture, Rural Development, Food and Drug Administration, and Related Agencies Appropriations, FY 2000",Passed,213,8,0,2,33,174,0,4,0,1,0,0,246,183,0,6
178,R,106,JOURNAL,9-Jun-1999,10:54 AM,On Approving the Journal,None,Passed,197,19,0,6,157,43,0,11,1,0,0,0,355,62,0,17
179,R,106,H RES 200,9-Jun-1999,12:25 PM,On Agreeing to the Resolution,Providing for consideration of H.R. 1401; National Defense Authorization Act for F.Y. 2000,Passed,221,0,0,2,133,74,0,4,0,1,0,0,354,75,0,6
180,R,106,H R 1401,9-Jun-1999,3:21 PM,On Agreeing to the Amendment,None,Agreed to,220,0,0,2,207,0,0,4,1,0,0,0,428,0,0,6
181,R,106,H R 1401,9-Jun-1999,5:41 PM,On Agreeing to the Amendment,None,Failed,152,65,0,5,7,200,0,4,0,1,0,0,159,266,0,9
182,R,106,H R 1401,9-Jun-1999,8:16 PM,On Agreeing to the Amendment,None,Agreed to,214,6,0,2,69,137,0,5,1,0,0,0,284,143,0,7
183,R,106,H R 1401,9-Jun-1999,8:24 PM,On Agreeing to the Amendment,None,Agreed to,212,6,0,4,15,191,0,5,0,1,0,0,227,198,0,9
184,R,106,H R 1401,9-Jun-1999,8:33 PM,On Agreeing to the Amendment,None,Failed,34,186,0,2,168,39,0,4,1,0,0,0,203,225,0,6
185,R,106,H R 1401,10-Jun-1999,11:44 AM,On Agreeing to the Amendment,None,Agreed to,218,0,0,4,206,0,0,5,1,0,0,0,425,0,0,9
186,R,106,H R 1401,10-Jun-1999,11:53 AM,On Agreeing to the Amendment,None,Agreed to,179,38,0,5,63,142,0,6,0,1,0,0,242,181,0,11
187,R,106,H R 1401,10-Jun-1999,2:43 PM,On Agreeing to the Amendment,None,Failed,91,128,0,3,6,199,0,6,0,1,0,0,97,328,0,9
188,R,106,H R 1401,10-Jun-1999,5:45 PM,On Agreeing to the Amendment,None,Agreed to,168,49,0,5,134,69,0,8,1,0,0,0,303,118,0,13
189,R,106,H R 1401,10-Jun-1999,6:09 PM,On Agreeing to the Amendment,None,Agreed to,77,142,0,4,192,13,0,6,1,0,0,0,270,155,0,10
190,R,106,H R 1401,10-Jun-1999,6:20 PM,On Agreeing to the Amendment,None,Failed,51,166,0,5,64,141,0,6,1,0,0,0,116,307,0,11
191,R,106,H R 1401,10-Jun-1999,6:38 PM,On Passage,National Defense Authorization Act for Fiscal Year 2000,Passed,214,4,0,5,151,53,0,7,0,1,0,0,365,58,0,12
192,R,106,ADJOURN,10-Jun-1999,6:59 PM,On Motion to Adjourn,None,Failed,0,210,0,12,103,92,1,15,1,0,0,0,104,302,1,27
193,R,106,ADJOURN,10-Jun-1999,7:21 PM,On Motion to Adjourn,None,Failed,1,202,0,19,95,96,1,19,0,0,0,1,96,298,1,39
194,R,106,H RES 190,10-Jun-1999,8:45 PM,On Ordering the Previous Question,Providing for the consideration of H.R. 1905; Legislative Appropriations for F.Y. 2000,Passed,209,0,0,13,4,197,0,10,0,1,0,0,213,198,0,23
195,R,106,MOTION,10-Jun-1999,8:53 PM,table motion to reconsider,None,Passed,212,0,0,11,6,193,0,12,0,1,0,0,218,194,0,23
196,R,106,H RES 190,10-Jun-1999,9:02 PM,On Agreeing to the Amendment,None,Agreed to,212,1,0,9,20,180,0,11,0,1,0,0,232,182,0,20
197,R,106,MOTION,10-Jun-1999,9:09 PM,table motion to reconsider,None,Passed,213,1,0,8,17,178,0,16,0,1,0,0,230,180,0,24
198,R,106,H RES 190,10-Jun-1999,9:16 PM,"On Agreeing to the Resolution, as amended",Providing for the consideration of H.R. 1905; Legislative Appropriations for F.Y. 2000,Passed,213,0,0,10,3,193,0,15,0,1,0,0,216,194,0,25
199,R,106,MOTION,10-Jun-1999,9:24 PM,table motion to reconsider,None,Passed,213,1,0,9,5,195,0,11,0,1,0,0,218,197,0,20
200,R,106,ADJOURN,10-Jun-1999,9:42 PM,On Motion to Adjourn,None,Failed,0,215,0,8,90,109,1,11,0,1,0,0,90,325,1,19
201,R,106,H R 1905,10-Jun-1999,10:08 PM,On Motion that the Committee Rise,Legislative Branch Approriations Act for FY 2000,Failed,0,202,0,21,129,61,1,20,1,0,0,0,130,263,1,41
202,R,106,H R 1905,10-Jun-1999,11:41 PM,On Motion to Recommit with Instructions,Legislative Branch Approriations Act for FY 2000,Failed,0,212,0,11,197,2,0,12,1,0,0,0,198,214,0,23
203,R,106,H R 1905,10-Jun-1999,11:58 PM,On Passage,Legislative Branch Approriations Act for FY 2000,Passed,206,6,0,11,8,190,0,13,0,1,0,0,214,197,0,24
204,R,106,H R 1400,14-Jun-1999,6:31 PM,"On Motion to Suspend the Rules and Pass, as Amended",Bond Price Competition Improvement Act of 1999,Passed,172,1,0,49,160,0,0,51,0,0,0,1,332,1,0,101
205,R,106,H RES 62,15-Jun-1999,12:28 PM,"Suspend Rules and Agree, as Amended",Expressing Concern Over Violence in Sierra Leone,Passed,212,1,1,8,201,0,0,10,1,0,0,0,414,1,1,18
206,R,106,H CON RES 75,15-Jun-1999,12:37 PM,"Suspend Rules and Agree, as Amended",Condemning the National Islamic Front (NIF) Government of Sudan,Passed,214,1,1,6,201,0,0,10,1,0,0,0,416,1,1,16
207,R,106,H R 1000,15-Jun-1999,5:27 PM,On Agreeing to the Amendment,None,Failed,111,108,0,3,68,139,0,4,0,1,0,0,179,248,0,7
208,R,106,H R 1000,15-Jun-1999,6:57 PM,On Agreeing to the Amendment,None,Failed,137,82,0,3,46,162,0,3,0,1,0,0,183,245,0,6
209,R,106,H R 1000,15-Jun-1999,8:28 PM,On Passage,Aviation Investment and Reform Act,Passed,146,71,0,6,169,39,0,3,1,0,0,0,316,110,0,9
210,R,106,H RES 209,16-Jun-1999,12:18 PM,On Agreeing to the Resolution,"Providing for consideration of H.R. 1501, Consequences for Juvenile Offenders Act, and H.R. 2122, Mandatory Gun Show Background Check Act",Passed,222,0,0,1,18,188,0,5,0,1,0,0,240,189,0,6
211,R,106,H R 1501,16-Jun-1999,3:42 PM,On Agreeing to the Amendment,None,Agreed to,186,34,0,2,63,146,0,2,0,1,0,0,249,181,0,4
212,R,106,H R 1501,16-Jun-1999,6:16 PM,On Agreeing to the Amendment,None,Agreed to,218,0,0,4,193,15,0,3,1,0,0,0,412,15,0,7
213,R,106,H R 1501,16-Jun-1999,6:24 PM,On Agreeing to the Amendment,None,Failed,127,92,0,3,19,189,0,3,0,1,0,0,146,282,0,6
214,R,106,H R 1501,16-Jun-1999,8:55 PM,On Agreeing to the Amendment,None,Agreed to,214,4,0,4,186,23,0,2,1,0,0,0,401,27,0,6
215,R,106,H R 1501,16-Jun-1999,9:03 PM,On Agreeing to the Amendment,None,Agreed to,215,4,0,3,81,128,0,2,0,1,0,0,296,133,0,5
216,R,106,H R 1501,16-Jun-1999,11:33 PM,On Agreeing to the Amendment,None,Agreed to,218,2,0,2,75,131,0,5,0,1,0,0,293,134,0,7
217,R,106,H R 1501,16-Jun-1999,11:40 PM,On Agreeing to the Amendment,None,Agreed to,218,2,0,2,205,1,0,5,1,0,0,0,424,3,0,7
218,R,106,H R 1501,16-Jun-1999,11:49 PM,On Agreeing to the Amendment,None,Failed,136,84,0,2,48,158,0,5,0,1,0,0,184,243,0,7
219,R,106,H R 1501,16-Jun-1999,11:57 PM,On Agreeing to the Amendment,None,Agreed to,214,6,0,2,86,120,0,5,0,1,0,0,300,127,0,7
220,R,106,H R 1501,17-Jun-1999,12:03 AM,On Agreeing to the Amendment,None,Agreed to,206,14,0,2,32,174,0,5,0,1,0,0,238,189,0,7
221,R,106,H R 1501,17-Jun-1999,11:58 AM,On Agreeing to the Amendment,None,Agreed to,203,15,0,4,45,164,0,2,0,1,0,0,248,180,0,6
222,R,106,H R 1501,17-Jun-1999,12:08 PM,On Agreeing to the Amendment,None,Agreed to,216,3,0,3,130,79,0,2,0,1,0,0,346,83,0,5
223,R,106,H R 1501,17-Jun-1999,12:17 PM,On Agreeing to the Amendment,None,Failed,174,43,0,5,36,172,0,3,0,1,0,0,210,216,0,8
224,R,106,H R 1501,17-Jun-1999,2:04 PM,On Agreeing to the Amendment,None,Failed,114,105,0,3,47,160,0,4,0,1,0,0,161,266,0,7
225,R,106,H R 1501,17-Jun-1999,2:13 PM,On Agreeing to the Amendment,None,Agreed to,212,6,0,4,204,3,0,4,1,0,0,0,417,9,0,8
226,R,106,H R 1501,17-Jun-1999,4:09 PM,On Agreeing to the Amendment,None,Agreed to,216,2,0,4,207,0,0,4,1,0,0,0,424,2,0,8
227,R,106,H R 1501,17-Jun-1999,5:40 PM,On Agreeing to the Amendment,None,Agreed to,208,10,0,4,92,117,0,2,0,1,0,0,300,128,0,6
228,R,106,H R 1501,17-Jun-1999,7:32 PM,On Agreeing to the Amendment,None,Agreed to,215,0,0,7,206,1,0,4,1,0,0,0,422,1,0,11
229,R,106,H R 1501,17-Jun-1999,7:42 PM,On Agreeing to the Amendment,None,Agreed to,200,17,0,5,100,108,0,3,0,1,0,0,300,126,0,8
230,R,106,H R 1501,17-Jun-1999,7:52 PM,On Agreeing to the Amendment,None,Agreed to,210,6,0,6,153,54,0,4,1,0,0,0,364,60,0,10
231,R,106,H R 1501,17-Jun-1999,8:13 PM,On Agreeing to the Amendment,None,Agreed to,207,7,0,8,147,61,0,3,1,0,0,0,355,68,0,11
232,R,106,H R 1501,17-Jun-1999,8:51 PM,On Motion to Recommit with Instructions,Consequences for Juvenile Offenders Act,Failed,1,215,0,6,189,18,0,4,1,0,0,0,191,233,0,10
233,R,106,H R 1501,17-Jun-1999,9:02 PM,On Passage,Consequences for Juvenile Offenders Act,Passed,206,11,0,6,81,127,0,3,0,1,0,0,287,139,0,9
234,R,106,H R 2122,18-Jun-1999,12:02 AM,On Agreeing to the Amendment,None,Agreed to,173,47,0,3,45,163,0,3,0,1,0,0,218,211,0,6
235,R,106,H R 2122,18-Jun-1999,1:23 AM,On Agreeing to the Amendment,None,Failed,33,186,0,3,159,49,0,3,1,0,0,0,193,235,0,6
236,R,106,H R 2122,18-Jun-1999,10:32 AM,On Agreeing to the Amendment,None,Agreed to,120,98,0,4,190,17,0,4,1,0,0,0,311,115,0,8
237,R,106,H R 2122,18-Jun-1999,10:41 AM,On Agreeing to the Amendment,None,Agreed to,205,12,0,5,166,41,0,4,1,0,0,0,372,53,0,9
238,R,106,H R 2122,18-Jun-1999,10:50 AM,On Agreeing to the Amendment,None,Agreed to,156,60,0,6,197,9,0,5,1,0,0,0,354,69,0,11
239,R,106,H R 2122,18-Jun-1999,12:26 PM,On Agreeing to the Amendment,None,Agreed to,179,40,0,3,68,140,0,3,0,1,0,0,247,181,0,6
240,R,106,H R 2122,18-Jun-1999,12:36 PM,On Agreeing to the Amendment,None,Failed,145,73,0,4,30,176,2,3,0,1,0,0,175,250,2,7
241,R,106,H R 2122,18-Jun-1999,12:44 PM,On Agreeing to the Amendment,None,Agreed to,174,41,1,6,39,166,2,4,0,1,0,0,213,208,3,10
242,R,106,H R 2122,18-Jun-1999,12:52 PM,On Agreeing to the Amendment,None,Agreed to,188,25,0,9,206,2,0,3,1,0,0,0,395,27,0,12
243,R,106,H R 2122,18-Jun-1999,2:02 PM,On Agreeing to the Amendment,None,Failed,25,193,0,4,158,49,0,4,1,0,0,0,184,242,0,8
244,R,106,H R 2122,18-Jun-1999,2:22 PM,On Passage,Mandatory Gun Show Background Check Act,Failed,137,82,0,4,10,197,0,4,0,1,0,0,147,280,0,8
245,R,106,H R 659,22-Jun-1999,5:36 PM,On Passage,Protect America’s Treasures of the Revolution for Independence for Our Tomorrow Act or the PATRIOT Act.,Passed,211,4,0,7,206,0,0,5,1,0,0,0,418,4,0,12
246,R,106,H R 1175,22-Jun-1999,5:47 PM,"On Motion to Suspend Rules and Pass, as Amended","To Locate and Secure the Return of Zachary Baumel, an American Citizen, and other Israeli Soldiers Missing in Action.",Passed,211,4,1,6,203,1,0,7,1,0,0,0,415,5,1,13
247,R,106,H RES 218,23-Jun-1999,11:13 AM,On Agreeing to the Resolution,Providing for the bill H.R. 2084; FY 2000 Appropriations Act,Passed,212,1,0,9,203,2,0,6,1,0,0,0,416,3,0,15
248,R,106,H R 2084,23-Jun-1999,2:30 PM,On Agreeing to the Amendment,None,Agreed to,84,136,0,2,204,5,0,2,1,0,0,0,289,141,0,4
249,R,106,H R 2084,23-Jun-1999,2:38 PM,On Agreeing to the Amendment,None,Agreed to,221,0,0,1,20,189,0,2,0,1,0,0,241,190,0,3
250,R,106,H R 2084,23-Jun-1999,3:03 PM,On Passage,Department of Transportation and Related Agencies Appropriations Act FY 2000,Passed,219,3,0,1,209,0,0,2,1,0,0,0,429,3,0,3
251,R,106,H J RES 33,24-Jun-1999,12:03 PM,On Agreeing to the Amendment,None,Failed,6,211,0,5,108,99,0,4,1,0,0,0,115,310,0,9
252,R,106,H J RES 33,24-Jun-1999,12:21 PM,On Passage,Constitutional Amendment to Prohibit the Physical Desecration of the United States Flag,Passed,210,10,0,2,95,113,0,3,0,1,0,0,305,124,0,5
253,R,106,H R 775,24-Jun-1999,1:43 PM,On Motion to Instruct Conferees,Year 2000 Readiness and Responsibility Act,Passed,217,0,0,5,208,0,0,3,1,0,0,0,426,0,0,8
254,R,106,H R 1658,24-Jun-1999,4:43 PM,On Agreeing to the Amendment,None,Failed,85,131,0,6,70,136,0,5,0,1,0,0,155,268,0,11
255,R,106,H R 1658,24-Jun-1999,5:05 PM,On Passage,Civil Asset Forfeiture Reform Act,Passed,191,26,0,5,183,22,0,6,1,0,0,0,375,48,0,11
256,R,106,H R 1802,25-Jun-1999,11:39 AM,On Passage,Foster Care Independence Act,Passed,194,6,0,22,185,0,0,26,1,0,0,0,380,6,0,48
257,R,106,H R 2280,29-Jun-1999,6:07 PM,"On Motion to Suspend the Rules and Pass, as Amended",Veterans Benefits Improvement Act of 1999,Passed,218,0,0,4,205,0,0,6,1,0,0,0,424,0,0,10
258,R,106,H RES 226,29-Jun-1999,6:15 PM,On Motion to Suspend the Rules and Agree,"Expressing the Sense of the House of Representatives Condemning the Acts of Arson at Three Sacramento, California Synagogues",Passed,216,0,1,5,208,0,0,3,1,0,0,0,425,0,1,8
259,R,106,H CON RES 94,29-Jun-1999,6:24 PM,On Motion to Suspend the Rules and Agree,Recognizing the Need for Reconciliation and Healing and Prayer,Failed,211,7,0,4,64,132,11,4,0,1,0,0,275,140,11,8
260,R,106,H R 1218,30-Jun-1999,1:47 PM,On Motion to Recommit with Instructions,Child Custody Protection Act,Failed,12,210,0,0,151,58,0,2,1,0,0,0,164,268,0,2
261,R,106,H R 1218,30-Jun-1999,1:55 PM,On Passage,Child Custody Protection Act,Passed,206,14,0,2,64,144,0,3,0,1,0,0,270,159,0,5
262,R,106,JOURNAL,1-Jul-1999,11:06 AM,On Approving the Journal,None,Passed,200,13,0,9,157,43,1,10,1,0,0,0,358,56,1,19
263,R,106,H RES 234,1-Jul-1999,11:41 AM,On Agreeing to the Resolution,Waiving points of order against the conference report to accompany H.R. 775; Year 2000 Readiness and Responsibility Act,Passed,217,0,0,5,205,1,0,5,1,0,0,0,423,1,0,10
264,R,106,H RES 235,1-Jul-1999,1:23 PM,On Agreeing to the Resolution,Providing for consideration of H.R. 10; Financial Services Act,Passed,221,0,0,2,6,202,0,3,0,1,0,0,227,203,0,5
265,R,106,H R 775,1-Jul-1999,2:42 PM,On Agreeing to the Conference Report,Year 2000 Readiness and Responsibility Act,Passed,219,2,0,2,185,21,0,5,0,1,0,0,404,24,0,7
266,R,106,S 1059,1-Jul-1999,4:16 PM,On Motion to Instruct Conferees,DOD Authorization for FY 2000,Passed,66,150,3,4,194,12,2,3,1,0,0,0,261,162,5,7
267,R,106,S 1059,1-Jul-1999,4:26 PM,On Closing Portions of the Conference,DOD Authorization for FY 2000,Passed,215,0,0,7,197,9,0,5,1,0,0,0,413,9,0,12
268,R,106,H R 10,1-Jul-1999,8:25 PM,On Agreeing to the Amendment,None,Agreed to,181,39,0,2,57,149,0,5,0,1,0,0,238,189,0,7
269,R,106,H R 10,1-Jul-1999,8:33 PM,On Agreeing to the Amendment,None,Failed,117,104,0,1,12,194,0,5,0,1,0,0,129,299,0,6
270,R,106,H R 10,1-Jul-1999,8:40 PM,On Agreeing to the Amendment,None,Failed,103,117,0,2,11,195,0,5,0,1,0,0,114,313,0,7
271,R,106,H R 10,1-Jul-1999,8:48 PM,On Agreeing to the Amendment,None,Agreed to,219,1,0,2,187,19,0,5,1,0,0,0,407,20,0,7
272,R,106,H R 10,1-Jul-1999,9:24 PM,On Motion that the Committee Rise,Financial Services Act,Failed,0,213,0,9,178,19,0,14,1,0,0,0,179,232,0,23
273,R,106,H R 10,1-Jul-1999,10:40 PM,On Agreeing to the Amendment,None,Agreed to,200,21,0,1,26,181,0,4,0,1,0,0,226,203,0,5
274,R,106,H R 10,1-Jul-1999,10:49 PM,On Agreeing to the Amendment,None,Agreed to,219,1,0,2,207,0,0,4,1,0,0,0,427,1,0,6
275,R,106,H R 10,1-Jul-1999,11:23 PM,On Motion to Recommit with Instructions,Financial Services Act,Failed,1,221,0,1,196,11,0,4,1,0,0,0,198,232,0,5
276,R,106,H R 10,1-Jul-1999,11:32 PM,On Passage,Financial Services Act,Passed,205,16,0,2,138,69,0,4,0,1,0,0,343,86,0,6
277,R,106,JOURNAL,12-Jul-1999,6:33 PM,On Approving the Journal,None,Passed,182,11,1,28,146,25,1,39,1,0,0,0,329,36,2,67
278,R,106,H CON RES 107,12-Jul-1999,6:40 PM,"Suspend the rules and agree, as amended",Expressing the Sense of Congress Concerning the sexual relationships between adults and children,Passed,192,0,0,30,162,0,13,36,1,0,0,0,355,0,13,66
279,R,106,H CON RES 117,12-Jul-1999,6:47 PM,"Suspend the rules and agree, as amended",Concerning United Nations General Assembly Resolution ES-10/6,Passed,194,1,0,27,170,4,0,37,1,0,0,0,365,5,0,64
280,R,106,H R 2465,13-Jul-1999,3:15 PM,On Passage,"Military Construction Appropriations Act, 2000",Passed,215,3,0,5,202,1,0,8,1,0,0,0,418,4,0,13
281,R,106,H R 2466,13-Jul-1999,7:13 PM,On Agreeing to the Amendment,None,Agreed to,55,157,0,10,157,45,0,9,1,0,0,0,213,202,0,19
282,R,106,H R 2466,13-Jul-1999,7:24 PM,On Agreeing to the Amendment,None,Agreed to,119,94,0,9,128,75,0,8,1,0,0,0,248,169,0,17
283,R,106,H R 2466,13-Jul-1999,7:33 PM,On Agreeing to the Amendment,None,Failed,118,96,0,8,13,190,0,8,0,1,0,0,131,287,0,16
284,R,106,H R 2466,14-Jul-1999,12:35 PM,On Agreeing to the Amendment,None,Agreed to,55,165,0,2,187,15,0,9,1,0,0,0,243,180,0,11
285,R,106,H R 2466,14-Jul-1999,12:44 PM,On Agreeing to the Amendment,None,Failed,25,195,0,2,172,30,0,9,1,0,0,0,198,225,0,11
286,R,106,H R 2466,14-Jul-1999,3:40 PM,On Agreeing to the Amendment,None,Failed,32,188,0,2,174,29,0,8,1,0,0,0,207,217,0,10
287,R,106,H R 2466,14-Jul-1999,3:51 PM,On Agreeing to the Amendment,None,Failed,118,101,0,3,6,198,0,7,0,1,0,0,124,300,0,10
288,R,106,H R 2466,14-Jul-1999,10:56 PM,On Agreeing to the Amendment,None,Agreed to,78,143,0,1,194,8,0,9,1,0,0,0,273,151,0,10
289,R,106,H R 2466,14-Jul-1999,11:05 PM,On Agreeing to the Amendment,None,Failed,169,48,0,5,36,168,0,7,0,1,0,0,205,217,0,12
290,R,106,H R 2466,14-Jul-1999,11:13 PM,On Agreeing to the Amendment,None,Agreed to,25,196,0,2,201,3,0,7,1,0,0,0,227,199,0,9
291,R,106,H R 2466,14-Jul-1999,11:20 PM,On Agreeing to the Amendment,None,Agreed to,89,131,0,2,169,35,0,7,1,0,0,0,259,166,0,9
292,R,106,H R 2466,14-Jul-1999,11:28 PM,On Agreeing to the Amendment,None,Failed,128,93,0,1,7,197,0,7,0,1,0,0,135,291,0,8
293,R,106,H R 2466,14-Jul-1999,11:35 PM,On Agreeing to the Amendment,None,Failed,25,195,0,2,148,55,0,8,1,0,0,0,174,250,0,10
294,R,106,H R 2466,14-Jul-1999,11:56 PM,On Agreeing to the Amendment,None,Agreed to,16,205,0,2,203,1,0,7,1,0,0,0,220,206,0,9
295,R,106,H R 2466,15-Jul-1999,12:09 AM,On Motion to Recommit with Instructions,"Department of the Interior and Related Agencies Appropriations Act, 2000",Failed,2,220,0,1,184,19,0,8,1,0,0,0,187,239,0,9
296,R,106,H R 2466,15-Jul-1999,12:15 AM,On Passage,"Department of the Interior and Related Agencies Appropriations Act, 2000",Passed,204,16,0,3,172,31,0,8,1,0,0,0,377,47,0,11
297,R,106,JOURNAL,15-Jul-1999,11:01 AM,On Approving the Journal,None,Passed,188,19,1,14,157,34,1,19,1,0,0,0,346,53,2,33
298,R,106,H R 1691,15-Jul-1999,2:25 PM,On Agreeing to the Amendment,None,Failed,15,204,0,3,174,30,0,7,1,0,0,0,190,234,0,10
299,R,106,H R 1691,15-Jul-1999,2:42 PM,On Passage,Religious Liberty Protection Act,Passed,199,20,0,3,107,97,0,7,0,1,0,0,306,118,0,10
300,R,106,H RES 246,15-Jul-1999,3:26 PM,On Ordering the Previous Question,"Providing for the consideration of H.R. 2490, Treasury and General Government Appropriations Act, FY 2000",Passed,142,78,0,3,134,68,0,9,0,1,0,0,276,147,0,12
301,R,106,H R 2490,15-Jul-1999,6:28 PM,On Agreeing to the Amendment,None,Failed,28,186,0,8,159,44,0,8,1,0,0,0,188,230,0,16
302,R,106,H R 2490,15-Jul-1999,8:49 PM,On Agreeing to the Amendment,None,Failed,64,149,0,9,17,185,0,9,1,0,0,0,82,334,0,18
303,R,106,H R 2490,15-Jul-1999,8:58 PM,On Agreeing to the Amendment,None,Agreed to,42,171,0,9,174,29,0,8,1,0,0,0,217,200,0,17
304,R,106,H R 2490,15-Jul-1999,11:13 PM,On Agreeing to the Amendment,None,Failed,147,68,0,7,44,160,0,7,1,0,0,0,192,228,0,14
305,R,106,H R 2490,15-Jul-1999,11:35 PM,On Passage,"Treasury and General Appropriations Act, FY 2000",Passed,202,13,0,8,8,195,0,8,0,1,0,0,210,209,0,16
306,R,106,H RES 250,16-Jul-1999,10:43 AM,On Agreeing to the Resolution,"Providing for the consideration of H.R. 434, African Growth and Opportunity Act",Passed,184,25,0,14,79,115,0,17,0,1,0,0,263,141,0,31
307,R,106,H R 434,16-Jul-1999,2:19 PM,On Passage,African Growth and Opportunity Act,Passed,136,63,0,24,98,99,0,13,0,1,0,0,234,163,0,37
308,R,106,H R 1033,19-Jul-1999,6:28 PM,Suspend Rules and Pass,Lewis and Clark Expedition Bicentennial Commemorative Coin Act,Passed,197,1,0,23,184,0,0,27,0,0,0,1,381,1,0,51
309,R,106,H CON RES 121,19-Jul-1999,6:36 PM,"Suspend Rules and Agree, as Amended",Expressing the Sense of the Congress Regarding the Victory of the United States in the Cold War and the Fall of the Berlin Wall,Passed,197,0,0,24,184,0,2,25,0,0,0,1,381,0,2,50
310,R,106,H R 1477,19-Jul-1999,6:43 PM,On Motion to Suspend Rules and Pass,Iran Nuclear Proliferation Prevention Act,Passed,197,0,0,24,186,1,0,24,0,0,0,1,383,1,0,49
311,R,106,H CON RES 158,20-Jul-1999,11:27 AM,On Motion to Suspend the Rules and Agree,Designating the Document Door of the United States Capitol as the “Memorial Door”.,Passed,217,0,0,5,199,0,0,12,1,0,0,0,417,0,0,17
312,R,106,H R 2415,20-Jul-1999,11:48 AM,On Agreeing to the Amendment,None,Agreed to,46,170,0,5,174,28,0,9,1,0,0,0,221,198,0,14
313,R,106,H R 2415,20-Jul-1999,11:59 AM,On Agreeing to the Amendment,None,Failed,153,61,1,6,27,175,0,9,0,1,0,0,180,237,1,15
314,R,106,H R 2415,20-Jul-1999,12:08 PM,On Agreeing to the Amendment,None,Failed,70,145,0,6,4,196,0,11,0,1,0,0,74,342,0,17
315,R,106,H RES 253,20-Jul-1999,1:34 PM,On Agreeing to the Resolution,Providing for consideration of H.R. 1995; Teacher Empowerment Act,Passed,216,0,0,5,11,186,0,14,0,1,0,0,227,187,0,19
316,R,106,H R 1995,20-Jul-1999,6:14 PM,On Agreeing to the Amendment,None,Agreed to,218,1,0,2,205,0,0,6,1,0,0,0,424,1,0,8
317,R,106,H R 1995,20-Jul-1999,6:24 PM,On Agreeing to the Amendment,None,Failed,0,217,0,4,180,25,0,6,1,0,0,0,181,242,0,10
318,R,106,H R 1995,20-Jul-1999,6:31 PM,On Agreeing to the Amendment,None,Agreed to,219,0,0,2,205,0,0,6,1,0,0,0,425,0,0,8
319,R,106,H R 1995,20-Jul-1999,6:39 PM,On Agreeing to the Amendment,None,Failed,3,215,0,3,203,2,0,6,1,0,0,0,207,217,0,9
320,R,106,H R 1995,20-Jul-1999,6:59 PM,On Passage,Teacher Empowerment Act,Passed,215,4,0,3,24,180,0,7,0,1,0,0,239,185,0,10
321,R,106,H R 2415,21-Jul-1999,12:37 PM,On Agreeing to the Amendment,None,Agreed to,217,0,0,4,87,120,0,4,1,0,0,0,305,120,0,8
322,R,106,H R 2415,21-Jul-1999,12:47 PM,On Agreeing to the Amendment,None,Failed,19,197,0,5,97,110,0,4,1,0,0,0,117,307,0,9
323,R,106,H R 2415,21-Jul-1999,12:56 PM,On Agreeing to the Amendment,None,Agreed to,214,2,0,5,203,1,0,7,1,0,0,0,418,3,0,12
324,R,106,H R 2415,21-Jul-1999,2:19 PM,On Agreeing to the Amendment,None,Failed,161,54,0,6,8,201,0,2,0,1,0,0,169,256,0,8
325,R,106,H R 2415,21-Jul-1999,2:27 PM,On Agreeing to the Amendment,None,Agreed to,214,1,0,6,72,135,0,4,1,0,0,0,287,136,0,10
326,R,106,H R 2415,21-Jul-1999,3:44 PM,On Agreeing to the Amendment,None,Failed,14,204,1,2,174,30,4,3,1,0,0,0,189,234,5,5
327,R,106,H R 2415,21-Jul-1999,3:54 PM,On Agreeing to the Amendment,None,Agreed to,218,0,0,3,208,0,0,3,1,0,0,0,427,0,0,6
328,R,106,H R 2415,21-Jul-1999,5:04 PM,On Agreeing to the Amendment,None,Agreed to,219,0,0,2,207,0,0,4,1,0,0,0,427,0,0,6
329,R,106,H R 2415,21-Jul-1999,5:14 PM,On Agreeing to the Amendment,None,Agreed to,216,0,0,5,207,0,0,4,1,0,0,0,424,0,0,9
330,R,106,H RES 256,22-Jul-1999,12:12 AM,"On Agreeing to the Resolution, as amended",Providing for consideration of H.R. 2488; Financial Freedom Act of 1999,Passed,219,2,0,1,0,205,0,6,0,1,0,0,219,208,0,7
331,R,106,H R 2488,22-Jul-1999,2:05 PM,On Agreeing to the Amendment,None,Failed,1,220,0,1,171,38,0,2,1,0,0,0,173,258,0,3
332,R,106,H R 2488,22-Jul-1999,2:38 PM,On Motion to Recommit with Instructions,Financial Freedom Act of 1999,Failed,1,220,0,1,209,0,0,2,1,0,0,0,211,220,0,3
333,R,106,H R 2488,22-Jul-1999,2:55 PM,On Passage,Financial Freedom Act of 1999,Passed,217,4,0,1,6,203,0,2,0,1,0,0,223,208,0,3
334,R,106,H R 2561,22-Jul-1999,5:26 PM,On Passage,Department of Defense Appropriations for F.Y. 2000,Passed,210,6,0,6,169,38,0,4,0,1,0,0,379,45,0,10
335,R,106,H R 1074,26-Jul-1999,6:25 PM,On Agreeing to the Amendment,None,Failed,20,186,0,15,171,31,0,9,1,0,0,0,192,217,0,24
336,R,106,H R 1074,26-Jul-1999,6:43 PM,On Passage,Regulatory Right-to-Know Act of 1999,Passed,202,6,0,13,52,150,0,9,0,1,0,0,254,157,0,22
337,R,106,JOURNAL,27-Jul-1999,10:51 AM,On Approving the Journal,None,Passed,188,19,1,13,163,34,0,14,1,0,0,0,352,53,1,27
338,R,106,H J RES 57,27-Jul-1999,3:10 PM,On Passage,Disapprove Normal Trade Relations with China,Failed,71,150,0,1,98,110,1,2,1,0,0,0,170,260,1,3
339,R,106,H RES 260,27-Jul-1999,4:40 PM,On Agreeing to the Resolution,"Providing for consideration of H.R. 2587; District of Columbia Appropriations Act, 2000",Passed,219,0,0,2,8,200,0,3,0,1,0,0,227,201,0,5
340,R,106,H R 2605,27-Jul-1999,8:22 PM,On Agreeing to the Amendment,None,Agreed to,218,0,0,3,207,1,0,3,1,0,0,0,426,1,0,6
341,R,106,H R 2605,27-Jul-1999,8:30 PM,On Agreeing to the Amendment,None,Failed,6,214,0,1,176,31,0,4,1,0,0,0,183,245,0,5
342,R,106,H R 2605,27-Jul-1999,8:48 PM,On Passage,"Energy and Water Appropriations Act, 2000",Passed,215,6,0,1,204,2,0,5,1,0,0,0,420,8,0,6
343,R,106,H R 2465,29-Jul-1999,11:19 AM,On Agreeing to the Conference Report,"Military Construction Appropriations Act, FY 2000",Passed,212,4,0,5,199,4,0,8,1,0,0,0,412,8,0,13
344,R,106,H R 2587,29-Jul-1999,3:07 PM,On Agreeing to the Amendment,None,Agreed to,201,18,0,3,40,168,0,3,0,1,0,0,241,187,0,6
345,R,106,H R 2587,29-Jul-1999,3:18 PM,On Agreeing to the Amendment,None,Failed,15,204,0,2,198,10,0,3,1,0,0,0,214,214,0,5
346,R,106,H R 2587,29-Jul-1999,3:26 PM,On Agreeing to the Amendment,None,Failed,183,36,0,2,30,178,0,3,0,1,0,0,213,215,0,5
347,R,106,H R 2587,29-Jul-1999,3:45 PM,On Passage,"District of Columbia Appropriations Act, 2000",Passed,176,41,0,5,156,51,0,4,1,0,0,0,333,92,0,9
348,R,106,H RES 263,29-Jul-1999,4:38 PM,On Agreeing to the Resolution,"Providing for consideration of H.R. 2606; Foreign Operations Appropriations Act, 2000",Passed,220,1,0,1,36,170,0,5,0,1,0,0,256,172,0,6
349,R,106,H R 2606,29-Jul-1999,6:42 PM,On Agreeing to the Amendment,None,Agreed to,189,31,0,2,39,168,0,4,0,1,0,0,228,200,0,6
350,R,106,H R 2606,29-Jul-1999,7:34 PM,On Agreeing to the Amendment,None,Agreed to,46,173,0,2,174,35,0,2,1,0,0,0,221,208,0,4
351,R,106,H R 2606,29-Jul-1999,11:54 PM,On Agreeing to the Amendment,None,Failed,6,212,0,3,7,201,0,3,0,1,0,0,13,414,0,6
352,R,106,H R 2606,30-Jul-1999,12:03 AM,On Agreeing to the Amendment,None,Agreed to,58,160,0,3,171,37,0,3,1,0,0,0,230,197,0,6
353,R,106,H R 2606,30-Jul-1999,12:11 AM,On Agreeing to the Amendment,None,Failed,162,55,0,4,25,181,0,5,0,1,0,0,187,237,0,9
354,R,106,H R 1501,30-Jul-1999,9:54 AM,On Motion to Instruct Conferees,Consequences for Juvenile Offenders Act,Passed,129,71,0,21,175,13,0,23,1,0,0,0,305,84,0,44
355,R,106,S 900,30-Jul-1999,2:12 PM,On Motion to Instruct Conferees,Financial Services Modernization Act,Passed,58,131,0,33,182,1,0,28,1,0,0,0,241,132,0,61
356,R,106,H R 2488,2-Aug-1999,6:55 PM,On Motion to Instruct Conferees,Financial Freedom Act of 1999,Failed,0,212,0,9,204,1,0,6,1,0,0,0,205,213,0,15
357,R,106,H R 747,2-Aug-1999,7:12 PM,On Motion to Suspend the Rules and Pass,Arizona Statehood and Enabling Act Amendments,Passed,211,0,0,10,204,0,0,7,1,0,0,0,416,0,0,17
358,R,106,H R 1219,2-Aug-1999,7:22 PM,"On Motion to Suspend the Rules and Pass, as Amended",Construction Industry Payment Protection Act,Passed,212,0,0,9,203,0,0,8,1,0,0,0,416,0,0,17
359,R,106,H R 2606,2-Aug-1999,8:28 PM,On Agreeing to the Amendment,None,Failed,68,146,0,7,34,169,0,8,1,0,0,0,103,315,0,15
360,R,106,H R 2606,3-Aug-1999,10:56 AM,On Agreeing to the Amendment,None,Failed,133,79,0,9,12,192,0,7,0,1,0,0,145,272,0,16
361,R,106,H R 2606,3-Aug-1999,11:03 AM,On Agreeing to the Amendment,None,Failed,50,165,0,6,7,195,0,9,1,0,0,0,58,360,0,15
362,R,106,H R 2606,3-Aug-1999,11:28 AM,On Passage,"Foreign Operations Appropriations Act, FY 2000",Passed,190,24,0,8,194,11,0,6,1,0,0,0,385,35,0,14
363,R,106,H R 2031,3-Aug-1999,3:13 PM,On Engrossment and Third Reading,Twenty-First Amendment Enforcement Act,Passed,194,24,0,3,130,75,0,6,1,0,0,0,325,99,0,9
364,R,106,H R 2031,3-Aug-1999,3:39 PM,On Passage,Twenty-First Amendment Enforcement Act,Passed,176,41,0,4,133,71,0,7,1,0,0,0,310,112,0,11
365,R,106,H J RES 58,3-Aug-1999,5:22 PM,On Passage,Disapproving the extension of the waiver authority contained in section 402(c) of the Trade Act of 1974 with respect to Vietnam.,Failed,95,123,0,3,34,174,0,3,1,0,0,0,130,297,0,6
366,R,106,H R 987,3-Aug-1999,9:21 PM,On Passage,Workplace Preservation Act,Passed,202,17,0,3,15,191,0,5,0,1,0,0,217,209,0,8
367,R,106,JOURNAL,4-Aug-1999,11:00 AM,On Approving the Journal,None,Passed,199,18,1,3,166,38,0,7,1,0,0,0,366,56,1,10
368,R,106,H R 1907,4-Aug-1999,11:11 AM,"On Motion to Suspend the Rules and Pass, as Amended",American Inventors Protection Act,Passed,206,8,0,7,170,34,0,7,0,1,0,0,376,43,0,14
369,R,106,H RES 273,4-Aug-1999,12:46 PM,On Agreeing to the Resolution,"Providing for consideration of H.R. 2670; Departments of Commerce, Justice, and State, the Judiciary, and Related Agencies Appropriations Act, FY 2000",Passed,217,1,0,4,4,203,0,4,0,1,0,0,221,205,0,8
370,R,106,H R 2670,4-Aug-1999,4:27 PM,On Agreeing to the Amendment,None,Agreed to,43,173,0,5,198,5,0,8,1,0,0,0,242,178,0,13
371,R,106,H R 2670,4-Aug-1999,7:45 PM,On Motion that the Committee Rise,"Departments of Commerce, Justice, and State, the Judiciary, and Related Agencies Appropriations Act, FY 2000",Failed,0,208,0,13,165,41,0,5,1,0,0,0,166,249,0,18
372,R,106,H R 2670,4-Aug-1999,8:38 PM,On Agreeing to the Amendment,None,Failed,18,200,0,3,145,63,0,3,1,0,0,0,164,263,0,6
373,R,106,H R 2670,4-Aug-1999,8:46 PM,On Agreeing to the Amendment,None,Failed,15,204,0,2,144,64,0,3,1,0,0,0,160,268,0,5
374,R,106,H R 2670,4-Aug-1999,8:55 PM,On Agreeing to the Amendment,None,Failed,95,124,0,2,76,132,0,3,0,1,0,0,171,257,0,5
375,R,106,H R 1664,4-Aug-1999,10:34 PM,On Agreeing to the Senate Amendments,"Kosovo and Southwest Asia Supplemental Appropriations Act, 1999",Passed,68,147,1,6,177,29,0,5,1,0,0,0,246,176,1,11
376,R,106,JOURNAL,5-Aug-1999,10:20 AM,On Approving the Journal,None,Passed,194,14,1,13,162,36,0,13,0,0,0,1,356,50,1,27
377,R,106,H RES 274,5-Aug-1999,11:54 AM,On Agreeing to the Resolution,Waiving points of order against the conference report to accompany H.R. 2488; Financial Freedom Act,Passed,220,0,0,2,4,202,0,5,0,1,0,0,224,203,0,7
378,R,106,H R 2488,5-Aug-1999,1:36 PM,On Motion to Recommit with Instructions,Financial Freedom Act of 1999,Failed,0,218,0,4,204,3,0,4,1,0,0,0,205,221,0,8
379,R,106,H R 2488,5-Aug-1999,1:47 PM,On Agreeing to the Conference Report,Financial Freedom Act of 1999,Passed,216,4,0,2,5,201,0,5,0,1,0,0,221,206,0,7
380,R,106,H R 2670,5-Aug-1999,4:03 PM,On Agreeing to the Amendment,None,Failed,15,205,0,2,190,16,0,5,1,0,0,0,206,221,0,7
381,R,106,H R 2670,5-Aug-1999,8:25 PM,On Agreeing to the Amendment,None,Failed,68,150,0,3,100,106,0,5,1,0,0,0,169,256,0,8
382,R,106,H R 2670,5-Aug-1999,8:34 PM,On Agreeing to the Amendment,None,Failed,20,199,0,2,190,16,0,5,1,0,0,0,211,215,0,7
383,R,106,H R 2670,5-Aug-1999,8:42 PM,On Agreeing to the Amendment,None,Agreed to,199,20,0,2,18,188,0,5,0,1,0,0,217,209,0,7
384,R,106,H R 2670,5-Aug-1999,8:49 PM,On Agreeing to the Amendment,None,Agreed to,212,7,0,2,162,41,0,8,0,1,0,0,374,49,0,10
385,R,106,H R 2670,5-Aug-1999,8:55 PM,On Agreeing to the Amendment,None,Failed,57,157,0,7,138,69,0,4,1,0,0,0,196,226,0,11
386,R,106,H R 2670,5-Aug-1999,9:25 PM,On Motion to Recommit with Instructions,"Departments of Commerce, Justice, and State, the Judiciary, and Related Agencies Appropriations Act, FY 2000",Failed,0,219,0,2,207,0,0,4,1,0,0,0,208,219,0,6
387,R,106,H R 2670,5-Aug-1999,9:42 PM,On Passage,"Departments of Commerce, Justice, and State, the Judiciary, and Related Agencies Appropriations Act, FY 2000",Passed,202,18,0,2,15,191,0,5,0,1,0,0,217,210,0,7
388,R,106,H RES 275,5-Aug-1999,11:18 PM,On Ordering the Previous Question,"Providing for consideration of H.R. 2684; V.A., HUD Appropriations for F.Y. 2000",Passed,217,0,0,4,0,207,0,4,0,1,0,0,217,208,0,8
389,R,106,H R 1905,5-Aug-1999,11:43 PM,On Agreeing to the Conference Report,Legislative Branch Appropriations Act for FY 2000,Passed,187,28,0,6,179,21,0,11,1,0,0,0,367,49,0,17
390,R,106,MOTION,8-Sep-1999,7:11 PM,Sustaining Ruling of the Chair,None,Passed,214,0,0,7,5,197,0,9,0,1,0,0,219,198,0,16
391,R,106,H R 2684,8-Sep-1999,7:19 PM,On Agreeing to the Amendment,None,Failed,130,83,0,8,57,148,0,6,0,1,0,0,187,232,0,14
392,R,106,H R 2684,8-Sep-1999,7:27 PM,On Agreeing to the Amendment,None,Failed,58,157,0,6,62,141,0,8,1,0,0,0,121,298,0,14
393,R,106,H R 2684,8-Sep-1999,7:36 PM,On Agreeing to the Amendment,None,Failed,27,188,0,6,126,79,0,6,1,0,0,0,154,267,0,12
394,R,106,H R 2684,8-Sep-1999,7:44 PM,On Agreeing to the Amendment,None,Agreed to,49,166,0,6,162,41,0,8,1,0,0,0,212,207,0,14
395,R,106,H R 2684,8-Sep-1999,7:52 PM,On Agreeing to the Amendment,None,Failed,151,64,0,6,34,170,0,7,0,1,0,0,185,235,0,13
396,R,106,H R 2684,8-Sep-1999,7:59 PM,On Agreeing to the Amendment,None,Failed,35,180,0,6,116,89,0,6,1,0,0,0,152,269,0,12
397,R,106,H RES 281,9-Sep-1999,11:58 AM,On Agreeing to the Resolution,Providing for consideration of a motion to suspend the rules,Passed,216,0,0,5,37,171,0,3,0,1,0,0,253,172,0,8
398,R,106,H CON RES 180,9-Sep-1999,1:14 PM,"On Motion to Suspend the Rules and Agree, as Amended",Expressing the sense of Congress that the President should not have granted clemency to terrorists,Passed,218,0,0,4,93,41,71,6,0,0,1,0,311,41,72,10
399,R,106,H R 2684,9-Sep-1999,4:09 PM,On Agreeing to the Amendment,None,Failed,56,159,0,6,13,194,0,4,0,1,0,0,69,354,0,10
400,R,106,H R 2684,9-Sep-1999,4:20 PM,On Agreeing to the Amendment,None,Failed,67,149,0,5,90,117,0,4,1,0,0,0,158,266,0,9
401,R,106,H R 2684,9-Sep-1999,6:11 PM,On Agreeing to the Amendment,None,Agreed to,196,17,0,8,169,37,0,5,1,0,0,0,366,54,0,13
402,R,106,H R 2684,9-Sep-1999,6:38 PM,On Motion to Recommit with Instructions,"Veterans Affairs and Housing and Urban Development and Independent Agencies Appropriations Act, 2000",Failed,0,213,0,9,206,2,0,3,1,0,0,0,207,215,0,12
403,R,106,H R 2684,9-Sep-1999,6:55 PM,On Passage,"Veterans Affairs and Housing and Urban Development and Independent Agencies Appropriations Act, 2000",Passed,196,18,0,8,39,168,0,4,0,1,0,0,235,187,0,12
404,R,106,H R 2587,9-Sep-1999,8:32 PM,On Agreeing to the Conference Report,"District of Columbia Appropriations Act, 2000",Passed,203,8,0,11,5,197,0,9,0,1,0,0,208,206,0,20
405,R,106,H R 2561,13-Sep-1999,6:27 PM,On Closing Portions of the Conference,Department of Defense Appropriations for F.Y. 2000,Passed,198,0,0,23,189,7,0,15,1,0,0,0,388,7,0,38
406,R,106,H R 658,13-Sep-1999,6:46 PM,"Suspend the rules and pass, as amended",Thomas Cole National Historic Site Act,Passed,197,6,0,18,198,0,0,13,1,0,0,0,396,6,0,31
407,R,106,H CON RES 184,13-Sep-1999,6:56 PM,Suspend the rules and agree,Expressing the Sense of Congress Regarding the Importance of Family Friendly Programming on Television,Passed,203,0,0,18,192,0,0,19,1,0,0,0,396,0,0,37
408,R,106,JOURNAL,14-Sep-1999,10:58 AM,On Approving the Journal,None,Passed,189,15,0,17,170,26,1,14,1,0,0,0,360,41,1,31
409,R,106,H R 1883,14-Sep-1999,12:50 PM,"On Motion to Suspend the Rules and Pass, as Amended",Iran Nonproliferation Act of 1999,Passed,213,0,0,8,205,0,0,6,1,0,0,0,419,0,0,14
410,R,106,H R 2606,14-Sep-1999,1:00 PM,On Motion to Instruct Conferees,"Foreign Operations Appropriations Act, FY 2000",Passed,211,0,0,10,207,0,0,4,1,0,0,0,419,0,0,14
411,R,106,H R 417,14-Sep-1999,5:39 PM,On Agreeing to the Amendment,None,Failed,125,91,0,5,2,208,0,1,0,1,0,0,127,300,0,6
412,R,106,H R 417,14-Sep-1999,5:47 PM,On Agreeing to the Amendment,None,Failed,122,93,0,6,1,208,0,2,0,1,0,0,123,302,0,8
413,R,106,H R 417,14-Sep-1999,5:56 PM,On Agreeing to the Amendment,None,Failed,174,42,0,5,15,195,0,1,0,1,0,0,189,238,0,6
414,R,106,H R 417,14-Sep-1999,6:05 PM,On Agreeing to the Amendment,None,Agreed to,188,26,0,7,54,154,0,3,0,1,0,0,242,181,0,10
415,R,106,H R 417,14-Sep-1999,7:22 PM,On Agreeing to the Amendment,None,Failed,166,51,0,4,13,196,0,2,0,1,0,0,179,248,0,6
416,R,106,H R 417,14-Sep-1999,7:31 PM,On Agreeing to the Amendment,None,Agreed to,215,2,0,4,46,164,0,1,0,1,0,0,261,167,0,5
417,R,106,H R 417,14-Sep-1999,7:41 PM,On Agreeing to the Amendment,None,Failed,155,62,0,4,5,205,0,1,0,1,0,0,160,268,0,5
418,R,106,H R 417,14-Sep-1999,7:48 PM,On Agreeing to the Amendment,None,Failed,159,56,0,6,8,202,0,1,0,1,0,0,167,259,0,7
419,R,106,H R 417,14-Sep-1999,9:04 PM,On Agreeing to the Amendment,None,Failed,115,100,0,6,2,205,0,4,0,1,0,0,117,306,0,10
420,R,106,H R 417,14-Sep-1999,10:19 PM,On Agreeing to the Amendment,None,Failed,93,123,0,5,6,203,0,2,0,1,0,0,99,327,0,7
421,R,106,H R 417,14-Sep-1999,11:30 PM,On Agreeing to the Amendment,None,Failed,168,50,0,4,5,205,0,1,0,1,0,0,173,256,0,5
422,R,106,H R 417,14-Sep-1999,11:47 PM,On Passage,Bipartisan Campaign Finance Reform Act,Passed,54,164,0,4,197,13,0,1,1,0,0,0,252,177,0,5
423,R,106,S 1059,15-Sep-1999,12:56 PM,On Motion to Recommit the Conference Report,DOD Authorization for FY 2000,Failed,5,211,0,5,133,70,0,8,1,0,0,0,139,281,0,13
424,R,106,S 1059,15-Sep-1999,1:07 PM,On Agreeing to the Conference Report,DOD Authorization for FY 2000,Passed,206,8,0,7,169,36,0,6,0,1,0,0,375,45,0,13
425,R,106,H R 2490,15-Sep-1999,4:12 PM,On Motion to Recommit the Conference Report,"Treasury and General Appropriations Act, FY 2000",Failed,32,183,0,6,29,175,0,7,0,1,0,0,61,359,0,13
426,R,106,H R 2490,15-Sep-1999,4:30 PM,On Agreeing to the Conference Report,"Treasury and General Appropriations Act, FY 2000",Passed,139,76,0,6,153,49,0,9,0,1,0,0,292,126,0,15
427,R,106,H R 2116,21-Sep-1999,6:36 PM,"On Motion to Suspend the Rules and Pass, as Amended",Veterans’ Millennium Health Care Act,Passed,201,13,0,7,168,32,0,11,0,1,0,0,369,46,0,18
428,R,106,H R 1431,21-Sep-1999,6:44 PM,"On Motion to Suspend the Rules and Pass, as Amended",Coastal Barrier Resources Reauthorization Act,Passed,202,11,0,8,107,94,1,9,0,1,0,0,309,106,1,17
429,R,106,H R 468,21-Sep-1999,6:51 PM,"On Motion to Suspend the Rules and Pass, as Amended",Saint Helena Island National Scenic Area Act,Passed,210,2,0,9,199,0,0,12,1,0,0,0,410,2,0,21
430,R,106,H R 1402,22-Sep-1999,1:31 PM,On Agreeing to the Amendment,None,Failed,52,162,0,7,50,160,0,1,0,1,0,0,102,323,0,8
431,R,106,H R 1402,22-Sep-1999,1:40 PM,On Agreeing to the Amendment,None,Failed,89,124,0,8,66,145,0,0,0,1,0,0,155,270,0,8
432,R,106,H R 1402,22-Sep-1999,4:09 PM,On Agreeing to the Amendment,None,Failed,57,157,0,7,55,155,0,1,0,1,0,0,112,313,0,8
433,R,106,H R 1402,22-Sep-1999,4:19 PM,On Agreeing to the Amendment,None,Failed,59,156,0,6,50,161,0,0,0,1,0,0,109,318,0,6
434,R,106,H R 1402,22-Sep-1999,4:27 PM,On Agreeing to the Amendment,None,Failed,61,155,0,5,52,159,0,0,0,1,0,0,113,315,0,5
435,R,106,H R 1402,22-Sep-1999,6:02 PM,On Agreeing to the Amendment,None,Failed,71,144,0,6,53,157,0,1,0,1,0,0,124,302,0,7
436,R,106,H R 1402,22-Sep-1999,6:23 PM,On Passage,Consolidation of Federal Milk Marketing Orders,Passed,148,68,0,5,136,72,0,3,1,0,0,0,285,140,0,8
437,R,106,H RES 295,23-Sep-1999,11:27 AM,On Agreeing to the Resolution,Providing for consideration of H.R. 1875; Interstate Class Action Jurisdiction Act,Passed,216,0,0,5,25,180,0,6,0,1,0,0,241,181,0,11
438,R,106,H R 1501,23-Sep-1999,11:37 AM,On Motion to Instruct Conferees,Consequences for Juvenile Offenders Act,Passed,130,85,0,6,174,32,0,5,1,0,0,0,305,117,0,11
439,R,106,H R 1875,23-Sep-1999,3:23 PM,On Agreeing to the Amendment,None,Failed,3,216,0,2,148,61,0,2,1,0,0,0,152,277,0,4
440,R,106,H R 1875,23-Sep-1999,3:31 PM,On Agreeing to the Amendment,None,Failed,6,212,0,3,155,54,0,2,1,0,0,0,162,266,0,5
441,R,106,H R 1875,23-Sep-1999,3:38 PM,On Agreeing to the Amendment,None,Failed,12,207,0,2,189,18,0,4,1,0,0,0,202,225,0,6
442,R,106,H R 1875,23-Sep-1999,3:46 PM,On Agreeing to the Amendment,None,Failed,0,217,0,4,184,24,0,3,1,0,0,0,185,241,0,7
443,R,106,H R 1875,23-Sep-1999,4:04 PM,On Passage,Interstate Class Action Jurisdiction Act,Passed,204,15,0,2,18,191,0,2,0,1,0,0,222,207,0,4
444,R,106,H R 1487,24-Sep-1999,12:49 PM,On Passage,National Monument NEPA Compliance Act,Passed,210,0,0,11,197,2,0,12,1,0,0,0,408,2,0,23
445,R,106,H R 1501,24-Sep-1999,12:58 PM,On Motion to Instruct Conferees,Consequences for Juvenile Offenders Act,Failed,32,177,0,12,157,41,0,13,1,0,0,0,190,218,0,25
446,R,106,H R 1501,24-Sep-1999,1:06 PM,On Motion to Instruct Conferees,Consequences for Juvenile Offenders Act,Passed,201,8,0,12,135,65,0,11,1,0,0,0,337,73,0,23
447,R,106,H R 1501,24-Sep-1999,1:15 PM,On Motion to Instruct Conferees,Consequences for Juvenile Offenders Act,Passed,79,129,0,13,161,38,0,12,1,0,0,0,241,167,0,25
448,R,106,H CON RES 187,27-Sep-1999,6:28 PM,"On Motion to Suspend the Rules and Agree, as Amended",Expressing the sense of Congress regarding the European Council noise rule affecting hush-kitted and re-engined aircraft.,Passed,207,2,0,12,194,0,0,17,1,0,0,0,402,2,0,29
449,R,106,H CON RES 140,27-Sep-1999,6:36 PM,"On Motion to Suspend the Rules and Agree, as Amended","Expressing the sense of the Congress that Haiti should conduct free, fair, transparent, and peaceful elections.",Passed,205,1,1,14,194,0,0,17,1,0,0,0,400,1,1,31
450,R,106,S 293,27-Sep-1999,6:44 PM,Suspend the rules and pass,"To Direct the Secretaries of Agriculture and Interior to Convey Certain Lands in San Juan County, New Mexico",Passed,208,1,0,12,197,0,0,14,1,0,0,0,406,1,0,26
451,R,106,H R 202,27-Sep-1999,6:52 PM,"Suspend the Rules and Pass, as amended",Preserving Affordable Housing for Senior Citizens into the 21st Century Act,Passed,205,5,0,11,199,0,0,12,1,0,0,0,405,5,0,23
452,R,106,H R 2605,27-Sep-1999,7:01 PM,On Agreeing to the Conference Report,"Energy and Water Appropriations Act, 2000",Passed,147,66,0,8,179,21,0,11,1,0,0,0,327,87,0,19
453,R,106,H J RES 68,28-Sep-1999,2:05 PM,On Passage,Continuing Resolution for Fiscal Year 2000,Passed,217,1,0,3,203,1,1,6,1,0,0,0,421,2,1,9
454,R,106,H RES 292,28-Sep-1999,2:25 PM,"Suspend the rules and agree, as amended",Expressing the sense of the House of Representatives regarding the referendum in East Timor,Passed,182,36,1,2,207,2,0,2,1,0,0,0,390,38,1,4
455,R,106,H RES 297,28-Sep-1999,2:33 PM,"Suspend the rules and agree, as amended","Expressing sympathy for the victims of the devastating earthquake that struck Taiwan on September 21, 1999",Passed,216,0,0,5,207,0,0,4,1,0,0,0,424,0,0,9
456,R,106,H RES 306,28-Sep-1999,2:42 PM,Suspend the rules and agree,Expressing the desire of the House of Representatives to not spend any of the budget surplus created by social security receipts and to continue to retire the public debt,Passed,216,0,1,4,200,2,5,4,1,0,0,0,417,2,6,8
457,R,106,H R 2506,28-Sep-1999,6:04 PM,On Passage,Health Research and Quality Act of 1999,Passed,208,7,0,6,208,0,0,3,1,0,0,0,417,7,0,9
458,R,106,H RES 308,29-Sep-1999,11:24 AM,On Agreeing to the Resolution,"Providing for the consideration of H.R. 2559, Agricultural Risk Protection Act",Passed,217,0,0,4,204,1,0,6,1,0,0,0,422,1,0,10
459,R,106,JOURNAL,29-Sep-1999,11:33 AM,On Approving the Journal,None,Passed,202,13,0,6,172,30,0,9,1,0,0,0,375,43,0,15
460,R,106,H RES 312,30-Sep-1999,11:14 AM,On Agreeing to the Resolution,Providing for consideration of H.R. 2910; National Transportation Safety Board Authorization,Passed,215,0,0,6,204,0,0,7,1,0,0,0,420,0,0,13
461,R,106,JOURNAL,30-Sep-1999,11:22 AM,On Approving the Journal,None,Passed,196,15,1,9,165,37,0,9,1,0,0,0,362,52,1,18
462,R,106,H R 2910,30-Sep-1999,12:23 PM,On Passage,National Transportation Safety Board Authorization,Passed,215,4,0,2,204,0,0,7,1,0,0,0,420,4,0,9
463,R,106,H R 2436,30-Sep-1999,5:05 PM,On Agreeing to the Amendment,None,Agreed to,206,13,0,2,63,144,0,4,0,1,0,0,269,158,0,6
464,R,106,H R 2436,30-Sep-1999,5:14 PM,On Agreeing to the Amendment,None,Failed,36,181,0,4,164,43,0,4,1,0,0,0,201,224,0,8
465,R,106,H R 2436,30-Sep-1999,5:34 PM,On Passage,Unborn Victims of Violence Act,Passed,198,21,0,2,56,150,0,5,0,1,0,0,254,172,0,7
466,R,106,H R 2084,1-Oct-1999,9:57 AM,On Agreeing to the Conference Report,Department of Transportation and Related Agencies Appropriations Act FY 2000,Passed,168,37,1,15,135,54,0,22,1,0,0,0,304,91,1,37
467,R,106,H RES 317,1-Oct-1999,11:22 AM,On Agreeing to the Resolution,"Waiving Points of Order Against the Conference Report on H.R. 1906, Agriculture and Related Agencies Appropriations for FY 2000",Passed,188,30,0,4,42,157,0,12,0,1,0,0,230,188,0,16
468,R,106,H R 1906,1-Oct-1999,12:57 PM,Motion to Recommit the Conference Report,"Agriculture, Rural Development, Food and Drug Administration, and Related Agencies Appropriations, FY 2000",Failed,21,196,0,4,165,32,0,14,1,0,0,0,187,228,0,18
469,R,106,H R 1906,1-Oct-1999,1:15 PM,On Agreeing to the Conference Report,"Agriculture, Rural Development, Food and Drug Administration, and Related Agencies Appropriations, FY 2000",Passed,154,63,0,4,86,111,0,14,0,1,0,0,240,175,0,18
470,R,106,H RES 181,4-Oct-1999,6:23 PM,On Motion to Suspend the Rules and Agree,Condemning the kidnapping and murder by the Revolutionary Armed Forces of Columbia (FARC) of 3 United States citizens.,Passed,213,0,0,8,199,0,0,12,1,0,0,0,413,0,0,20
471,R,106,H R 1451,4-Oct-1999,6:32 PM,"On Motion to Suspend the Rules and Pass, as Amended",Abraham Lincoln Bicentennial Commission Act,Passed,212,2,0,7,198,0,0,13,1,0,0,0,411,2,0,20
472,R,106,H R 2684,4-Oct-1999,6:41 PM,On Motion to Instruct Conferees,"Veterans Affairs and Housing and Urban Development and Independent Agencies Appropriations Act, 2000",Passed,110,107,0,4,195,6,0,10,1,0,0,0,306,113,0,14
473,R,106,H R 2466,4-Oct-1999,6:50 PM,On Motion to Instruct Conferees,"Department of the Interior and Related Agencies Appropriations Act, 2000",Passed,31,185,0,5,186,14,0,11,1,0,0,0,218,199,0,16
474,R,106,H R 1663,5-Oct-1999,12:55 PM,"Suspend the rules and pass, as amended",National Medal of Honor Memorial Act,Passed,217,0,0,4,206,0,0,5,1,0,0,0,424,0,0,9
475,R,106,H J RES 65,5-Oct-1999,1:03 PM,"Suspend the rules and pass, as amended",Commending Battle of the Bulge Veterans,Passed,216,0,0,5,205,0,0,6,1,0,0,0,422,0,0,11
476,R,106,H RES 322,5-Oct-1999,1:11 PM,Suspend the rules and agree,Expressing the sense of the House of Representatives in sympathy for the victims of Hurricane Floyd,Passed,211,0,1,9,205,0,0,6,1,0,0,0,417,0,1,15
477,R,106,H R 764,5-Oct-1999,4:58 PM,On Agreeing to the Amendment,None,Agreed to,220,0,0,2,203,0,0,8,1,0,0,0,424,0,0,10
478,R,106,H R 764,5-Oct-1999,5:06 PM,On Agreeing to the Amendment,None,Agreed to,183,31,0,7,205,1,0,5,1,0,0,0,389,32,0,12
479,R,106,H R 764,5-Oct-1999,5:25 PM,On Passage,Child Abuse Prevention and Enforcement Act,Passed,217,2,0,3,207,0,0,4,1,0,0,0,425,2,0,7
480,R,106,H R 2606,5-Oct-1999,7:00 PM,On Agreeing to the Conference Report,"Foreign Operations Appropriations Act, FY 2000",Passed,212,6,0,4,2,204,0,5,0,1,0,0,214,211,0,9
481,R,106,JOURNAL,6-Oct-1999,10:57 AM,On Approving the Journal,None,Passed,190,17,1,13,149,51,0,11,1,0,0,0,340,68,1,24
482,R,106,ADJOURN,6-Oct-1999,12:46 PM,On Motion to Adjourn,None,Failed,0,218,0,3,3,204,0,4,0,1,0,0,3,423,0,7
483,R,106,H RES 323,6-Oct-1999,2:04 PM,On Agreeing to the Resolution,Providing for consideration of H.R. 2990; Quality Care for the Uninsured Act of 1999,Passed,220,0,0,2,1,208,0,2,0,1,0,0,221,209,0,4
484,R,106,H R 2990,6-Oct-1999,5:07 PM,On Motion to Recommit with Instructions,Quality Care for the Uninsured Act of 1999,Failed,0,220,0,1,210,0,0,1,1,0,0,0,211,220,0,2
485,R,106,H R 2990,6-Oct-1999,5:24 PM,On Passage,Quality Care for the Uninsured Act of 1999,Passed,216,5,0,1,11,199,0,1,0,1,0,0,227,205,0,2
486,R,106,JOURNAL,7-Oct-1999,11:06 AM,On Approving the Journal,None,Passed,194,19,0,8,146,54,0,11,1,0,0,0,341,73,0,19
487,R,106,H R 2723,7-Oct-1999,12:46 PM,On Agreeing to the Amendment,None,Failed,143,76,0,3,2,207,0,2,0,1,0,0,145,284,0,5
488,R,106,H R 2723,7-Oct-1999,2:39 PM,On Agreeing to the Amendment,None,Failed,191,29,0,2,2,208,0,1,0,1,0,0,193,238,0,3
489,R,106,H R 2723,7-Oct-1999,4:22 PM,On Agreeing to the Amendment,None,Failed,158,61,0,3,2,207,0,2,0,1,0,0,160,269,0,5
490,R,106,H R 2723,7-Oct-1999,4:41 PM,On Passage,Bipartisan Consensus Managed Care Improvement Act,Passed,68,149,0,5,206,2,0,3,1,0,0,0,275,151,0,8
491,R,106,H RES 303,12-Oct-1999,7:45 PM,"On Motion to Suspend the Rules and Agree, as Amended",Expressing the sense of the House of Representatives urging that 95 percent of Federal education dollars be spent in the classroom.,Passed,219,0,0,2,201,5,0,5,1,0,0,0,421,5,0,7
492,R,106,S 800,12-Oct-1999,7:53 PM,On Motion to Suspend the Rules and Pass,Wireless Communications and Public Safety Act,Passed,216,2,0,3,207,0,0,4,1,0,0,0,424,2,0,7
493,R,106,H R 2130,12-Oct-1999,8:01 PM,"Suspend the rules and pass, as amended",Hillory J. Farias Date-Rape Prevention Drug Act,Passed,216,1,0,4,206,0,0,5,1,0,0,0,423,1,0,9
494,R,106,H R 2561,13-Oct-1999,11:46 AM,On Agreeing to the Conference Report,Department of Defense Appropriations for F.Y. 2000,Passed,214,7,0,1,158,47,0,6,0,1,0,0,372,55,0,7
495,R,106,H R 1993,13-Oct-1999,4:43 PM,On Agreeing to the Amendment,None,Agreed to,189,29,0,3,190,19,0,2,0,1,0,0,379,49,0,5
496,R,106,H R 1993,13-Oct-1999,4:52 PM,On Agreeing to the Amendment,None,Failed,76,141,0,4,27,182,0,2,1,0,0,0,104,323,0,6
497,R,106,H R 1993,13-Oct-1999,5:01 PM,On Agreeing to the Amendment,None,Agreed to,62,156,0,3,196,13,0,2,1,0,0,0,259,169,0,5
498,R,106,H R 1993,13-Oct-1999,5:11 PM,On Agreeing to the Amendment,None,Agreed to,54,162,0,5,198,11,0,2,1,0,0,0,253,173,0,7
499,R,106,H R 1993,13-Oct-1999,5:30 PM,On Passage,Export Enhancement Act of 1999,Passed,165,53,0,3,192,17,0,2,0,1,0,0,357,71,0,5
500,R,106,H R 2684,14-Oct-1999,12:23 PM,On Agreeing to the Conference Report,"Veterans Affairs and Housing and Urban Development and Independent Agencies Appropriations Act, 2000",Passed,204,14,0,4,201,4,0,6,1,0,0,0,406,18,0,10
501,R,106,H R 2679,14-Oct-1999,1:59 PM,On Passage,Motor Carrier Safety Act,Passed,210,5,0,6,204,0,0,7,1,0,0,0,415,5,0,13
502,R,106,H R 1501,14-Oct-1999,3:01 PM,On Motion to Instruct Conferees,Consequences for Juvenile Offenders Act,Failed,19,198,0,4,154,51,0,6,1,0,0,0,174,249,0,10
503,R,106,H RES 330,14-Oct-1999,4:25 PM,On Agreeing to the Resolution,"Providing for Consideration of H.R. 3064; District of Columbia Appropriations Act, 2000",Passed,216,0,0,5,1,201,0,9,0,1,0,0,217,202,0,14
504,R,106,H R 3064,14-Oct-1999,6:05 PM,On Passage,"District of Columbia Appropriations Act, 2000",Passed,203,10,0,9,8,195,0,8,0,0,0,1,211,205,0,18
505,R,106,JOURNAL,18-Oct-1999,7:10 PM,On Approving the Journal,None,Passed,193,15,1,12,163,34,0,14,1,0,0,0,357,49,1,26
506,R,106,H R 2140,18-Oct-1999,7:18 PM,"On Motion to Suspend the Rules and Pass, as Amended",Chattahoochee River National Recreation Area,Passed,199,7,0,15,194,2,0,15,1,0,0,0,394,9,0,30
507,R,106,H R 2886,18-Oct-1999,7:27 PM,On Motion to Suspend the Rules and Pass,Immigration and Nationality Act Amendments Concerning Adopted Alien Less than 18 Years of Age,Passed,208,0,0,13,195,0,0,16,1,0,0,0,404,0,0,29
508,R,106,H CON RES 196,18-Oct-1999,7:35 PM,On Motion to Suspend the Rules and Agree,Use of the Rotunda of the Capitol for the Presentation of the Congressioanl Gold Medal to President and Mrs. Gerald R. Ford,Passed,208,0,0,13,193,0,0,18,1,0,0,0,402,0,0,31
509,R,106,JOURNAL,19-Oct-1999,10:48 AM,On Approving the Journal,None,Passed,185,18,1,17,151,38,0,22,1,0,0,0,337,56,1,39
510,R,106,H J RES 71,19-Oct-1999,12:42 PM,On Passage,"Further Continuing Appropriations, FY 2000",Passed,216,1,0,5,204,1,0,6,1,0,0,0,421,2,0,11
511,R,106,H R 3085,19-Oct-1999,2:42 PM,"Suspend the rules and pass, as amended",Provide Discretionary Spending Offsets for FY 2000,Failed,0,216,0,5,0,202,5,4,0,1,0,0,0,419,5,9
512,R,106,H R 2488,19-Oct-1999,3:03 PM,Table Motion to Discharge Committee,Financial Freedom Act of 1999,Passed,213,0,0,8,2,202,0,7,0,1,0,0,215,203,0,15
513,R,106,H R 1180,19-Oct-1999,5:59 PM,"On Motion to Suspend the Rules and Pass, as Amended",Ticket to Work and Work Incentives Improvement Act,Passed,206,9,0,6,205,0,0,6,1,0,0,0,412,9,0,12
514,R,106,H R 1887,19-Oct-1999,6:08 PM,"On Motion to Suspend the Rules and Pass, as Amended",To Punish the Depiction of Animal Cruelty,Passed,177,35,0,9,194,7,0,10,1,0,0,0,372,42,0,19
515,R,106,JOURNAL,20-Oct-1999,11:08 AM,On Approving the Journal,None,Passed,186,18,1,16,163,39,0,9,0,0,0,1,349,57,1,26
516,R,106,H RES 335,20-Oct-1999,12:32 PM,On Ordering the Previous Question,"Waiving points of order against the conference report to accompany H.R. 2670; Commerce, State, Justice Appropriations for F.Y. 2000",Passed,218,0,0,3,3,203,0,5,0,1,0,0,221,204,0,8
517,R,106,H RES 335,20-Oct-1999,12:41 PM,On Agreeing to the Resolution,"Waiving points of order against the conference report to accompany H.R. 2670; Commerce, State, Justice Appropriations for F.Y. 2000",Passed,217,0,0,4,4,203,0,4,0,1,0,0,221,204,0,8
518,R,106,H R 2670,20-Oct-1999,2:18 PM,On Agreeing to the Conference Report,"Departments of Commerce, Justice, and State, the Judiciary, and Related Agencies Appropriations Act, FY 2000",Passed,202,17,0,3,13,195,0,3,0,1,0,0,215,213,0,6
519,R,106,H R 2,20-Oct-1999,7:21 PM,On Agreeing to the Amendment,None,Agreed to,105,110,0,6,205,1,0,5,1,0,0,0,311,111,0,11
520,R,106,JOURNAL,21-Oct-1999,11:01 AM,On Approving the Journal,None,Passed,192,19,0,10,160,43,0,8,0,0,0,1,352,62,0,19
521,R,106,H R 2,21-Oct-1999,12:11 PM,On Agreeing to the Amendment,None,Failed,163,52,0,6,3,204,0,4,0,1,0,0,166,257,0,10
522,R,106,H R 2,21-Oct-1999,2:51 PM,On Agreeing to the Amendment,None,Failed,9,208,0,4,198,7,0,6,1,0,0,0,208,215,0,10
523,R,106,H R 2,21-Oct-1999,3:00 PM,On Agreeing to the Amendment,None,Agreed to,39,178,0,4,203,3,0,5,1,0,0,0,243,181,0,9
524,R,106,H R 2,21-Oct-1999,3:09 PM,On Agreeing to the Amendment,None,Failed,151,66,0,4,2,204,0,5,0,1,0,0,153,271,0,9
525,R,106,H R 2,21-Oct-1999,3:17 PM,On Agreeing to the Amendment,None,Agreed to,158,58,0,5,201,4,0,6,1,0,0,0,360,62,0,11
526,R,106,H R 2,21-Oct-1999,3:42 PM,On Passage,Student Results Act,Passed,157,60,0,4,200,7,0,4,1,0,0,0,358,67,0,8
527,R,106,H RES 337,21-Oct-1999,5:18 PM,On Agreeing to the Resolution,Waiving points of order against the conference report to accompany H.R. 2466; Department of the Interior and Related Agencies Appropriations Act,Passed,216,1,0,4,12,194,0,5,0,1,0,0,228,196,0,9
528,R,106,H R 2466,21-Oct-1999,6:31 PM,On Agreeing to the Conference Report,"Department of the Interior and Related Agencies Appropriations Act, 2000",Passed,198,20,0,3,27,179,0,5,0,1,0,0,225,200,0,8
529,R,106,H RES 338,21-Oct-1999,7:22 PM,On Agreeing to the Resolution,Providing for consideration of H.R. 2300; Academic Achievement for All Act (Straight A’s Act),Passed,211,3,0,8,3,197,0,11,0,1,0,0,214,201,0,19
530,R,106,H R 2300,21-Oct-1999,10:14 PM,On Agreeing to the Amendment,None,Failed,3,212,0,6,179,23,0,9,1,0,0,0,183,235,0,15
531,R,106,H R 2300,21-Oct-1999,10:38 PM,On Motion to Recommit with Instructions,Academic Achievement for All Act (Straight A’s Act),Failed,0,215,0,7,200,2,0,9,1,0,0,0,201,217,0,16
532,R,106,H R 2300,21-Oct-1999,10:54 PM,On Passage,Academic Achievement for All Act (Straight A’s Act),Passed,208,9,0,5,5,198,0,8,0,1,0,0,213,208,0,13
533,R,106,JOURNAL,25-Oct-1999,6:30 PM,On Approving the Journal,None,Passed,187,14,1,19,153,35,0,23,1,0,0,0,341,49,1,42
534,R,106,H R 754,25-Oct-1999,6:38 PM,"Suspend the Rules and Pass, as Amended",Made in America Information Act,Passed,201,2,0,18,188,0,0,23,1,0,0,0,390,2,0,41
535,R,106,H R 2303,25-Oct-1999,6:48 PM,"Suspend the Rules and Pass, as Amended",History of the House Awareness and Preservation Act,Passed,200,6,0,15,187,1,0,23,1,0,0,0,388,7,0,38
536,R,106,H CON RES 194,25-Oct-1999,6:55 PM,On Motion to Suspend the Rules and Agree,Recognizing the contributions of 4-H Clubs and their members to voluntary community service.,Passed,203,0,0,18,187,0,0,24,1,0,0,0,391,0,0,42
537,R,106,H CON RES 190,26-Oct-1999,4:36 PM,"Suspend the Rules and Agree, as Amended","Urging the United States to seek a global consensus supporting a moratorium on tariffs and on special multiple, and discriminatory taxation of electronic commerce.",Passed,218,0,0,3,204,1,0,6,1,0,0,0,423,1,0,9
538,R,106,H CON RES 208,26-Oct-1999,4:47 PM,On Motion to Suspend the Rules and Agree,Expressing the sense of Congress that there should be no increase in Federal taxes in order to fund additional Government spending.,Passed,217,0,0,4,154,47,3,7,0,1,0,0,371,48,3,11
539,R,106,H CON RES 102,26-Oct-1999,4:56 PM,Suspend the rules and agree,Celebrating the 50th anniversary of the Geneva Conventions,Passed,218,0,0,3,204,0,0,7,1,0,0,0,423,0,0,10
540,R,106,H CON RES 188,26-Oct-1999,5:05 PM,Suspend the rules and agree,Commending Greece and Turkey for their Mutual and Swift Response to the Recent Earthquakes in both Countries,Passed,218,0,0,3,205,0,0,6,1,0,0,0,424,0,0,9
541,R,106,H R 1175,26-Oct-1999,5:16 PM,Suspend the Rules and Agree to Senate Amendments,"To Locate and Secure the Return of Zachary Baumel, an American Citizen, and other Israeli Soldiers Missing in Action.",Passed,216,0,0,5,204,0,0,7,1,0,0,0,421,0,0,12
542,R,106,H R 2260,27-Oct-1999,2:37 PM,On Agreeing to the Amendment,None,Failed,15,205,0,1,144,63,0,4,1,0,0,0,160,268,0,5
543,R,106,H R 2260,27-Oct-1999,2:49 PM,On Agreeing to the Amendment,None,Failed,28,191,0,2,159,48,0,4,1,0,0,0,188,239,0,6
544,R,106,H R 2260,27-Oct-1999,3:19 PM,On Passage,Pain Relief Promotion Act,Passed,200,20,0,1,71,135,0,5,0,1,0,0,271,156,0,6
545,R,106,JOURNAL,28-Oct-1999,11:09 AM,On Approving the Journal,None,Passed,198,16,1,6,172,33,0,6,0,0,0,1,370,49,1,13
546,R,106,H J RES 73,28-Oct-1999,12:51 PM,On Passage,Making further continuing appropriations for F.Y. 2000,Passed,218,1,0,2,205,1,0,5,1,0,0,0,424,2,0,7
547,R,106,H RES 345,28-Oct-1999,2:24 PM,On Agreeing to the Resolution,"Waiving points of order against the conference report to accompany H.R. 3064; District of Columbia Appropriations Act, 2000",Passed,219,1,0,2,2,204,0,5,0,1,0,0,221,206,0,7
548,R,106,H R 3064,28-Oct-1999,5:13 PM,On Motion to Recommit Conference Report,"District of Columbia Appropriations Act, 2000",Failed,3,218,0,1,8,198,1,4,0,1,0,0,11,417,1,5
549,R,106,H R 3064,28-Oct-1999,5:31 PM,On Agreeing to the Conference Report,"District of Columbia Appropriations Act, 2000",Passed,214,7,0,1,4,203,0,4,0,1,0,0,218,211,0,5
550,R,106,H R 348,1-Nov-1999,6:23 PM,On Motion to Suspend the Rules and Pass,To authorize the construction of a monument to honor those who have served the Nation’s civil defense and emergency management programs.,Passed,182,4,0,35,167,0,0,44,0,0,0,1,349,4,0,80
551,R,106,H R 2737,1-Nov-1999,6:31 PM,"Suspend the Rules and Pass, as Amended","Land Conveyance, Lewis and Clark National Historic Trail, Illinois",Passed,184,0,0,37,171,0,0,40,0,0,0,1,355,0,0,78
552,R,106,H R 1714,1-Nov-1999,6:40 PM,"Suspend the Rules and Pass, as Amended",Electronic Signatures in Global and National Commerce Act,Failed,183,3,0,35,51,119,0,41,0,0,0,1,234,122,0,77
553,R,106,H CON RES 213,2-Nov-1999,6:21 PM,On Motion to Suspend the Rules and Agree,"Encouraging the Secretary of Education, and State and Local Educational Agencies to Promote Financial Literacy Training",Passed,210,3,0,8,200,0,0,11,1,0,0,0,411,3,0,19
554,R,106,H RES 59,2-Nov-1999,6:31 PM,"On Motion to Suspend the Rules and Agree, as Amended",Expressing the sense of the House of Representatives that the United States remains committed to the North Atlantic Treaty Organization (NATO).,Passed,110,100,1,10,168,32,0,11,0,1,0,0,278,133,1,21
555,R,106,H R 3164,2-Nov-1999,6:42 PM,On Motion to Suspend the Rules and Pass,Foreign Narcotics Kingpin Designation Act,Passed,203,8,0,10,182,17,0,12,0,1,0,0,385,26,0,22
556,R,106,H RES 349,2-Nov-1999,6:49 PM,On Motion to Suspend the Rules and Agree,Expressing the sense of Congress that the President should transmit to Congress the President’s recommendations for emergency response actions to provide relief to the victims of Hurricane Floyd.,Passed,209,0,0,12,199,0,0,12,1,0,0,0,409,0,0,24
557,R,106,JOURNAL,3-Nov-1999,10:59 AM,On Approving the Journal,None,Passed,185,19,1,16,150,40,1,20,1,0,0,0,336,59,2,36
558,R,106,H R 2990,3-Nov-1999,12:36 PM,On Motion to Instruct Conferees,Quality Care for the Uninsured Act of 1999,Passed,52,165,0,4,204,2,0,5,1,0,0,0,257,167,0,9
559,R,106,H R 2389,3-Nov-1999,4:09 PM,On Agreeing to the Amendment,None,Failed,27,189,0,5,158,52,0,1,1,0,0,0,186,241,0,6
560,R,106,H R 2389,3-Nov-1999,4:27 PM,On Passage,County Schools Revitalization Act,Passed,187,29,0,5,87,123,0,1,0,1,0,0,274,153,0,6
561,R,106,H RES 353,3-Nov-1999,4:59 PM,On Agreeing to the Resolution,Providing for consideration of motions to suspend the rules.,Passed,215,1,0,5,7,198,1,5,0,1,0,0,222,200,1,10
562,R,106,H R 3194,3-Nov-1999,6:19 PM,On Passage,"District of Columbia Appropriations Act, 2000",Passed,210,8,0,4,6,201,0,4,0,1,0,0,216,210,0,8
563,R,106,JOURNAL,4-Nov-1999,11:03 AM,On Approving the Journal,None,Passed,187,22,0,12,158,43,0,10,1,0,0,0,346,65,0,22
564,R,106,H CON RES 214,4-Nov-1999,12:19 PM,"On Motion to Suspend the Rules and Agree, as Amended",Expressing the Sense of Congress that Direct Systematic Phonics Instruction Should be Used in All Schools,Failed,201,11,0,9,23,181,2,5,0,1,0,0,224,193,2,14
565,R,106,H J RES 75,4-Nov-1999,1:29 PM,On Passage,"Further Continuing Appropriations, FY 2000",Passed,214,2,0,5,202,4,0,5,1,0,0,0,417,6,0,10
566,R,106,MOTION,4-Nov-1999,2:03 PM,Table appeal from ruling of chair,None,Passed,216,0,0,5,2,203,0,6,0,1,0,0,218,204,0,11
567,R,106,MOTION,4-Nov-1999,2:32 PM,table appeal from ruling of the chair,None,Passed,213,0,0,8,3,200,0,8,0,1,0,0,216,201,0,16
568,R,106,MOTION,4-Nov-1999,3:10 PM,Table appeal from ruling of the chair,None,Passed,213,0,0,8,1,203,0,7,0,1,0,0,214,204,0,15
569,R,106,H RES 355,4-Nov-1999,9:25 PM,On Agreeing to the Resolution,Waiving points of order against the conference report to accompany S.900; Financial Services Modernization Act,Passed,210,0,0,12,125,78,0,8,0,1,0,0,335,79,0,20
570,R,106,S 900,4-Nov-1999,11:17 PM,On Agreeing to the Conference Report,Financial Services Modernization Act,Passed,207,5,0,10,155,51,0,5,0,1,0,0,362,57,0,15
571,R,106,H R 3196,5-Nov-1999,10:23 AM,On Agreeing to the Amendment,None,Agreed to,153,56,0,12,197,2,0,12,1,0,0,0,351,58,0,24
572,R,106,H R 3196,5-Nov-1999,10:41 AM,On Passage,"Foreign Operations Appropriations, FY 2000",Passed,127,84,0,10,188,16,0,7,1,0,0,0,316,100,0,17
573,R,106,H R 3075,5-Nov-1999,12:00 PM,"On Motion to Suspend the Rules and Pass, as Amended","Medicare, Medicaid, and SCHIP Balanced Budget Refinement Act",Passed,208,2,0,11,179,23,0,9,1,0,0,0,388,25,0,20
574,R,106,H RES 94,8-Nov-1999,6:23 PM,On Motion to Suspend the Rules and Agree,Recognizing the Generous Contribution Made by Each Living Person Who Has Donated a Kidney to Save a Life,Passed,193,0,0,28,188,0,0,23,1,0,0,0,382,0,0,51
575,R,106,H R 2904,8-Nov-1999,6:32 PM,"On Motion to Suspend the Rules and Pass, as Amended",Reauthorize Funding for the Office of Government Ethics,Passed,194,1,0,26,191,0,0,20,1,0,0,0,386,1,0,46
576,R,106,H RES 344,8-Nov-1999,6:40 PM,On Motion to Suspend the Rules and Agree,Recognizing and Honoring Payne Stewart and Extending Condolences to His Family and the Families of Those Who Died With Him,Passed,198,0,0,23,190,0,0,21,1,0,0,0,389,0,0,44
577,R,106,H R 1714,9-Nov-1999,2:39 PM,On Agreeing to the Amendment,None,Agreed to,212,1,0,8,205,1,0,5,1,0,0,0,418,2,0,13
578,R,106,H R 1714,9-Nov-1999,3:47 PM,On Agreeing to the Amendment,None,Failed,3,209,0,9,122,69,0,20,1,0,0,0,126,278,0,29
579,R,106,H R 1714,9-Nov-1999,5:20 PM,On Passage,Electronic Signatures in Global and National Commerce Act,Passed,213,2,0,6,143,63,0,5,0,1,0,0,356,66,0,11
580,R,106,H CON RES 223,9-Nov-1999,7:42 PM,Suspend the rules and agree,Expressing the sense of the Congress regarding Freedom Day,Passed,215,0,0,6,201,0,0,10,1,0,0,0,417,0,0,16
581,R,106,H R 1554,9-Nov-1999,7:52 PM,Suspend Rules Agree to Conference Report,"Satellite Copyright, Competition, and Consumer Protection Act",Passed,212,3,0,6,198,5,0,8,1,0,0,0,411,8,0,14
582,R,106,H RES 367,10-Nov-1999,11:54 AM,On Agreeing to the Resolution,Providing for consideration of H.R. 3073; Fathers Count Act of 1999,Passed,211,4,0,6,67,139,0,5,0,1,0,0,278,144,0,11
583,R,106,H R 3073,10-Nov-1999,3:33 PM,On Agreeing to the Amendment,None,Failed,2,212,0,7,169,41,0,1,1,0,0,0,172,253,0,8
584,R,106,H R 3073,10-Nov-1999,3:50 PM,On Agreeing to the Amendment,None,Failed,7,204,0,10,176,34,0,1,1,0,0,0,184,238,0,11
585,R,106,H R 3073,10-Nov-1999,4:22 PM,On Motion to Recommit with Instructions,Fathers Count Act of 1999,Failed,2,212,0,7,173,34,0,4,1,0,0,0,176,246,0,11
586,R,106,H R 3073,10-Nov-1999,4:31 PM,On Passage,Fathers Count Act of 1999,Passed,172,42,0,7,156,50,0,5,0,1,0,0,328,93,0,12
587,R,106,H R 3257,16-Nov-1999,2:08 PM,"Suspend the rules and pass, as amended",State Flexibility Clarification Act,Passed,202,0,0,19,198,0,0,13,1,0,0,0,401,0,0,32
588,R,106,H CON RES 222,16-Nov-1999,2:17 PM,Suspend the rules and agree,Condemning the assassination of Armenian Prime Minister Vazgen Sargsian and other officials of the Armenian Government,Passed,202,0,0,19,196,0,0,15,1,0,0,0,399,0,0,34
589,R,106,H CON RES 211,16-Nov-1999,2:26 PM,Suspend the rules and agree,Expressing the strong support of the Congress for the recently concluded elections in the Republic of India,Passed,200,2,0,19,195,2,0,14,1,0,0,0,396,4,0,33
590,R,106,H RES 374,16-Nov-1999,6:29 PM,On Agreeing to the Resolution,Providing for Consideration of Motions to Suspend the Rules,Passed,211,2,0,8,3,199,0,9,0,1,0,0,214,202,0,17
591,R,106,H RES 169,16-Nov-1999,6:40 PM,"Suspend the Rules and Agree, as Amended","Expressing the sense of the House of Representatives with respect to democracy, free elections, and human rights in the Lao People’s Democratic Republic.",Passed,209,1,0,11,202,0,0,9,1,0,0,0,412,1,0,20
592,R,106,H CON RES 165,16-Nov-1999,6:48 PM,On Motion to Suspend the Rules and Agree,Expressing United States policy toward the Slovak Republic,Passed,202,11,0,8,201,1,0,9,1,0,0,0,404,12,0,17
593,R,106,H CON RES 206,16-Nov-1999,6:57 PM,"Suspend the Rules and Agree, as Amended",Expressing grave concern regarding armed conflict in the North Caucasus region of the Russian Federation.,Passed,205,3,0,13,201,1,0,9,1,0,0,0,407,4,0,22
594,R,106,H RES 325,16-Nov-1999,7:05 PM,On Motion to Suspend the Rules and Agree,Expressing the sense of the House of Representatives regarding the importance of increased support and funding to combat diabetes.,Passed,212,0,0,9,201,0,0,10,1,0,0,0,414,0,0,19
595,R,106,H R 2336,16-Nov-1999,7:15 PM,"Suspend the rules and pass, as amended",United States Marshals Service Improvement Act of 1999,Failed,100,113,0,8,82,118,0,11,1,0,0,0,183,231,0,19
596,R,106,H J RES 80,17-Nov-1999,11:08 AM,On Passage,Making further continuing appropriations for FY 2000,Passed,207,7,0,8,195,1,0,15,1,0,0,0,403,8,0,23
597,R,106,S 440,17-Nov-1999,1:13 PM,Suspend the Rules and Pass,To provide support for certain institutes and schools.,Failed,50,164,0,7,77,127,0,7,1,0,0,0,128,291,0,14
598,R,106,ADJOURN,18-Nov-1999,10:28 AM,On Motion to Adjourn,None,Failed,6,196,0,19,8,178,0,25,0,1,0,0,14,375,0,44
599,R,106,H RES 385,18-Nov-1999,11:29 AM,On Ordering the Previous Question,Providing for consideration of H.J. Res 82; making further continuing appropriations for FY 2000,Passed,215,0,0,6,159,45,0,7,1,0,0,0,375,45,0,13
600,R,106,H RES 385,18-Nov-1999,11:39 AM,Table Motion to Reconsider,Providing for consideration of H.J. Res 82; making further continuing appropriations for FY 2000,Passed,208,6,0,7,107,95,0,9,1,0,0,0,316,101,0,16
601,R,106,H RES 385,18-Nov-1999,11:48 AM,On Agreeing to the Resolution,Providing for consideration of H.J. Res 82; making further continuing appropriations for FY 2000,Passed,207,5,0,9,144,58,0,9,1,0,0,0,352,63,0,18
602,R,106,MOTION,18-Nov-1999,11:57 AM,Table Motion to Reconsider,Providing for consideration of H.J. Res 82; making further continuing appropriations for FY 2000,Passed,206,6,0,9,87,117,0,7,1,0,0,0,294,123,0,16
603,R,106,ADJOURN,18-Nov-1999,12:13 PM,On Motion to Adjourn,None,Failed,6,210,0,5,19,184,0,8,0,1,0,0,25,395,0,13
604,R,106,ADJOURN,18-Nov-1999,12:33 PM,On Motion to Adjourn,None,Failed,5,201,0,15,19,176,0,16,0,1,0,0,24,378,0,31
605,R,106,ADJOURN,18-Nov-1999,1:04 PM,On Motion to Adjourn,None,Failed,6,202,0,13,18,176,0,18,0,1,0,0,24,379,0,31
606,R,106,H J RES 82,18-Nov-1999,1:59 PM,On Motion to Recommit,Making further continuing appropriations for F.Y. 2000,Failed,0,216,0,5,1,203,0,8,0,1,0,0,1,420,0,13
607,R,106,H J RES 82,18-Nov-1999,2:08 PM,On Passage,Making further continuing appropriations for F.Y. 2000,Passed,210,8,0,3,192,8,0,12,1,0,0,0,403,16,0,15
608,R,106,H RES 386,18-Nov-1999,3:43 PM,On Agreeing to the Resolution,"Waiving points of order against the conference report on H.R. 3194, D.C. Appropriations, FY 2000",Passed,208,12,0,1,18,191,0,3,0,1,0,0,226,204,0,4
609,R,106,H R 3194,18-Nov-1999,5:25 PM,On Motion to Recommit Conference Report,"District of Columbia Appropriations Act, 2000",Failed,4,217,0,1,207,2,0,3,1,0,0,0,212,219,0,4
610,R,106,H R 3194,18-Nov-1999,5:36 PM,On Agreeing to the Conference Report,"District of Columbia Appropriations Act, 2000",Passed,170,51,0,1,125,84,0,3,1,0,0,0,296,135,0,4
611,R,106,H R 1180,18-Nov-1999,7:03 PM,On Agreeing to the Conference Report,Ticket to Work and Work Incentives Improvement Act,Passed,212,0,0,10,205,2,0,5,1,0,0,0,418,2,0,15
