Roll Call,Majority,Congress Num,Legislation Number,Date,Time,Question,Description,Result,Republican Yes,Republican No,Republican Present,Republican Not Voting,Democrat Yes,Democrat No,Democrat Present,Democrat Not Voting,Independent Yes,Independent No,Independent Present,Independent Not Voting,Total Yes,Total No,Total Present,Total Not Voting
1,R,107,QUORUM,3-Jan-2001,12:36 PM,Call By States,None,Passed,0,0,219,2,0,0,208,3,0,0,2,0,0,0,429,5
2
3,R,107,H RES 5,3-Jan-2001,3:55 PM,On Motion to Commit,Adopting Rules for the One Hundred Seventh Congress,Failed,0,210,0,10,198,2,0,8,1,1,0,0,199,213,0,18
4,R,107,H RES 5,3-Jan-2001,4:15 PM,On Agreeing to the Resolution,Adopting Rules for the One Hundred Seventh Congress,Passed,213,0,0,7,1,205,0,2,1,1,0,0,215,206,0,9
5,R,107,H R 93,30-Jan-2001,6:41 PM,"On Motion to Supend the Rules and Pass, as Amended",Federal Firefighters Retirement Age Fairness Act,Passed,205,0,0,15,194,0,0,16,2,0,0,0,401,0,0,31
6,R,107,H CON RES 14,31-Jan-2001,11:55 AM,On Motion to Suspend the Rules and Agree,Permitting the Use of the Rotunda of the Capitol for a Ceremony as part of the Commemoration of the Days of Remembrance of Victims of the Holocaust,Passed,209,0,0,11,196,0,0,15,2,0,0,0,407,0,0,26
7,R,107,H CON RES 15,31-Jan-2001,12:05 PM,On Motion to Suspend the Rules and Agree,Expressing Sympathy for the Victims of the Devastating Earthquake that Struck India,Passed,208,1,0,11,196,0,0,15,2,0,0,0,406,1,0,26
8,R,107,JOURNAL,31-Jan-2001,12:15 PM,On Approving the Journal,None,Passed,200,4,0,16,181,15,0,15,1,0,0,1,382,19,0,32
9,R,107,H J RES 7,6-Feb-2001,6:27 PM,On Motion to Suspend the Rules and Pass,Recognizing the 90th birthday of Ronald Reagan,Passed,209,0,0,11,199,0,7,5,2,0,0,0,410,0,7,16
10,R,107,H RES 28,6-Feb-2001,6:39 PM,On Motion to Suspend the Rules and Agree,Honoring the contributions of Catholic schools,Passed,206,0,1,12,204,0,0,7,2,0,0,0,412,0,1,19
11,R,107,H R 132,7-Feb-2001,10:59 AM,On Motion to Suspend the Rules and Pass,"To designate the Goro Hokama Post Office Building in Lanai City, Hawaii",Passed,207,0,0,12,204,0,0,7,2,0,0,0,413,0,0,19
12,R,107,H RES 34,13-Feb-2001,6:23 PM,"On Motion to Suspend the Rules and Agree, as Amended","Congratulating the Prime Minister-elect of Israel, Airel Sharon, calling for an end to violence in the Middle East, reaffirming the friendship between the Governments of the United States and Israel",Passed,210,1,0,8,198,0,1,12,2,0,0,0,410,1,1,20
13,R,107,H R 2,13-Feb-2001,6:33 PM,"On Motion to Suspend the Rules and Pass, as Amended",Social Security and Medicare Lock-Box Act,Passed,211,0,0,8,194,2,4,11,2,0,0,0,407,2,4,19
14,R,107,H R 524,14-Feb-2001,12:42 PM,On Motion to Suspend the Rules and Pass,Electronic Commerce Enhancement Act,Passed,200,6,0,13,207,0,0,4,2,0,0,0,409,6,0,17
15,R,107,H R 554,14-Feb-2001,12:57 PM,On Passage,Rail Passenger Disaster Family Assistance Act,Passed,200,4,0,15,202,0,0,9,2,0,0,0,404,4,0,24
16,R,107,H CON RES 39,27-Feb-2001,5:27 PM,On Motion to Suspend the Rules and Agree,"Honoring the Ultimate Sacrifice Made by 28 U.S. Soldiers Killed by an Iraqi Missile Attack on February 25, 1991, During Operation Desert Storm",Passed,198,0,0,21,196,0,2,13,1,0,0,1,395,0,2,35
17,R,107,H R 256,28-Feb-2001,12:10 PM,On Motion to Suspend the Rules and Pass,Family Farmer Bankruptcy Relief Extension,Passed,205,2,0,12,201,0,0,10,2,0,0,0,408,2,0,22
18,R,107,H R 558,28-Feb-2001,12:20 PM,On Motion to Suspend the Rules and Pass,Edward N. Cahn Federal Building and United States Courthouse Designation,Passed,209,0,0,10,201,0,0,10,2,0,0,0,412,0,0,20
19,R,107,H R 621,28-Feb-2001,12:31 PM,On Motion to Suspend the Rules and Pass,James C. Corman Federal Building Designation,Passed,210,0,0,9,201,0,0,10,2,0,0,0,413,0,0,19
20,R,107,H CON RES 27,28-Feb-2001,12:38 PM,On Motion to Suspend the Rules and Agree,Honoring the National Institute of Standards and Technology and its Employees for 100 Years of Service to the Nation,Passed,209,1,0,9,202,0,0,9,2,0,0,0,413,1,0,18
21,R,107,H RES 54,28-Feb-2001,12:45 PM,On Motion to Suspend the Rules and Agree,Commending African American Pioneers in Colorado,Passed,207,0,0,12,202,0,0,9,2,0,0,0,411,0,0,21
22,R,107,H RES 71,1-Mar-2001,11:23 AM,On Agreeing to the Resolution,Providing for consideration of H.R. 333; Bankruptcy Abuse Prevention and Consumer Protection Act,Passed,212,1,0,6,68,130,0,13,1,1,0,0,281,132,0,19
23,R,107,H R 333,1-MAR-2001,2:15 PM,Jackson-Lee of Texas Amendment Number 6,None,Failed,1,211,0,7,158,46,0,7,1,1,0,0,160,258,0,14
24,R,107,H R 333,1-Mar-2001,2:49 PM,On Motion to Recommit with Instructions,Bankruptcy Abuse Prevention and Consumer Protection Act,Failed,4,209,0,6,160,43,0,8,1,1,0,0,165,253,0,14
25,R,107,H R 333,1-Mar-2001,2:57 PM,On Passage,Bankruptcy Abuse Prevention and Consumer Protection Act,Passed,212,0,0,7,93,107,0,11,1,1,0,0,306,108,0,18
26,R,107,H R 724,6-Mar-2001,6:28 PM,On Motion to Suspend the Rules and Pass,"To Authorize Appropriations to Carry Out Part B of Title I of the Energy Policy and Conservation Act, relating to the Strategic Petroleum Reserve",Passed,200,2,0,17,199,0,0,12,1,0,0,1,400,2,0,30
27,R,107,H R 727,6-Mar-2001,6:39 PM,On Motion to Suspend the Rules and Pass,To Amend the Consumer Product Safety Act to Provide that Low-Speed Electric Bicycles are Consumer Products Subject to Such Act,Passed,203,1,0,15,197,0,0,14,1,0,0,1,401,1,0,30
28,R,107,JOURNAL,7-Mar-2001,10:57 AM,On Approving the Journal,None,Passed,199,11,1,8,137,61,0,13,1,0,0,1,337,72,1,22
29,R,107,H RES 79,7-Mar-2001,12:32 PM,On Agreeing to the Resolution,Providing for consideration of S.J.Res. 6; Providing for Congressional Disapproval of the Rule Relating to Ergonomics,Passed,216,0,0,3,5,198,0,8,1,0,0,1,222,198,0,12
30,R,107,H CON RES 31,7-Mar-2001,2:04 PM,On Motion to Suspend the Rules and Agree,"Expressing the sense of the Congress regarding the importance of organ, tissue, bone marrow, and blood donation and supporting National Donor Day.",Passed,210,0,0,9,206,0,0,5,2,0,0,0,418,0,0,14
31,R,107,H R 624,7-Mar-2001,2:14 PM,"On Motion to Suspend the Rules and Pass, as Amended",Organ Donation Improvement Act,Passed,197,0,0,22,205,0,0,6,2,0,0,0,404,0,0,28
32,R,107,H CON RES 47,7-Mar-2001,2:32 PM,On Motion to Suspend the Rules and Agree,"Honoring the 21 members of the National Guard who were killed in the crash of a National Guard aircraft on March 3, 2001, in south-central Georgia.",Passed,207,0,0,12,204,0,0,7,2,0,0,0,413,0,0,19
33,R,107,S J RES 6,7-Mar-2001,7:26 PM,On Passage,"Providing for Congressional Disapproval of the Rule Submitted by the Department of Labor Under Chapter 8 of Title 5, United States Code, Relating to Ergonomics",Passed,206,13,0,1,16,192,0,3,1,1,0,0,223,206,0,4
34,R,107,JOURNAL,8-Mar-2001,10:41 AM,On Approving the Journal,None,Passed,206,4,1,8,23,175,0,13,1,1,0,0,230,180,1,21
35,R,107,ADJOURN,8-Mar-2001,10:59 AM,On Motion to Adjourn,None,Failed,1,210,0,8,172,30,0,9,1,1,0,0,174,241,0,17
36,R,107,ADJOURN,8-Mar-2001,12:31 PM,On Motion to Adjourn,None,Failed,0,213,0,6,170,37,0,4,1,1,0,0,171,251,0,10
37,R,107,H RES 83,8-Mar-2001,1:13 PM,On Ordering the Previous Question,Providing for consideration of H.R. 3; Economic Growth and Tax Relief Act of 2001,Passed,215,0,0,4,4,203,0,4,1,1,0,0,220,204,0,8
38,R,107,H RES 83,8-Mar-2001,1:24 PM,Table Motion to Reconsider,Providing for consideration of H.R. 3; Economic Growth and Tax Relief Act of 2001,Passed,214,0,0,5,2,204,0,5,1,1,0,0,217,205,0,10
39,R,107,H RES 83,8-Mar-2001,1:33 PM,On Agreeing to the Resolution,Providing for consideration of H.R. 3; Economic Growth and Tax Relief Act of 2001,Passed,216,0,0,3,3,203,0,5,1,1,0,0,220,204,0,8
40,R,107,H RES 83,8-Mar-2001,1:44 PM,Table Motion to Reconsider,Providing for consideration of H.R. 3; Economic Growth and Tax Relief Act of 2001,Passed,215,0,0,4,5,196,0,10,1,1,0,0,221,197,0,14
41,R,107,ADJOURN,8-Mar-2001,2:00 PM,On Motion to Adjourn,None,Failed,0,209,0,10,159,43,0,9,1,1,0,0,160,253,0,19
42,R,107,H R 3,8-Mar-2001,5:07 PM,Rangel of New York Substitute Amendment,None,Failed,0,219,0,1,154,53,0,4,1,1,0,0,155,273,0,5
43,R,107,H R 3,8-Mar-2001,5:16 PM,Table Motion to Reconsider,None,Agreed to,216,0,0,4,11,196,0,4,1,1,0,0,228,197,0,8
44,R,107,H R 3,8-Mar-2001,5:46 PM,On Motion to Recommit with Instructions,Economic Growth and Tax Relief Act of 2001,Failed,0,218,0,2,203,2,0,6,1,1,0,0,204,221,0,8
45,R,107,H R 3,8-Mar-2001,5:54 PM,On Passage,Economic Growth and Tax Relief Act of 2001,Passed,219,0,0,1,10,197,0,4,1,1,0,0,230,198,0,5
46,R,107,H R 834,13-Mar-2001,6:27 PM,On Motion to Suspend the Rules and Pass,National Trails System Willing Seller Act,Passed,209,3,0,7,198,0,0,13,2,0,0,0,409,3,0,20
47,R,107,H R 223,13-Mar-2001,6:36 PM,On Motion to Suspend the Rules and Pass,"To amend the Clear Creek County, Colorado, Public Lands Transfer Act",Passed,212,0,0,7,199,0,0,12,2,0,0,0,413,0,0,19
48,R,107,H R 725,14-Mar-2001,12:11 PM,"On Motion to Suspend the Rules and Pass, as Amended",Made in America Information Act,Passed,207,3,0,9,198,0,0,13,2,0,0,0,407,3,0,22
49,R,107,H R 861,14-Mar-2001,12:21 PM,On Motion to Suspend the Rules and Pass,"To Make Technical Amendments to Section 10 of Title 9, United States Code",Passed,211,0,0,8,200,0,0,11,2,0,0,0,413,0,0,19
50,R,107,H R 327,15-Mar-2001,11:35 AM,On Passage,Small Business Paperwork Relief Act,Passed,210,0,0,9,206,0,0,5,2,0,0,0,418,0,0,14
51,R,107,H RES 67,20-Mar-2001,6:26 PM,"On Motion to Suspend the Rules and Agree, as Amended","Recognizing the importance of combatting tuberculosis on a worldwide basis, and acknowledging the severe impact that TB has on minority population in the United States",Passed,209,1,0,9,195,0,0,16,1,1,0,0,405,2,0,25
52,R,107,H CON RES 41,20-Mar-2001,6:37 PM,On Motion to Suspend the Rules and Agree,"Expressing sympathy for the victims of the devastating earthquakes that struck El Salvador on January 13, 2001, and February 13, 2001, and supporting ongoing aid efforts",Passed,209,1,0,9,194,0,0,17,2,0,0,0,405,1,0,26
53,R,107,H CON RES 43,21-Mar-2001,11:51 AM,On Motion to Suspend the Rules and Agree,"Authorizing the Printing of a Revised and Updated Version of the House Document Entitled “Black Americans in Congress, 1870-1989”",Passed,208,1,0,10,204,0,0,7,2,0,0,0,414,1,0,17
54,R,107,H R 1042,21-Mar-2001,12:01 PM,"On Motion to Suspend the Rules and Pass, as Amended",To Prevent the Elimination of Certain Reports,Passed,208,1,0,10,204,1,0,6,2,0,0,0,414,2,0,16
55,R,107,H R 1098,21-Mar-2001,12:09 PM,On Motion to Suspend the Rules and Pass,Maritime Policy Improvement Act,Passed,209,2,0,8,204,1,0,6,2,0,0,0,415,3,0,14
56,R,107,ADJOURN,22-Mar-2001,11:03 AM,On Motion to Adjourn,None,Failed,0,210,0,9,71,125,0,15,0,1,0,1,71,336,0,25
57,R,107,H RES 93,22-Mar-2001,12:01 PM,On Agreeing to the Resolution,Providing for consideration of H.R. 247; Tornado Shelters Act,Passed,212,0,0,7,33,168,0,10,1,1,0,0,246,169,0,17
58,R,107,H R 1099,22-Mar-2001,12:12 PM,On Motion to Suspend the Rules and Pass,Coast Guard Personnel and Maritime Safety Act,Passed,212,0,0,7,201,0,0,10,2,0,0,0,415,0,0,17
59,R,107,H R 802,22-Mar-2001,12:21 PM,"On Motion to Suspend the Rules and Pass, as Amended",Public Safety Officer Medal of Valor Act,Passed,211,0,0,8,201,0,0,10,2,0,0,0,414,0,0,18
60,R,107,H R 247,22-Mar-2001,2:03 PM,Traficant of Ohio Amendment,None,Agreed to,201,0,0,18,193,0,0,18,2,0,0,0,396,0,0,36
61,R,107,H R 247,22-Mar-2001,2:20 PM,On Passage,Tornado Shelters Act,Passed,200,6,0,13,199,0,0,12,2,0,0,0,401,6,0,25
62,R,107,H RES 84,27-Mar-2001,6:40 PM,On Agreeing to the Resolution,Committee Funding Resolution,Passed,201,14,0,4,154,47,0,10,2,0,0,0,357,61,0,14
63,R,107,H R 801,27-Mar-2001,6:49 PM,"On Motion to Suspend the Rules and Pass, as Amended",Veterans Opportunities Act,Passed,214,0,0,5,201,0,0,10,2,0,0,0,417,0,0,15
64,R,107,H R 811,27-Mar-2001,6:59 PM,"On Motion to Suspend the Rules and Pass, as Amended",Veterans Hospital Emergency Repair Act,Passed,214,0,0,5,201,0,0,10,2,0,0,0,417,0,0,15
65,R,107,H RES 100,28-Mar-2001,10:30 AM,On Agreeing to the Resolution,Providing for consideration of H. Con. Res. 83; Congressional Budget for Fiscal Year 2002,Passed,211,1,0,7,70,128,0,13,1,1,0,0,282,130,0,20
66,R,107,H CON RES 83,28-Mar-2001,12:36 PM,Kucinich Substitute Amendment,Congressional Budget for Fiscal Year 2002,Failed,0,217,0,2,78,125,0,8,1,1,0,0,79,343,0,10
67,R,107,H CON RES 83,28-Mar-2001,1:47 PM,Stenholm Substitute Amendment,None,Failed,12,206,0,1,191,14,0,6,1,1,0,0,204,221,0,7
68,R,107,H CON RES 83,28-Mar-2001,3:00 PM,Flake Substitute Amendment,None,Failed,79,139,0,1,1,201,0,9,1,1,0,0,81,341,0,10
69,R,107,H CON RES 83,28-Mar-2001,4:29 PM,Spratt Substitute Amendment,None,Failed,0,219,0,0,182,23,0,6,1,1,0,0,183,243,0,6
70,R,107,H CON RES 83,28-Mar-2001,5:15 PM,On Agreeing to the Resolution,Congressional Budget for Fiscal Year 2002,Passed,218,2,0,0,3,202,0,6,1,1,0,0,222,205,0,6
71,R,107,H RES 104,29-Mar-2001,10:59 AM,On Agreeing to the Resolution,Providing for consideration of H.R. 6; Marriage Penalty and Family Tax Relief Act,Passed,213,0,0,6,35,170,0,6,1,1,0,0,249,171,0,12
72,R,107,JOURNAL,29-Mar-2001,11:09 AM,On Approving the Journal,None,Passed,199,10,0,10,153,52,0,6,2,0,0,0,354,62,0,16
73,R,107,H R 6,29-Mar-2001,1:49 PM,Rangel Substitute Amendment,None,Failed,0,218,0,1,195,12,0,4,1,1,0,0,196,231,0,5
74,R,107,H R 6,29-Mar-2001,2:25 PM,On Motion to Recommit with Instructions,Marriage Penalty and Family Tax Relief Act,Failed,0,216,0,3,183,23,0,5,1,1,0,0,184,240,0,8
75,R,107,H R 6,29-Mar-2001,2:38 PM,On Passage,Marriage Penalty and Family Tax Relief Act,Passed,217,0,0,3,64,143,0,4,1,1,0,0,282,144,0,7
76,R,107,H R 768,3-Apr-2001,6:24 PM,On Motion to Suspend the Rules and Pass,Need-Based Educational Aid Act,Passed,209,0,0,10,203,0,0,7,2,0,0,0,414,0,0,17
77,R,107,H RES 91,3-Apr-2001,6:35 PM,On Motion to Suspend the Rules and Agree,Expressing the sense of the House of Representatives regarding the human rights situation in Cuba,Passed,209,1,0,9,137,42,22,9,1,1,0,0,347,44,22,18
78,R,107,H RES 56,3-Apr-2001,6:44 PM,"On Motion to Suspend the Rules and Agree, as Amended",Urging the appropriate representative of the US to the UN Commission on Human Rights to introduce at the annual meeting of the Commission a resolution calling upon China to end its human rights violations in China and Tibet,Passed,209,2,1,7,195,4,5,6,2,0,0,0,406,6,6,13
79,R,107,H CON RES 66,4-Apr-2001,10:39 AM,On Motion to Suspend the Rules and Agree,"Authorizing the Printing of a Revised and Updated Version of the House Document Entitled “Women in Congress, 1917-1990”",Passed,212,1,0,6,200,0,0,10,2,0,0,0,414,1,0,16
80,R,107,H RES 111,4-Apr-2001,12:08 PM,On Agreeing to the Resolution,Providing for consideration of H.R. 8; Death Tax Elimination Act of 2001,Passed,217,0,0,2,194,12,0,4,2,0,0,0,413,12,0,6
81,R,107,H R 642,4-Apr-2001,12:21 PM,"On Motion to Suspend the Rules and Pass, as Amended",To reauthorize the Chesapeake Bay Office of the National Oceanic and Atmospheric Administration,Passed,200,13,0,6,204,0,0,6,2,0,0,0,406,13,0,12
82,R,107,H R 8,4-Apr-2001,3:08 PM,Rangel Substitute Amendment,None,Failed,3,215,0,1,197,11,0,2,1,1,0,0,201,227,0,3
83,R,107,H R 8,4-Apr-2001,3:40 PM,On Motion to Recommit with Instructions,Death Tax Elimination Act of 2001,Failed,0,218,0,1,191,16,0,3,1,1,0,0,192,235,0,4
84,R,107,H R 8,4-Apr-2001,3:48 PM,On Passage,Death Tax Elimination Act of 2001,Passed,215,3,0,1,58,150,0,2,1,1,0,0,274,154,0,3
85,R,107,H CON RES 83,24-Apr-2001,6:35 PM,On Motion to Instruct Conferees,Congressional Budget for Fiscal Year 2002,Failed,3,204,0,12,196,2,0,12,1,1,0,0,200,207,0,24
86,R,107,H R 428,24-Apr-2001,6:45 PM,"On Motion to Suspend the Rules and Pass, as Amended",Concerning the participation of Taiwan in the World Health Organization,Passed,208,0,0,11,197,0,0,13,2,0,0,0,407,0,0,24
87,R,107,H J RES 41,25-Apr-2001,1:22 PM,On Passage,Proposing an amendment to the Constitution of the United States with respect to tax limitations,Failed,204,11,0,5,27,177,0,6,1,1,0,0,232,189,0,11
88,R,107,H R 503,26-Apr-2001,2:27 PM,Lofgren Substitute Amendment,None,Failed,27,191,0,1,168,37,0,5,1,1,0,0,196,229,0,6
89,R,107,H R 503,26-Apr-2001,2:47 PM,On Passage,Unborn Victims of Violence Act,Passed,198,21,0,1,53,150,1,6,1,1,0,0,252,172,1,7
90,R,107,H CON RES 91,1-May-2001,6:25 PM,On Motion to Suspend the Rules and Agree,"Recognizing the importance of increasing awareness of the autism spectrum disorder, and supporting programs for greater research and improved treatment of autism",Passed,214,1,0,4,202,0,0,8,2,0,0,0,418,1,0,12
91,R,107,H CON RES 95,1-May-2001,6:35 PM,"On Motion to Suspend the Rules and Agree, as Amended",Supporting a National Charter Schools Week,Passed,215,0,0,4,187,6,7,10,2,0,0,0,404,6,7,14
92,R,107,H RES 127,2-May-2001,11:39 AM,On Agreeing to the Resolution,"Providing for the Consideration of H.R. 10, Comprehensive Retirement Security and Pension Reform Act",Passed,217,0,0,2,186,23,0,1,1,1,0,0,404,24,0,3
93,R,107,JOURNAL,2-May-2001,11:51 AM,On Approving the Journal,None,Passed,204,11,1,3,171,36,0,3,2,0,0,0,377,47,1,6
94,R,107,H R 10,2-May-2001,3:06 PM,On Agreeing to the Amendment,None,Failed,0,219,0,0,207,2,0,1,0,2,0,0,207,223,0,1
95,R,107,H R 10,2-May-2001,3:46 PM,On Motion to Recommit with Instructions,Comprehensive Retirement Security and Pension Reform Act,Failed,1,217,0,1,151,58,0,1,1,1,0,0,153,276,0,2
96,R,107,H R 10,2-May-2001,4:02 PM,On Passage,Comprehensive Retirement Security and Pension Reform Act,Passed,219,1,0,0,187,22,0,1,1,1,0,0,407,24,0,1
97,R,107,ADJOURN,3-May-2001,10:28 AM,On Motion to Adjourn,None,Failed,0,204,0,15,156,45,0,9,1,1,0,0,157,250,0,24
98,R,107,ADJOURN,3-May-2001,11:56 PM,On Motion to Adjourn,None,Failed,1,207,0,12,169,31,0,10,1,1,0,0,171,239,0,22
99,R,107,JOURNAL,4-May-2001,12:08 AM,On Approving the Journal,None,Passed,191,15,0,13,106,92,0,12,2,0,0,0,299,107,0,25
100,R,107,H RES 131,8-May-2001,6:24 PM,On Agreeing to the Resolution,Waiving a requirement of clause 6(a) of rule XIII with respect to consideration of certain resolutions reported from the Committee on Rules,Passed,212,0,0,7,1,199,0,10,1,1,0,0,214,200,0,17
101,R,107,H RES 134,8-May-2001,7:32 PM,On Agreeing to the Resolution,"Providing for recommittal of the conference report to accompany H.Con.Res. 83, Establishing the Congressional Budget for the U.S. Government for F.Y. 2002",Passed,212,0,0,7,195,1,0,14,2,0,0,0,409,1,0,21
102,R,107,JOURNAL,9-May-2001,10:27 AM,On Approving the Journal,None,Passed,196,14,1,8,137,56,0,17,2,0,0,0,335,70,1,25
103,R,107,H RES 136,9-May-2001,12:11 PM,On Agreeing to the Resolution,"Waiving Points of Order Against the Conference Report on H. Con. Res. 83, Congressional Budget for FY 2001",Passed,216,0,0,3,1,207,0,2,1,1,0,0,218,208,0,5
104,R,107,H CON RES 83,9-May-2001,2:02 PM,On Agreeing to the Conference Report,Congressional Budget for Fiscal Year 2002,Passed,214,3,0,3,6,203,0,1,1,1,0,0,221,207,0,4
105,R,107,H RES 138,10-May-2001,10:58 AM,On Agreeing to the Resolution,Providing for consideration of H.R. 1646; Foreign Relations Authorization Act,Passed,212,1,0,6,13,190,0,7,1,1,0,0,226,192,0,13
106,R,107,H R 1646,10-May-2001,1:57 PM,On Agreeing to the Amendment,None,Agreed to,205,4,1,9,76,132,0,2,1,1,0,0,282,137,1,11
107,R,107,H R 1646,10-May-2001,2:06 PM,On Agreeing to the Amendment,None,Agreed to,189,21,0,9,62,143,1,4,1,1,0,0,252,165,1,13
108,R,107,H R 1646,10-May-2001,2:14 PM,On Agreeing to the Amendment,None,Failed,183,27,0,9,9,197,0,4,1,1,0,0,193,225,0,13
109,R,107,H R 1696,15-May-2001,6:25 PM,On Motion to Suspend the Rules and Pass,To expedite the construction of the World War II memorial in the District of Columbia,Passed,209,3,0,7,189,12,0,9,2,0,0,0,400,15,0,16
110,R,107,H RES 116,15-May-2001,6:34 PM,"On Motion to Suspend the Rules and Agree, as Amended",Commemorating the dedication and sacrifices of the men and women of the United States who were killed or disabled while serving as law enforcement officers,Passed,213,0,0,6,201,0,0,9,2,0,0,0,416,0,0,15
111,R,107,H R 1727,15-May-2001,6:44 PM,"On Motion to Suspend the Rules and Pass, as Amended",Fallen Hero Survivor Benefit Fairness Act,Passed,214,0,0,5,203,0,0,7,2,0,0,0,419,0,0,12
112,R,107,H R 586,15-May-2001,6:53 PM,"On Motion to Suspend the Rules and Pass, as Amended",Fairness for Foster Care Families Act,Passed,215,0,0,4,203,0,0,7,2,0,0,0,420,0,0,11
113,R,107,H R 428,15-May-2001,7:00 PM,On Motion to Suspend the Rules and Agree to Senate Amendment,Concerning the participation of Taiwan in the World Health Organization,Passed,213,0,0,6,200,0,0,10,2,0,0,0,415,0,0,16
114,R,107,JOURNAL,16-May-2001,10:35 AM,On Approving the Journal,None,Passed,188,12,1,18,159,41,0,10,1,0,0,1,348,53,1,29
115,R,107,H R 1646,16-May-2001,12:40 PM,On Agreeing to the Amendment,None,Agreed to,185,33,0,2,32,176,0,2,1,1,0,0,218,210,0,4
116,R,107,H RES 142,16-May-2001,1:31 PM,On Agreeing to the Resolution,"Providing for the Consideration of H.R. 1836, Economic Growth and Tax Relief Reconciliation Act",Passed,217,0,0,3,2,206,0,2,1,1,0,0,220,207,0,5
117,R,107,H R 1836,16-May-2001,3:50 PM,On Agreeing to the Amendment,None,Failed,0,218,0,1,187,20,0,3,1,1,0,0,188,239,0,4
118,R,107,H R 1836,16-May-2001,4:10 PM,On Passage,Economic Growth and Tax Relief Reconciliation Act,Passed,216,0,0,4,13,196,0,1,1,1,0,0,230,197,0,5
119,R,107,H R 1646,16-May-2001,6:06 PM,On Agreeing to the Amendment,None,Agreed to,94,123,0,2,121,86,0,3,1,1,0,0,216,210,0,5
120,R,107,H R 1646,16-May-2001,6:37 PM,On Motion to Recommit with Instructions,Foreign Relations Authorization Act,Failed,0,218,0,1,188,20,0,2,1,1,0,0,189,239,0,3
121,R,107,H R 1646,16-May-2001,6:48 PM,On Passage,Foreign Relations Authorization Act,Passed,180,36,0,3,172,35,0,3,0,2,0,0,352,73,0,6
122,R,107,JOURNAL,17-May-2001,10:27 AM,On Approving the Journal,None,Passed,194,11,1,13,141,57,0,12,1,0,0,1,336,68,1,26
123,R,107,H RES 141,17-May-2001,11:26 AM,On Agreeing to the Resolution,"Providing for consideration of H.R. 622, Hope for Children Act",Passed,210,0,0,10,203,1,0,6,2,0,0,0,415,1,0,16
124,R,107,H R 622,17-May-2001,12:32 PM,On Passage,Hope for Children Act,Passed,213,0,0,7,205,0,0,5,2,0,0,0,420,0,0,12
125,R,107,H RES 143,17-May-2001,2:09 PM,On Agreeing to the Resolution,"Providing for the Consideration of H.R. 1, No Child Left Behind Act",Passed,217,0,0,4,1,200,0,9,1,1,0,0,219,201,0,13
126,R,107,H CON RES 56,21-May-2001,6:30 PM,On Motion to Suspend the Rules and Agree,Expressing the sense of the Congress regarding National Pearl Harbor Remembrance Day,Passed,184,0,0,36,183,0,0,27,1,0,0,1,368,0,0,64
127,R,107,H R 1885,21-May-2001,6:42 PM,On Motion to Suspend the Rules and Pass,Section 245(i) Extension Act,Passed,152,40,0,28,184,2,0,24,0,1,0,1,336,43,0,53
128,R,107,H R 1,22-May-2001,1:43 PM,On Agreeing to the Amendment,None,Agreed to,213,2,0,5,206,0,0,4,2,0,0,0,421,2,0,9
129,R,107,H R 1,22-May-2001,1:52 PM,On Agreeing to the Amendment,None,Agreed to,214,0,0,6,206,0,0,4,2,0,0,0,422,0,0,10
130,R,107,H R 1,22-May-2001,3:18 PM,On Agreeing to the Amendment,None,Failed,52,166,0,3,119,89,0,2,2,0,0,0,173,255,0,5
131,R,107,H R 1,22-May-2001,3:27 PM,On Agreeing to the Amendment,None,Agreed to,213,3,0,4,205,0,0,5,2,0,0,0,420,3,0,9
132,R,107,H R 1,22-May-2001,4:46 PM,On Agreeing to the Amendment,None,Agreed to,213,4,0,3,3,204,0,3,1,1,0,0,217,209,0,6
133,R,107,H R 1,22-May-2001,4:55 PM,On Agreeing to the Amendment,None,Agreed to,215,2,0,3,150,54,0,6,1,1,0,0,366,57,0,9
134,R,107,H R 1831,22-May-2001,5:21 PM,On Motion to Suspend the Rules and Pass,Small Business Liability Protection Act,Passed,215,0,0,5,202,0,0,8,2,0,0,0,419,0,0,13
135,R,107,H R 1,23-May-2001,2:42 PM,On Agreeing to the Amendment,None,Failed,152,68,0,1,2,204,0,4,1,1,0,0,155,273,0,5
136,R,107,H R 1,23-May-2001,3:00 PM,On Agreeing to the Amendment,None,Failed,182,37,0,2,3,203,0,4,1,1,0,0,186,241,0,6
137,R,107,H R 1,23-May-2001,3:10 PM,On Agreeing to the Amendment,None,Failed,189,29,0,2,1,206,0,3,1,1,0,0,191,236,0,5
138,R,107,H R 1,23-May-2001,3:19 PM,On Agreeing to the Amendment,None,Agreed to,201,16,0,3,44,164,0,2,1,1,0,0,246,181,0,5
139,R,107,H R 1,23-May-2001,3:29 PM,On Agreeing to the Amendment,None,Agreed to,156,62,0,2,204,4,0,2,1,1,0,0,361,67,0,4
140,R,107,H R 1,23-May-2001,3:37 PM,On Agreeing to the Amendment,None,Agreed to,208,8,0,4,205,1,0,4,2,0,0,0,415,9,0,8
141,R,107,H R 1,23-May-2001,6:04 PM,On Agreeing to the Amendment,None,Agreed to,208,11,0,1,30,177,0,3,1,1,0,0,239,189,0,4
142,R,107,H R 1,23-May-2001,6:12 PM,On Agreeing to the Amendment,None,Agreed to,216,2,0,2,207,1,0,2,2,0,0,0,425,3,0,4
143,R,107,H R 1,23-May-2001,6:19 PM,On Agreeing to the Amendment,None,Failed,98,120,0,2,2,205,0,3,1,1,0,0,101,326,0,5
144,R,107,H R 1,23-May-2001,6:52 PM,On Motion to Recommit with Instructions,No Child Left Behind Act,Failed,2,218,0,1,204,4,0,2,1,1,0,0,207,223,0,3
145,R,107,H R 1,23-May-2001,7:25 PM,On Passage,No Child Left Behind Act,Passed,186,34,0,1,197,10,0,3,1,1,0,0,384,45,0,4
146,R,107,H R 1836,23-May-2001,9:08 PM,On Motion to Instruct Conferees,Economic Growth and Tax Relief Reconciliation Act,Failed,1,205,0,14,196,4,0,10,1,1,0,0,198,210,0,24
147,R,107,JOURNAL,24-May-2001,10:58 AM,On Approving the Journal,None,Passed,193,15,1,11,141,56,0,13,2,0,0,0,336,71,1,24
148,R,107,H RES 153,26-May-2001,8:23 AM,On Agreeing to the Resolution,"Waiving points of order against the conference report to accompany H.R. 1836, Economic Growth and Tax Relief Act of 2001",Passed,209,0,0,12,3,176,0,31,1,1,0,0,213,177,0,43
149,R,107,H R 1836,26-May-2001,10:11 AM,On Agreeing to the Conference Report,Economic Growth and Tax Relief Reconciliation Act,Passed,211,0,0,10,28,153,0,29,1,1,0,0,240,154,0,39
150,R,107,H CON RES 100,5-Jun-2001,6:29 PM,"On Motion to Suspend the Rules and Agree, as Amended","Commending Clear Channel Communications and the American Football Coaches Association for their dedication and efforts for protecting children by providing a vital means for locating the Nation’s missing, kidnapped, and runaway children.",Passed,208,0,0,12,196,0,0,13,1,0,0,1,405,0,0,26
151,R,107,H R 2043,5-Jun-2001,6:39 PM,On Motion to Suspend the Rules and Pass,"Designating the Elwood Haynes “Bud” Hillis Post Office Building in Kokomo, Indiana.",Passed,210,0,0,10,196,0,0,13,1,0,0,1,407,0,0,24
152,R,107,H R 1209,6-Jun-2001,12:05 PM,"On Motion to Suspend the Rules and Pass, As Amended",Child Status Protection Act,Passed,213,0,0,7,202,0,0,7,1,0,0,1,416,0,0,15
153,R,107,H R 1914,6-Jun-2001,12:14 PM,On Motion to Suspend the Rules and Pass,Farmer Bankruptcy Code Extension Act,Passed,210,1,0,9,200,0,0,9,1,0,0,1,411,1,0,19
154,R,107,JOURNAL,7-Jun-2001,11:06 AM,On Approving the Journal,None,Passed,199,10,0,11,161,26,0,22,2,0,0,0,362,36,0,33
155,R,107,H R 1699,7-Jun-2001,12:58 PM,On Passage,Coast Guard Authorization Act for FY 2002,Passed,210,3,0,7,199,0,0,11,2,0,0,0,411,3,0,18
156,R,107,H R 700,12-Jun-2001,6:29 PM,"On Motion to Suspend the Rules and Pass, as Amended",Asian Elephant Conservation Reauthorization Act of 2001,Passed,197,14,0,9,202,1,0,7,2,0,0,0,401,15,0,16
157,R,107,H RES 97,12-Jun-2001,6:40 PM,On Motion to Suspend the Rules and Agree,"Recognizing Contributions, Achievements, and Work of Shirley Chisholm",Passed,210,0,0,10,203,0,0,7,2,0,0,0,415,0,0,17
158,R,107,JOURNAL,13-Jun-2001,10:54 AM,On Approving the Journal,None,Passed,201,13,1,5,171,29,0,10,2,0,0,0,374,42,1,15
159,R,107,H R 1157,13-Jun-2001,12:22 PM,On Passage,Pacific Salmon Recovery Act,Passed,211,6,0,3,205,0,0,5,2,0,0,0,418,6,0,8
160,R,107,H R 2052,13-Jun-2001,3:02 PM,On Passage,Sudan Peace Act,Passed,215,2,0,3,205,0,0,5,2,0,0,0,422,2,0,8
161,R,107,H CON RES 145,13-Jun-2001,4:22 PM,On Agreeing to the Resolution,Condemning the recent order by the Taliban regime of Afghanistan to require Hindus in Afghanistan to wear symbols identifying them as Hindu.,Passed,215,0,0,5,203,0,0,7,2,0,0,0,420,0,0,12
162,R,107,H RES 161,14-Jun-2001,11:03 AM,On Ordering the Previous Question,"Providing for the consideration of H.R. 1088, Investor and Capital Markets Fee Relief Act",Passed,215,0,0,5,201,1,0,8,2,0,0,0,418,1,0,13
163,R,107,H RES 161,14-Jun-2001,11:14 AM,On Agreeing to the Resolution,"Providing for the consideration of H.R. 1088, Investor and Capital Markets Fee Relief Act",Passed,214,1,0,5,192,11,0,7,2,0,0,0,408,12,0,12
164,R,107,H R 1088,14-Jun-2001,1:35 PM,On Agreeing to the Amendment,None,Failed,0,215,0,5,125,83,0,2,1,1,0,0,126,299,0,7
165,R,107,H R 1088,14-Jun-2001,1:54 PM,On Passage,Investor and Capital Markets Fee Relief Act,Passed,214,2,0,4,188,20,0,2,2,0,0,0,404,22,0,6
166,R,107,H R 1291,19-Jun-2001,6:34 PM,On Motion to Suspend the Rules and Pass,21st Century Montgomery GI Bill Enhancement Act,Passed,212,0,0,8,203,0,1,6,1,0,0,1,416,0,1,15
167,R,107,H CON RES 154,19-Jun-2001,6:45 PM,On Motion to Suspend the Rules and Agree,Honoring the continued commitment of the Army National Guard combat units deployed in support of Army operations in Bosnia.,Passed,212,0,0,8,203,0,0,7,2,0,0,0,417,0,0,15
168,R,107,H CON RES 163,19-Jun-2001,6:55 PM,"On Motion to Suspend the Rules and Agree, as Amended",Recognizing the historical significance of Juneteenth Independence Day,Passed,210,0,0,10,203,0,0,7,2,0,0,0,415,0,0,17
169,R,107,H RES 171,20-Jun-2001,2:33 PM,On Ordering the Previous Question,Providing for consideration of H.R. 2216; 2001 Supplemental Appropriations Act,Passed,218,0,0,2,3,204,0,3,1,1,0,0,222,205,0,5
170,R,107,H RES 171,20-Jun-2001,2:44 PM,On Agreeing to the Resolution,Providing for consideration of H.R. 2216; 2001 Supplemental Appropriations Act,Passed,218,1,0,2,4,203,0,3,1,1,0,0,223,205,0,5
171,R,107,H RES 124,20-Jun-2001,2:54 PM,On Motion to Suspend the Rules and Agree,Recognizing the Importance of Children in the United States and Supporting the Goals and Ideals of American Youth Day,Passed,215,0,0,5,207,0,0,3,2,0,0,0,424,0,0,8
172,R,107,H R 2216,20-Jun-2001,9:04 PM,On Agreeing to the Amendment,None,Failed,4,213,0,3,45,162,0,3,1,1,0,0,50,376,0,6
173,R,107,H R 2216,20-Jun-2001,9:15 PM,On Agreeing to the Amendment,None,Failed,5,213,0,2,206,2,0,2,1,1,0,0,212,216,0,4
174,R,107,H R 2216,20-Jun-2001,9:26 PM,On Agreeing to the Amendment,None,Failed,61,156,0,3,3,205,0,2,1,1,0,0,65,362,0,5
175,R,107,H R 2216,20-Jun-2001,9:55 PM,On Motion to Recommit with Instructions,2001 Supplemental Appropriations Act,Failed,1,216,0,3,207,1,0,2,1,1,0,0,209,218,0,5
176,R,107,H R 2216,20-Jun-2001,10:03 PM,On Passage,2001 Supplemental Appropriations Act,Passed,199,19,0,2,141,67,0,2,1,1,0,0,341,87,0,4
177,R,107,H R 2217,21-Jun-2001,12:34 PM,On Agreeing to the Amendment,None,Agreed to,33,178,0,10,187,14,1,8,1,1,0,0,221,193,1,18
178,R,107,H R 2217,21-Jun-2001,3:14 PM,On Agreeing to the Amendment,None,Failed,44,166,0,10,108,95,0,7,1,1,0,0,153,262,0,17
179,R,107,H R 2217,21-Jun-2001,3:23 PM,On Agreeing to the Amendment,None,Failed,32,179,0,9,96,107,0,7,1,1,0,0,129,287,0,16
180,R,107,H R 2217,21-Jun-2001,3:32 PM,On Agreeing to the Amendment,None,Agreed to,47,164,0,9,194,8,0,8,1,1,0,0,242,173,0,17
181,R,107,H R 2217,21-Jun-2001,5:36 PM,On Agreeing to the Amendment,None,Agreed to,70,139,0,11,176,24,0,10,1,1,0,0,247,164,0,21
182,R,107,H R 2217,21-Jun-2001,5:44 PM,On Agreeing to the Amendment,None,Agreed to,28,179,0,13,187,14,0,9,1,1,0,0,216,194,0,22
183,R,107,H R 2217,21-Jun-2001,5:51 PM,On Agreeing to the Amendment,None,Failed,3,203,0,14,183,18,0,9,1,1,0,0,187,222,0,23
184,R,107,H R 2217,21-Jun-2001,5:59 PM,On Agreeing to the Amendment,None,Failed,137,70,0,13,7,193,0,10,1,1,0,0,145,264,0,23
185,R,107,H R 2217,21-Jun-2001,6:19 PM,On Passage,Interior and Related Agencies Appropriations for FY 2002,Passed,177,30,0,13,198,1,0,11,1,1,0,0,376,32,0,24
186,R,107,H RES 160,25-Jun-2001,6:31 PM,"On Motion to Suspend the Rules and Agree, as Amended",Calling on the Government of the People’s Republic of China to Immediately and Unconditionally Release Li Shaomin and all other American Scholars of Chinese Ancestry Being Held in Detention,Passed,193,0,0,27,184,0,0,26,2,0,0,0,379,0,0,53
187,R,107,H RES 99,25-Jun-2001,6:39 PM,On Motion to Suspend the Rules and Agree,"Expressing the Sense of the House of Representatives that Lebanon, Syria, and Iran should Call Upon Hezbollah to Allow Representatives of the International Committee of the Red Cross to Visit Four Abducted Israelis",Passed,193,0,0,27,184,0,0,26,2,0,0,0,379,0,0,53
188,R,107,H CON RES 161,25-Jun-2001,6:46 PM,"On Motion to Suspend the Rules and Agree, as Amended","Honoring the 19 United States Servicemen who Died in the Terrorist Bombing of the Khobar Towers in Saudi Arabia on June 25, 1996",Passed,193,0,0,27,184,0,0,26,2,0,0,0,379,0,0,53
189,R,107,JOURNAL,26-Jun-2001,10:31 AM,On Approving the Journal,None,Passed,190,13,1,16,155,32,0,23,1,0,0,1,346,45,1,40
190,R,107,H RES 178,26-Jun-2001,1:17 PM,On the Question of Consideration,"Providing for the consideration of H.R. 2299, Transportation and Related Agencies Appropriations for FY 2002",Passed,214,2,0,5,4,199,0,7,1,1,0,0,219,202,0,12
191,R,107,H RES 178,26-Jun-2001,2:26 PM,On Agreeing to the Resolution,"Providing for the consideration of H.R. 2299, Transportation and Related Agencies Appropriations for FY 2002",Passed,217,0,0,4,1,204,0,5,1,1,0,0,219,205,0,9
192,R,107,H RES 166,26-Jun-2001,2:35 PM,On motion to suspend the rules and agree,"Recognizing Disaster Relief Assistance Provided to Houston, TX after Tropical Storm Allison",Passed,207,0,0,14,202,0,0,8,2,0,0,0,411,0,0,22
193,R,107,H R 2299,26-Jun-2001,7:09 PM,On Agreeing to the Amendment,None,Agreed to,82,134,0,5,201,9,0,0,2,0,0,0,285,143,0,5
194,R,107,H R 2299,26-Jun-2001,7:30 PM,On Passage,Transportation and Related Agencies Appropriations for FY 2002,Passed,215,1,0,5,209,0,0,1,2,0,0,0,426,1,0,6
195,R,107,JOURNAL,27-Jun-2001,11:13 AM,On Approving the Journal,None,Passed,197,14,1,9,169,35,0,6,2,0,0,0,368,49,1,15
196,R,107,H RES 180,27-Jun-2001,1:34 PM,On Agreeing to the Resolution,Providing for Consideration of H.R. 2311; Energy and Water Development Appropriations for FY 2002,Passed,216,1,0,4,207,0,0,3,2,0,0,0,425,1,0,7
197,R,107,H RES 172,27-Jun-2001,1:42 PM,On Motion to Suspend the Rules and Agree,"Honoring John J. Downing, Brian Fahey, and Harry Ford, who lost their lives in the course of duty as firefighters",Passed,217,0,0,4,205,0,0,5,2,0,0,0,424,0,0,9
198,R,107,H R 2133,27-Jun-2001,1:51 PM,"On Motion to Suspend the Rules and Pass, As Amended",To establish a commission for the purpose of encouraging and providing for the commemoration of the 50th anniversary of the Supreme Court decision in Brown v. Board of Education,Passed,211,2,0,8,201,0,0,9,2,0,0,0,414,2,0,17
199,R,107,H R 2311,28-Jun-2001,9:34 AM,On Agreeing to the Amendment,None,Failed,27,179,0,15,11,192,0,7,1,1,0,0,39,372,0,22
200,R,107,H R 2311,28-Jun-2001,9:44 AM,On Agreeing to the Amendment,None,Failed,44,164,0,13,39,168,0,3,1,1,0,0,84,333,0,16
201,R,107,H R 2311,28-Jun-2001,9:52 AM,On Agreeing to the Amendment,None,Failed,18,192,0,11,144,65,0,1,1,1,0,0,163,258,0,12
202,R,107,H R 2311,28-Jun-2001,10:01 AM,On Agreeing to the Amendment,None,Failed,8,202,0,11,82,128,0,0,1,1,0,0,91,331,0,11
203,R,107,H R 2311,28-Jun-2001,10:10 AM,On Agreeing to the Amendment,None,Agreed to,70,140,0,11,194,16,0,0,1,1,0,0,265,157,0,11
204,R,107,H R 2311,28-Jun-2001,12:14 PM,On Agreeing to the Amendment,None,Failed,9,203,0,9,92,117,0,1,1,1,0,0,102,321,0,10
205,R,107,H R 2311,28-Jun-2001,12:26 PM,On Agreeing to the Amendment,None,Failed,39,172,0,10,170,40,0,0,1,1,0,0,210,213,0,10
206,R,107,H R 2311,28-Jun-2001,12:45 PM,On Passage,Energy and Water Development Appropriations for FY 2002,Passed,199,13,0,9,204,2,0,4,2,0,0,0,405,15,0,13
207,R,107,H RES 183,28-Jun-2001,2:01 PM,On Agreeing to the Resolution,Providing for consideration of H.R. 2330; Agriculture Appropriations for F.Y. 2002,Passed,211,1,0,10,10,192,0,8,1,1,0,0,222,194,0,18
208,R,107,H R 2330,28-Jun-2001,5:53 PM,On Agreeing to the Amendment,None,Agreed to,117,88,0,16,205,1,0,4,2,0,0,0,324,89,0,20
209,R,107,H R 2330,28-Jun-2001,6:01 PM,On Agreeing to the Amendment,None,Agreed to,64,139,0,18,206,0,0,4,1,1,0,0,271,140,0,22
210,R,107,H R 2330,28-Jun-2001,6:09 PM,On Agreeing to the Amendment,None,Agreed to,90,112,0,19,200,2,0,8,1,1,0,0,291,115,0,27
211,R,107,H CON RES 170,10-Jul-2001,6:26 PM,On Motion to Suspend the Rules and Agree,Encouraging corporations to contribute to faith-based organizations,Passed,210,0,0,11,179,17,3,11,2,0,0,0,391,17,3,22
212,R,107,H CON RES 168,10-Jul-2001,6:35 PM,On Motion to Suspend the Rules and Agree,Expressing the sense of Congress in support of victims of torture,Passed,207,0,0,14,200,0,0,10,2,0,0,0,409,0,0,24
213,R,107,H CON RES 174,10-Jul-2001,6:43 PM,On Motion to Suspend the Rules and Agree,Authorizing use of the Rotunda to present Congressional Gold Medals to the original 29 Navajo Code Talkers,Passed,208,0,0,13,199,0,0,11,2,0,0,0,409,0,0,24
214,R,107,JOURNAL,11-Jul-2001,11:17 AM,On Approving the Journal,None,Passed,194,12,1,14,170,30,1,9,2,0,0,0,366,42,2,23
215,R,107,ADJOURN,11-Jul-2001,11:35 AM,On Motion to Adjourn,None,Failed,3,211,0,7,8,192,0,10,0,2,0,0,11,405,0,17
216,R,107,H R 2330,11-Jul-2001,3:08 PM,On Agreeing to the Amendment,None,Failed,35,182,0,4,123,84,0,3,1,1,0,0,159,267,0,7
217,R,107,H R 2330,11-Jul-2001,3:22 PM,On Agreeing to the Amendment,None,Agreed to,149,68,0,4,173,33,0,4,2,0,0,0,324,101,0,8
218,R,107,H R 2330,11-Jul-2001,3:32 PM,On Agreeing to the Amendment,None,Failed,13,203,0,5,130,76,0,4,2,0,0,0,145,279,0,9
219,R,107,H R 2330,11-Jul-2001,6:19 PM,On Agreeing to the Amendment,None,Failed,79,139,0,3,76,131,0,3,0,2,0,0,155,272,0,6
220,R,107,H R 2330,11-Jul-2001,6:28 PM,On Agreeing to the Amendment,None,Failed,61,157,0,3,24,182,0,4,0,2,0,0,85,341,0,7
221,R,107,H R 2330,11-Jul-2001,6:48 PM,On Passage,"Agriculture, Rural Development, Food and Drug Administration, and Related Agencies Appropriations for FY 2002",Passed,205,14,0,2,207,2,0,1,2,0,0,0,414,16,0,3
222,R,107,JOURNAL,12-Jul-2001,10:49 AM,On Approving the Journal,None,Passed,194,13,1,13,166,37,0,7,2,0,0,0,362,50,1,20
223,R,107,ADJOURN,12-Jul-2001,11:10 AM,On Motion to Adjourn,None,Failed,1,211,0,9,6,199,0,5,0,2,0,0,7,412,0,14
224,R,107,H R 2216,12-Jul-2001,12:08 PM,On Motion to Go to Conference,2001 Supplemental Appropriations Act,Passed,215,0,0,6,206,3,0,1,2,0,0,0,423,3,0,7
225,R,107,H R 2216,12-Jul-2001,1:23 PM,On Motion to Instruct Conferees,2001 Supplemental Appropriations Act,Failed,2,215,0,4,202,3,0,5,1,1,0,0,205,219,0,9
226,R,107,ADJOURN,12-Jul-2001,1:49 PM,On Motion to Adjourn,None,Failed,0,217,0,4,6,199,0,5,0,2,0,0,6,418,0,9
227,R,107,QUORUM,12-Jul-2001,5:13 PM,Call of the House,None,Passed,0,0,215,6,0,0,205,5,0,0,2,0,0,0,422,11
228,R,107,H RES 188,12-Jul-2001,5:43 PM,On Agreeing to the Resolution,Providing for consideration of H.R. 2356; Bipartisan Campaign Reform Act,Failed,201,19,0,2,1,208,0,1,1,1,0,0,203,228,0,3
229,R,107,S 360,17-Jul-2001,12:30 PM,On Motion to Suspend the Rules and Pass,To honor Paul D. Coverdell,Passed,197,8,3,13,132,53,8,17,1,0,0,1,330,61,11,31
230,R,107,H RES 195,17-Jul-2001,12:40 PM,On Motion to Suspend the Rules and Agree,"Commending the United States military and defense contractor personnel responsible for a successful in-flight ballistic missile defense interceptor test on July 14, 2001",Passed,207,2,0,12,113,75,6,16,1,0,0,1,321,77,6,29
231,R,107,H J RES 36,17-Jul-2001,3:57 PM,On Agreeing to the Amendment,None,Failed,5,214,0,2,94,109,0,7,1,1,0,0,100,324,0,9
232,R,107,H J RES 36,17-Jul-2001,4:14 PM,On Passage,Proposing an amendment to the Constitution of the United States authorizing the Congress to prohibit the physical desecration of the flag of the United States,Passed,207,11,0,3,90,113,0,7,1,1,0,0,298,125,0,10
233,R,107,H R 2500,17-Jul-2001,9:02 PM,On Agreeing to the Amendment,None,Failed,84,123,0,14,102,103,0,5,1,1,0,0,187,227,0,19
234,R,107,H R 2500,17-Jul-2001,9:13 PM,On Agreeing to the Amendment,None,Failed,22,190,0,9,148,54,0,8,2,0,0,0,172,244,0,17
235,R,107,H R 2500,17-Jul-2001,9:35 PM,On Agreeing to the Amendment,None,Failed,17,198,0,6,151,54,0,5,1,1,0,0,169,253,0,11
236,R,107,JOURNAL,18-Jul-2001,10:48 AM,On Approving the Journal,None,Passed,193,16,1,11,177,31,0,2,2,0,0,0,372,47,1,13
237,R,107,H R 1,18-Jul-2001,12:23 PM,On Motion to go to Conference,No Child Left Behind Act,Passed,214,3,0,4,209,1,0,0,1,1,0,0,424,5,0,4
238,R,107,H R 1,18-Jul-2001,12:46 PM,Table Motion to Instruct Conferees,No Child Left Behind Act,Passed,197,16,0,8,99,109,0,2,0,1,0,1,296,126,0,11
239,R,107,H R 2500,18-Jul-2001,4:34 PM,On Agreeing to the Amendment,None,Failed,2,213,0,6,206,3,0,1,1,1,0,0,209,217,0,7
240,R,107,H R 2500,18-Jul-2001,4:46 PM,On Agreeing to the Amendment,None,Failed,5,213,0,3,209,1,0,0,1,1,0,0,215,215,0,3
241,R,107,H R 2500,18-Jul-2001,4:54 PM,On Agreeing to the Amendment,None,Agreed to,219,0,0,2,203,6,0,1,2,0,0,0,424,6,0,3
242,R,107,H R 2500,18-Jul-2001,5:04 PM,On Agreeing to the Amendment,None,Failed,6,213,0,2,182,28,0,0,1,1,0,0,189,242,0,2
243,R,107,H R 2500,18-Jul-2001,9:09 PM,On Agreeing to the Amendment,None,Agreed to,192,26,0,3,201,7,0,2,2,0,0,0,395,33,0,5
244,R,107,H R 2500,18-Jul-2001,9:19 PM,On Agreeing to the Amendment,None,Failed,14,205,0,2,147,61,0,2,0,2,0,0,161,268,0,4
245,R,107,H R 2500,18-Jul-2001,9:27 PM,On Agreeing to the Amendment,None,Failed,56,164,0,1,5,199,0,6,1,1,0,0,62,364,0,7
246,R,107,H R 2500,18-Jul-2001,9:34 PM,On Agreeing to the Amendment,None,Failed,67,153,0,1,3,205,0,2,1,1,0,0,71,359,0,3
247,R,107,H R 2500,18-Jul-2001,9:43 PM,On Agreeing to the Amendment,None,Failed,2,218,0,1,120,87,0,3,1,1,0,0,123,306,0,4
248,R,107,H R 2500,18-Jul-2001,10:01 PM,On Passage,"Commerce, Justice, and State Appropriations for FY 2002",Passed,203,16,0,2,203,3,0,4,2,0,0,0,408,19,0,6
249,R,107,JOURNAL,19-Jul-2001,10:25 AM,On Approving the Journal,None,Passed,196,19,1,5,170,33,0,7,2,0,0,0,368,52,1,12
250,R,107,H RES 196,19-Jul-2001,12:07 PM,On Ordering the Previous Question,Providing for consideration of H.R. 7; The Community Solutions Act,Passed,217,1,0,3,10,197,0,3,1,1,0,0,228,199,0,6
251,R,107,H RES 196,19-Jul-2001,12:19 PM,On Agreeing to the Resolution,Providing for consideration of H.R. 7; The Community Solutions Act,Passed,218,0,0,3,14,193,0,3,1,1,0,0,233,194,0,6
252,R,107,H R 7,19-Jul-2001,3:30 PM,On Agreeing to the Amendment,None,Failed,0,220,0,1,167,40,0,3,1,1,0,0,168,261,0,4
253,R,107,H R 7,19-Jul-2001,4:01 PM,On Motion to Recommit with Instructions,The Community Solutions Act,Failed,4,216,0,1,190,17,0,3,1,1,0,0,195,234,0,4
254,R,107,H R 7,19-Jul-2001,4:11 PM,On Passage,The Community Solutions Act,Passed,217,4,0,1,15,193,0,2,1,1,0,0,233,198,0,3
255,R,107,H J RES 50,19-Jul-2001,7:09 PM,On Passage,Disapproving Normal Trade Relations for China,Failed,62,157,0,3,105,102,0,3,2,0,0,0,169,259,0,6
256,R,107,H R 2216,20-Jul-2001,10:10 AM,On Agreeing to the Conference Report,2001 Supplemental Appropriations Act,Passed,190,18,0,13,184,11,0,15,1,1,0,0,375,30,0,28
257,R,107,H R 2137,23-Jul-2001,6:26 PM,"On Motion to Suspend the Rules and Pass, as Amended",Criminal Law Technical Amendments Act of 2001,Passed,195,0,0,26,177,0,0,33,2,0,0,0,374,0,0,59
258,R,107,H R 1892,23-Jul-2001,6:36 PM,"On Motion to Suspend the Rules and Pass, as Amended",Family Sponsor Immigration Act,Passed,199,0,0,22,178,0,0,32,2,0,0,0,379,0,0,54
259,R,107,S 468,23-Jul-2001,6:44 PM,On Motion to Suspend the Rules and Pass,James C. Corman Federal Building Designation Act,Passed,200,0,0,21,179,0,0,31,2,0,0,0,381,0,0,52
260,R,107,H R 2506,24-Jul-2001,1:10 PM,On Agreeing to the Amendment,None,Agreed to,87,128,0,6,169,34,0,7,2,0,0,0,258,162,0,13
261,R,107,H R 2506,24-Jul-2001,1:19 PM,On Agreeing to the Amendment,None,Failed,40,177,0,4,6,197,0,7,1,1,0,0,47,375,0,11
262,R,107,H R 2506,24-Jul-2001,4:50 PM,On Agreeing to the Amendment,None,Failed,15,204,0,3,172,35,0,3,1,1,0,0,188,240,0,6
263,R,107,H R 2506,24-Jul-2001,4:59 PM,On Agreeing to the Amendment,None,Failed,22,197,0,3,156,51,0,3,1,1,0,0,179,249,0,6
264,R,107,H R 2506,24-Jul-2001,9:42 PM,On Agreeing to the Amendment,None,Agreed to,64,153,0,4,203,5,0,2,1,1,0,0,268,159,0,6
265,R,107,H R 2506,24-Jul-2001,9:50 PM,On Agreeing to the Amendment,None,Agreed to,216,0,0,5,209,0,0,1,2,0,0,0,427,0,0,6
266,R,107,H R 2506,24-Jul-2001,10:09 PM,On Passage,Foreign Operations Appropriations for Fiscal Year 2002,Passed,181,35,0,5,199,10,0,1,1,1,0,0,381,46,0,6
267,R,107,H RES 206,25-Jul-2001,11:27 AM,On Ordering the Previous Question,"Providing for consideration of H.R. 2590; Treasury, Postal Service and General Government Appropriations for Fiscal Year 2002",Passed,152,63,0,6,141,64,0,5,0,2,0,0,293,129,0,11
268,R,107,H R 2590,25-Jul-2001,3:47 PM,On Agreeing to the Amendment,None,Failed,0,219,0,2,140,65,0,5,1,1,0,0,141,285,0,7
269,R,107,H R 2590,25-Jul-2001,3:55 PM,On Agreeing to the Amendment,None,Failed,0,219,0,2,150,54,0,6,1,1,0,0,151,274,0,8
270,R,107,H R 2590,25-Jul-2001,6:08 PM,On Agreeing to the Amendment,None,Agreed to,67,151,0,3,172,34,0,4,1,1,0,0,240,186,0,7
271,R,107,H R 2590,25-Jul-2001,6:18 PM,On Agreeing to the Amendment,None,Failed,40,179,0,2,160,47,0,3,1,1,0,0,201,227,0,5
272,R,107,H R 2590,25-Jul-2001,8:31 PM,On Agreeing to the Amendment,None,Failed,20,197,0,4,4,202,0,4,0,2,0,0,24,401,0,8
273,R,107,H R 2590,25-Jul-2001,8:39 PM,On Agreeing to the Amendment,None,Failed,0,217,0,4,187,20,0,3,1,1,0,0,188,238,0,7
274,R,107,H R 2590,25-Jul-2001,8:57 PM,On Passage,"Treasury, Postal Service, and General Government Appropriations for FY 2002",Passed,172,47,0,2,161,46,0,3,1,1,0,0,334,94,0,5
275,R,107,H J RES 55,26-Jul-2001,11:44 AM,On Passage,Disapproving the Extension of the Waiver Authority Contained in Section 402(c) of the Trade Act of 1974 with Respect to Vietnam,Failed,56,152,0,13,33,172,1,4,2,0,0,0,91,324,1,17
276,R,107,H R 1954,26-Jul-2001,12:06 PM,"On Motion to Suspend the Rules and Pass, as Amended",ILSA Extension Act,Passed,207,1,0,13,200,5,1,4,2,0,0,0,409,6,1,17
277,R,107,H RES 209,26-Jul-2001,1:51 PM,On Agreeing to the Resolution,Waiving a requirement of clause 6(a) of rule XIII with respect to consideration of certain resolutions reported from the Committee on Rules.,Passed,211,0,0,10,4,199,0,7,1,1,0,0,216,200,0,17
278,R,107,H RES 210,26-Jul-2001,3:12 PM,On Ordering the Previous Question,Providing for consideration of H.R. 2620; Departments of Veterans Affairs and Housing and Urban Development Appropriations for Fiscal Year 2002,Passed,217,0,0,5,2,203,0,5,1,1,0,0,220,204,0,10
279,R,107,H RES 210,26-Jul-2001,3:31 PM,On Agreeing to the Resolution,Providing for consideration of H.R. 2620; Departments of Veterans Affairs and Housing and Urban Development Appropriations for Fiscal Year 2002,Passed,189,26,0,7,38,168,0,4,1,1,0,0,228,195,0,11
280,R,107,MOTION,26-Jul-2001,9:49 PM,On Motion that the Committee Rise,None,Failed,1,212,0,8,187,17,0,6,1,1,0,0,189,230,0,14
281,R,107,H R 2620,26-Jul-2001,10:14 PM,On Agreeing to the Amendment,None,Failed,75,136,0,10,32,173,0,5,0,2,0,0,107,311,0,15
282,R,107,H R 2620,26-Jul-2001,10:22 PM,On Agreeing to the Amendment,None,Failed,2,213,0,6,136,70,0,4,1,1,0,0,139,284,0,10
283,R,107,H R 2620,26-Jul-2001,10:29 PM,On Agreeing to the Amendment,None,Failed,3,211,0,7,57,147,0,6,0,2,0,0,60,360,0,13
284,R,107,H R 2620,26-Jul-2001,10:39 PM,On Agreeing to the Amendment,None,Agreed to,17,200,0,5,198,8,0,4,1,1,0,0,216,209,0,9
285,R,107,H R 2620,26-Jul-2001,10:47 PM,On Agreeing to the Amendment,None,Failed,1,215,0,5,122,84,0,4,1,1,0,0,124,300,0,9
286,R,107,H R 2620,27-Jul-2001,1:32 PM,On Agreeing to the Amendment,None,Failed,0,203,0,18,162,43,0,5,1,1,0,0,163,247,0,23
287,R,107,H R 2620,27-Jul-2001,1:41 PM,On Agreeing to the Amendment,None,Failed,17,187,0,17,179,25,0,6,1,1,0,0,197,213,0,23
288,R,107,H R 2620,27-Jul-2001,1:50 PM,On Agreeing to the Amendment,None,Agreed to,19,182,0,20,198,6,0,6,1,1,0,0,218,189,0,26
289,R,107,H R 2620,27-Jul-2001,1:58 PM,On Agreeing to the Amendment,None,Failed,5,191,0,25,176,22,0,12,1,1,0,0,182,214,0,37
290,R,107,H RES 212,30-Jul-2001,6:25 PM,"On Motion to Suspend the Rules and Agree, as Amended","Expressing the sense of the House of Representatives that the World Conference Against Racism, Racial Discrimination, Xenophobia, and Related Intolerance presents a unique opportunity to address global discrimination",Passed,213,1,1,6,194,2,2,12,1,0,0,1,408,3,3,19
291,R,107,H RES 191,30-Jul-2001,6:34 PM,On Motion to Suspend the Rules and Agree,Expressing the sense of the House of Representatives that the UN should transfer to the Israeli Government an unedited videotape which could provide material evidence for the investigation into the abduction of 3 Israeli Defense Force soldiers by Hezbollah forces,Passed,212,1,1,7,198,3,0,9,1,0,0,1,411,4,1,17
292,R,107,H CON RES 190,30-Jul-2001,6:44 PM,On Motion to Suspend the Rules and Agree,Supporting the goals and ideals of National Alcohol and Drug Addiction Recovery Month,Passed,216,0,0,5,201,0,0,9,1,0,0,1,418,0,0,15
293,R,107,H R 2620,30-Jul-2001,11:11 PM,On Agreeing to the Amendment,None,Failed,30,187,0,4,69,136,0,5,0,2,0,0,99,325,0,9
294,R,107,H R 2620,30-Jul-2001,11:19 PM,On Agreeing to the Amendment,None,Failed,29,184,0,8,160,46,0,4,1,1,0,0,190,231,0,12
295,R,107,H R 2620,30-Jul-2001,11:29 PM,On Agreeing to the Amendment,None,Failed,6,211,0,4,204,1,0,5,2,0,0,0,212,212,0,9
296,R,107,H R 2620,30-Jul-2001,11:58 PM,On Motion to Recommit with Instructions,Departments of Veterans Affairs and Housing and Urban Development Appropriations for FY 2002,Failed,0,218,0,3,195,11,0,4,1,1,0,0,196,230,0,7
297,R,107,H R 2620,31-Jul-2001,12:07 AM,On Passage,Departments of Veterans Affairs and Housing and Urban Development Appropriations for FY 2002,Passed,203,15,0,3,132,73,0,5,1,1,0,0,336,89,0,8
298,R,107,H R 2647,31-Jul-2001,12:16 PM,On Passage,Legislative Branch Appropriations for Fiscal Year 2002,Passed,195,21,0,5,184,16,0,10,1,1,0,0,380,38,0,15
299,R,107,JOURNAL,31-Jul-2001,12:25 PM,On Approving the Journal,None,Passed,190,17,1,13,167,27,0,16,2,0,0,0,359,44,1,29
300,R,107,H RES 214,31-Jul-2001,2:42 PM,On Agreeing to the Resolution,Providing for consideration of H.R. 2505; Human Cloning Prohibition Act,Passed,204,15,0,3,34,172,0,4,1,1,0,0,239,188,0,7
301,R,107,H R 2540,31-Jul-2001,2:53 PM,"On Motion to Suspend the Rules and Pass, as Amended",Veterans Benefits Act,Passed,218,0,0,3,202,0,0,8,2,0,0,0,422,0,0,11
302,R,107,H R 2505,31-Jul-2001,5:49 PM,On Agreeing to the Amendment,None,Failed,25,194,0,2,153,53,0,4,0,2,0,0,178,249,0,6
303,R,107,H R 2505,31-Jul-2001,6:21 PM,On Motion to Recommit with Instructions,Human Cloning Prohibition Act,Failed,19,200,0,2,156,49,0,5,0,2,0,0,175,251,0,7
304,R,107,H R 2505,31-Jul-2001,6:30 PM,On Passage,Human Cloning Prohibition Act,Passed,200,19,0,2,63,143,0,4,2,0,0,0,265,162,0,6
305,R,107,H R 1140,31-Jul-2001,7:56 PM,"On Motion to Suspend the Rules and Pass, Amended",Railroad Retirement and Survivors’ Improvement Act,Passed,184,31,0,6,198,2,0,10,2,0,0,0,384,33,0,16
306,R,107,H RES 216,1-Aug-2001,12:16 PM,On Ordering the Previous Question,Providing for consideration of H.R. 4; Securing America’s Future Energy Act,Passed,219,0,0,2,1,207,0,2,1,1,0,0,221,208,0,4
307,R,107,H RES 216,1-Aug-2001,12:25 PM,On Agreeing to the Resolution,Providing for consideration of H.R. 4; Securing America’s Future Energy Act,Passed,218,0,0,3,1,205,0,4,1,1,0,0,220,206,0,7
308,R,107,JOURNAL,1-Aug-2001,12:32 PM,On Approving the Journal,None,Passed,194,18,2,7,148,47,0,15,1,0,0,1,343,65,2,23
309,R,107,H R 4,1-Aug-2001,3:37 PM,On Agreeing to the Amendment,None,Agreed to,218,1,0,2,62,146,0,2,1,1,0,0,281,148,0,4
310,R,107,H R 4,1-Aug-2001,3:45 PM,On Agreeing to the Amendment,None,Agreed to,204,12,0,5,205,3,0,2,2,0,0,0,411,15,0,7
311,R,107,H R 4,1-Aug-2001,5:44 PM,On Agreeing to the Amendment,None,Failed,36,182,0,3,123,86,0,1,1,1,0,0,160,269,0,4
312,R,107,H R 4,1-Aug-2001,5:55 PM,On Agreeing to the Amendment,None,Failed,123,95,0,3,31,178,0,1,0,2,0,0,154,275,0,4
313,R,107,H R 4,1-Aug-2001,9:11 PM,On Agreeing to the Amendment,None,Failed,44,173,0,4,80,126,0,4,1,1,0,0,125,300,0,8
314,R,107,H R 4,1-Aug-2001,9:20 PM,On Agreeing to the Amendment,None,Failed,3,216,0,2,150,57,0,3,1,1,0,0,154,274,0,5
315,R,107,H R 4,1-Aug-2001,9:29 PM,On Agreeing to the Amendment,None,Agreed to,200,18,0,3,40,167,0,3,1,1,0,0,241,186,0,6
316,R,107,H R 4,1-Aug-2001,9:38 PM,On Agreeing to the Amendment,None,Agreed to,186,34,0,2,41,166,0,3,1,1,0,0,228,201,0,5
317,R,107,H R 4,1-Aug-2001,11:23 PM,On Agreeing to the Amendment,None,Failed,34,186,0,2,171,36,0,3,1,1,0,0,206,223,0,5
318,R,107,H R 4,1-Aug-2001,11:36 PM,On Agreeing to the Amendment,None,Agreed to,149,71,0,2,194,14,0,2,2,0,0,0,345,85,0,4
319,R,107,H R 4,2-Aug-2001,12:11 AM,On Motion to Recommit with Instructions,Securing America’s Future Energy Act,Failed,1,218,0,3,204,4,0,2,1,1,0,0,206,223,0,5
320,R,107,H R 4,2-Aug-2001,12:28 AM,On Passage,Securing America’s Future Energy Act,Passed,203,16,0,3,36,172,0,2,1,1,0,0,240,189,0,5
321,R,107,JOURNAL,2-Aug-2001,10:30 AM,On Approving the Journal,None,Passed,191,17,1,12,138,59,0,13,2,0,0,0,331,76,1,25
322,R,107,ADJOURN,2-Aug-2001,10:51 AM,On Motion to Adjourn,None,Failed,0,212,0,9,55,149,0,6,0,2,0,0,55,363,0,15
323,R,107,ADJOURN,2-Aug-2001,12:25 PM,On Motion to Adjourn,None,Failed,0,208,0,13,56,146,0,8,0,1,0,1,56,355,0,22
324,R,107,QUORUM,2-Aug-2001,2:05 PM,Call of the House,None,Passed,0,0,212,9,0,0,204,6,0,0,2,0,0,0,418,15
325,R,107,H RES 219,2-Aug-2001,2:24 PM,On Ordering the Previous Question,Providing for consideration of H.R. 2563; Bipartisan Patient Protection Act,Passed,219,0,0,2,2,204,0,4,1,1,0,0,222,205,0,6
326,R,107,H RES 219,2-Aug-2001,2:33 PM,On Agreeing to the Resolution,Providing for consideration of H.R. 2563; Bipartisan Patient Protection Act,Passed,220,0,0,1,1,204,0,5,1,1,0,0,222,205,0,6
327,R,107,ADJOURN,2-Aug-2001,2:51 PM,On Motion to Adjourn,None,Failed,0,211,0,10,55,143,0,12,0,2,0,0,55,356,0,22
328,R,107,H R 2563,2-Aug-2001,6:40 PM,On Agreeing to the Amendment,None,Agreed to,217,2,0,3,18,191,0,1,1,1,0,0,236,194,0,4
329,R,107,H R 2563,2-Aug-2001,8:23 PM,On Agreeing to the Amendment,None,Agreed to,214,6,0,2,3,206,0,1,1,1,0,0,218,213,0,3
330,R,107,H R 2563,2-Aug-2001,9:46 PM,On Agreeing to the Amendment,None,Failed,201,18,0,2,5,202,0,3,1,1,0,0,207,221,0,5
331,R,107,H R 2563,2-Aug-2001,10:18 PM,On Motion to Recommit with Instructions,Bipartisan Patient Protection Act,Failed,3,216,0,3,204,3,0,3,1,1,0,0,208,220,0,6
332,R,107,H R 2563,2-Aug-2001,10:42 PM,On Passage,Bipartisan Patient Protection Act,Passed,220,0,0,2,5,202,0,3,1,1,0,0,226,203,0,5
333,R,107,H R 2291,5-Sep-2001,6:25 PM,"On Motion to Suspend the Rules and Pass, as Amended",Drug Free Communities Support Program Reauthorization Act,Passed,209,1,0,9,191,0,0,19,2,0,0,0,402,1,0,28
334,R,107,H RES 233,5-Sep-2001,6:42 PM,On Motion to Suspend the Rules and Agree,Recognizing the Important Relationship Between the United States and Mexico,Passed,211,0,0,8,194,0,0,16,2,0,0,0,407,0,0,24
335,R,107,H R 2833,6-Sep-2001,2:07 PM,On Passage,To promote freedom and democracy in Viet Nam,Passed,208,1,0,9,200,0,0,10,2,0,0,0,410,1,0,19
336,R,107,H R 1766,10-Sep-2001,6:24 PM,On Motion to Suspend the Rules and Pass,Stan Parris Post Office Building,Passed,185,0,0,33,176,0,0,34,1,0,0,1,362,0,0,68
337,R,107,H R 1761,10-Sep-2001,6:36 PM,"On Motion to Suspend the Rules and Pass, as Amended",Herb Harris Post Office Building,Passed,185,0,0,33,179,0,0,31,1,0,0,1,365,0,0,65
338,R,107,H J RES 61,13-Sep-2001,1:07 AM,On Passage,"Expressing the sense of the Senate and House of Representatives regarding the terrorist attacks launched against the United States on Sept. 11, 2001",Passed,211,0,0,7,195,0,0,15,2,0,0,0,408,0,0,22
339,R,107,H R 2882,13-Sep-2001,12:36 PM,On Passage,"To provide for the expedited payment of certain benefits for a public safety officer who was killed or suffered a catastrophic injury as a direct result of a personal injury sustaned in the line of duty in connection with the terrorist attacks on September 11, 2001",Passed,210,0,0,8,201,0,0,9,2,0,0,0,413,0,0,17
340,R,107,H R 2884,13-Sep-2001,2:55 PM,On Passage,Victims of Terrorism Relief Act of 2001,Passed,214,0,0,4,202,0,0,8,2,0,0,0,418,0,0,12
341,R,107,H R 2888,14-Sep-2001,2:12 PM,On Passage,2001 Emergency Supplemental Appropriations Act for Recovery from and Response to Terrorist Attacks on the United States,Passed,215,0,0,4,205,0,0,5,2,0,0,0,422,0,0,9
342,R,107,H J RES 64,14-Sep-2001,11:17 PM,On Passage,To authorize the use of United States Armed Forces against those responsible for the recent attacks launched against the United States.,Passed,214,0,0,5,204,1,0,5,2,0,0,0,420,1,0,10
343,R,107,H R 2657,20-Sep-2001,12:46 PM,On Motion to Suspend the Rules and Pass,District of Columbia Family Court Act,Passed,208,0,0,10,198,0,0,12,2,0,0,0,408,0,0,22
344,R,107,H R 2904,21-Sep-2001,9:57 AM,On Passage,Military Construction Appropriations for FY 2002,Passed,207,0,0,11,192,0,0,18,2,0,0,0,401,0,0,29
345,R,107,H RES 242,21-Sep-2001,7:15 PM,On Agreeing to the Resolution,Waiving a Requirement of Clause 6(a) of Rule XIII with Respect to Consideration of Certain Resolutions Reported from the Committee on Rules,Passed,209,0,0,9,93,106,0,11,1,1,0,0,303,107,0,20
346,R,107,H RES 244,21-Sep-2001,8:49 PM,On Agreeing to the Resolution,"Providing for the Consideration of H.R. 2926, Air Transportation Safety and System Stabilization Act",Passed,210,1,0,8,74,128,0,8,1,1,0,0,285,130,0,16
347,R,107,H R 2926,21-Sep-2001,10:57 PM,On Motion to Recommit with Instructions,Air Transportaion Safety and System Stabilization Act,Failed,0,208,0,10,173,30,0,7,1,1,0,0,174,239,0,17
348,R,107,H R 2926,21-Sep-2001,11:06 PM,On Passage,Air Transportaion Safety and System Stabilization Act,Passed,201,6,0,11,155,46,2,7,0,2,0,0,356,54,2,18
349,R,107,H R 717,24-Sep-2001,6:36 PM,"On Motion to Suspend the Rules and Pass, as Amended","Muscular Dystrophy Community Assistance, Research and Education Amendments",Passed,194,0,0,24,188,0,0,22,1,0,0,1,383,0,0,47
350,R,107,H J RES 65,24-Sep-2001,6:46 PM,On Passage,"Making continuing appropriations for FY 2002, and for other purposes",Passed,201,0,0,17,190,0,0,20,1,0,0,1,392,0,0,38
351,R,107,H RES 245,25-Sep-2001,11:03 AM,On Agreeing to the Resolution,Providing for consideration of H.R. 2944; District of Columbia Appropriations for F.Y. 2002,Passed,214,3,0,1,21,179,0,10,1,1,0,0,236,183,0,11
352,R,107,H R 2944,25-Sep-2001,1:12 PM,On Agreeing to the Amendment,None,Failed,175,41,0,2,18,184,0,8,1,1,0,0,194,226,0,10
353,R,107,H R 2944,25-Sep-2001,1:55 PM,On Agreeing to the Amendment,None,Failed,13,202,0,3,159,40,0,11,1,1,0,0,173,243,0,14
354,R,107,H R 2944,25-Sep-2001,2:03 PM,On Agreeing to the Amendment,None,Agreed to,207,8,0,3,54,143,0,13,1,1,0,0,262,152,0,16
355,R,107,H R 2944,25-Sep-2001,2:23 PM,On Passage,District of Columbia Appropriations for Fiscal Year 2002,Passed,138,76,0,4,188,11,1,10,1,1,0,0,327,88,1,14
356,R,107,H R 2586,25-Sep-2001,7:46 PM,On Agreeing to the Amendment,None,Agreed to,191,25,0,2,50,147,0,13,1,1,0,0,242,173,0,15
357,R,107,H R 2586,25-Sep-2001,7:56 PM,On Agreeing to the Amendment,None,Failed,32,184,0,2,166,32,0,12,1,1,0,0,199,217,0,14
358,R,107,H R 2586,25-Sep-2001,8:31 PM,On Motion to Recommit with Instructions,Department of Defense Authorization for Fiscal Year 2002,Failed,4,212,0,2,192,8,0,10,1,1,0,0,197,221,0,12
359,R,107,H R 2586,25-Sep-2001,8:42 PM,On Passage,Department of Defense Authorization for Fiscal Year 2002,Passed,213,1,0,4,183,16,0,11,2,0,0,0,398,17,0,15
360,R,107,H R 169,2-Oct-2001,6:24 PM,"On Motion to Suspend the Rules and Pass, as Amended",Notification and Federal Employee Antidiscrimination and Retaliation Act,Passed,213,0,0,5,205,0,0,5,2,0,0,0,420,0,0,10
361,R,107,H J RES 42,2-Oct-2001,6:34 PM,"On Motion to Suspend the Rules and Pass, as Amended","Memorializing fallen firefighters by lowering the American flag to half-staff in honor of the National Fallen Firefighters Memorial Service in Emittsburg, Maryland.",Passed,213,0,0,5,205,0,0,5,2,0,0,0,420,0,0,10
362,R,107,H R 2904,2-Oct-2001,6:46 PM,On Motion to Instruct Conferees,Military Construction Appropriations for FY 2002,Passed,211,1,0,6,204,0,0,6,2,0,0,0,417,1,0,12
363,R,107,H R 2646,3-Oct-2001,2:31 PM,On Agreeing to the Amendment,None,Failed,8,207,1,2,91,115,0,4,1,1,0,0,100,323,1,6
364,R,107,H R 2646,3-Oct-2001,2:40 PM,On Agreeing to the Amendment,None,Agreed to,212,3,0,3,204,2,0,4,2,0,0,0,418,5,0,7
365,R,107,H R 2646,3-Oct-2001,2:51 PM,On Agreeing to the Amendment,None,Failed,65,151,0,2,120,87,0,3,2,0,0,0,187,238,0,5
366,R,107,H R 2646,4-Oct-2001,5:06 PM,On Agreeing to the Amendment,None,Failed,54,161,0,4,145,64,0,1,1,1,0,0,200,226,0,5
367,R,107,H R 2646,4-Oct-2001,7:35 PM,On Agreeing to the Amendment,None,Failed,105,107,0,6,72,130,0,8,0,2,0,0,177,239,0,14
368,R,107,H R 2646,4-Oct-2001,10:49 PM,On Agreeing to the Amendment,None,Failed,60,152,0,6,132,72,0,6,2,0,0,0,194,224,0,12
369,R,107,H R 2646,4-Oct-2001,10:59 PM,On Agreeing to the Amendment,None,Agreed to,59,153,0,6,174,30,0,6,2,0,0,0,235,183,0,12
370,R,107,H R 2646,4-Oct-2001,11:08 PM,On Agreeing to the Amendment,None,Agreed to,119,92,0,7,175,29,0,6,2,0,0,0,296,121,0,13
371,R,107,H R 2646,5-Oct-2001,12:25 PM,On Passage,Farm Security Act,Passed,151,58,0,9,139,61,0,10,1,1,0,0,291,120,0,19
372,R,107,H CON RES 244,9-Oct-2001,6:55 PM,On Motion to Suspend the Rules and Agree,Authorizing the Printing of a Revised Edition of the Publication entitled “Our Flag”,Passed,209,0,0,9,201,0,0,9,2,0,0,0,412,0,0,18
373,R,107,H RES 250,9-Oct-2001,7:03 PM,"On Motion to Suspend the Rules and Agree, as Amended",Urging the Secretary of Energy to Fill the Strategic Petroleum Reserve,Passed,207,2,0,9,200,1,0,9,2,0,0,0,409,3,0,18
374,R,107,H R 1992,10-Oct-2001,1:51 PM,On Agreeing to the Amendment,None,Failed,1,213,0,4,97,113,0,0,1,1,0,0,99,327,0,4
375,R,107,H R 1992,10-Oct-2001,2:10 PM,On Passage,Internet Equity and Education Act,Passed,211,1,0,6,141,69,0,0,2,0,0,0,354,70,0,6
376,R,107,QUORUM,11-Oct-2001,4:52 PM,Call in Committee,None,Passed,0,0,208,10,0,0,202,8,0,0,2,0,0,0,412,18
377,R,107,H R 3061,11-Oct-2001,5:01 PM,On Agreeing to the Amendment,None,Failed,73,142,0,3,2,206,0,2,1,1,0,0,76,349,0,5
378,R,107,H R 3061,11-Oct-2001,7:40 PM,On Agreeing to the Amendment,None,Failed,104,108,0,6,2,203,0,5,1,1,0,0,107,312,0,11
379,R,107,H R 3061,11-Oct-2001,7:48 PM,On Agreeing to the Amendment,None,Failed,97,114,0,7,8,196,0,6,1,1,0,0,106,311,0,13
380,R,107,H R 3061,11-Oct-2001,7:56 PM,On Agreeing to the Amendment,None,Failed,148,63,0,7,7,198,0,5,1,1,0,0,156,262,0,12
381,R,107,H R 3061,11-Oct-2001,8:14 PM,On Passage,Labor-HHS-Education Appropriations for Fiscal Year 2002,Passed,170,41,0,7,201,2,0,7,2,0,0,0,373,43,0,14
382,R,107,H RES 263,12-Oct-2001,12:16 PM,On Agreeing to the Resolution,Waiving the Requirement of Clause 6(e) of Rule XIII with Respect to Consideration of Certain Resolutions Reported from the Committee on Rules,Passed,209,3,0,7,6,201,0,3,1,1,0,0,216,205,0,10
383,R,107,H RES 264,12-Oct-2001,2:00 PM,On Ordering the Previous Question,Providing for consideration of H.R. 2975; To Combat Terrorism,Passed,212,0,0,6,2,206,0,2,1,1,0,0,215,207,0,8
384,R,107,H RES 264,12-Oct-2001,2:18 PM,On Agreeing to the Resolution,Providing for consideration of H.R. 2975; To Combat Terrorism,Passed,210,3,0,6,3,204,0,3,1,1,0,0,214,208,0,9
385,R,107,H R 2975,12-Oct-2001,4:18 PM,On Motion to Recommit with Instructions,To Combat Terrorism,Failed,1,210,0,7,72,133,0,5,0,2,0,0,73,345,0,12
386,R,107,H R 2975,12-Oct-2001,4:26 PM,On Passage,To Combat Terrorism,Passed,207,3,0,9,129,75,1,5,1,1,0,0,337,79,1,14
387,R,107,H CON RES 248,16-Oct-2001,6:59 PM,On Motion to Suspend the Rules and Agree,Expressing the Sense of the Congress that Public Schools May Display the Words “God Bless America” as an Expression of Support for the Nation,Passed,208,0,0,10,194,0,10,6,2,0,0,0,404,0,10,16
388,R,107,H CON RES 217,16-Oct-2001,7:09 PM,"On Motion to Suspend the Rules and Agree, as Amended",Recognizing the Historic Significance of the 50th Anniversary of the Alliance between Australia and the United States under the ANZUS Treaty,Passed,206,1,0,11,205,0,0,5,2,0,0,0,413,1,0,16
389,R,107,H R 2272,16-Oct-2001,7:47 PM,"On Motion to Suspend the Rules and Pass, as Amended",Coral Reef and Coastal Marine Conservation Act,Passed,181,27,0,10,199,5,0,6,2,0,0,0,382,32,0,16
390,R,107,H R 3004,17-Oct-2001,11:28 AM,"On Motion to Suspend the Rules and Pass, as Amended",Financial Anti-Terrorism Act,Passed,210,1,0,7,200,0,0,10,2,0,0,0,412,1,0,17
391,R,107,S 1438,17-Oct-2001,12:05 PM,On Closing Portions of the Conference,National Defense Authorization Act for Fiscal Year 2002,Passed,211,0,0,7,207,0,0,3,2,0,0,0,420,0,0,10
392,R,107,JOURNAL,17-Oct-2001,12:15 PM,On Approving the Journal,None,Passed,191,8,0,19,172,26,0,12,2,0,0,0,365,34,0,31
393,R,107,H R 2217,17-Oct-2001,1:31 PM,On Agreeing to the Conference Report,Interior and Related Agencies Appropriations for FY 2002,Passed,186,24,0,8,193,3,0,14,1,1,0,0,380,28,0,22
394,R,107,H R 2904,17-Oct-2001,1:45 PM,On Agreeing to the Conference Report,Military Construction Appropriations for FY 2002,Passed,207,1,0,10,200,0,0,10,2,0,0,0,409,1,0,20
395,R,107,H R 3086,23-Oct-2001,6:28 PM,"On Motion to Suspend the Rules and Pass, as Amended",Higher Education Relief Opportunities for Students Act,Passed,210,0,0,8,203,0,0,7,2,0,0,0,415,0,0,15
396,R,107,H R 3160,23-Oct-2001,7:04 PM,On Motion to Suspend the Rules and Pass,Bioterrorism Enforcement Act of 2001,Passed,212,0,0,7,205,0,0,6,2,0,0,0,419,0,0,13
397,R,107,H R 2924,23-Oct-2001,7:15 PM,"On Motion to Suspend the Rules and Pass, as Amended",Property Protection Program for Power Marketing Administrations,Passed,211,0,0,8,205,0,0,6,2,0,0,0,418,0,0,14
398,R,107,H R 3162,24-Oct-2001,11:05 AM,On Motion to Suspend the Rules and Pass,To deter and punish terrorist acts in the United States and around the world,Passed,211,3,0,5,145,62,0,4,1,1,0,0,357,66,0,9
399,R,107,JOURNAL,24-Oct-2001,11:17 AM,On Approving the Journal,None,Passed,198,12,0,9,167,36,0,8,2,0,0,0,367,48,0,17
400,R,107,H RES 270,24-Oct-2001,1:00 PM,On Ordering the Previous Question,Providing for the consideration of H.R. 3090; To provide tax incentives for economic recovery,Passed,216,0,0,3,2,206,0,3,1,1,0,0,219,207,0,6
401,R,107,H RES 270,24-Oct-2001,1:09 PM,On Agreeing to the Resolution,Providing for the consideration of H.R. 3090; To provide tax incentives for economic recovery,Passed,214,0,0,5,10,198,0,3,1,1,0,0,225,199,0,8
402,R,107,H R 3090,24-Oct-2001,4:07 PM,On Agreeing to the Amendment,None,Failed,0,217,0,2,165,43,0,3,1,1,0,0,166,261,0,5
403,R,107,H R 3090,24-Oct-2001,4:38 PM,On Motion to Recommit with Instructions,To Provide Tax Incentives for Economic Recovery,Failed,0,218,0,2,198,11,0,2,1,1,0,0,199,230,0,4
404,R,107,H R 3090,24-Oct-2001,4:50 PM,On Passage,To Provide Tax Incentives for Economic Recovery,Passed,212,7,0,1,3,206,0,2,1,1,0,0,216,214,0,3
405,R,107,H J RES 70,25-Oct-2001,11:29 AM,On Passage,Making further continuing appropriations for Fiscal Year 2002,Passed,211,0,0,8,206,0,0,5,2,0,0,0,419,0,0,13
406,R,107,JOURNAL,25-Oct-2001,11:39 AM,On Approving the Journal,None,Passed,194,13,0,12,165,39,0,7,2,0,0,0,361,52,0,19
407,R,107,H J RES 71,25-Oct-2001,1:00 PM,On Passage,"Amending Title 36, United States Code, to designate September 11 as Patriot Day",Passed,202,0,0,17,203,0,0,8,2,0,0,0,407,0,0,25
408,R,107,H CON RES 243,30-Oct-2001,6:24 PM,On Motion to Suspend the Rules and Agree,"Expressing the Sense of Congress that the Public Safety Officer Medal of Valor should be presented to the Public Safety Officers who have perished and those who deserve special recognition for outstanding valor above and beyond the call of duty in the aftermath of the terrorist attacks on September 11, 2001",Passed,206,0,0,13,201,0,0,10,2,0,0,0,409,0,0,23
409,R,107,H R 2559,30-Oct-2001,6:35 PM,On Motion to Suspend the Rules and Pass,Federal Long-Term Care Insurance Amendments Act,Passed,204,1,0,14,200,0,0,11,2,0,0,0,406,1,0,25
410,R,107,H R 2910,30-Oct-2001,6:43 PM,On Motion to Suspend the Rules and Pass,Norman Sisisky Post Office Building Designation Act,Passed,203,0,0,16,200,0,0,11,2,0,0,0,405,0,0,27
411,R,107,H CON RES 233,30-Oct-2001,6:54 PM,On Motion to Suspend the Rules and Agree,"Expressing the Profound Sorrow of the Congress for the Death and Injuries Suffered by the First Responders to the Terrorist Attacks on the World Trade Center and the Pentagon on September 11, 2001",Passed,203,0,0,16,200,0,0,11,2,0,0,0,405,0,0,27
412,R,107,JOURNAL,31-Oct-2001,4:54 PM,On Approving the Journal,None,Passed,193,11,1,14,179,28,0,4,2,0,0,0,374,39,1,18
413,R,107,H R 2590,31-Oct-2001,5:20 PM,On Agreeing to the Conference Report,"Treasury, Postal Service, and General Government Appropriations for FY 2002",Passed,180,35,0,4,158,49,0,4,1,1,0,0,339,85,0,8
414,R,107,H RES 273,31-Oct-2001,5:35 PM,On Agreeing to the Resolution,"Waiving points of order against the conference report to accompany H.R. 2647, Legislative Branch Appropriations for FY 2002",Passed,215,0,0,4,206,0,0,5,2,0,0,0,423,0,0,9
415,R,107,H RES 272,1-Nov-2001,11:16 AM,On Agreeing to the Resolution,Waiving points of order against the conference report to accompany H.R. 2311; Energy and Water Appropriations for F.Y. 2002,Passed,214,0,0,5,205,2,0,4,2,0,0,0,421,2,0,9
416,R,107,H R 2311,1-Nov-2001,12:53 PM,On Agreeing to the Conference Report,Energy and Water Development Appropriations for FY 2002,Passed,203,14,0,2,194,15,0,2,2,0,0,0,399,29,0,4
417,R,107,H R 2647,1-Nov-2001,1:04 PM,On Agreeing to the Conference Report,Legislative Branch Appropriations for Fiscal Year 2002,Passed,183,33,0,3,190,18,0,3,1,1,0,0,374,52,0,6
418,R,107,JOURNAL,1-Nov-2001,1:13 PM,On Approving the Journal,None,Passed,201,10,1,7,177,23,0,11,2,0,0,0,380,33,1,18
419,R,107,H RES 274,1-Nov-2001,3:19 PM,On Ordering the Previous Question,Providing for consideration of H.R. 3150; Aviation Security Act,Passed,215,1,0,3,2,205,0,4,1,1,0,0,218,207,0,7
420,R,107,H RES 274,1-Nov-2001,3:30 PM,On Agreeing to the Amendment,None,Agreed to,216,2,0,1,161,48,0,2,2,0,0,0,379,50,0,3
421,R,107,H R 3150,1-Nov-2001,5:46 PM,On Agreeing to the Amendment,None,Agreed to,210,6,0,3,12,195,0,4,1,1,0,0,223,202,0,7
422,R,107,H R 3150,1-Nov-2001,7:22 PM,On Motion to Rise,Secure Transportation for America Act,Failed,0,208,0,11,11,192,0,8,0,2,0,0,11,402,0,19
423,R,107,H R 3150,1-Nov-2001,7:59 PM,On Agreeing to the Amendment,None,Failed,8,211,0,1,205,6,0,0,1,1,0,0,214,218,0,1
424,R,107,H R 3150,1-Nov-2001,8:32 PM,On Motion to Recommit with Instructions,Secure Transportation for America Act,Failed,0,217,0,3,200,9,0,2,1,1,0,0,201,227,0,5
425,R,107,H R 3150,1-Nov-2001,8:39 PM,On Passage,Secure Transportation for America Act,Passed,211,2,0,7,74,136,0,1,1,1,0,0,286,139,0,8
426,R,107,H R 768,6-Nov-2001,7:14 PM,On Motion to Suspend the Rules and Agree to Senate Amendments,Need-Based Educational Aid Act,Passed,213,0,0,6,185,0,0,26,2,0,0,0,400,0,0,32
427,R,107,H R 1408,6-Nov-2001,7:22 PM,"On Motion to Suspend the Rules and Pass, as Amended",Financial Services Antifraud Network Act,Passed,206,4,0,9,184,0,0,27,2,0,0,0,392,4,0,36
428,R,107,S 1447,6-Nov-2001,7:34 PM,On Motion to Instruct Conferees,Aviation Security Act,Passed,210,0,0,9,185,0,0,26,2,0,0,0,397,0,0,35
429,R,107,H R 2998,7-Nov-2001,10:55 AM,"On Motion to Suspend the Rules and Pass, as Amended",Radio Free Afghanistan Act,Passed,206,2,0,11,197,0,0,14,2,0,0,0,405,2,0,25
430,R,107,H R 852,7-Nov-2001,11:05 AM,On Motion to Suspend the Rules and Pass,Nathaniel R. Jones and Frank J. Battisti Federal Building and United States Courthouse,Passed,210,0,0,9,198,0,0,13,2,0,0,0,410,0,0,22
431,R,107,H R 3167,7-Nov-2001,1:14 PM,On Passage,Gerald B.H. Solomon Freedom Consolidation Act,Passed,190,22,0,7,182,22,0,7,0,2,0,0,372,46,0,14
432,R,107,H CON RES 262,7-Nov-2001,1:24 PM,On Motion to Suspend the Rules and Agree,"Expressing the sense of Congress that the President, at the WTO round of negotiations to be held at Doha, Qatar, from Nov. 9-11, 2001, should preserve the ability of the US to enforce its trade laws and should ensure that US exports are not subject to the abusive use of trade laws by other countries.",Passed,206,3,0,10,202,1,0,8,2,0,0,0,410,4,0,18
433,R,107,JOURNAL,8-Nov-2001,11:06 AM,On Approving the Journal,None,Passed,192,16,1,10,169,31,0,11,2,0,0,0,363,47,1,21
434,R,107,H R 2620,8-Nov-2001,1:37 PM,On Agreeing to the Conference Report,Departments of Veterans Affairs and Housing and Urban Development Appropriations for FY 2002,Passed,199,13,0,7,200,5,0,6,2,0,0,0,401,18,0,13
435,R,107,H R 3061,8-Nov-2001,1:47 PM,On Motion to Instruct Conferees,Labor-HHS-Education Appropriations for Fiscal Year 2002,Passed,165,46,0,8,201,1,0,9,1,1,0,0,367,48,0,17
436,R,107,H R 2330,13-Nov-2001,6:57 PM,On Agreeing to the Conference Report,"Agriculture, Rural Development, Food and Drug Administration, and Related Agencies Appropriations for FY 2002",Passed,184,26,0,9,193,7,0,11,2,0,0,0,379,33,0,20
437,R,107,H R 2541,13-Nov-2001,7:10 PM,"On Motion to Suspend the Rules and Pass, as Amended",To enhance the authorities of special agents and provide limited authorities to uniformed officers responsible for the protection of domestic Department of State occupied facilities.,Passed,208,0,0,11,200,0,0,11,2,0,0,0,410,0,0,22
438,R,107,H R 2500,14-Nov-2001,1:53 PM,On Agreeing to the Conference Report,"Commerce, Justice, and State Appropriations for FY 2002",Passed,201,15,0,3,208,0,0,3,2,0,0,0,411,15,0,6
439,R,107,H CON RES 211,14-Nov-2001,2:02 PM,"On Motion to Suspend the Rules and Agree, as Amended",Commending Daw Aung San Suu Kyi on the 10th anniversary of her receiving the Nobel Peace Prize and expressing the sense of the Congress with respect to the Government of Burma,Passed,214,0,0,5,204,0,0,7,2,0,0,0,420,0,0,12
440,R,107,H CON RES 257,14-Nov-2001,2:12 PM,"On Motion to Suspend the Rules and Agree, as Amended",Expressing the sense of the Congress that the men and women of the United States Postal Service have done an outstanding job of delivering the mail during this time of national emergency.,Passed,212,0,0,7,204,0,0,7,2,0,0,0,418,0,0,14
441,R,107,H R 2269,15-Nov-2001,3:01 PM,On Agreeing to the Amendment,None,Failed,0,214,0,5,179,28,0,4,1,1,0,0,180,243,0,9
442,R,107,H R 2269,15-Nov-2001,3:18 PM,On Passage,Retirement Security Advice Act,Passed,215,0,0,4,64,143,0,4,1,1,0,0,280,144,0,8
443,R,107,H CON RES 228,15-Nov-2001,3:26 PM,"On Motion to Suspend the Rules and Agree, As Amended","Expressing the sense of the Congress that the children who lost one or both parents or guardian in the Sept. 11, 2001, tragedies should be provided with all necessary assistance",Passed,210,0,0,9,206,0,0,5,2,0,0,0,418,0,0,14
444,R,107,H R 2887,15-Nov-2001,3:35 PM,"On Motion to Suspend the Rules and Pass, as Amended",Best Pharmaceuticals for Children Act,Passed,212,3,0,4,125,82,0,4,1,1,0,0,338,86,0,8
445,R,107,H CON RES 239,15-Nov-2001,3:46 PM,On Motion to Suspend the Rules and Agree,"Expressing the sense of Congress that schools in the US should set aside a sufficient period of time to allow children to pray for, or quietly reflect on behalf of, the Nation during this time of struggle against the forces of international terrorism.",Passed,212,3,0,4,84,121,1,5,1,1,0,0,297,125,1,9
446,R,107,H RES 289,16-Nov-2001,10:45 AM,On Agreeing to the Resolution,Providing for consideration of H.R. 3009; Andean Trade Promotion and Drug Eradication Act,Passed,198,15,0,6,27,174,0,10,0,2,0,0,225,191,0,16
447,R,107,H R 3009,16-Nov-2001,12:37 PM,On Motion to Recommit with Instructions,Andean Trade Promotion and Drug Eradication Act,Failed,19,195,0,6,147,55,0,9,2,0,0,0,168,250,0,15
448,R,107,S 1447,16-Nov-2001,2:29 PM,On Agreeing to the Conference Report,Aviation Security Act,Passed,208,9,0,3,200,0,0,11,2,0,0,0,410,9,0,14
449,R,107,H R 1259,27-Nov-2001,7:02 PM,"On Motion to Suspend the Rules and Pass, as Amended",Computer Security Enhancement Act,Passed,195,4,0,20,194,0,0,17,2,0,0,0,391,4,0,37
450,R,107,S CON RES 44,27-Nov-2001,7:11 PM,On Motion to Suspend the Rules and Agree,Resolution expressing the sense of the Congress regarding National Pearl Harbor Remembrance Day.,Passed,197,0,0,22,194,0,0,17,2,0,0,0,393,0,0,39
451,R,107,JOURNAL,28-Nov-2001,11:11 AM,On Approving the Journal,None,Passed,196,13,1,9,174,26,0,11,2,0,0,0,372,39,1,20
452,R,107,H CON RES 77,28-Nov-2001,11:22 AM,On Motion to Suspend the Rules and Agree,Expressing the sense of the Congress regarding the efforts of people of the United States of Korean ancestry to reunite with their family members in North Korea.,Passed,213,0,0,6,205,0,0,6,2,0,0,0,420,0,0,12
453,R,107,H R 2722,28-Nov-2001,11:31 AM,"On Motion to Suspend the Rules and Pass, as Amended",Clean Diamond Trade Act,Passed,204,6,0,9,202,0,0,9,2,0,0,0,408,6,0,18
454,R,107,H RES 296,28-Nov-2001,1:40 PM,On Agreeing to the Resolution,Providing for consideration of H.R. 3338; Department of Defense Appropriations for Fiscal Year 2002,Passed,214,4,1,1,1,206,0,4,1,1,0,0,216,211,1,5
455,R,107,QUORUM,28-Nov-2001,2:28 PM,Call in Committee,None,Passed,0,0,210,9,0,0,197,14,0,0,2,0,0,0,409,23
456,R,107,H R 3338,28-Nov-2001,2:38 PM,On Sustaining the Ruling of the Chair,Department of Defense Appropriations for Fiscal Year 2002,Passed,211,0,0,9,63,140,0,8,1,1,0,0,275,141,0,17
457,R,107,H R 3338,28-Nov-2001,9:36 PM,On Agreeing to the Amendment,None,Failed,14,199,0,6,186,20,0,5,1,1,0,0,201,220,0,11
458,R,107,H R 3338,28-Nov-2001,9:54 PM,On Passage,Department of Defense Appropriations for Fiscal Year 2002,Passed,217,1,0,2,187,19,0,5,2,0,0,0,406,20,0,7
459,R,107,JOURNAL,29-Nov-2001,10:23 AM,On Approving the Journal,None,Passed,192,12,1,14,156,36,0,19,1,0,0,1,349,48,1,34
460,R,107,H RES 297,29-Nov-2001,12:46 PM,On Ordering the Previous Question,"Providing for the consideration of H.R. 3210, Terrorism Risk Protection Act",Passed,217,0,0,3,2,203,0,6,1,1,0,0,220,204,0,9
461,R,107,H RES 297,29-Nov-2001,12:55 PM,On Agreeing to the Resolution,"Providing for the consideration of H.R. 3210, Terrorism Risk Protection Act",Passed,213,1,0,6,2,200,0,9,1,1,0,0,216,202,0,15
462,R,107,H R 3210,29-Nov-2001,3:41 PM,On Agreeing to the Amendment,None,Failed,7,207,0,6,189,14,0,8,1,1,0,0,197,222,0,14
463,R,107,H R 3210,29-Nov-2001,4:18 PM,On Motion to Recommit with Instructions,Terrorism Risk Protection Act,Failed,1,212,0,7,171,30,0,10,1,1,0,0,173,243,0,17
464,R,107,H R 3210,29-Nov-2001,4:37 PM,On Passage,Terrorism Risk Protection Act,Passed,207,9,0,4,19,183,0,9,1,1,0,0,227,193,0,13
465,R,107,H R 2299,30-Nov-2001,10:16 AM,On Agreeing to the Conference Report,Transportation and Related Agencies Appropriations for FY 2002,Passed,189,9,0,22,180,2,0,29,2,0,0,0,371,11,0,51
466,R,107,H R 3323,4-Dec-2001,7:35 PM,"Suspend Rules and Pass, As Amended",Administrative Simplification Compliance Act,Passed,210,0,0,10,198,0,0,13,2,0,0,0,410,0,0,23
467,R,107,H R 3391,4-Dec-2001,7:46 PM,On Motion to Suspend the Rules and Pass,Medicare Regulatory and Contracting Reform Act,Passed,208,0,0,12,198,0,0,13,2,0,0,0,408,0,0,25
468,R,107,S 494,4-Dec-2001,7:54 PM,"Suspend Rules and Pass, As Amended",Zimbabwe Democracy and Economic Recovery Act,Passed,201,8,0,11,194,2,0,15,1,1,0,0,396,11,0,26
469,R,107,H CON RES 242,5-Dec-2001,11:06 AM,On Motion to Suspend the Rules and Agree,Recognizing Radio Free Europe/Radio Liberty’s success in promoting democracy and its continuing contribution to US national interests,Passed,204,1,0,15,198,0,0,13,2,0,0,0,404,1,0,28
470,R,107,H R 3348,5-Dec-2001,11:17 AM,On Motion to Suspend the Rules and Pass,Designating the National Foreign Affairs Training Center as the George P. Shultz National Foreign Affairs Training Center,Passed,208,0,0,12,197,0,2,12,2,0,0,0,407,0,2,24
471,R,107,H CON RES 102,5-Dec-2001,11:25 AM,"On Motion to Suspend the Rules and Agree, as Amended",Hunger to Harvest: Decade of Support for Sub-Saharan Africa Resolution,Passed,199,7,0,14,200,1,0,10,1,1,0,0,400,9,0,24
472,R,107,H RES 298,5-Dec-2001,3:29 PM,On Motion to Suspend the Rules and Agree,Veterans’ Day National Observance,Passed,210,0,0,10,203,0,0,8,2,0,0,0,415,0,0,18
473,R,107,H CON RES 232,5-Dec-2001,3:40 PM,"On Motion to Suspend the Rules and Agree, as Amended",Expressing the sense of the Congress in honoring the crew and passengers of United Airlines Flight 93,Passed,211,0,0,9,202,0,0,9,2,0,0,0,415,0,0,18
474,R,107,H CON RES 280,5-Dec-2001,3:50 PM,On Motion to Suspend the Rules and Agree,Expressing Solidarity with Israel in the Fight Against Terrorism,Passed,206,1,4,9,177,10,16,8,1,0,1,0,384,11,21,17
475,R,107,MOTION,5-Dec-2001,4:11 PM,On Hour of Meeting,None,Passed,203,3,0,14,117,79,0,15,2,0,0,0,322,82,0,29
476,R,107,H RES 305,6-Dec-2001,9:45 AM,On Agreeing to the Resolution,Providing for Consideration of Motions to Suspend the Rules,Passed,194,1,0,25,12,177,0,22,1,1,0,0,207,179,0,47
477,R,107,H R 3008,6-Dec-2001,11:48 AM,"On Motion to Suspend the Rules and Pass, as Amended",To Reauthorize the Trade Assistance Program Under the Trade Act of 1974,Passed,211,2,0,7,207,1,1,2,2,0,0,0,420,3,1,9
478,R,107,H R 3129,6-Dec-2001,11:59 AM,"On Motion to Suspend the Rules and Pass, as Amended",Customs Border Security Act,Failed,211,2,0,7,44,165,0,2,1,1,0,0,256,168,0,9
479,R,107,H RES 306,6-Dec-2001,1:42 PM,On Agreeing to the Resolution,"Providing for the Consideration of H.R. 3005, Bipartisan Trade Promotion Authority Act",Passed,216,0,0,4,7,201,0,3,1,1,0,0,224,202,0,7
480,R,107,H R 3005,6-Dec-2001,3:59 PM,On Motion to Recommit with Instructions,Bipartisan Trade Promotion Authority Act,Failed,0,217,0,4,161,49,0,1,1,1,0,0,162,267,0,5
481,R,107,H R 3005,6-Dec-2001,4:37 PM,On Passage,Bipartisan Trade Promotion Authority Act,Passed,194,23,0,4,21,189,0,1,0,2,0,0,215,214,0,5
482,R,107,H R 2944,6-Dec-2001,5:37 PM,On Agreeing to the Conference Report,District of Columbia Appropriations for Fiscal Year 2002,Passed,121,67,0,32,180,16,0,15,1,1,0,0,302,84,0,47
483,R,107,H CON RES 281,11-Dec-2001,7:13 PM,On Motion to Suspend the Rules and Agree,"Honoring the Ultimate Sacrifice Made by Johnny Michael Spann, the first American Killed in Combat During the War Against Terrorism",Passed,202,0,0,18,197,0,0,14,2,0,0,0,401,0,0,32
484,R,107,H R 3282,11-Dec-2001,7:22 PM,On Motion to Suspend the Rules and Pass,Mike Mansfield Federal Building and U.S. Courthouse Designation Act,Passed,202,0,0,18,197,0,0,14,2,0,0,0,401,0,0,32
485,R,107,H R 10,11-Dec-2001,7:32 PM,Suspend the Rules and Agree to Senate Amendments,Comprehensive Retirement Security and Pension Reform Act,Passed,171,31,0,18,196,2,0,13,2,0,0,0,369,33,0,31
486,R,107,JOURNAL,12-Dec-2001,10:26 AM,On Approving the Journal,None,Passed,193,12,1,14,160,32,0,19,2,0,0,0,355,44,1,33
487,R,107,H RES 311,12-Dec-2001,1:29 PM,On Agreeing to the Resolution,Providing for consideration of H.R. 3295; Help America Vote Act,Passed,206,3,0,11,16,189,0,6,1,1,0,0,223,193,0,17
488,R,107,H R 3295,12-Dec-2001,3:29 PM,On Motion to Recommit with Instructions,Help America Vote Act,Failed,1,214,0,5,195,11,0,5,1,1,0,0,197,226,0,10
489,R,107,H R 3295,12-Dec-2001,3:39 PM,On Passage,Help America Vote Act,Passed,196,20,0,5,165,42,0,4,1,1,0,0,362,63,0,9
490,R,107,H CON RES 282,12-Dec-2001,3:48 PM,On Motion to Suspend the Rules and Agree,Expressing the sense of Congress that the Social Security promise should be kept.,Passed,208,4,0,8,205,1,0,5,2,0,0,0,415,5,0,13
491,R,107,H R 3209,12-Dec-2001,3:57 PM,"On Motion to Suspend the Rules and Pass, as Amended",Anti-Hoax Terrorism Act,Passed,214,0,0,6,207,0,0,4,2,0,0,0,423,0,0,10
492,R,107,H R 1022,12-Dec-2001,4:05 PM,On Passage,Community Recognition Act of 2001,Passed,213,0,0,7,206,0,0,5,1,0,0,1,420,0,0,13
493,R,107,H R 3448,12-Dec-2001,4:14 PM,On Motion to Suspend the Rules and Pass,Public Health Security and Bioterrorism Response Act,Passed,212,2,0,6,204,0,0,7,2,0,0,0,418,2,0,13
494,R,107,H R 3338,12-Dec-2001,5:37 PM,On Motion to Instruct Conferees,Department of Defense Appropriations for Fiscal Year 2002,Passed,171,42,0,7,198,1,0,12,1,1,0,0,370,44,0,19
495,R,107,H R 3338,12-Dec-2001,5:48 PM,On Closing Portions of the Conference,Department of Defense Appropriations for Fiscal Year 2002,Passed,212,0,0,8,193,0,0,18,2,0,0,0,407,0,0,26
496,R,107,S 1438,13-Dec-2001,11:50 AM,On Agreeing to the Conference Report,National Defense Authorization Act for Fiscal Year 2002,Passed,209,6,0,5,171,34,0,6,2,0,0,0,382,40,0,11
497,R,107,H R 1,13-Dec-2001,2:42 PM,On Agreeing to the Conference Report,No Child Left Behind Act,Passed,183,33,0,5,198,6,0,7,0,2,0,0,381,41,0,12
498,R,107,H RES 314,13-Dec-2001,2:54 PM,On Agreeing to the Resolution,Providing for the Consideration of Motions to Suspend the Rules,Passed,205,1,0,14,99,99,0,13,2,0,0,0,306,100,0,27
499,R,107,H R 3379,18-Dec-2001,7:01 PM,On Motion to Suspend the Rules and Pass,Raymond M. Downey Post Office Building,Passed,198,0,0,22,193,0,0,18,2,0,0,0,393,0,0,40
500,R,107,H R 3054,18-Dec-2001,7:12 PM,"On Motion to Suspend the Rules and Pass, as Amended",True American Heroes Act,Passed,196,2,0,22,194,0,0,17,2,0,0,0,392,2,0,39
501,R,107,H R 3275,19-Dec-2001,1:28 PM,"On Motion to Suspend the Rules and Pass, as Amended",Terrorist Bombings Convention Implementation Act,Passed,210,3,0,7,169,33,0,9,2,0,0,0,381,36,0,16
502,R,107,H R 2657,19-Dec-2001,1:40 PM,Suspend the Rules and Agree to Senate Amendment,District of Columbia Family Court Act,Passed,214,1,0,5,202,0,0,9,2,0,0,0,418,1,0,14
503,R,107,H R 2199,19-Dec-2001,1:48 PM,Suspend the Rules and Agree to Senate Amendment,District of Columbia Police Coordination Amendment Act,Passed,214,0,0,6,204,0,0,7,2,0,0,0,420,0,0,13
504,R,107,H R 3061,19-Dec-2001,3:34 PM,On Agreeing to the Conference Report,Labor-HHS-Education Appropriations for Fiscal Year 2002,Passed,188,30,0,3,203,0,0,8,2,0,0,0,393,30,0,11
505,R,107,H R 2506,19-Dec-2001,5:04 PM,On Agreeing to the Conference Report,Foreign Operations Appropriations for Fiscal Year 2002,Passed,159,59,0,3,197,6,0,8,1,1,0,0,357,66,0,11
506,R,107,H RES 319,19-Dec-2001,11:03 PM,On Agreeing to the Resolution,Waiving a requirement of clause 6(a) of rule XIII with respect to consideration of certain resolutions reported from the Committee on Rules,Passed,210,7,0,4,3,198,0,10,1,1,0,0,214,206,0,14
507,R,107,H RES 320,20-Dec-2001,12:34 AM,On Agreeing to the Resolution,Providing for consideration of H.R. 3529; to provide tax incentives for economic recovery and assistance to displaced workers,Passed,215,0,0,7,3,197,0,11,1,1,0,0,219,198,0,18
508,R,107,H R 3529,20-Dec-2001,3:47 AM,On Motion to Recommit with Instructions,Economic Security and Worker Assistance Act,Failed,0,215,0,7,176,22,0,13,1,1,0,0,177,238,0,20
509,R,107,H R 3529,20-Dec-2001,3:54 AM,On Passage,Economic Security and Worker Assistance Act,Passed,214,2,0,6,9,190,0,12,1,1,0,0,224,193,0,18
510,R,107,H R 3338,20-Dec-2001,10:56 AM,On Agreeing to the Conference Report,Department of Defense Appropriations for Fiscal Year 2002,Passed,216,2,0,3,190,4,0,17,2,0,0,0,408,6,0,20
511,R,107,H J RES 75,20-Dec-2001,11:31 AM,"On Motions to Suspend the Rules and Pass, as Amended","Regarding the Monitoring of Weapons Development in Iraq, as Required by United Nations Security Council Resolution 687 (April 3, 1991)",Passed,213,1,2,5,177,11,5,18,2,0,0,0,392,12,7,23
512,R,107,S 1762,20-Dec-2001,11:53 AM,On Motion to Suspend the Rules and Pass,"To establish fixed interest rates for student and parent borrowers, and for other purposes.",Failed,207,3,0,11,49,144,0,18,1,1,0,0,257,148,0,29
