Roll Call,Majority,Congress Num,Legislation Number,Date,Time,Question,Description,Result,Republican Yes,Republican No,Republican Present,Republican Not Voting,Democrat Yes,Democrat No,Democrat Present,Democrat Not Voting,Independent Yes,Independent No,Independent Present,Independent Not Voting,Total Yes,Total No,Total Present,Total Not Voting
1,R,107,QUORUM,23-Jan-2002,12:28 PM,Call of the House,None,Passed,0,0,181,41,0,0,165,46,0,0,1,1,0,0,347,88
2,R,107,H R 700,23-Jan-2002,2:15 PM,On Motion to Suspend the Rules and Agree to Senate Amendment,To reauthorize the Asian Elephant Conservation Act,Passed,169,22,0,30,179,0,0,32,1,1,0,0,349,23,0,62
3,R,107,H R 2234,23-Jan-2002,2:28 PM,"On Motion to Suspend the Rules and Pass, As Amended",Tumacacori National Historical Park Boundary Revision Act,Passed,175,13,0,33,180,0,0,31,1,1,0,0,356,14,0,64
4,R,107,S 1762,24-Jan-2002,11:24 AM,On Passage,Higher Education Act Amendments,Passed,190,3,0,28,180,0,0,31,2,0,0,0,372,3,0,59
5,R,107,H RES 335,29-Jan-2002,5:28 PM,On Motion to Suspend Rules and Agree,A resolution honoring the contributions of Catholic Schools.,Passed,197,0,1,23,189,0,0,22,2,0,0,0,388,0,1,45
6,R,107,H R 577,5-Feb-2002,6:53 PM,"On Motion to Suspend the Rules and Pass, as amended",To require any organization that is established for the purpose of raising funds for the creation of a Presidential archival depository to disclose the sources and amounts of any funds raised.,Passed,203,2,0,16,187,1,0,23,2,0,0,0,392,3,0,39
7,R,107,S 970,5-Feb-2002,7:01 PM,On Motion to Suspend the Rules and Pass,"Designating the facility of the US Postal Service located at 39 Tremont Street, Paris Hill, Maine, as the Horatio King Post Office Building.",Passed,202,0,0,19,190,0,0,21,2,0,0,0,394,0,0,40
8,R,107,H RES 342,6-Feb-2002,11:57 AM,On Ordering the Previous Question,Providing for the Consideration of Motions to Suspend the Rules,Passed,211,0,0,10,0,203,0,8,1,1,0,0,212,204,0,18
9,R,107,S 1888,6-Feb-2002,12:08 PM,On Motion to Suspend the Rules and Pass,Correct a Technical Error in the Codification of Title 36 of the United States Code,Passed,210,0,0,11,201,0,0,10,2,0,0,0,413,0,0,21
10,R,107,H CON RES 312,6-Feb-2002,1:28 PM,On Motion to Suspend the Rules and Agree,Expressing the sense of the House of Representatives that the scheduled Tax Relief Provided by the Economic Growth and Tax Relief Reconciliation Act of 2001 passed by a Bipartisan Majority in Congress should not be suspended or repealed,Failed,208,1,0,12,26,179,0,6,1,1,0,0,235,181,0,18
11,R,107,H J RES 82,6-Feb-2002,2:48 PM,On Motion to Suspend the Rules and Pass,Recognizing the 91st birthday of Ronald Reagan,Passed,207,0,0,15,200,0,4,7,1,0,0,1,408,0,4,23
12,R,107,H RES 343,7-Feb-2002,10:47 AM,On Agreeing to the Resolution,Providing for consideration of H.R. 3394; Cyber Security Research and Development Act,Passed,198,0,0,23,193,0,0,18,1,0,0,1,392,0,0,42
13,R,107,H R 3394,7-Feb-2002,11:52 AM,On Passage,Cyber Security Research and Development Act,Passed,198,12,0,11,200,0,0,11,2,0,0,0,400,12,0,22
14,R,107,JOURNAL,7-Feb-2002,12:06 PM,On Approving the Journal,None,Passed,190,10,1,20,171,23,0,17,2,0,0,0,363,33,1,37
15,R,107,H R 2998,12-Feb-2002,7:06 PM,On Motion to Suspend the Rules and Agree to Senate Amendment,Radio Free Afghanistan Act,Passed,212,2,0,7,207,0,0,4,2,0,0,0,421,2,0,11
16,R,107,H R 3699,12-Feb-2002,7:16 PM,On Motion to Suspend the Rules and Pass,To revise certain grants for continuum of care assistance for homeless individual and families,Passed,212,0,0,9,207,0,0,4,2,0,0,0,421,0,0,13
17,R,107,JOURNAL,13-Feb-2002,10:27 AM,On Approving the Journal,None,Passed,198,13,0,10,179,27,0,5,1,0,0,1,378,40,0,16
18,R,107,ADJOURN,13-Feb-2002,10:47 AM,On Motion to Adjourn,None,Failed,11,197,0,13,2,206,0,3,0,2,0,0,13,405,0,16
19,R,107,H R 2356,13-Feb-2002,1:23 PM,On Agreeing to the Amendment,None,Failed,174,44,0,3,4,204,0,3,1,1,0,0,179,249,0,6
20,R,107,H R 2356,13-Feb-2002,2:43 PM,On Agreeing to the Amendment,None,Failed,51,169,0,1,2,206,0,3,0,2,0,0,53,377,0,4
21,R,107,H R 2356,13-Feb-2002,4:07 PM,On Agreeing to the Amendment,None,Agreed to,39,180,0,2,200,10,0,1,1,1,0,0,240,191,0,3
22,R,107,H R 2356,13-Feb-2002,5:00 PM,On Agreeing to the Amendment,None,Failed,182,33,1,6,5,203,0,3,1,1,0,0,188,237,1,9
23,R,107,H R 2356,13-Feb-2002,5:50 PM,On Agreeing to the Amendment,None,Agreed to,207,11,0,3,119,89,0,3,1,1,0,0,327,101,0,6
24,R,107,H R 2356,13-Feb-2002,6:47 PM,On Agreeing to the Amendment,None,Failed,187,31,0,4,21,187,0,3,1,1,0,0,209,219,0,7
25,R,107,H R 2356,13-Feb-2002,7:36 PM,On Agreeing to the Amendment,None,Failed,182,32,0,7,2,204,0,5,1,1,0,0,185,237,0,12
26,R,107,H R 2356,13-Feb-2002,8:36 PM,On Agreeing to the Amendment,Bipartisan Campaign Reform Act,Failed,191,26,0,5,8,201,0,2,1,1,0,0,200,228,0,7
27,R,107,H R 2356,13-Feb-2002,9:25 PM,On Agreeing to the Amendment,None,Failed,183,33,0,5,7,203,0,1,1,1,0,0,191,237,0,6
28,R,107,H R 2356,13-Feb-2002,10:12 PM,On Agreeing to the Amendment,None,Agreed to,201,16,0,5,17,193,0,1,0,2,0,0,218,211,0,6
29,R,107,H R 2356,13-Feb-2002,11:00 PM,On Agreeing to the Amendment,None,Failed,180,38,0,4,4,205,0,2,1,1,0,0,185,244,0,6
30,R,107,H R 2356,13-Feb-2002,11:56 PM,On Agreeing to the Amendment,None,Failed,157,59,0,5,2,208,0,1,1,1,0,0,160,268,0,6
31,R,107,H R 2356,14-Feb-2002,12:43 AM,On Agreeing to the Amendment,None,Failed,188,28,0,6,1,209,0,1,1,1,0,0,190,238,0,7
32,R,107,H R 2356,14-Feb-2002,1:32 AM,On Agreeing to the Amendment,None,Agreed to,214,2,0,6,16,194,0,1,2,0,0,0,232,196,0,7
33,R,107,H R 2356,14-Feb-2002,2:18 AM,On Agreeing to the Amendment,None,Failed,172,45,0,5,8,202,0,1,1,1,0,0,181,248,0,6
34,R,107,H R 2356,14-Feb-2002,2:42 AM,On Passage,Bipartisan Campaign Reform Act,Passed,41,176,0,5,198,12,0,1,1,1,0,0,240,189,0,6
35,R,107,JOURNAL,14-Feb-2002,10:27 AM,On Approving the Journal,None,Passed,179,21,1,21,162,30,0,19,1,0,0,1,342,51,1,41
36,R,107,H RES 347,14-Feb-2002,12:18 PM,On Ordering the Previous Question,"Providing for the Consideration of the Senate Amendments to H.R. 622, To Amend the Internal Revenue Code of 1986 to Expand the Adoption Credit, and for other purposes",Passed,215,0,0,6,0,206,0,5,1,1,0,0,216,207,0,11
37,R,107,H RES 347,14-Feb-2002,12:30 PM,On Agreeing to the Resolution,"Providing for the Consideration of the Senate Amendments to H.R. 622, To Amend the Internal Revenue Code of 1986 to Expand the Adoption Credit, and for other purposes",Passed,212,0,0,9,0,205,0,6,1,1,0,0,213,206,0,15
38,R,107,H R 622,14-Feb-2002,2:18 PM,On motion to agree to Senate amendments with amendments,Adoption Credit Expansion,Passed,214,1,0,7,10,197,0,4,1,1,0,0,225,199,0,11
39,R,107,H R 1892,26-Feb-2002,6:57 PM,On Motion to Suspend the Rules and Agree to Senate Amendment,Family Sponsor Immigration Act,Passed,209,2,0,9,194,0,0,17,1,1,0,0,404,3,0,26
40,R,107,H CON RES 304,26-Feb-2002,7:06 PM,"On Motion to Suspend the Rules and Agree, As Amended","Expressing sympathy to the people of the Democratic Republic of the Congo who were tragically affected by the eruption of the Nyriagongo volcano on January 17, 2002.",Passed,210,1,0,9,193,0,0,18,2,0,0,0,405,1,0,27
41,R,107,JOURNAL,27-Feb-2002,10:32 AM,On Approving the Journal,None,Passed,187,15,1,17,166,33,0,12,2,0,0,0,355,48,1,29
42,R,107,H RES 350,27-Feb-2002,12:15 PM,On Agreeing to the Resolution,Providing for consideration of H.R. 1542; Internet Freedom and Broadband Deployment Act,Passed,194,20,0,7,88,120,0,3,0,2,0,0,282,142,0,10
43,R,107,H R 1542,27-Feb-2002,3:18 PM,On Agreeing to the Amendment,None,Agreed to,211,7,0,3,208,0,0,3,2,0,0,0,421,7,0,6
44,R,107,H R 1542,27-Feb-2002,4:14 PM,On Ordering the Previous Question,Internet Freedom and Broadband Deployment Act,Failed,62,157,0,2,109,99,0,3,2,0,0,0,173,256,0,5
45,R,107,H R 1542,27-Feb-2002,4:54 PM,On Passage,Internet Freedom and Broadband Deployment Act,Passed,156,63,0,2,117,92,0,2,0,2,0,0,273,157,0,4
46,R,107,H R 3448,28-Feb-2002,11:14 AM,On Motion to Instruct Conferees,Bioterrorism Response Act,Passed,213,0,0,8,197,0,0,14,2,0,0,0,412,0,0,22
47,R,107,H CON RES 305,5-Mar-2002,6:29 PM,"On Motion to Suspend the Rules and Agree, as Amended",Permitting the Use of the Rotunda of the Capitol for a Ceremony to Present a Gold Medal on Behalf of Congress to Former President Ronald Reagan and his Wife Nancy Reagan,Passed,205,0,0,16,185,0,0,26,2,0,0,0,392,0,0,42
48,R,107,JOURNAL,6-Mar-2002,10:51 AM,On Approving the Journal,None,Passed,193,16,1,11,157,27,0,27,2,0,0,0,352,43,1,38
49,R,107,H RES 354,6-Mar-2002,12:22 PM,On Ordering the Previous Question,Providing for consideration of motions to suspend the rules,Passed,216,0,0,5,1,190,0,20,1,1,0,0,218,191,0,25
50,R,107,S J RES 32,6-Mar-2002,2:50 PM,On Motion to Suspend the Rules and Pass,"Congratulating the United States Military Academy at West Point on its Bicentennial Anniversary, and Commending its Outstanding Contributions to the Nation",Passed,214,0,0,7,192,1,0,18,1,0,0,1,407,1,0,26
51,R,107,H RES 360,7-Mar-2002,11:02 AM,On Ordering the Previous Question,Providing for consideration of Senate Amendment to H.R. 3090; Job Creation and Worker Assistance Act,Passed,212,0,0,9,4,191,0,16,1,1,0,0,217,192,0,25
52,R,107,H R 3090,7-Mar-2002,12:46 PM,On Agreeing to Senate Amendment with an Amendment,Job Creation and Worker Assistance Act,Passed,218,0,0,4,197,3,0,11,2,0,0,0,417,3,0,15
53,R,107,H RES 365,12-Mar-2002,6:58 PM,On Motion to Suspend the Rules and Agree,Providing for the concurrence by the House with amendments in the amendment of the Senate to H.R. 1885.,Passed,92,123,0,6,182,13,0,16,1,1,0,0,275,137,0,22
54,R,107,JOURNAL,13-Mar-2002,10:43 AM,On Approving the Journal,None,Passed,187,15,1,18,166,30,0,15,2,0,0,0,355,45,1,33
55,R,107,H RES 367,13-Mar-2002,12:19 PM,On Ordering the Previous Question,Providing for consideration of H.R. 2341; Class Action Fairness Act,Passed,214,0,0,7,6,197,0,8,1,1,0,0,221,198,0,15
56,R,107,H R 2341,13-Mar-2002,3:27 PM,On Agreeing to the Amendment,None,Failed,1,220,0,0,172,30,0,9,1,1,0,0,174,251,0,9
57,R,107,H R 2341,13-Mar-2002,3:36 PM,On Agreeing to the Amendment,None,Failed,1,220,0,0,192,10,0,9,1,1,0,0,194,231,0,9
58,R,107,H R 2341,13-Mar-2002,3:44 PM,On Agreeing to the Amendment,None,Failed,7,213,0,1,194,9,0,8,1,1,0,0,202,223,0,9
59,R,107,H R 2341,13-Mar-2002,5:19 PM,On Agreeing to the Amendment,None,Failed,3,218,0,0,173,29,0,9,1,1,0,0,177,248,0,9
60,R,107,H R 2341,13-Mar-2002,5:28 PM,On Agreeing to the Amendment,None,Failed,3,218,0,0,187,15,0,9,1,1,0,0,191,234,0,9
61,R,107,H R 2341,13-Mar-2002,6:02 PM,On Motion to Recommit with Instructions,Class Action Fairness Act,Failed,0,221,0,0,190,13,0,8,1,1,0,0,191,235,0,8
62,R,107,H R 2341,13-Mar-2002,6:12 PM,On Passage,Class Action Fairness Act,Passed,215,5,0,1,17,184,0,10,1,1,0,0,233,190,0,11
63,R,107,H R 2146,14-Mar-2002,12:25 PM,On Agreeing to the Amendment,None,Agreed to,64,155,0,2,194,5,0,12,1,1,0,0,259,161,0,14
64,R,107,H R 2146,14-Mar-2002,12:44 PM,On Passage,Two Strikes and Your Out Child Protection Act,Passed,218,0,0,3,162,34,0,15,2,0,0,0,382,34,0,18
65,R,107,JOURNAL,19-Mar-2002,6:54 PM,On Approving the Journal,None,Passed,195,14,1,11,166,30,0,15,2,0,0,0,363,44,1,26
66,R,107,H RES 368,19-Mar-2002,7:05 PM,On Motion to Suspend the Rules and Agree,"Commending the great work that the Pentagon Renovation Program and its contractors have completed thus far, in reconstructing the portion of the Pentagon that was destroyed by the terrorist attack of September 11, 2001",Passed,212,0,0,9,199,0,0,12,2,0,0,0,413,0,0,21
67,R,107,H R 2509,19-Mar-2002,7:15 PM,"On Motion to Suspend the Rules and Pass, as Amended",Bureau of Engraving and Printing Security Printing Amendments Act,Passed,204,10,0,7,198,0,0,13,1,1,0,0,403,11,0,20
68,R,107,H R 2804,19-Mar-2002,7:26 PM,On Motion to Suspend the Rules and Pass,James R. Browning United States Courthouse,Passed,209,1,0,11,192,0,0,19,2,0,0,0,403,1,0,30
69,R,107,JOURNAL,20-Mar-2002,10:24 AM,On Approving the Journal,None,Passed,195,15,1,10,154,40,0,17,2,0,0,0,351,55,1,27
70,R,107,H RES 339,20-Mar-2002,10:47 AM,"On Motion to Suspend the Rules and Agree, as Amended","Urging the Government of Ukraine to Ensure a Democratic, Transparent, and Fair Election Process Leading Up to the March 31, 2002 Parliamentary Elections",Passed,210,1,0,10,197,0,0,14,1,0,0,1,408,1,0,25
71,R,107,H R 3924,20-Mar-2002,12:25 PM,On Passage,Freedom to Telecommute Act,Passed,216,0,0,5,203,0,0,8,2,0,0,0,421,0,0,13
72,R,107,H RES 371,20-Mar-2002,12:36 PM,On Motion to Suspend the Rules and Agree,Expressing the sense of the House of Representatives regarding Women’s History Month,Passed,217,0,0,4,204,0,0,7,2,0,0,0,423,0,0,11
73,R,107,ADJOURN,20-Mar-2002,12:56 PM,On Motion to Adjourn,None,Failed,1,209,1,10,75,127,0,9,1,1,0,0,77,337,1,19
74,R,107,ADJOURN,20-Mar-2002,1:16 PM,On Motion to Adjourn,None,Failed,0,207,0,14,71,125,0,15,1,1,0,0,72,333,0,29
75,R,107,H RES 372,20-Mar-2002,2:57 PM,On Ordering the Previous Question,Providing for consideration of H.Con.Res. 353; Budget Resolution for Fiscal Year 2003,Passed,219,0,0,2,1,205,0,5,1,1,0,0,221,206,0,7
76,R,107,H RES 372,20-Mar-2002,3:07 PM,Table Motion to Reconsider,Providing for consideration of H.Con.Res. 353; Budget Resolution for Fiscal Year 2003,Passed,219,0,0,2,2,205,0,4,1,1,0,0,222,206,0,6
77,R,107,H RES 372,20-Mar-2002,3:18 PM,On Agreeing to the Resolution,Providing for consideration of H.Con.Res. 353; Budget Resolution for Fiscal Year 2003,Passed,221,0,0,0,0,205,0,6,1,1,0,0,222,206,0,6
78,R,107,H RES 372,20-Mar-2002,3:38 PM,Table Motion to Reconsider,Providing for consideration of H.Con.Res. 353; Budget Resolution for Fiscal Year 2003,Passed,212,0,0,9,0,205,0,6,1,1,0,0,213,206,0,15
79,R,107,H CON RES 353,20-Mar-2002,7:55 PM,On Agreeing to the Resolution,Congressional Budget Resolution,Passed,219,2,0,1,1,206,0,4,1,1,0,0,221,209,0,5
80,R,107,JOURNAL,9-Apr-2002,7:09 PM,On Approving the Journal,None,Passed,187,15,1,18,172,28,0,11,2,0,0,0,361,43,1,29
81,R,107,H RES 377,9-Apr-2002,7:19 PM,On Motion to Suspend the Rules and Agree,Recognizing the Ellis Island Medal of Honor and commending the National Ethnic Coalition of Organizations.,Passed,205,0,0,16,196,0,0,15,2,0,0,0,403,0,0,31
82,R,107,H R 3958,9-Apr-2002,7:29 PM,"On Motion to Suspend the Rules and Pass, as Amended",Bear River Migratory Bird Refuge Settlement Act,Passed,196,6,0,19,199,0,0,12,1,0,0,1,396,6,0,32
83,R,107,H R 3925,10-Apr-2002,12:39 PM,On Agreeing to the Amendment,None,Failed,1,214,0,6,202,4,0,5,1,1,0,0,204,219,0,11
84,R,107,H RES 363,10-Apr-2002,1:00 PM,"On Motion to Suspend the Rules and Agree, as Amended","Congratulating the people of Utah, the Salt Lake Organizing Committee and the athletes of the world for a successful and inspiring 2002 Olympic Winter Games",Passed,214,0,0,7,209,0,0,2,2,0,0,0,425,0,0,9
85,R,107,H R 3991,10-Apr-2002,1:15 PM,"On Motion to Suspend the Rules and Pass, as Amended",Taxpayer Protection and IRS Accountability Act,Failed,189,25,1,6,15,193,0,3,1,1,0,0,205,219,1,9
86,R,107,H R 2646,10-Apr-2002,2:44 PM,On Motion to Instruct Conferees,Farm Security Act,Passed,216,3,0,2,206,0,0,5,2,0,0,0,424,3,0,7
87,R,107,H RES 386,11-Apr-2002,11:50 AM,On Ordering the Previous Question,"Providing for the Consideration of H.R. 3762, Pension Security Act",Passed,217,0,0,4,0,207,0,4,1,1,0,0,218,208,0,8
88,R,107,H RES 386,11-Apr-2002,11:59 AM,On Agreeing to the Resolution,"Providing for the Consideration of H.R. 3762, Pension Security Act",Passed,214,1,0,6,0,207,0,4,1,1,0,0,215,209,0,10
89,R,107,JOURNAL,11-Apr-2002,12:10 PM,On Approving the Journal,None,Passed,203,8,1,9,155,48,0,8,2,0,0,0,360,56,1,17
90,R,107,H R 3762,11-Apr-2002,3:48 PM,On Agreeing to the Amendment,None,Failed,1,209,0,11,185,22,0,4,1,1,0,0,187,232,0,15
91,R,107,H R 3762,11-Apr-2002,4:16 PM,On Motion to Recommit with Instructions,Pension Security Act,Failed,0,209,0,13,203,2,0,6,1,1,0,0,204,212,0,19
92,R,107,H R 3762,11-Apr-2002,4:25 PM,On Passage,Pension Security Act,Passed,208,2,0,12,46,160,0,5,1,1,0,0,255,163,0,17
93,R,107,H R 1374,16-Apr-2002,6:57 PM,On Motion to Suspend the Rules and Pass,Philip E. Ruppe Post Office Building Designation Act,Passed,208,0,0,13,198,0,0,13,2,0,0,0,408,0,0,26
94,R,107,H R 4156,16-Apr-2002,7:06 PM,"On Motion to Suspend the Rules and Pass, as Amended",Clergy Housing Allowance Clarification Act,Passed,207,0,0,14,199,0,0,12,2,0,0,0,408,0,0,26
95,R,107,H R 4167,16-Apr-2002,7:15 PM,On Motion to Suspend the Rules and Pass,Family Farmer Bankruptcy Extension Act,Passed,207,3,0,11,198,0,0,13,2,0,0,0,407,3,0,24
96,R,107,H R 476,17-Apr-2002,1:44 PM,On Motion to Recommit with Instructions,Child Custody Protection Act,Failed,12,203,0,6,160,42,0,9,1,1,0,0,173,246,0,15
97,R,107,H R 476,17-Apr-2002,1:54 PM,On Passage,Child Custody Protection Act,Passed,201,14,0,6,58,146,0,7,1,1,0,0,260,161,0,13
98,R,107,JOURNAL,17-Apr-2002,2:02 PM,On Approving the Journal,None,Passed,199,12,0,10,160,39,0,12,2,0,0,0,361,51,0,22
99,R,107,JOURNAL,18-Apr-2002,10:55 AM,On Approving the Journal,None,Passed,199,17,0,5,168,35,0,8,2,0,0,0,369,52,0,13
100,R,107,H R 2646,18-Apr-2002,11:05 AM,On Motion to Instruct Conferees,Farm Security Act,Passed,113,103,0,5,151,54,0,6,1,1,0,0,265,158,0,11
101,R,107,H RES 390,18-Apr-2002,12:48 PM,On Ordering the Previous Question,"Providing for the Consideration of the Senate Amendment to H.R. 586, Fairness for Foster Care Families Act",Passed,218,0,0,3,0,205,0,6,1,1,0,0,219,206,0,9
102,R,107,H RES 390,18-Apr-2002,12:58 PM,On Agreeing to the Resolution,"Providing for the Consideration of the Senate Amendment to H.R. 586, Fairness for Foster Care Families Act",Passed,217,0,0,4,0,204,0,7,1,1,0,0,218,205,0,11
103,R,107,H R 586,18-Apr-2002,2:50 PM,On Motion to Agree to the Senate Amendment with an Amendment,Fairness for Foster Care Families Act,Passed,219,1,0,2,9,196,0,6,1,1,0,0,229,198,0,8
104,R,107,H R 3839,23-Apr-2002,6:58 PM,"On Motion to Suspend the Rules and Pass, as Amended",Keeping Children and Families Safe Act,Passed,208,5,0,8,201,0,0,10,2,0,0,0,411,5,0,18
105,R,107,H R 2646,23-Apr-2002,7:07 PM,On Motion to Instruct Conferees,Farm Security Act,Passed,92,121,0,8,180,21,0,10,1,1,0,0,273,143,0,18
106,R,107,H R 2646,23-Apr-2002,7:16 PM,On Motion to Instruct Conferees,Farm Security Act,Passed,47,165,0,9,196,5,0,10,1,1,0,0,244,171,0,19
107,R,107,H R 3763,24-Apr-2002,1:33 PM,On Agreeing to the Amendment,None,Failed,0,213,0,8,38,167,0,6,1,1,0,0,39,381,0,14
108,R,107,H R 3763,24-Apr-2002,2:40 PM,On Agreeing to the Amendment,None,Failed,1,214,0,6,200,4,0,7,1,1,0,0,202,219,0,13
109,R,107,H R 3763,24-Apr-2002,3:13 PM,On Motion to Recommit with Instructions,Corporate and Auditing Accountability and Responsibility Act,Failed,0,218,0,3,204,3,0,4,1,1,0,0,205,222,0,7
110,R,107,H R 3763,24-Apr-2002,3:24 PM,On Passage,Corporate and Auditing Accountability and Responsibility Act,Passed,214,2,0,5,119,87,0,5,1,1,0,0,334,90,0,10
111,R,107,H RES 396,25-Apr-2002,11:33 AM,On Ordering the Previous Question,Providing for consideration of H.R. 3231; Immigration Reform and Accountability Act,Passed,219,0,0,2,164,36,0,11,1,0,0,1,384,36,0,14
112,R,107,H RES 396,25-Apr-2002,11:43 AM,On Agreeing to the Resolution,Providing for consideration of H.R. 3231; Immigration Reform and Accountability Act,Passed,212,5,0,4,175,28,0,8,1,1,0,0,388,34,0,12
113,R,107,JOURNAL,25-Apr-2002,11:52 AM,On Approving the Journal,None,Passed,202,12,1,6,168,35,0,8,2,0,0,0,372,47,1,14
114,R,107,H R 3231,25-Apr-2002,2:46 PM,On Agreeing to the Amendment,None,Failed,141,75,0,5,3,196,0,12,1,1,0,0,145,272,0,17
115,R,107,H R 3231,25-Apr-2002,2:55 PM,On Agreeing to the Amendment,None,Failed,82,133,0,6,23,177,0,11,0,2,0,0,105,312,0,17
116,R,107,H R 3231,25-Apr-2002,3:13 PM,On Passage,Immigration Reform and Accountability Act,Passed,215,1,0,6,189,7,0,15,1,1,0,0,405,9,0,21
117,R,107,H R 169,30-Apr-2002,6:59 PM,Suspend the Rules and Agree to Senate Amendments,Notification and Federal Employee Antidiscrimination and Reataliation Act,Passed,210,0,0,11,200,0,0,11,2,0,0,0,412,0,0,22
118,R,107,S 2248,30-Apr-2002,7:08 PM,On Motion to Suspend the Rules and Pass,"To Extend the Authority of the Export-Import Bank until May 31, 2002",Passed,167,42,0,12,151,48,0,12,0,2,0,0,318,92,0,24
119,R,107,H CON RES 386,30-Apr-2002,7:19 PM,On Motion to Suspend the Rules and Agree,Supporting a National Charter Schools Week,Passed,208,0,0,13,194,3,2,12,2,0,0,0,404,3,2,25
120,R,107,H R 2871,1-May-2002,1:22 PM,On Agreeing to the Amendment,None,Failed,22,192,0,7,111,91,0,9,2,0,0,0,135,283,0,16
121,R,107,H R 2215,1-May-2002,2:54 PM,On Motion to Instruct Conferees,"To authorize appropriations for the Department of Justice for fiscal year 2002, and for other purposes.",Passed,212,3,0,6,202,0,0,9,2,0,0,0,416,3,0,15
122,R,107,H R 2646,2-May-2002,1:03 PM,On Motion to Recommit with Instructions,Farm Security Act,Failed,51,164,0,6,121,85,0,5,0,2,0,0,172,251,0,11
123,R,107,H R 2646,2-May-2002,1:11 PM,On Agreeing to the Conference Report,Farm Security Act,Passed,141,73,0,7,137,68,0,6,2,0,0,0,280,141,0,13
124,R,107,H RES 404,2-May-2002,2:50 PM,On Ordering the Previous Question,Providing for consideration of motions to suspend the rules.,Passed,202,3,0,16,125,78,0,8,1,1,0,0,328,82,0,24
125,R,107,H RES 404,2-May-2002,3:00 PM,On Agreeing to the Resolution,Providing for consideration of motions to suspend the rules.,Passed,199,2,0,20,129,73,0,9,1,1,0,0,329,76,0,29
126,R,107,H RES 392,2-May-2002,4:53 PM,"On Motion to Suspend the Rules and Agree, as Amended",Expressing Solidarity with Israel in its Fight Against Terrorism,Passed,194,4,2,21,157,17,26,11,1,0,1,0,352,21,29,32
127,R,107,H R 2911,7-May-2002,6:57 PM,On Motion to Suspend the Rules and Pass,"Designating the Federal Building located at 5100 Paint Branch Parkway in College Park, Maryland, as the Harvey W. Wiley Federal Building",Passed,208,0,0,13,192,0,0,19,2,0,0,0,402,0,0,32
128,R,107,H CON RES 271,7-May-2002,7:06 PM,On Motion to Suspend the Rules and Agree,Sense of Congress Supporting the National Importance of Health Care Coverage Month,Passed,207,1,1,12,193,0,0,18,2,0,0,0,402,1,1,30
129,R,107,H RES 414,8-May-2002,11:40 AM,On Ordering the Previous Question,Providing for the disposition of H.J.Res. 84; Disapproval of the Actions taken by the President Under Sec. 203 of the Trade Act,Passed,214,2,0,5,140,59,0,12,1,1,0,0,355,62,0,17
130,R,107,H RES 414,8-May-2002,11:51 AM,On Agreeing to the Resolution,Providing for the disposition of H.J.Res. 84; Disapproval of the Actions taken by the President Under Sec. 203 of the Trade Act,Passed,202,12,1,6,182,18,0,11,2,0,0,0,386,30,1,17
131,R,107,H R 3525,8-May-2002,12:01 PM,On Motion to Suspend the Rules and Agree to Senate Amendments,Enhanced Border Security and Visa Entry Reform Act,Passed,212,0,1,8,198,0,1,12,1,0,0,1,411,0,2,21
132,R,107,H J RES 87,8-May-2002,12:47 PM,On Consideration of the Resolution,Yucca Mountain Repository Site Approval Act,Passed,201,12,0,8,106,92,0,13,1,1,0,0,308,105,0,21
133,R,107,H J RES 87,8-May-2002,3:45 PM,On Passage,Yucca Mountain Repository Site Approval Act,Passed,203,13,0,6,102,103,0,6,1,1,0,0,306,117,0,12
134,R,107,ADJOURN,9-May-2002,11:39 AM,On Motion to Adjourn,None,Failed,1,209,0,11,43,155,0,13,0,2,0,0,44,366,0,24
135,R,107,H RES 415,9-May-2002,12:57 PM,On Ordering the Previous Question,Providing for consideration of H.R. 4546; Department of Defense Authorization for F.Y. 2003,Passed,214,1,0,6,0,200,0,11,1,1,0,0,215,202,0,17
136,R,107,H RES 415,9-May-2002,1:15 PM,On Agreeing to the Resolution,Providing for consideration of H.R. 4546; Department of Defense Authorization for F.Y. 2003,Passed,209,6,0,6,6,193,0,12,1,1,0,0,216,200,0,18
137,R,107,ADJOURN,9-May-2002,1:32 PM,On Motion to Adjourn,None,Failed,1,211,0,9,34,162,0,15,0,2,0,0,35,375,0,24
138,R,107,H R 4546,9-May-2002,3:35 PM,On Motion that the Committee Rise,Department of Defense Authorization Act for FY 2003,Failed,1,206,0,14,50,148,0,13,0,2,0,0,51,356,0,27
139,R,107,H R 4546,9-May-2002,4:15 PM,On Motion that the Committee Rise,Department of Defense Authorization Act for FY 2003,Failed,3,200,0,18,46,150,0,15,0,2,0,0,49,352,0,33
140,R,107,H R 4546,9-May-2002,5:19 PM,On Motion that the Committee Rise,Department of Defense Authorization Act for FY 2003,Failed,0,210,0,11,51,148,0,12,0,2,0,0,51,360,0,23
141,R,107,H R 4546,9-May-2002,5:38 PM,On Agreeing to the Amendment,None,Failed,4,207,0,10,167,35,0,9,1,1,0,0,172,243,0,19
142,R,107,H R 4546,9-May-2002,5:49 PM,On Agreeing to the Amendment,None,Agreed to,209,1,0,11,152,51,0,8,1,1,0,0,362,53,0,19
143,R,107,H R 4546,9-May-2002,6:26 PM,On Motion that the Committee Rise,Department of Defense Authorization Act for FY 2003,Failed,0,204,0,17,46,151,0,14,0,1,0,1,46,356,0,32
144,R,107,H R 4546,9-May-2002,7:17 PM,On Motion that the Committee Rise,Department of Defense Authorization Act for FY 2003,Failed,0,205,0,16,48,149,0,14,0,2,0,0,48,356,0,30
145,R,107,H R 4546,9-May-2002,7:35 PM,On Agreeing to the Amendment,None,Failed,2,206,0,13,156,46,0,9,1,1,0,0,159,253,0,22
146,R,107,H R 4546,9-May-2002,8:11 PM,On Motion that the Committee Rise,Department of Defense Authorization Act for FY 2003,Failed,0,194,0,27,55,140,1,15,0,2,0,0,55,336,1,42
147,R,107,H R 4546,9-May-2002,8:43 PM,On Motion that the Committee Rise,Department of Defense Authorization Act for FY 2003,Failed,0,199,0,22,56,138,0,17,0,2,0,0,56,339,0,39
148,R,107,H R 4546,9-May-2002,9:17 PM,On Motion that the Committee Rise,Department of Defense Authorization Act for FY 2003,Failed,0,190,0,31,58,134,1,18,0,1,0,1,58,325,1,50
149,R,107,H R 4546,9-May-2002,9:59 PM,On Motion that the Committee Rise,Department of Defense Authorization Act for FY 2003,Failed,0,195,0,26,74,123,1,13,1,1,0,0,75,319,1,39
150,R,107,H R 4546,9-May-2002,10:30 PM,On Motion that the Committee Rise,Department of Defense Authorization Act for FY 2003,Failed,0,198,0,23,82,113,0,16,1,1,0,0,83,312,0,39
151,R,107,H R 4546,9-May-2002,11:09 PM,On Motion that the Committee Rise,Department of Defense Authorization Act for FY 2003,Failed,0,204,0,17,153,44,0,14,1,1,0,0,154,249,0,31
152,R,107,H R 4546,10-May-2002,12:12 AM,On Motion that the Committee Rise,Department of Defense Authorization Act for FY 2003,Failed,0,210,0,11,167,30,0,14,1,1,0,0,168,241,0,25
153,R,107,H R 4546,10-May-2002,12:44 AM,On Agreeing to the Amendment,None,Failed,30,183,0,9,171,31,0,9,1,1,0,0,202,215,0,18
154,R,107,H R 4546,10-May-2002,12:52 AM,On Agreeing to the Amendment,None,Agreed to,192,19,0,10,39,163,0,9,1,1,0,0,232,183,0,19
155,R,107,H R 4546,10-May-2002,1:00 AM,On Agreeing to the Amendment,None,Agreed to,204,8,0,9,59,143,0,9,1,1,0,0,264,152,0,18
156,R,107,H R 4546,10-May-2002,1:06 AM,On Agreeing to the Amendment,None,Agreed to,210,1,0,10,200,1,0,10,2,0,0,0,412,2,0,20
157,R,107,H R 4546,10-May-2002,1:41 AM,On Motion to Recommit with Instructions,Department of Defense Authorization Act for FY 2003,Failed,2,210,0,9,190,12,0,9,1,1,0,0,193,223,0,18
158,R,107,H R 4546,10-May-2002,1:47 AM,On Passage,Department of Defense Authorization Act for FY 2003,Passed,212,1,0,9,146,56,0,9,1,1,0,0,359,58,0,18
159,R,107,H R 3694,14-May-2002,6:54 PM,"On Motion to Suspend the Rules and Pass, as Amended",Highway Funding Restoration Act,Passed,208,5,0,8,200,0,0,11,2,0,0,0,410,5,0,19
160,R,107,H R 4069,14-May-2002,7:05 PM,"On Motion to Suspend the Rules and Pass, as Amended",To amend title II of the Social Security Act to provide for miscellaneous enhancements in Social Security benefits and for other purposes.,Passed,214,0,0,7,202,0,0,9,2,0,0,0,418,0,0,16
161,R,107,JOURNAL,14-May-2002,7:15 PM,On Approving the Journal,None,Passed,199,10,1,11,170,30,0,11,2,0,0,0,371,40,1,22
162,R,107,H RES 419,15-May-2002,6:40 PM,On Agreeing to the Resolution,Providing for consideration of H.R. 3994; Afghanistan Freedom Support Act,Passed,211,0,0,10,202,0,0,9,2,0,0,0,415,0,0,19
163,R,107,JOURNAL,15-May-2002,6:51 PM,On Approving the Journal,None,Passed,190,15,1,15,160,40,0,11,2,0,0,0,352,55,1,26
164,R,107,H RES 420,15-May-2002,8:20 PM,On Agreeing to the Resolution,Waiving a requirement of clause 6(a) of rule XIII with respect to consideration of certain resolutions reported from the Committee on Rules,Passed,216,0,0,5,2,199,0,10,1,1,0,0,219,200,0,15
165,R,107,H RES 422,15-May-2002,9:36 PM,On Ordering the Previous Question,"Providing for the consideration of H.R. 4737; Personal Responsibility, Work, and Family Promotion Act",Passed,212,0,0,9,0,203,0,8,1,1,0,0,213,204,0,17
166,R,107,H RES 422,15-May-2002,9:50 PM,On Agreeing to the Resolution,"Providing for the consideration of H.R. 4737; Personal Responsibility, Work, and Family Promotion Act",Passed,213,1,1,6,0,203,0,8,1,1,0,0,214,205,1,14
167,R,107,JOURNAL,16-May-2002,10:25 AM,On Approving the Journal,None,Passed,191,14,1,15,138,49,0,24,1,0,0,1,330,63,1,40
168,R,107,H R 4737,16-May-2002,3:40 PM,On Agreeing to the Amendment,None,Failed,4,210,0,7,194,10,0,7,0,2,0,0,198,222,0,14
169,R,107,H R 4737,16-May-2002,4:09 PM,On Motion to Recommit with Instructions,"Personal Responsibility, Work, and Family Promotion Act",Failed,0,218,0,4,206,0,0,5,1,1,0,0,207,219,0,9
170,R,107,H R 4737,16-May-2002,4:20 PM,On Passage,"Personal Responsibility, Work, and Family Promotion Act",Passed,214,4,0,4,14,192,0,5,1,1,0,0,229,197,0,9
171,R,107,H CON RES 314,20-May-2002,6:57 PM,On Motion to Suspend the Rules and Agree,Recognizing the Members of AMVETS for their Service to the Nation and Supporting the Goals of AMVETS National Charter Day,Passed,184,0,0,37,175,0,0,36,1,0,0,1,360,0,0,74
172,R,107,H CON RES 165,20-May-2002,7:05 PM,On Motion to Suspend the Rules and Agree,Expressing the Sense of the Congress that Continual Research and Education into the Cause and Cure for Fibroid Tumors be Addressed,Passed,186,0,0,35,175,0,0,36,2,0,0,0,363,0,0,71
173,R,107,H CON RES 309,20-May-2002,7:15 PM,On Motion to Suspend the Rules and Agree,Recognizing the Importance of Good Cervical Health and of Detecting Cervical Cancer During its Earliest Stages,Passed,186,0,0,35,173,0,0,38,2,0,0,0,361,0,0,73
174,R,107,H R 3833,21-May-2002,1:54 PM,"On Motion to Suspend the Rules and Pass, as Amended",Dot Kids Implementation and Efficiency Act,Passed,209,1,0,11,195,1,0,15,2,0,0,0,406,2,0,26
175,R,107,H R 1877,21-May-2002,2:03 PM,"On Motion to Suspend the Rules and Pass, As Amended",Child Sex Crimes Wiretapping Act,Passed,210,1,0,10,184,10,0,17,2,0,0,0,396,11,0,27
176,R,107,H R 3375,21-May-2002,2:13 PM,On Motion to Suspend the Rules and Pass,Embassy Employee Compensation Act,Passed,194,17,0,10,196,0,0,15,1,1,0,0,391,18,0,25
177,R,107,H R 4626,21-May-2002,2:21 PM,"On Motion to Suspend the Rules and Pass, As Amended",Encouraging Work and Supporting Marriage Act,Passed,211,0,0,10,196,1,0,14,2,0,0,0,409,1,0,24
178,R,107,H CON RES 405,21-May-2002,2:30 PM,"On Motion to Suspend the Rules and Agree, As Amended",Commemorating the Independence of East Timor and expressing the sense of Congress that the President should establish diplomatic relations with East Timor,Passed,209,1,0,11,194,0,0,17,2,0,0,0,405,1,0,28
179,R,107,H R 3994,21-May-2002,5:48 PM,On Agreeing to the Amendment,None,Agreed to,208,3,0,10,198,0,0,13,1,1,0,0,407,4,0,23
180,R,107,H R 3994,21-May-2002,5:56 PM,On Agreeing to the Amendment,None,Agreed to,213,0,0,8,198,0,0,13,2,0,0,0,413,0,0,21
181,R,107,H R 3994,21-May-2002,6:05 PM,On Agreeing to the Amendment,None,Agreed to,212,0,0,9,198,0,0,13,2,0,0,0,412,0,0,22
182,R,107,H R 3994,21-May-2002,6:25 PM,On Passage,Afghanistan Freedom Support Act,Passed,194,18,0,9,195,3,0,13,1,1,0,0,390,22,0,22
183,R,107,H R 4514,21-May-2002,6:35 PM,"On Motion to Suspend the Rules and Pass, as Amended",Veterans’ Major Medical Facilities Construction Act,Passed,212,0,0,9,197,0,0,14,2,0,0,0,411,0,0,23
184,R,107,H R 4015,21-May-2002,6:42 PM,"On Motion to Suspend the Rules and Pass, as Amended",Jobs for Veterans Act,Passed,209,0,0,12,198,0,0,13,2,0,0,0,409,0,0,25
185,R,107,H R 4085,21-May-2002,6:50 PM,"On Motion to Suspend the Rules and Pass, as Amended",Veterans’ and Survivors’ Benefits Expansion Act,Passed,212,0,0,9,196,0,0,15,2,0,0,0,410,0,0,24
186,R,107,H RES 427,22-May-2002,11:13 AM,On Agreeing to the Resolution,"Waiving Points of Order Against the Conference Report on H.R. 3448, Public Health Security and Bioterrorism Preparedness and Response Act",Passed,215,0,0,6,187,18,0,6,1,1,0,0,403,19,0,12
187,R,107,JOURNAL,22-May-2002,11:25 AM,On Approving the Journal,None,Passed,198,15,0,8,161,42,0,8,2,0,0,0,361,57,0,16
188,R,107,H RES 426,22-May-2002,12:03 PM,On Agreeing to the Resolution,"Providing for the consideration of H.R. 3129, Customs Border Security Act",Passed,213,1,0,7,171,31,0,9,2,0,0,0,386,32,0,16
189,R,107,H R 3448,22-May-2002,1:35 PM,On Agreeing to the Conference Report,Public Health Security and Bioterrorism Preparedness and Response Act,Passed,215,1,0,5,208,0,0,3,2,0,0,0,425,1,0,8
190,R,107,H R 3717,22-May-2002,1:45 PM,"On Motion to Suspend the Rules and Pass, As Amended",Federal Deposit Insurance Reform Act,Passed,209,8,0,4,198,9,0,4,1,1,0,0,408,18,0,8
191,R,107,H RES 424,22-May-2002,1:54 PM,On Motion to Suspend the Rules and Agree,Paying Tribute to the Workers at Ground Zero in New York,Passed,214,0,0,7,200,0,0,11,2,0,0,0,416,0,0,18
192,R,107,H R 3129,22-May-2002,4:09 PM,On Agreeing to the Amendment,None,Failed,5,213,0,3,191,17,0,3,1,1,0,0,197,231,0,6
193,R,107,H R 3129,22-May-2002,4:29 PM,On Passage,Customs Border Security Act,Passed,215,4,0,2,110,97,0,4,2,0,0,0,327,101,0,6
194,R,107,H RES 428,22-May-2002,6:23 PM,On Agreeing to the Resolution,"Providing for the consideration of H.R. 4775, 2002 Supplemental Appropriations Act for Further Recovery From and Respnse To Terrorist Attacks on the United States",Passed,214,3,3,2,1,205,0,5,1,1,0,0,216,209,3,7
195,R,107,ADJOURN,22-May-2002,6:44 PM,On Motion to Adjourn,None,Failed,3,203,0,16,91,96,0,24,0,1,0,1,94,300,0,41
196,R,107,H R 4775,22-May-2002,8:23 PM,On Motion that the Committee Rise,2002 Supplemental Appropriations Act for Further Recovery From and Response To Terrorist Attacks on the United States,Failed,1,198,0,22,132,51,0,28,1,1,0,0,134,250,0,50
197,R,107,H R 4775,23-May-2002,10:27 AM,On Motion that the Committee Rise,2002 Supplemental Appropriations Act for Further Recovery From and Response To Terrorist Attacks on the United States,Failed,0,203,0,18,98,85,0,28,1,1,0,0,99,289,0,46
198,R,107,H R 4775,23-May-2002,2:43 PM,Sustain the Ruling of the Chair,2002 Supplemental Appropriations Act for Further Recovery From and Response To Terrorist Attacks on the United States,Passed,214,0,0,7,0,202,0,9,1,1,0,0,215,203,0,16
199,R,107,H R 4775,23-May-2002,8:29 PM,On Motion that the Committee Rise,2002 Supplemental Appropriations Act for Further Recovery From and Response To Terrorist Attacks on the United States,Failed,2,198,0,21,141,53,0,17,1,1,0,0,144,252,0,38
200,R,107,H R 4775,23-May-2002,10:39 PM,On Agreeing to the Amendment,None,Failed,1,212,0,9,197,0,0,14,1,1,0,0,199,213,0,23
201,R,107,H R 4775,23-May-2002,10:48 PM,On Agreeing to the Amendment,None,Failed,0,214,0,8,196,1,0,14,1,1,0,0,197,216,0,22
202,R,107,H R 4775,23-May-2002,11:01 PM,On Agreeing to the Amendment,None,Failed,20,195,0,7,170,30,0,11,2,0,0,0,192,225,0,18
203,R,107,MOTION,24-May-2002,12:23 AM,Adjourn to Time Certain,None,Passed,204,1,0,17,6,187,0,18,1,1,0,0,211,189,0,35
204,R,107,H RES 431,24-May-2002,2:15 AM,On Agreeing to the Resolution,"Providing for the Further Consideration of H.R. 4775, 2002 Supplemental Appropriations Act for Further Recovery From and Response To Terrorist Attacks on the United States",Passed,212,1,0,9,0,199,0,12,1,1,0,0,213,201,0,21
205,R,107,H R 4775,24-May-2002,2:42 AM,On Motion to Recommit with Instructions,2002 Supplemental Appropriations Act for Further Recovery From and Response To Terrorist Attacks on the United States,Failed,0,214,0,8,200,0,0,11,1,1,0,0,201,215,0,19
206,R,107,H R 4775,24-May-2002,2:50 AM,On Passage,2002 Supplemental Appropriations Act for Further Recovery From and Response To Terrorist Attacks on the United States,Passed,196,20,0,6,84,116,0,11,0,2,0,0,280,138,0,17
207,R,107,H R 4823,4-Jun-2002,6:27 PM,On Motion to Suspend the Rules and Pass,Holocaust Restitution Tax Fairness Act,Passed,205,0,0,16,186,1,0,24,1,0,0,1,392,1,0,41
208,R,107,H R 4800,4-Jun-2002,6:38 PM,On Motion to Suspend the Rules and Pass,To repeal the sunset of the Economic Growth and Tax Relief Reconciliation Act of 2001 with respect to the expansion of the adoption credit and adoption assistance programs.,Passed,204,0,0,17,185,1,0,25,2,0,0,0,391,1,0,42
209,R,107,JOURNAL,5-Jun-2002,10:27 AM,On Approving the Journal,None,Passed,191,13,1,16,170,27,1,13,2,0,0,0,363,40,2,29
210,R,107,S 1372,5-Jun-2002,1:13 PM,On Agreeing to the Conference Report,Export-Import Bank Reauthorization Act,Passed,164,50,0,7,180,26,0,5,0,2,0,0,344,78,0,12
211,R,107,H R 4664,5-Jun-2002,3:57 PM,On Agreeing to the Amendment,None,Failed,1,216,0,4,163,42,0,6,1,1,0,0,165,259,0,10
212,R,107,H R 4664,5-Jun-2002,4:15 PM,On Passage,Investing in America’s Future Act,Passed,194,22,0,5,201,3,0,7,2,0,0,0,397,25,0,12
213,R,107,ADJOURN,6-Jun-2002,10:28 AM,On Motion to Adjourn,None,Failed,2,199,0,20,34,163,0,14,1,1,0,0,37,363,0,34
214,R,107,MOTION,6-Jun-2002,11:43 AM,Table the Appeal of the Ruling of the Chair,None,Passed,215,0,0,6,38,168,0,5,1,1,0,0,254,169,0,11
215,R,107,H RES 435,6-Jun-2002,1:09 PM,On Ordering the Previous Question,"Providing for the Consideration of H.R. 2143, Permanent Death Tax Repeal Act",Passed,216,0,0,5,6,200,0,5,1,1,0,0,223,201,0,10
216,R,107,H RES 435,6-Jun-2002,1:19 PM,On Agreeing to the Resolution,"Providing for the Consideration of H.R. 2143, Permanent Death Tax Repeal Act",Passed,216,0,0,5,10,194,0,7,1,1,0,0,227,195,0,12
217,R,107,H R 2143,6-Jun-2002,4:15 PM,On Agreeing to the Amendment,None,Failed,6,212,0,4,190,18,0,3,1,1,0,0,197,231,0,7
218,R,107,H R 2143,6-Jun-2002,4:45 PM,On Motion to Recommit with Instructions,Permanent Death Tax Repeal Act,Failed,1,217,0,4,203,5,0,3,1,1,0,0,205,223,0,7
219,R,107,H R 2143,6-Jun-2002,4:55 PM,On Passage,Permanent Death Tax Repeal Act,Passed,214,4,0,4,41,166,0,4,1,1,0,0,256,171,0,8
220,R,107,H RES 438,11-Jun-2002,6:53 PM,On Motion to Suspend the Rules and Agree,Expressing the sense of the House of Representatives that improving men’s health through fitness and the reduction of obesity should be a priority.,Passed,204,2,0,15,194,0,0,17,2,0,0,0,400,2,0,32
221,R,107,H CON RES 394,11-Jun-2002,7:03 PM,On Motion to Suspend the Rules and Agree,Expressing the Sense of the Congress Concerning the 2002 World Cup and Co-Hosts Republic of Korea and Japan,Passed,205,1,0,15,195,0,0,16,2,0,0,0,402,1,0,31
222,R,107,H CON RES 213,11-Jun-2002,7:14 PM,"On Motion to Suspend the Rules and Agree, as Amended","Expressing the Sense of Congress Regarding North Korea Refugees who are Detained in China and Returned to North Korea Where they Face Torture, Imprisonment, and Execution",Passed,207,0,0,14,197,0,0,14,2,0,0,0,406,0,0,28
223,R,107,H R 4,12-Jun-2002,5:36 PM,Markey Motion to Instruct Conferees,"To enhance energy conservation, research and development and to provide for security and diversity in the energy supply for the American people",Passed,212,0,2,7,198,1,0,12,2,0,0,0,412,1,2,19
224,R,107,H R 4775,12-Jun-2002,5:49 PM,On Motion to Instruct Conferees,2002 Supplemental Appropriations Act for Further Recovery From and Response To Terrorist Attacks on the United States,Failed,2,213,0,6,178,21,0,12,1,1,0,0,181,235,0,18
225,R,107,H J RES 96,12-Jun-2002,8:10 PM,On Passage,Proposing a Tax Limitation Amendment to the Constitution of the United States,Failed,201,11,0,9,25,166,0,20,1,1,0,0,227,178,0,29
226,R,107,H RES 440,13-Jun-2002,10:54 AM,On Agreeing to the Resolution,Providing for consideration of H.R. 4819; Marriage Penalty Relief Provisions Made Permanent,Passed,207,0,0,14,177,21,0,13,1,1,0,0,385,22,0,27
227,R,107,JOURNAL,13-Jun-2002,11:02 AM,On Approving the Journal,None,Passed,187,17,1,16,155,39,0,17,2,0,0,0,344,56,1,33
228,R,107,H R 4019,13-Jun-2002,2:07 PM,On Agreeing to the Amendment,None,Failed,1,207,0,13,196,5,1,9,1,1,0,0,198,213,1,22
229,R,107,H R 4019,13-Jun-2002,2:25 PM,On Passage,Marriage Penalty Relief Provisions Made Permanent,Passed,210,0,0,11,60,141,0,10,1,1,0,0,271,142,0,21
230,R,107,JOURNAL,17-Jun-2002,6:56 PM,On Approving the Journal,None,Passed,172,16,0,33,134,29,0,48,1,0,0,1,307,45,0,82
231,R,107,H CON RES 415,17-Jun-2002,7:05 PM,On Motion to Suspend the Rules and Agree,Recognizing National Homeownership Month and the importance of homeownership in the United States.,Passed,186,0,0,35,171,0,0,40,1,0,0,1,358,0,0,76
232,R,107,H CON RES 340,17-Jun-2002,7:12 PM,On Motion to Suspend the Rules and Agree,Supporting the goals and ideals of Meningitis Awareness Month,Passed,189,0,0,32,170,0,0,41,1,0,0,1,360,0,0,74
233,R,107,H R 327,18-Jun-2002,2:40 PM,On Motion to Agree to Senate Amendments,Small Business Paperwork Relief Act,Passed,216,0,0,5,201,0,0,10,1,0,0,1,418,0,0,16
234,R,107,H R 4794,18-Jun-2002,2:50 PM,On Motion to Suspend the Rules and Pass,Ronald C. Packard Post Office Designation,Passed,216,0,0,5,201,0,0,10,1,0,0,1,418,0,0,16
235,R,107,H R 4717,18-Jun-2002,2:57 PM,On Motion to Suspend the Rules and Pass,Jim Fonteno Post Office Designation,Passed,214,0,0,7,200,0,0,11,1,0,0,1,415,0,0,19
236,R,107,JOURNAL,19-Jun-2002,10:28 AM,On Approving the Journal,None,Passed,188,11,1,21,164,31,0,16,1,0,0,1,353,42,1,38
237,R,107,H R 3389,19-Jun-2002,1:27 PM,On Passage,National Sea Grant College Program,Passed,205,2,0,14,201,0,0,10,1,0,0,1,407,2,0,25
238,R,107,H R 3295,19-Jun-2002,1:40 PM,On Motion to Instruct Conferees,Help America Vote Act,Failed,5,208,0,9,201,1,0,9,0,1,0,1,206,210,0,19
239,R,107,JOURNAL,20-Jun-2002,10:28 AM,On Approving the Journal,None,Passed,189,13,0,19,161,37,0,13,2,0,0,0,352,50,0,32
240,R,107,H RES 447,20-Jun-2002,12:33 PM,On Agreeing to the Resolution,"Providing for consideration of H.R. 1979; Airport Safety, Security and Air Service Improvement Act",Passed,211,0,0,10,206,0,0,5,2,0,0,0,419,0,0,15
241,R,107,H R 1979,20-Jun-2002,2:40 PM,On Agreeing to the Amendment,None,Failed,3,213,0,5,198,9,0,4,1,1,0,0,202,223,0,9
242,R,107,H R 1979,20-Jun-2002,2:50 PM,On Agreeing to the Amendment,None,Agreed to,217,1,0,3,196,11,0,4,2,0,0,0,415,12,0,7
243,R,107,H R 1979,20-Jun-2002,3:15 PM,On Passage,"Airport Safety, Security and Air Service Improvement Act",Passed,217,1,0,3,66,141,0,4,1,1,0,0,284,143,0,7
244,R,107,JOURNAL,21-Jun-2002,9:29 AM,On Approving the Journal,None,Passed,181,12,1,27,136,33,0,42,1,0,0,1,318,45,1,70
245,R,107,H RES 451,21-Jun-2002,11:20 AM,On Agreeing to the Resolution,Providing for consideration of H.R. 4931; Retirement Savings Security Act,Passed,204,0,0,17,139,51,0,21,1,1,0,0,344,52,0,38
246,R,107,H R 4931,21-Jun-2002,2:02 PM,On Agreeing to the Amendment,None,Failed,2,195,0,24,179,8,0,24,1,1,0,0,182,204,0,48
247,R,107,H R 4931,21-Jun-2002,2:38 PM,On Motion to Recommit with Instructions,Retirement Savings Security Act,Failed,2,191,0,29,183,0,0,28,1,1,0,0,186,192,0,57
248,R,107,H R 4931,21-Jun-2002,2:46 PM,On Passage,Retirement Savings Security Act,Passed,192,0,0,30,115,69,0,27,1,1,0,0,308,70,0,57
249,R,107,H R 3937,24-Jun-2002,6:50 PM,"On Motion to Suspend the Rules and Pass, as Amended","To revoke a Public Land Order with respect to certain lands erroneously included in the Cibola National Wildlife Refuge, California",Passed,197,0,0,24,177,0,0,34,1,0,0,1,375,0,0,59
250,R,107,H R 3786,24-Jun-2002,6:59 PM,"On Motion to Suspend the Rules and Pass, as Amended",Glen Canyon National Recreation Area Boundary Revision Act of 2002,Passed,197,0,0,24,176,0,0,35,1,0,0,1,374,0,0,60
251,R,107,H R 3971,24-Jun-2002,7:07 PM,On Motion to Suspend the Rules and Pass,Independent investigation of Forest Service firefighter deaths that are caused by wildfire entrapment or burnover.,Passed,199,0,0,22,177,0,0,34,1,0,0,1,377,0,0,57
252,R,107,H J RES 95,24-Jun-2002,7:16 PM,"On Motion to Suspend the Rules and Pass, as Amended",Designating an Official Flag of the Medal of Honor and Providing for Presentation of that Flag to each Recipient of that Medal of Honor,Passed,199,0,0,22,180,0,0,31,1,0,0,1,380,0,0,54
253,R,107,JOURNAL,25-Jun-2002,1:24 PM,On Approving the Journal,None,Passed,200,10,1,10,169,30,1,11,2,0,0,0,371,40,2,21
254,R,107,H R 4858,25-Jun-2002,1:34 PM,On Motion to Suspend the Rules and Pass,To Improve access to physicians in medically underserved areas,Passed,206,6,0,9,200,0,0,11,1,1,0,0,407,7,0,20
255,R,107,H R 4679,25-Jun-2002,1:44 PM,"On Motion to Suspend the Rules and Pass, as Amended",Lifetime Consequences for Sex Offenders Act of 2002,Passed,211,0,0,10,196,3,0,12,2,0,0,0,409,3,0,22
256,R,107,H R 4623,25-Jun-2002,5:25 PM,"On Motion to Suspend the Rules and Pass, As Amended",Child Obscenity and Pornography Prevention Act of 2002,Passed,215,1,0,5,196,7,1,7,2,0,0,0,413,8,1,12
257,R,107,H R 4846,25-Jun-2002,5:39 PM,"On motion to Suspend the Rules and Pass, as Amended",Silver Eagle Coin Continuation Act of 2002,Passed,212,1,0,8,203,0,0,8,2,0,0,0,417,1,0,16
258,R,107,H R 4598,26-Jun-2002,12:39 PM,On Passage,Homeland Security Information Sharing Act,Passed,213,0,0,8,207,2,0,2,2,0,0,0,422,2,0,10
259,R,107,H R 4477,26-Jun-2002,12:49 PM,"On Motion to Suspend the Rules and Pass, as Amended",Sex Tourism Prohibition Improvement Act,Passed,213,1,0,7,203,7,0,1,2,0,0,0,418,8,0,8
260,R,107,H R 4070,26-Jun-2002,12:58 PM,"ON Motion to Suspend the Rules and Pass, as Amended",Social Security Program Protection Act,Passed,214,0,0,7,209,0,0,2,2,0,0,0,425,0,0,9
261,R,107,JOURNAL,26-Jun-2002,1:06 PM,On Approving the Journal,None,Passed,191,13,1,16,176,28,0,7,2,0,0,0,369,41,1,23
262,R,107,ADJOURN,26-Jun-2002,2:42 PM,On Motion to Adjourn,None,Failed,3,212,0,6,41,165,0,5,1,1,0,0,45,378,0,11
263,R,107,ADJOURN,26-Jun-2002,4:13 PM,On Motion to Adjourn,None,Failed,1,217,0,3,38,166,0,7,1,1,0,0,40,384,0,10
264,R,107,H RES 450,26-Jun-2002,4:57 PM,On Agreeing to the Resolution,Relating to consideration of the Senate Amendment to H.R. 3009; Andean Trade Preference Act,Passed,205,14,1,2,11,199,0,1,0,2,0,0,216,215,1,3
265,R,107,H R 3764,26-Jun-2002,5:07 PM,"On Motion to Suspend the Rules and Pass, as Amended",Securities and Exchange Commission Authorization Act,Passed,213,3,0,5,207,1,0,3,2,0,0,0,422,4,0,8
266,R,107,H R 3180,26-Jun-2002,5:17 PM,On Motion to Suspend the Rules and Pass,To Consent to Certain Amendments to the New Hampshire-Vermont Interstate School Compact,Passed,216,0,0,5,207,0,0,4,2,0,0,0,425,0,0,9
267,R,107,JOURNAL,27-Jun-2002,10:29 AM,On Approving the Journal,None,Passed,202,9,1,9,144,50,0,17,2,0,0,0,348,59,1,26
268,R,107,ADJOURN,27-Jun-2002,10:54 AM,On Motion to Adjourn,None,Failed,5,202,0,14,64,129,0,18,1,1,0,0,70,332,0,32
269,R,107,H R 5010,27-Jun-2002,1:36 PM,On Agreeing to the Amendment,None,Failed,5,212,0,4,106,101,0,4,1,1,0,0,112,314,0,8
270,R,107,H R 5010,27-Jun-2002,1:59 PM,On Passage,Department of Defense Appropriations for Fiscal Year 2003,Passed,218,1,0,2,194,16,0,1,1,1,0,0,413,18,0,3
271,R,107,H CON RES 424,27-Jun-2002,2:10 PM,On Motion to Suspend the Rules and Agree,Commending the Patriotic Contibutions of the Roofing Professionals Involved in the Rebuilding of the Pentagon,Passed,219,0,0,2,207,0,0,4,2,0,0,0,428,0,0,6
272,R,107,H R 3034,27-Jun-2002,2:19 PM,On Motion to Suspend the Rules and Pass,Frank Sinatra Post Office Building,Passed,216,0,0,5,209,0,0,2,2,0,0,0,427,0,0,7
273,R,107,H RES 459,27-Jun-2002,4:16 PM,On Motion to Suspend the Rules and Agree,"Expressing the Sense of the House of Representatives that Newdow v. U.S. Congress was Erroneously Decided, and for other purposes",Passed,220,0,0,2,194,3,11,3,2,0,0,0,416,3,11,5
274,R,107,H RES 462,27-Jun-2002,5:32 PM,On Ordering the Previous Question,Providing for consideration of H.R. 5011; Military Construction Appropriations for Fiscal Year 2003,Passed,220,0,0,1,0,209,0,2,1,1,0,0,221,210,0,3
275,R,107,H RES 462,27-Jun-2002,5:43 PM,On Agreeing to the Amendment,None,Agreed to,218,1,0,2,0,209,0,2,1,1,0,0,219,211,0,4
276,R,107,H RES 462,27-Jun-2002,5:56 PM,On Agreeing to the Resolution,Providing for consideration of H.R. 5011; Military Construction Appropriations for Fiscal Year 2003,Passed,220,0,0,1,48,159,0,4,1,1,0,0,269,160,0,5
277,R,107,H R 5011,27-Jun-2002,6:39 PM,On Passage,Military Construction Appropriations for Fiscal Year 2003,Passed,218,1,0,2,206,0,0,5,2,0,0,0,426,1,0,7
278,R,107,S 2578,27-Jun-2002,8:34 PM,Motion to Commit with Instructions,To amend title 31 of the United States Code to increase the public debt limit.,Failed,0,218,0,4,206,3,0,2,1,1,0,0,207,222,0,6
279,R,107,S 2578,27-Jun-2002,8:47 PM,On Passage,To amend title 31 of the United States Code to increase the public debt limit.,Passed,212,6,1,3,3,206,0,2,0,2,0,0,215,214,1,5
280,R,107,H RES 465,27-Jun-2002,10:43 PM,On Agreeing to the Resolution,Providing for consideration of H.R. 4954; Medicare Modernization and Prescription Drug Act of 2002,Passed,217,4,0,1,0,208,0,3,1,1,0,0,218,213,0,4
281,R,107,H R 4954,28-Jun-2002,2:15 AM,On Motion to Recommit with Instructions,Medicare Modernization and Prescription Drug Act of 2002,Failed,0,220,0,2,203,2,0,6,1,1,0,0,204,223,0,8
282,R,107,H R 4954,28-Jun-2002,2:32 AM,On Passage,Medicare Modernization and Prescription Drug Act of 2002,Passed,212,8,0,2,8,199,0,4,1,1,0,0,221,208,0,6
283,R,107,H R 4609,8-Jul-2002,6:56 PM,On Motion to Suspend the Rules and Pass,Rathdrum Prairie Spokane Valley Aquifer Study Act,Passed,177,9,0,35,161,0,0,50,2,0,0,0,340,9,0,85
284,R,107,H R 2643,8-Jul-2002,7:08 PM,"On motion to suspend the rules and pass, as amended",Fort Clatsop National Memorial Expansion Act,Passed,169,16,0,36,160,2,0,49,2,0,0,0,331,18,0,85
285,R,107,H R 3295,9-Jul-2002,4:04 PM,On Motion to Instruct Conferees,Help America Vote Act,Passed,212,2,0,7,197,0,0,14,1,0,0,1,410,2,0,22
286,R,107,H R 5063,9-Jul-2002,4:14 PM,On Motion to Suspend the Rules and Pass,Armed Forces Tax Fairness Act,Passed,214,0,0,7,197,0,0,14,2,0,0,0,413,0,0,21
287,R,107,H RES 393,9-Jul-2002,4:23 PM,"On Motion to Suspend the Rules and Agree, As Amended",Concerning the Rise in Anti-Semitism in Europe,Passed,214,0,0,7,196,0,0,15,2,0,0,0,412,0,0,22
288,R,107,H R 4635,10-Jul-2002,3:34 PM,On Agreeing to the Amendment,None,Agreed to,188,31,0,2,61,143,0,7,1,1,0,0,250,175,0,9
289,R,107,H R 4635,10-Jul-2002,3:46 PM,On Agreeing to the Amendment,None,Failed,126,93,0,2,42,162,0,7,1,1,0,0,169,256,0,9
290,R,107,H R 4635,10-Jul-2002,3:56 PM,On Agreeing to the Amendment,None,Failed,43,176,0,2,5,199,0,7,1,1,0,0,49,376,0,9
291,R,107,H R 4635,10-Jul-2002,4:28 PM,On Agreeing to the Amendment,None,Agreed to,188,30,0,3,62,141,0,8,1,1,0,0,251,172,0,11
292,R,107,H R 4635,10-Jul-2002,4:46 PM,On Passage,Arming Pilots Against Terrorism Act,Passed,206,11,0,4,102,102,0,7,2,0,0,0,310,113,0,11
293,R,107,H R 2733,11-Jul-2002,1:14 PM,On Passage,Enterprise Integration Act,Passed,194,22,0,5,201,0,0,10,2,0,0,0,397,22,0,15
294,R,107,H R 2486,11-Jul-2002,1:22 PM,On Passage,Inland Flood Forecasting and Warning System Act,Passed,211,3,0,7,200,0,0,11,2,0,0,0,413,3,0,18
295,R,107,H R 4687,12-Jul-2002,10:18 AM,On Passage,National Construction Safety Team Act,Passed,167,22,0,32,170,0,0,41,1,1,0,0,338,23,0,73
296,R,107,H R 3482,15-Jul-2002,6:59 PM,"On Motion to Suspend the Rules and Pass, as Amended",Cyber Security Enhancement Act,Passed,203,2,0,16,181,1,0,29,1,0,0,1,385,3,0,46
297,R,107,H R 4755,15-Jul-2002,7:08 PM,On Motion to Suspend the Rules and Pass,Clarence Miller Post Office Building Designation Act,Passed,206,0,0,15,182,0,0,29,1,0,0,1,389,0,0,45
298,R,107,H R 3479,15-Jul-2002,7:22 PM,"On Motion to Suspend the Rules and Pass, as Amended",National Aviation Capacity Expansion Act,Failed,111,96,0,14,136,46,0,29,0,1,0,1,247,143,0,44
299,R,107,H R 5118,16-Jul-2002,1:18 PM,"On Motion to Suspend the Rules and Pass, as Amended",Corporate Fraud Accountability Act of 2002,Passed,214,1,0,6,176,26,0,9,1,1,0,0,391,28,0,15
300,R,107,H RES 482,16-Jul-2002,1:28 PM,On Motion to Suspend the Rules and Agree,Honoring Ted Williams and extending the condolences of the House of Representatives on his death.,Passed,214,0,0,7,202,0,0,9,2,0,0,0,418,0,0,16
301,R,107,H RES 452,16-Jul-2002,1:36 PM,On Motion to Suspend the Rules and Agree,Congratulating the Detroit Red Wings for winning the 2002 Stanley Cup Championship,Passed,209,0,2,10,200,0,1,10,1,0,1,0,410,0,4,20
302,R,107,H RES 483,16-Jul-2002,4:55 PM,On Agreeing to the Resolution,Providing for the consideration of H.R. 5093; Department of Interior Appropriations for Fiscal Year 2003,Passed,192,26,0,3,130,73,0,8,0,2,0,0,322,101,0,11
303,R,107,H R 4866,16-Jul-2002,5:06 PM,"On Motion to Suspend the Rules and Pass, as Amended",Fed Up Higher Education Technical Amendments of 2002,Failed,218,0,0,3,27,176,0,8,1,1,0,0,246,177,0,11
304,R,107,H CON RES 395,16-Jul-2002,5:15 PM,"On Motion to Suspend the Rules and Agree, as Amended",Celebrating the 50th anniversary of the constitution of the Commonwealth of Puerto Rico.,Passed,211,6,1,3,177,25,2,7,1,1,0,0,389,32,3,10
305,R,107,H R 5093,16-Jul-2002,8:16 PM,On Agreeing to the Amendment,None,Failed,75,140,0,6,8,191,0,12,1,1,0,0,84,332,0,18
306,R,107,H R 5093,16-Jul-2002,9:05 PM,On motion to limit debate,Department of Interior Appropriations for Fiscal Year 2003,Passed,152,53,0,16,170,26,0,15,2,0,0,0,324,79,0,31
307,R,107,H R 5093,16-Jul-2002,9:35 PM,On Agreeing to the Amendment,None,Failed,75,142,0,4,10,193,0,8,0,2,0,0,85,337,0,12
308,R,107,MOTION,16-Jul-2002,11:19 PM,On Motion that the Committee Rise,None,Failed,9,207,0,5,199,2,0,10,1,1,0,0,209,210,0,15
309,R,107,JOURNAL,17-Jul-2002,10:50 AM,On Approving the Journal,None,Passed,197,16,1,7,162,34,0,15,2,0,0,0,361,50,1,22
310,R,107,H R 5093,17-Jul-2002,2:56 PM,On Agreeing to the Amendment,None,Agreed to,42,177,0,2,191,14,0,6,1,1,0,0,234,192,0,8
311,R,107,H R 5093,17-Jul-2002,3:05 PM,On Agreeing to the Amendment,None,Agreed to,88,131,0,2,192,12,0,7,1,1,0,0,281,144,0,9
312,R,107,H R 5093,17-Jul-2002,3:14 PM,On Agreeing to the Amendment,None,Agreed to,90,128,0,3,182,22,0,7,1,1,0,0,273,151,0,10
313,R,107,H R 3763,17-Jul-2002,6:49 PM,On Motion to Instruct Conferees,Corporate and Auditing Accountability and Responsibility Act,Failed,3,216,0,2,203,1,0,7,1,1,0,0,207,218,0,9
314,R,107,H R 5093,17-Jul-2002,7:10 PM,On Agreeing to the Amendment,None,Failed,117,101,0,3,5,198,0,8,1,1,0,0,123,300,0,11
315,R,107,H R 5093,17-Jul-2002,7:19 PM,On Agreeing to the Amendment,None,Agreed to,67,151,0,3,184,20,0,7,1,1,0,0,252,172,0,10
316,R,107,H R 5093,17-Jul-2002,7:27 PM,On Agreeing to the Amendment,None,Failed,23,195,0,3,177,27,0,7,1,1,0,0,201,223,0,10
317,R,107,H R 5093,17-Jul-2002,8:58 PM,On Agreeing to the Amendment,None,Failed,146,71,0,4,6,197,0,8,1,1,0,0,153,269,0,12
318,R,107,H R 5093,17-Jul-2002,9:24 PM,On Passage,Department of Interior Appropriations for Fiscal Year 2003,Passed,178,41,0,2,198,4,0,9,1,1,0,0,377,46,0,11
319,R,107,H RES 489,18-Jul-2002,2:20 PM,On Agreeing to the Resolution,Providing for consideration of H.R. 5121; Legislative Branch Appropriations for Fiscal Year 2003,Passed,218,0,0,3,0,205,0,6,1,1,0,0,219,206,0,9
320,R,107,H R 5121,18-Jul-2002,4:01 PM,On Agreeing to the Amendment,None,Failed,5,211,0,5,200,1,0,10,1,1,0,0,206,213,0,15
321,R,107,H R 5121,18-Jul-2002,4:21 PM,On Passage,Legislative Branch Appropriations for Fiscal Year 2003,Passed,183,32,0,6,181,16,0,14,1,1,0,0,365,49,0,20
322,R,107,H RES 488,18-Jul-2002,5:40 PM,On Ordering the Previous Question,"Providing for the consideration of H.R. 5120, Treasury and General Appropriations Act, 2003",Passed,128,84,0,9,129,71,0,11,1,1,0,0,258,156,0,20
323,R,107,H RES 488,18-Jul-2002,5:52 PM,On Agreeing to the Resolution,"Providing for the consideration of H.R. 5120, Treasury and General Appropriations Act, 2003",Passed,194,19,0,8,29,168,0,14,1,1,0,0,224,188,0,22
324,R,107,H CON RES 439,22-Jul-2002,7:01 PM,On Motion to Suspend the Rules and Agree,Honoring Corinne “Lindy” Clairborne Boggs on the Occasion of the 25th Anniversary of the Founding of the Congressional Women’s Caucus,Passed,193,0,0,28,183,0,0,28,2,0,0,0,378,0,0,56
325,R,107,H RES 492,22-Jul-2002,7:11 PM,On Motion to Suspend the Rules and Agree,"Expressing gratitude for the 10-month World Trade Center cleanup and recovery efforts at the Fresh Kills Landfill on Staten Island, New York, following the terrorist attacks of September 11, 2001",Passed,192,0,0,29,181,0,0,30,2,0,0,0,375,0,0,59
326,R,107,JOURNAL,23-Jul-2002,10:45 AM,On Approving the Journal,None,Passed,184,11,1,25,153,34,0,24,2,0,0,0,339,45,1,49
327,R,107,H R 3479,23-Jul-2002,7:30 PM,"On Motion to Suspend the Rules and Pass, as Amended",National Aviation Capacity Expansion Act,Passed,169,51,0,2,173,35,0,3,1,1,0,0,343,87,0,5
328,R,107,H R 4775,23-Jul-2002,7:40 PM,On Agreeing to the Conference Report,2002 Supplemental Appropriations Act for Further Recovery From and Response To Terrorist Attacks on the United States,Passed,201,18,0,2,195,13,0,3,1,1,0,0,397,32,0,5
329,R,107,H J RES 101,23-Jul-2002,8:03 PM,On Passage,Disapproving the Extension of the Waiver Authority Contained in Section 402(c) of the Trade Act of 1974 with Respect to Vietnam,Failed,62,158,0,1,27,180,0,4,2,0,0,0,91,338,0,5
330,R,107,H R 5120,23-Jul-2002,10:37 PM,On Agreeing to the Amendment,None,Failed,156,64,0,1,25,182,0,4,1,1,0,0,182,247,0,5
331,R,107,H R 5120,23-Jul-2002,10:46 PM,On Agreeing to the Amendment,None,Agreed to,73,147,0,1,188,19,1,3,1,1,0,0,262,167,1,4
332,R,107,H R 5120,23-Jul-2002,10:54 PM,On Agreeing to the Amendment,None,Agreed to,63,155,0,3,187,21,0,3,1,1,0,0,251,177,0,6
333,R,107,H R 5120,23-Jul-2002,11:01 PM,On Agreeing to the Amendment,None,Failed,30,190,0,1,173,35,0,3,1,1,0,0,204,226,0,4
334,R,107,H R 3609,23-Jul-2002,11:19 PM,"On Motion to Suspend the Rules and Pass, as Amended",Pipeline Infrastructure Protection to Enhance Security and Safety Act,Passed,217,3,0,1,204,1,0,6,2,0,0,0,423,4,0,7
335,R,107,H R 4547,24-Jul-2002,10:32 AM,"On Motion to Suspend the Rules and Pass, as Amended",Cost of War Against Terrorism Authorization Act of 2002,Passed,213,0,0,8,198,3,0,10,2,0,0,0,413,3,0,18
336,R,107,H R 5120,24-Jul-2002,1:53 PM,On Agreeing to the Amendment,None,Agreed to,52,165,0,4,208,0,0,3,1,1,0,0,261,166,0,7
337,R,107,H R 5120,24-Jul-2002,2:02 PM,On Agreeing to the Amendment,None,Failed,135,84,0,2,29,180,0,2,1,1,0,0,165,265,0,4
338,R,107,H R 5120,24-Jul-2002,2:11 PM,On Agreeing to the Amendment,None,Failed,125,94,0,2,21,187,0,3,1,1,0,0,147,282,0,5
339,R,107,H R 5120,24-Jul-2002,2:20 PM,On Agreeing to the Amendment,None,Agreed to,102,116,0,3,204,5,0,2,2,0,0,0,308,121,0,5
340,R,107,H RES 498,24-Jul-2002,3:42 PM,On Agreeing to the Resolution,Providing for consideration of the bill H.R. 4965; Partial-Birth Abortion Ban Act,Passed,207,8,0,6,40,168,0,3,1,1,0,0,248,177,0,9
341,R,107,H R 5120,24-Jul-2002,4:01 PM,On Passage,"Treasury and General Government Appropriations Act, 2003",Passed,148,71,0,2,159,49,0,3,1,1,0,0,308,121,0,5
342,R,107,H R 4965,24-Jul-2002,6:41 PM,On Motion to Recommit with Instructions,Partial-Birth Abortion Ban Act,Failed,19,199,0,3,167,41,0,3,1,1,0,0,187,241,0,6
343,R,107,H R 4965,24-Jul-2002,6:49 PM,On Passage,Partial-Birth Abortion Ban Act,Passed,208,9,0,4,65,141,1,4,1,1,0,0,274,151,1,8
344,R,107,H CON RES 188,24-Jul-2002,6:59 PM,"On Motion to Suspend the Rules and Agree, As Amended",Expressing the sense of Congress that the Government of the People’s Republic of China should cease its persecution of Falun Gong practitioners,Passed,214,0,0,7,204,0,0,7,2,0,0,0,420,0,0,14
345,R,107,H RES 495,24-Jul-2002,8:26 PM,On motion to postpone consideration,"In the matter of James A. Traficant, Jr.",Failed,98,121,0,2,47,163,0,1,1,1,0,0,146,285,0,3
346,R,107,H RES 495,24-Jul-2002,10:11 PM,On Agreeing to the Resolution,"In the matter of James A. Traficant, Jr.",Passed,211,0,8,2,207,1,1,2,2,0,0,0,420,1,9,4
347,R,107,H R 4628,25-Jul-2002,1:58 AM,On Agreeing to the Amendment,None,Agreed to,25,183,0,14,193,4,0,13,1,1,0,0,219,188,0,27
348,R,107,H R 3763,25-Jul-2002,12:09 PM,On Agreeing to the Conference Report,Corporate and Auditing Accountability and Responsibility Act,Passed,215,3,0,4,206,0,0,4,2,0,0,0,423,3,0,8
349,R,107,H R 4546,25-Jul-2002,1:16 PM,On Motion to Instruct Conferees,Department of Defense Authorization Act for FY 2003,Passed,213,2,0,6,204,0,0,6,2,0,0,0,419,2,0,12
350,R,107,H R 4546,25-Jul-2002,1:39 PM,On Closing Portions of the Conference,Department of Defense Authorization Act for FY 2003,Passed,214,0,0,7,204,3,0,3,2,0,0,0,420,3,0,10
351,R,107,H R 4946,25-Jul-2002,1:48 PM,"On Motion to Suspend the Rules and Pass, as Amended",Improving Access to Long-Term Care Act,Passed,217,0,0,4,144,60,0,6,1,1,0,0,362,61,0,10
352,R,107,H R 5005,26-Jul-2002,9:55 AM,On Agreeing to the Amendment,None,Failed,0,216,0,6,174,31,0,5,1,1,0,0,175,248,0,11
353,R,107,H R 5005,26-Jul-2002,10:06 AM,On Agreeing to the Amendment,None,Failed,10,207,0,5,154,53,0,3,1,1,0,0,165,261,0,8
354,R,107,H R 5005,26-Jul-2002,10:14 AM,On Agreeing to the Amendment,None,Failed,6,206,0,9,170,38,0,2,1,1,0,0,177,245,0,11
355,R,107,H R 5005,26-Jul-2002,10:24 AM,On Agreeing to the Amendment,None,Agreed to,206,11,0,4,33,176,0,1,1,1,0,0,240,188,0,5
356,R,107,H R 5005,26-Jul-2002,11:18 AM,On Agreeing to the Amendment,None,Agreed to,217,2,0,2,11,198,0,1,1,1,0,0,229,201,0,3
357,R,107,H R 5005,26-Jul-2002,12:07 PM,On Agreeing to the Amendment,None,Failed,5,214,0,2,202,7,0,1,1,1,0,0,208,222,0,3
358,R,107,H R 5005,26-Jul-2002,12:50 PM,On Agreeing to the Amendment,None,Agreed to,218,1,0,2,8,200,0,2,1,1,0,0,227,202,0,4
359,R,107,H R 5005,26-Jul-2002,3:37 PM,On Agreeing to the Amendment,None,Failed,5,213,0,4,208,1,0,1,1,1,0,0,214,215,0,5
360,R,107,H R 5005,26-Jul-2002,3:49 PM,On Agreeing to the Amendment,None,Failed,1,216,0,4,206,3,0,1,1,1,0,0,208,220,0,5
361,R,107,H R 5005,26-Jul-2002,3:58 PM,On Agreeing to the Amendment,None,Agreed to,214,1,0,6,7,202,0,1,1,1,0,0,222,204,0,7
362,R,107,H R 5005,26-Jul-2002,7:58 PM,On Agreeing to the Amendment,None,Failed,23,194,0,4,187,22,0,1,1,1,0,0,211,217,0,5
363,R,107,H R 5005,26-Jul-2002,8:07 PM,On Agreeing to the Amendment,None,Failed,6,211,0,4,181,28,0,1,1,1,0,0,188,240,0,5
364,R,107,H R 5005,26-Jul-2002,8:15 PM,On Agreeing to the Amendment,None,Failed,179,39,0,3,15,193,0,2,1,1,0,0,195,233,0,5
365,R,107,H R 5005,26-Jul-2002,8:23 PM,On Agreeing to the Amendment,None,Failed,108,110,0,3,9,198,0,3,1,1,0,0,118,309,0,6
366,R,107,H R 5005,26-Jul-2002,9:24 PM,On Motion to Recommit with Instructions,Homeland Security Act,Passed,109,109,0,3,207,1,0,2,2,0,0,0,318,110,0,5
367,R,107,H R 5005,26-Jul-2002,9:41 PM,On Passage,Homeland Security Act,Passed,207,10,0,4,88,120,0,2,0,2,0,0,295,132,0,6
368,R,107,H RES 507,27-Jul-2002,12:14 AM,On Agreeing to the Resolution,Waiving a requirement of clause 6(a) of rule XIII with respect to consideration of certain resolutions reported from the Committee on Rules,Passed,209,5,0,7,8,200,0,2,0,2,0,0,217,207,0,9
369,R,107,H RES 509,27-Jul-2002,1:51 AM,On Agreeing to the Resolution,"Waiving Points of Order Against the Conference Report on H.R. 2002, Trade Act of 2002",Passed,206,7,0,9,14,191,0,5,0,2,0,0,220,200,0,14
370,R,107,H R 3009,27-Jul-2002,3:30 AM,On Agreeing to the Conference Report,Andean Trade Preference Act,Passed,190,27,0,5,25,183,0,2,0,2,0,0,215,212,0,7
371,R,107,H R 5203,4-Sep-2002,6:54 PM,"On Motion to Suspend the Rules and Pass, As Amended",Education Savings and School Excellence Permanence Act of 2002,Failed,203,4,0,15,10,183,0,17,0,1,0,0,213,188,0,32
372,R,107,H R 3287,4-Sep-2002,7:05 PM,On Motion to Suspend the Rules and Pass,"To redesignate the facility of the United States Postal Service located at 900 Brentwood Road, NE, in Washington D.C. as the Joseph Curseen, Jr. and Thomas Morris, Jr. Processing and Distribution Center",Passed,207,0,0,15,193,0,0,17,1,0,0,0,401,0,0,32
373,R,107,H R 4727,5-Sep-2002,11:17 AM,On Passage,Dam Safety and Security Act,Passed,207,2,0,13,193,0,0,17,1,0,0,0,401,2,0,30
374,R,107,H RES 94,5-Sep-2002,11:32 AM,On Motion to Suspend the Rules and Agree,Honoring the contributions of Venus and Serena Williams,Passed,202,0,0,20,195,0,0,15,1,0,0,0,398,0,0,35
375,R,107,H R 5157,9-Sep-2002,6:53 PM,On Motion to Suspend the Rules and Pass,Federal Transit Formula Grants Flexibility,Passed,182,0,0,40,168,0,0,42,0,0,0,1,350,0,0,83
376,R,107,H CON RES 401,9-Sep-2002,7:03 PM,"On Motion to Suspend the Rules and Agree, as Amended",Recognizing the Heroism and Courage Displayed by Airline Flight Attendants Each Day,Passed,182,0,0,40,169,0,0,41,0,0,0,1,351,0,0,82
377,R,107,H RES 516,9-Sep-2002,7:13 PM,On Motion to Suspend the Rules and Agree,"Congratulating the Valley Sports American Little League Baseball Team from Louisville, Kentucky, for their Outstanding Performance in the Little League World Series",Passed,178,0,0,44,166,0,0,44,0,0,0,1,344,0,0,89
378,R,107,H R 5010,10-Sep-2002,11:28 AM,On Closing Portions of the Conference,Department of Defense Appropriations for Fiscal Year 2003,Passed,189,0,0,33,176,0,0,33,0,0,0,1,365,0,0,67
379,R,107,H R 3210,10-Sep-2002,11:37 AM,On Motion to Instruct Conferees,Trade Act of 2002,Passed,191,0,0,31,182,0,0,27,0,0,0,1,373,0,0,59
380,R,107,JOURNAL,10-Sep-2002,11:46 AM,On Approving the Journal,None,Passed,183,9,1,29,152,26,0,31,0,0,0,1,335,35,1,61
381,R,107,H RES 513,10-Sep-2002,12:56 PM,"On Motion to Suspend the Rules and Agree, as Amended",Recognizing the Historical Significance and Timeliness of the United States-Ireland Business Summit,Passed,188,0,0,34,184,0,0,25,0,0,0,1,372,0,0,60
382,R,107,H R 3880,10-Sep-2002,1:05 PM,"On Motion to Suspend the Rules and Pass, as Amended",Temporary Waiver for New York Areas for Clean Air Transportation Conformity and Metropolitan Planning Requirements,Passed,191,0,0,31,185,0,0,24,1,0,0,0,377,0,0,55
383,R,107,H CON RES 320,10-Sep-2002,1:14 PM,"On Motion to Suspend the Rules and Agree, As Amended",Expressing the sense of the Congress regarding Scleroderma,Passed,190,2,0,30,178,0,0,31,1,0,0,0,369,2,0,61
384,R,107,H CON RES 464,11-Sep-2002,5:28 PM,On Agreeing to the Resolution,"Expressing the Sense of the Congress on the Anniversary of the Terrorist Attacks Launched Against the United States on September 11, 2001",Passed,197,0,0,26,172,0,0,37,1,0,0,0,370,0,0,63
385,R,107,H R 1646,12-Sep-2002,10:32 AM,On Motion to Go to Conference,Department of State Authorization for FY 2002 and 2003,Passed,197,0,0,25,184,0,0,25,1,0,0,0,382,0,0,50
386,R,107,JOURNAL,12-Sep-2002,10:45 AM,On Approving the Journal,None,Passed,185,13,1,23,156,29,0,24,1,0,0,0,342,42,1,47
387,R,107,H RES 521,12-Sep-2002,12:12 PM,On Agreeing to the Resolution,"Providing for the Consideration of H.R. 5193, Back to School Tax Relief Act",Passed,208,2,0,12,0,198,0,11,0,1,0,0,208,201,0,23
388,R,107,H CON RES 435,17-Sep-2002,6:53 PM,On Motion to Suspend the Rules and Agree,Expressing the Sense of the Congress that the Therapeutic Technique Known as Rebirthing is a Dangerous and Harmful Practice and Should be Prohibited,Passed,202,0,0,20,194,0,0,15,1,0,0,0,397,0,0,35
389,R,107,H R 4102,17-Sep-2002,7:02 PM,On Motion to Suspend the Rules and Pass,Rollan D. Melton Post Office Building,Passed,205,0,0,17,192,0,0,17,1,0,0,0,398,0,0,34
390,R,107,H R 5333,17-Sep-2002,7:10 PM,On Motion to Suspend the Rules and Pass,Joseph D. Early Post Office Building,Passed,206,0,0,16,190,0,0,19,1,0,0,0,397,0,0,35
391,R,107,H RES 528,18-Sep-2002,12:20 PM,On Agreeing to the Resolution,"Providing for the Consideration of H.R. 1701, Consumer Rental Purchase Agreement Act",Passed,213,0,0,9,25,177,0,7,0,1,0,0,238,178,0,16
392,R,107,H R 1701,18-Sep-2002,2:38 PM,On Agreeing to the Amendment,None,Failed,2,211,0,9,181,21,0,7,1,0,0,0,184,232,0,16
393,R,107,H R 1701,18-Sep-2002,2:47 PM,On Agreeing to the Amendment,None,Failed,3,207,0,12,153,48,0,8,1,0,0,0,157,255,0,20
394,R,107,H R 1701,18-Sep-2002,3:22 PM,On Motion to Recommit with Instructions,Consumer Rental Purchase Agreement Act,Failed,18,195,0,9,171,32,0,6,1,0,0,0,190,227,0,15
395,R,107,H R 1701,18-Sep-2002,3:32 PM,On Passage,Consumer Rental Purchase Agreement Act,Passed,169,43,1,9,46,157,0,6,0,1,0,0,215,201,1,15
396,R,107,JOURNAL,19-Sep-2002,10:35 AM,On Approving the Journal,None,Passed,178,15,1,28,150,38,0,21,1,0,0,0,329,53,1,49
397,R,107,H RES 527,19-Sep-2002,11:50 AM,On Ordering the Previous Question,"Providing for consideration of H.Res. 524; sense of the House that Congress should complete action on the Permanent Death Tax Repeal Act, and H.Res. 525 sense of the House that Congress should complete action on legislation extendingand strengthing the successful 1996 welfare reforms.",Passed,213,0,0,9,1,201,0,7,0,1,0,0,214,202,0,16
398,R,107,H RES 527,19-Sep-2002,12:00 PM,On Agreeing to the Resolution,"Providing for consideration of H.Res. 524; sense of the House that Congress should complete action on the Permanent Death Tax Repeal Act, and H.Res. 525 sense of the House that Congress should complete action on legislation extendingand strengthing the successful 1996 welfare reforms.",Passed,212,0,0,10,1,199,0,9,0,1,0,0,213,200,0,19
399,R,107,H RES 523,19-Sep-2002,12:09 PM,On Motion to Suspend the Rules and Agree,Recognizing the Contributions of Historically Black Colleges and Universities,Passed,210,0,0,12,202,0,0,7,1,0,0,0,413,0,0,19
400,R,107,H RES 525,19-Sep-2002,3:08 PM,On Agreeing to the Resolution,"Expressing the sense of the House of Representatives that the 107th Congress should complete action on and present to the President, before September 30, 2002, legislation extending and strengthing the successful 1996 welfare reforms.",Passed,203,2,0,17,77,120,0,12,0,1,0,0,280,123,0,29
401,R,107,H RES 524,19-Sep-2002,3:16 PM,On Agreeing to the Resolution,Expressing the sense of the House that Congress should complete action on the Permanent Death Tax Repeal Act of 2002,Passed,200,3,0,19,42,155,0,12,0,0,0,1,242,158,0,32
402,R,107,H CON RES 337,19-Sep-2002,3:24 PM,On Motion to Suspend the Rules and Agree,"Recognizing the Teams and Players of the Negro Baseball Leagues for their Achievements, Dedication, Sacrifices, and Contributions to Baseball and the Nation",Passed,200,0,0,22,193,0,0,16,1,0,0,0,394,0,0,38
403,R,107,H R 3295,19-Sep-2002,3:33 PM,On Motion to Instruct Conferees,Help America Vote Act,Passed,173,25,0,24,191,1,0,17,1,0,0,0,365,26,0,41
404,R,107,H CON RES 472,24-Sep-2002,6:56 PM,On Motion to Suspend the Rules and Agree,Recognizing the 100th Anniversary of the 4-H Youth Development Program,Passed,213,0,0,9,193,0,0,16,1,0,0,0,407,0,0,25
405,R,107,H CON RES 301,24-Sep-2002,7:05 PM,On Motion to Suspend the Rules and Agree,"Expressing the Sense of Congress regarding American Gold Star Mothers, Inc., Blue Star Mothers of America, Inc., the Service Flag, and the Service Lapel Button",Passed,214,0,0,8,196,0,0,13,1,0,0,0,411,0,0,21
406,R,107,H RES 533,24-Sep-2002,7:15 PM,On Motion to Suspend the Rules and Agree,"Welcoming Madame Chen Wu Sue-jen, the First Lady of Taiwan, to Washington, D.C.",Passed,212,0,0,10,197,0,0,12,1,0,0,0,410,0,0,22
407,R,107,JOURNAL,25-Sep-2002,10:49 AM,On Approving the Journal,None,Passed,200,14,1,7,165,34,0,10,1,0,0,0,366,48,1,17
408,R,107,H R 2982,25-Sep-2002,10:59 AM,"On Motion to Suspend the Rules and Pass, As Amended",Victims of Terrorist Attacks Memorial Act,Passed,216,0,0,6,201,0,0,8,1,0,0,0,418,0,0,14
409,R,107,H CON RES 297,25-Sep-2002,11:08 AM,On Motion to Suspend the Rules and Agree,Recognizing the historical significance of 100 years of Korean immigration to the United States,Passed,215,0,0,7,201,0,0,8,1,0,0,0,417,0,0,15
410,R,107,H RES 546,25-Sep-2002,12:37 PM,On Agreeing to the Resolution,"Providing for Consideration of H.R. 4691, Abortion Non-Discrimination Act",Passed,201,18,0,3,28,175,0,6,0,1,0,0,229,194,0,9
411,R,107,H R 4691,25-Sep-2002,2:25 PM,On Motion to Recommit with Instructions,Abortion Non-Discrimination Act,Failed,18,199,0,5,172,31,0,6,1,0,0,0,191,230,0,11
412,R,107,H R 4691,25-Sep-2002,2:37 PM,On Passage,Abortion Non-Discrimination Act,Passed,192,24,0,6,37,164,2,6,0,1,0,0,229,189,2,12
413,R,107,H RES 547,25-Sep-2002,5:33 PM,On Ordering the Previous Question,"Providing for consideration of H.Res 540 regarding completion of Congressional action on H.R. 3762, Pension Security; H. Res. 544, regarding permanency of pension reform provisions; and H.Res. 543, regarding completion of Congressionalaction on H.R. 4019, making marriage tax relief permanent.",Passed,216,0,0,6,1,199,0,9,0,1,0,0,217,200,0,15
414,R,107,H RES 540,25-Sep-2002,7:32 PM,On Agreeing to the Resolution,"Sense of the House that Congress should complete action on H.R. 3762, Pension Security Act of 2002",Passed,216,1,0,5,42,150,0,17,0,1,0,0,258,152,0,22
415,R,107,H RES 544,25-Sep-2002,7:44 PM,On Agreeing to the Resolution,Expressing the Sense of the House of Representatives on Permanency of Pension Reform Provisions,Passed,215,0,0,7,76,117,0,16,0,1,0,0,291,118,0,23
416,R,107,H RES 552,26-Sep-2002,11:26 AM,On Ordering the Previous Question,Waiving points of order against the conference report to accompany H.R. 2215; Department of Justice Authorization,Passed,208,2,0,12,0,196,0,13,0,1,0,0,208,199,0,25
417,R,107,JOURNAL,26-Sep-2002,11:37 AM,On Approving the Journal,None,Passed,194,14,0,14,151,44,0,14,1,0,0,0,346,58,0,28
418,R,107,H R 3295,26-Sep-2002,11:47 AM,On Motion to Instruct Conferees,Help America Vote Act,Passed,191,16,0,15,193,0,0,16,1,0,0,0,385,16,0,31
419,R,107,H RES 553,26-Sep-2002,1:21 PM,On Agreeing to the Resolution,"Providing for consideration of H.R. 4600; Help Efficient, Accessible, Low Cost, Timely Healthcare Act of 2002",Passed,214,1,0,7,7,195,0,7,0,1,0,0,221,197,0,14
420,R,107,H R 4600,26-Sep-2002,3:13 PM,On Motion to Recommit with Instructions,"Help Efficient, Accessible, Low Cost, Timely Healthcare Act of 2002",Failed,6,212,0,4,186,13,0,10,1,0,0,0,193,225,0,14
421,R,107,H R 4600,26-Sep-2002,3:28 PM,On Passage,"Help Efficient, Accessible, Low Cost, Timely Healthcare Act of 2002",Passed,203,15,0,4,14,187,0,8,0,1,0,0,217,203,0,12
422,R,107,H R 2215,26-Sep-2002,4:49 PM,On Agreeing to the Conference Report,"To authorize appropriations for the Department of Justice for fiscal year 2002, and for other purposes.",Passed,206,4,0,12,193,0,0,16,1,0,0,0,400,4,0,28
423,R,107,H J RES 111,26-Sep-2002,7:35 PM,On Passage,"Making continuing appropriations for fiscal year 2003, and for other purposes",Passed,186,0,0,36,183,1,0,25,1,0,0,0,370,1,0,61
424,R,107,S 434,1-Oct-2002,7:10 PM,"On Motion to Suspend the Rules and Pass, as Amended",Yankton Sioux Tribe of South Dakota and Santee Sioux Tribe of Nebraska Compensation,Passed,180,30,0,12,176,7,0,25,1,0,0,0,357,37,0,37
425,R,107,H R 4125,1-Oct-2002,7:25 PM,"On Motion to Suspend the Rules and Pass, as Amended",Federal Courts Improvement Act of 2002,Passed,207,2,0,13,163,18,0,27,0,1,0,0,370,21,0,40
426,R,107,H RES 538,1-Oct-2002,7:34 PM,On Motion to Suspend the Rules and Agree,Honoring Johnny Unitas and extending condolences to his family on his passing,Passed,208,0,0,14,180,0,0,28,1,0,0,0,389,0,0,42
427,R,107,JOURNAL,2-Oct-2002,10:29 AM,On Approving the Journal,None,Passed,191,13,1,17,151,42,0,15,1,0,0,0,343,55,1,32
428,R,107,H CON RES 476,2-Oct-2002,10:37 AM,On Motion to Suspend the Rules and Agree,Expressing support for the goals and ideas of a day of tribute to all fire- fighters who have died in the line of duty and recognizing the important mission of the National Fallen Firefighters Foundation,Passed,211,0,0,11,195,0,0,13,1,0,0,0,407,0,0,24
429,R,107,H R 2357,2-Oct-2002,10:47 AM,On Motion to Suspend the Rules and Pass,House of Worship Political Speech Protection Act,Failed,168,46,0,8,10,192,0,6,0,1,0,0,178,239,0,14
430,R,107,H RES 543,2-Oct-2002,2:30 PM,On Agreeing to the Resolution,Expressing the sense of the House that Congress should complete action on H.R. 4019; making marriage tax relief permanent,Passed,212,0,0,10,72,130,0,6,1,0,0,0,285,130,0,16
431,R,107,H RES 559,2-Oct-2002,2:40 PM,On Agreeing to the Resolution,"Expressing the sense of the House that each State should examine its existing statutes, practices, and procedures governing special elections so that, in the event of a catastrophe, vacancies in the House of Representatives may be filled in a timely fashion.",Passed,212,0,0,10,201,0,0,7,1,0,0,0,414,0,0,17
432,R,107,H R 3295,2-Oct-2002,2:50 PM,On Motion to Instruct Conferees,Help America Vote Act,Passed,197,14,0,11,202,0,0,6,1,0,0,0,400,14,0,17
433,R,107,MOTION,2-Oct-2002,3:24 PM,Table the Appeal of the Ruling of the Chair,None,Passed,210,0,0,12,0,199,0,9,0,1,0,0,210,200,0,21
434,R,107,MOTION,2-Oct-2002,4:04 PM,Table the Appeal of the Ruling of the Chair,None,Passed,212,2,0,8,0,201,0,7,0,1,0,0,212,204,0,15
435,R,107,MOTION,2-Oct-2002,4:35 PM,Table the Appeal of the Ruling of the Chair,None,Passed,214,0,0,8,0,201,0,7,0,1,0,0,214,202,0,15
436,R,107,MOTION,2-Oct-2002,5:07 PM,Table the Appeal of the Ruling of the Chair,None,Passed,212,0,0,10,0,201,0,7,0,1,0,0,212,202,0,17
437,R,107,JOURNAL,3-Oct-2002,10:29 AM,On Approving the Journal,None,Passed,176,14,0,32,150,39,0,19,1,0,0,0,327,53,0,51
438,R,107,H RES 568,3-Oct-2002,11:41 AM,On Ordering the Previous Question,Providing for consideration of H.J.Res. 112; Making further continuing appropriations for fiscal year 2003,Passed,206,0,0,16,0,197,0,11,0,1,0,0,206,198,0,27
439,R,107,H J RES 112,3-Oct-2002,1:20 PM,On Passage,Making further continuing appropriations for fiscal year 2003,Passed,210,2,0,10,193,5,0,10,1,0,0,0,404,7,0,20
440,R,107,MOTION,3-Oct-2002,1:56 PM,Table appeal of the ruling of the chair,None,Passed,206,0,0,17,0,191,0,17,0,1,0,0,206,192,0,34
441,R,107,MOTION,3-Oct-2002,2:36 PM,Table appeal of the ruling of the chair,None,Passed,203,0,0,19,0,191,0,17,0,1,0,0,203,192,0,36
442,R,107,H R 3340,7-Oct-2002,7:02 PM,"On Motion to Suspend the Rules and Pass, as Amended",Thrift Savings Plan Catch-Up Contributions; Merit Systems Protection Board Reauthorization; Office of Special Counsel Reauthorization,Passed,193,0,0,29,178,0,0,30,1,0,0,0,372,0,0,59
443,R,107,H R 5531,7-Oct-2002,7:12 PM,"On Motion to Suspend the Rules and Pass, as Amended",Sudan Peace Act,Passed,186,6,0,30,172,2,0,34,1,0,0,0,359,8,0,64
444,R,107,H RES 468,7-Oct-2002,7:22 PM,"On Motion to Suspend the Rules and Agree, as Amended",Transatlantic Security and NATO Enhancement Resolution,Passed,187,4,0,31,170,5,1,32,1,0,0,0,358,9,1,63
445,R,107,S 2690,8-Oct-2002,11:49 AM,"On Motion to Suspend the Rules and Pass, as Amended",To reaffirm the reference to one Nation under God in the Pledge of Allegiance,Passed,212,0,0,10,188,5,4,11,1,0,0,0,401,5,4,21
446,R,107,H R 5422,8-Oct-2002,12:02 PM,"On Motion to Suspend the Rules and Pass, as Amended",Child Abduction Prevention Act,Passed,211,1,0,10,178,23,0,7,1,0,0,0,390,24,0,17
447,R,107,H RES 549,8-Oct-2002,12:10 PM,On Motion to Suspend the Rules and Agree,Expressing appreciation for the Prime Minister of Great Britain for his loyal support and leadership in the war on terrorism and reaffirming the strong relationship between the people of the United States and Great Britain.,Passed,209,0,0,13,198,1,1,8,1,0,0,0,408,1,1,21
448,R,107,H R 5542,9-Oct-2002,10:36 AM,"On Motion to Suspend the Rules and Pass, as Amended",Black Lung Consolidation of Administrative Responsibility Act,Passed,206,0,0,16,197,0,0,11,1,0,0,0,404,0,0,27
449,R,107,H J RES 113,9-Oct-2002,10:45 AM,"On Motion to Suspend the Rules and Pass, as Amended",Recognizing the contributions of Patsy T. Mink,Passed,206,0,0,16,203,0,0,5,1,0,0,0,410,0,0,21
450,R,107,H R 3580,9-Oct-2002,10:54 AM,"On Motion to Suspend the Rules and Pass, as Amended",Medical Device User Fee and Modernization Act,Passed,204,3,0,15,201,0,0,7,1,0,0,0,406,3,0,22
451,R,107,H R 5557,9-Oct-2002,11:04 AM,On Motion to Suspend the Rules and Pass,Armed Forces Tax Fairness Act,Passed,208,0,0,14,203,0,0,5,1,0,0,0,412,0,0,19
452,R,107,H J RES 114,10-Oct-2002,10:47 AM,On Agreeing to the Amendment,None,Failed,1,219,0,2,70,136,0,2,1,0,0,0,72,355,0,4
453,R,107,H J RES 114,10-Oct-2002,12:28 PM,On Agreeing to the Amendment,None,Failed,7,210,0,5,147,60,0,1,1,0,0,0,155,270,0,6
454,R,107,H J RES 114,10-Oct-2002,2:47 PM,On Motion to Recommit with Instructions,To Authorize the Use of United States Armed Forces Against Iraq,Failed,1,219,0,2,99,106,0,3,1,0,0,0,101,325,0,5
455,R,107,H J RES 114,10-Oct-2002,3:05 PM,On Passage,To Authorize the Use of United States Armed Forces Against Iraq,Passed,215,6,0,2,81,126,0,1,0,1,0,0,296,133,0,3
456,R,107,H RES 579,10-Oct-2002,3:56 PM,On Agreeing to the Resolution,Waiving points of order against the conference report to accompany H.R. 5010 making appropriations for the Department of Defense for FY 2003,Passed,210,0,0,12,163,37,0,8,1,0,0,0,374,37,0,20
457,R,107,H R 5010,10-Oct-2002,4:25 PM,On Agreeing to the Conference Report,Department of Defense Appropriations for Fiscal Year 2003,Passed,218,1,0,3,190,13,0,5,1,0,0,0,409,14,0,8
458,R,107,H R 5011,10-Oct-2002,5:10 PM,On Agreeing to the Conference Report,Military Construction Appropriations for Fiscal Year 2003,Passed,217,0,0,5,201,0,0,7,1,0,0,0,419,0,0,12
459,R,107,H RES 580,10-Oct-2002,6:42 PM,On Agreeing to the Resolution,"Providing for the Consideration of H.J. Res. 122, Further Continuing Approriations for FY 2003",Passed,216,0,0,6,9,192,0,7,0,1,0,0,225,193,0,13
460,R,107,H J RES 122,10-Oct-2002,8:18 PM,On Motion to Recommit with Instructions,Making further continuing appropriations for the fiscal year 2003,Failed,0,214,0,8,201,0,0,7,1,0,0,0,202,214,0,15
461,R,107,H J RES 122,10-Oct-2002,8:29 PM,On Passage,Making further continuing appropriations for the fiscal year 2003,Passed,211,2,0,9,61,141,0,6,0,1,0,0,272,144,0,15
462,R,107,H R 3295,10-Oct-2002,10:27 PM,On Agreeing to the Conference Report,Help America Vote Act,Passed,172,37,0,13,184,11,0,13,1,0,0,0,357,48,0,26
463,R,107,H R 4546,10-Oct-2002,11:25 PM,On Motion to Instruct Conferees,Department of Defense Authorization Act for FY 2003,Passed,201,0,0,21,189,0,0,19,1,0,0,0,391,0,0,40
464,R,107,JOURNAL,16-Oct-2002,2:26 PM,On Approving the Journal,None,Passed,182,17,1,22,147,35,0,26,1,0,0,0,330,52,1,48
465,R,107,H R 2155,16-Oct-2002,2:36 PM,"On Motion to Suspend the Rules and Pass, as Amended","To amend title 18, United States Code, to make it illegal to operate a motor vehicle with a drug or alcohol in the body of the driver at a land border port of entry.",Passed,202,0,0,20,94,93,0,21,0,1,0,0,296,94,0,41
466,R,107,S 1533,16-Oct-2002,2:47 PM,"On Motion to Suspend the Rules and Pass, as Amended",Health Care Safety Net Amendments,Passed,201,5,0,16,190,0,0,18,1,0,0,0,392,5,0,34
467,R,107,H RES 585,16-Oct-2002,6:02 PM,On Ordering the Previous Question,Providing for consideration of H.J. Res 123; Making further continuing appropriations for fiscal year 2003,Passed,209,0,0,13,0,192,0,16,0,1,0,0,209,193,0,29
468,R,107,H RES 585,16-Oct-2002,6:14 PM,On Agreeing to the Resolution,Providing for consideration of H.J. Res 123; Making further continuing appropriations for fiscal year 2003,Passed,201,7,0,15,5,185,0,18,0,1,0,0,206,193,0,33
469,R,107,H J RES 123,16-Oct-2002,7:16 PM,On Motion to Recommit with Instructions,Making further continuing appropriations for the fiscal year 2003,Failed,1,208,0,14,192,2,0,14,1,0,0,0,194,210,0,28
470,R,107,H J RES 123,16-Oct-2002,8:00 PM,On Passage,Making further continuing appropriations for the fiscal year 2003,Passed,202,6,0,15,26,165,0,17,0,1,0,0,228,172,0,32
471,R,107,ADJOURN,13-Nov-2002,11:01 AM,On Motion to Adjourn,None,Failed,0,191,0,31,24,146,0,38,0,1,0,0,24,338,0,69
472,R,107,H RES 602,13-Nov-2002,11:52 AM,On Agreeing to the Resolution,"Providing for consideration of H.J. Res 124, making further continuing appropriations for the fiscal year 2003; and for consideration of H.R. 5708, to reduce preexisting PAYGO balances.",Passed,215,0,0,7,0,188,0,20,0,1,0,0,215,189,0,27
473,R,107,H J RES 124,13-Nov-2002,1:04 PM,On Motion to Recommit with Instructions,"Making further continuing appropriations for the fiscal year 2003, and for other purposes.",Failed,1,214,0,7,194,2,0,12,1,0,0,0,196,216,0,19
474,R,107,H J RES 124,13-Nov-2002,1:19 PM,On Passage,"Making further continuing appropriations for the fiscal year 2003, and for other purposes.",Passed,208,6,0,8,62,136,0,10,0,1,0,0,270,143,0,18
475,R,107,H RES 600,13-Nov-2002,2:15 PM,On Agreeing to the Resolution,Providing for consideration of H.R. 5710; to establish a Department of Homeland Security,Passed,216,1,0,5,21,175,0,12,0,1,0,0,237,177,0,17
476,R,107,H R 5710,13-Nov-2002,8:18 PM,On Motion to Recommit with Instructions,Homeland Security Act,Failed,2,215,0,5,200,0,0,8,1,0,0,0,203,215,0,13
477,R,107,H R 5710,13-Nov-2002,8:30 PM,On Passage,Homeland Security Act,Passed,212,6,0,4,87,114,0,7,0,1,0,0,299,121,0,11
478,R,107,H RES 606,14-Nov-2002,5:17 PM,On Agreeing to the Resolution,"Waiving Points of Order Against the Conference Report on H.R. 333, Bankruptcy Abuse Prevention and Consumer Protection Act",Failed,124,87,0,12,48,155,0,5,0,1,0,0,172,243,0,17
479,R,107,H RES 609,14-Nov-2002,6:41 PM,On Ordering the Previous Question,"Providing for the Consideration of the Senate Amendments to H.R. 5063, Armed Forces Tax Fairness Act",Passed,207,0,0,15,0,197,0,11,0,1,0,0,207,198,0,26
480,R,107,H RES 609,14-Nov-2002,6:52 PM,On Agreeing to the Resolution,"Providing for the Consideration of the Senate Amendments to H.R. 5063, Armed Forces Tax Fairness Act",Passed,191,2,0,29,54,134,0,20,0,1,0,0,245,137,0,49
481,R,107,H R 5708,14-Nov-2002,8:23 PM,On Motion to Recommit with Instructions,To reduce preexisting PAYGO balances,Failed,0,200,0,22,186,1,0,21,1,0,0,0,187,201,0,43
482,R,107,H R 5708,14-Nov-2002,8:33 PM,On Passage,To reduce preexisting PAYGO balances,Passed,197,0,0,25,168,19,0,21,1,0,0,0,366,19,0,46
483,R,107,H R 4628,15-Nov-2002,12:42 AM,On Agreeing to the Conference Report,Intelligence Authorization Act for Fiscal Year 2003,Passed,188,3,0,31,177,0,0,31,1,0,0,0,366,3,0,62
484,R,107,H R 333,15-Nov-2002,2:02 AM,agree to senate amendment with an amendment,Bankruptcy Abuse Prevention and Consumer Protection Act,Passed,189,0,0,34,55,115,0,38,0,1,0,0,244,116,0,72
